rebalance_date,model,ticker,sector,target_weight,pretrade_weight
2015-01-30,sample,AAPL,Information Technology,0.0936012883355441,
2015-01-30,sample,MSFT,Information Technology,0.006102619526162346,
2015-01-30,sample,JPM,Financials,1.7718235190665454e-17,
2015-01-30,sample,BAC,Financials,0.0,
2015-01-30,sample,JNJ,Health Care,0.13138512916648856,
2015-01-30,sample,UNH,Health Care,0.03053295101478069,
2015-01-30,sample,AMZN,Consumer Discretionary,1.4255564502289875e-18,
2015-01-30,sample,HD,Consumer Discretionary,0.06407980345390993,
2015-01-30,sample,PG,Consumer Staples,0.15,
2015-01-30,sample,KO,Consumer Staples,0.10000000000000003,
2015-01-30,sample,CAT,Industrials,0.020850095382934496,
2015-01-30,sample,UNP,Industrials,0.0,
2015-01-30,sample,XOM,Energy,0.10001508003364344,
2015-01-30,sample,CVX,Energy,0.0,
2015-01-30,sample,NEE,Utilities,0.05711394014589836,
2015-01-30,sample,DUK,Utilities,0.15,
2015-01-30,sample,AMT,Real Estate,0.025955289463183744,
2015-01-30,sample,PLD,Real Estate,0.0,
2015-01-30,sample,APD,Materials,6.911788849595091e-19,
2015-01-30,sample,NEM,Materials,0.04122238244896364,
2015-01-30,sample,GOOGL,Communication Services,0.027755992765856632,
2015-01-30,sample,META,Communication Services,0.001385428262633889,
2015-01-30,ewma,AAPL,Information Technology,0.060121103798596864,
2015-01-30,ewma,MSFT,Information Technology,0.0,
2015-01-30,ewma,JPM,Financials,1.911753361952956e-18,
2015-01-30,ewma,BAC,Financials,4.244482098691299e-18,
2015-01-30,ewma,JNJ,Health Care,0.04075422919172592,
2015-01-30,ewma,UNH,Health Care,0.0,
2015-01-30,ewma,AMZN,Consumer Discretionary,0.10105122798980885,
2015-01-30,ewma,HD,Consumer Discretionary,3.128092674210131e-18,
2015-01-30,ewma,PG,Consumer Staples,0.10469774747042478,
2015-01-30,ewma,KO,Consumer Staples,0.1453022525295752,
2015-01-30,ewma,CAT,Industrials,0.0,
2015-01-30,ewma,UNP,Industrials,0.0,
2015-01-30,ewma,XOM,Energy,0.0,
2015-01-30,ewma,CVX,Energy,7.758821796849391e-19,
2015-01-30,ewma,NEE,Utilities,0.09999999999999999,
2015-01-30,ewma,DUK,Utilities,0.15,
2015-01-30,ewma,AMT,Real Estate,0.09999999999999999,
2015-01-30,ewma,PLD,Real Estate,0.15,
2015-01-30,ewma,APD,Materials,5.395599874009893e-19,
2015-01-30,ewma,NEM,Materials,0.04807343901986848,
2015-01-30,ewma,GOOGL,Communication Services,2.879064987717367e-18,
2015-01-30,ewma,META,Communication Services,2.2284589809313388e-17,
2015-01-30,ledoit_wolf,AAPL,Information Technology,0.08978918534215316,
2015-01-30,ledoit_wolf,MSFT,Information Technology,0.007198117433985068,
2015-01-30,ledoit_wolf,JPM,Financials,1.2108335981000223e-18,
2015-01-30,ledoit_wolf,BAC,Financials,0.0,
2015-01-30,ledoit_wolf,JNJ,Health Care,0.11589009024161608,
2015-01-30,ledoit_wolf,UNH,Health Care,0.034299030690276164,
2015-01-30,ledoit_wolf,AMZN,Consumer Discretionary,0.0,
2015-01-30,ledoit_wolf,HD,Consumer Discretionary,0.06888059189365456,
2015-01-30,ledoit_wolf,PG,Consumer Staples,0.15,
2015-01-30,ledoit_wolf,KO,Consumer Staples,0.1,
2015-01-30,ledoit_wolf,CAT,Industrials,0.023981240307733003,
2015-01-30,ledoit_wolf,UNP,Industrials,0.0,
2015-01-30,ledoit_wolf,XOM,Energy,0.08124821982638504,
2015-01-30,ledoit_wolf,CVX,Energy,0.019132021953134272,
2015-01-30,ledoit_wolf,NEE,Utilities,0.058619878059228823,
2015-01-30,ledoit_wolf,DUK,Utilities,0.15,
2015-01-30,ledoit_wolf,AMT,Real Estate,0.02968261087345105,
2015-01-30,ledoit_wolf,PLD,Real Estate,8.148456952586369e-19,
2015-01-30,ledoit_wolf,APD,Materials,0.0,
2015-01-30,ledoit_wolf,NEM,Materials,0.04055209555860131,
2015-01-30,ledoit_wolf,GOOGL,Communication Services,0.028440347528621297,
2015-01-30,ledoit_wolf,META,Communication Services,0.0022865702911601363,
2015-01-30,equal_weight,AAPL,Information Technology,0.045454545454545456,
2015-01-30,equal_weight,MSFT,Information Technology,0.045454545454545456,
2015-01-30,equal_weight,JPM,Financials,0.045454545454545456,
2015-01-30,equal_weight,BAC,Financials,0.045454545454545456,
2015-01-30,equal_weight,JNJ,Health Care,0.045454545454545456,
2015-01-30,equal_weight,UNH,Health Care,0.045454545454545456,
2015-01-30,equal_weight,AMZN,Consumer Discretionary,0.045454545454545456,
2015-01-30,equal_weight,HD,Consumer Discretionary,0.045454545454545456,
2015-01-30,equal_weight,PG,Consumer Staples,0.045454545454545456,
2015-01-30,equal_weight,KO,Consumer Staples,0.045454545454545456,
2015-01-30,equal_weight,CAT,Industrials,0.045454545454545456,
2015-01-30,equal_weight,UNP,Industrials,0.045454545454545456,
2015-01-30,equal_weight,XOM,Energy,0.045454545454545456,
2015-01-30,equal_weight,CVX,Energy,0.045454545454545456,
2015-01-30,equal_weight,NEE,Utilities,0.045454545454545456,
2015-01-30,equal_weight,DUK,Utilities,0.045454545454545456,
2015-01-30,equal_weight,AMT,Real Estate,0.045454545454545456,
2015-01-30,equal_weight,PLD,Real Estate,0.045454545454545456,
2015-01-30,equal_weight,APD,Materials,0.045454545454545456,
2015-01-30,equal_weight,NEM,Materials,0.045454545454545456,
2015-01-30,equal_weight,GOOGL,Communication Services,0.045454545454545456,
2015-01-30,equal_weight,META,Communication Services,0.045454545454545456,
2015-02-27,sample,AAPL,Information Technology,0.0964010963751622,0.10104001275174597
2015-02-27,sample,MSFT,Information Technology,0.004716148990046711,0.006541793039210134
2015-02-27,sample,JPM,Financials,4.469051708832095e-18,1.9579984825997442e-17
2015-02-27,sample,BAC,Financials,0.008764221269388342,0.0
2015-02-27,sample,JNJ,Health Care,0.1217240298858867,0.13281486377466836
2015-02-27,sample,UNH,Health Care,0.029000269845746374,0.03202176075837667
2015-02-27,sample,AMZN,Consumer Discretionary,1.2869606842345026e-18,1.4990296653472007e-18
2015-02-27,sample,HD,Consumer Discretionary,0.08049723012349604,0.06905617508861406
2015-02-27,sample,PG,Consumer Staples,0.14283284088264903,0.1485628629272164
2015-02-27,sample,KO,Consumer Staples,0.10716715911735099,0.10313815298595416
2015-02-27,sample,CAT,Industrials,0.020704907213440437,0.021195717904948588
2015-02-27,sample,UNP,Industrials,2.6889060910587764e-18,0.0
2015-02-27,sample,XOM,Energy,0.10076524346411381,0.10008369892242563
2015-02-27,sample,CVX,Energy,0.004585508427299896,0.0
2015-02-27,sample,NEE,Utilities,0.02603598121140231,0.05343295192772151
2015-02-27,sample,DUK,Utilities,0.15,0.13386074448149649
2015-02-27,sample,AMT,Real Estate,0.027697027808526852,0.026027918677358257
2015-02-27,sample,PLD,Real Estate,1.9326644878382964e-18,0.0
2015-02-27,sample,APD,Materials,2.9960084739976637e-18,7.268179328152302e-19
2015-02-27,sample,NEM,Materials,0.04148608661243285,0.0423212300488601
2015-02-27,sample,GOOGL,Communication Services,0.035524163427099756,0.028488735064648236
2015-02-27,sample,META,Communication Services,0.002098085345957709,0.0014133816467547745
2015-02-27,ewma,AAPL,Information Technology,0.0775847873890833,0.0660791363434386
2015-02-27,ewma,MSFT,Information Technology,8.328027937404281e-18,0.0
2015-02-27,ewma,JPM,Financials,0.0,2.151045505703559e-18
2015-02-27,ewma,BAC,Financials,0.011329146528235133,4.422645794362908e-18
2015-02-27,ewma,JNJ,Health Care,0.15,0.041946815808162424
2015-02-27,ewma,UNH,Health Care,0.0,0.0
2015-02-27,ewma,AMZN,Consumer Discretionary,0.04856017934392022,0.10819152695452658
2015-02-27,ewma,HD,Consumer Discretionary,0.0,3.4323123793851042e-18
2015-02-27,ewma,PG,Consumer Staples,0.1,0.10558012839592325
2015-02-27,ewma,KO,Consumer Staples,0.15,0.15258700313732743
2015-02-27,ewma,CAT,Industrials,0.0,0.0
2015-02-27,ewma,UNP,Industrials,0.0,0.0
2015-02-27,ewma,XOM,Energy,0.06974995733442892,0.0
2015-02-27,ewma,CVX,Energy,8.05020113070487e-18,8.139766227661979e-19
2015-02-27,ewma,NEE,Utilities,0.0,0.09525612100412334
2015-02-27,ewma,DUK,Utilities,0.02547787002808521,0.13629473600919373
2015-02-27,ewma,AMT,Real Estate,0.0,0.10210321357988213
2015-02-27,ewma,PLD,Real Estate,0.15,0.14170898546774727
2015-02-27,ewma,APD,Materials,0.0,5.776978542713654e-19
2015-02-27,ewma,NEM,Materials,0.06418128085155489,0.05025233329967525
2015-02-27,ewma,GOOGL,Communication Services,0.08440537851057418,3.0088027383059863e-18
2015-02-27,ewma,META,Communication Services,0.06871140001411814,2.3147596099759323e-17
2015-02-27,ledoit_wolf,AAPL,Information Technology,0.09344475641946133,0.0968556607265387
2015-02-27,ledoit_wolf,MSFT,Information Technology,0.007623806275791402,0.007710611909343253
2015-02-27,ledoit_wolf,JPM,Financials,1.274784585617722e-18,1.3371057700194868e-18
2015-02-27,ledoit_wolf,BAC,Financials,0.010222250245166995,0.0
2015-02-27,ledoit_wolf,JNJ,Health Care,0.1070852046397416,0.11706745601590508
2015-02-27,ledoit_wolf,UNH,Health Care,0.03328399965595555,0.035945761242624136
2015-02-27,ledoit_wolf,AMZN,Consumer Discretionary,3.07472959853311e-19,0.0
2015-02-27,ledoit_wolf,HD,Consumer Discretionary,0.08217720130600238,0.07417672080063696
2015-02-27,ledoit_wolf,PG,Consumer Staples,0.14033815379034925,0.14845665504556954
2015-02-27,ledoit_wolf,KO,Consumer Staples,0.10966184620965076,0.10306441931840245
2015-02-27,ledoit_wolf,CAT,Industrials,0.023990177884289855,0.024361337963301814
2015-02-27,ledoit_wolf,UNP,Industrials,6.015627991400041e-18,0.0
2015-02-27,ledoit_wolf,XOM,Energy,0.07918476327525271,0.08124583868348476
2015-02-27,ledoit_wolf,CVX,Energy,0.02247031897797315,0.019698837146261083
2015-02-27,ledoit_wolf,NEE,Utilities,0.029007652839900838,0.054802625746988916
2015-02-27,ledoit_wolf,DUK,Utilities,0.15,0.1337650471731187
2015-02-27,ledoit_wolf,AMT,Real Estate,0.03176296555762106,0.029744390503889846
2015-02-27,ledoit_wolf,PLD,Real Estate,0.0,7.555184415834263e-19
2015-02-27,ledoit_wolf,APD,Materials,5.166900978251232e-19,0.0
2015-02-27,ledoit_wolf,NEM,Materials,0.04093514303866551,0.04160331203730507
2015-02-27,ledoit_wolf,GOOGL,Communication Services,0.03616983880111551,0.02917028758598773
2015-02-27,ledoit_wolf,META,Communication Services,0.002641921083062149,0.0023310381006416375
2015-02-27,equal_weight,AAPL,Information Technology,0.045454545454545456,0.04812145807802924
2015-02-27,equal_weight,MSFT,Information Technology,0.045454545454545456,0.0477867745577768
2015-02-27,equal_weight,JPM,Financials,0.045454545454545456,0.049262800922211795
2015-02-27,equal_weight,BAC,Financials,0.045454545454545456,0.04562037150323743
2015-02-27,equal_weight,JNJ,Health Care,0.045454545454545456,0.04506378652038563
2015-02-27,equal_weight,UNH,Health Care,0.045454545454545456,0.04675237089288981
2015-02-27,equal_weight,AMZN,Consumer Discretionary,0.045454545454545456,0.046876267084434764
2015-02-27,equal_weight,HD,Consumer Discretionary,0.045454545454545456,0.04804061526439577
2015-02-27,equal_weight,PG,Consumer Staples,0.045454545454545456,0.044151576263865545
2015-02-27,equal_weight,KO,Consumer Staples,0.045454545454545456,0.04597762796383911
2015-02-27,equal_weight,CAT,Industrials,0.045454545454545456,0.04531764122229642
2015-02-27,equal_weight,UNP,Industrials,0.045454545454545456,0.04505546177632422
2015-02-27,equal_weight,XOM,Energy,0.045454545454545456,0.04460926554557238
2015-02-27,equal_weight,CVX,Energy,0.045454545454545456,0.045932228891634265
2015-02-27,equal_weight,NEE,Utilities,0.045454545454545456,0.041705588864881696
2015-02-27,equal_weight,DUK,Utilities,0.045454545454545456,0.039782235965714466
2015-02-27,equal_weight,AMT,Real Estate,0.045454545454545456,0.044703422756018386
2015-02-27,equal_weight,PLD,Real Estate,0.045454545454545456,0.04136256808890728
2015-02-27,equal_weight,APD,Materials,0.045454545454545456,0.04687727779943996
2015-02-27,equal_weight,NEM,Materials,0.045454545454545456,0.04576699578574327
2015-02-27,equal_weight,GOOGL,Communication Services,0.045454545454545456,0.045755532381232325
2015-02-27,equal_weight,META,Communication Services,0.045454545454545456,0.045478131871169565
2015-03-31,sample,AAPL,Information Technology,0.10379734036501337,0.0966000166334264
2015-03-31,sample,MSFT,Information Technology,0.01342673420528298,0.004524007061429481
2015-03-31,sample,JPM,Financials,3.359332668810555e-18,4.5705012468069355e-18
2015-03-31,sample,BAC,Financials,0.026554782880198,0.008853482452273687
2015-03-31,sample,JNJ,Health Care,0.12315979920404273,0.12357943152957598
2015-03-31,sample,UNH,Health Care,0.016486322202498994,0.031336161130732246
2015-03-31,sample,AMZN,Consumer Discretionary,1.4484263398048536e-19,1.3031564955220174e-18
2015-03-31,sample,HD,Consumer Discretionary,0.0722649679066982,0.08287277304052307
2015-03-31,sample,PG,Consumer Staples,0.13830483268211052,0.14222617100726562
2015-03-31,sample,KO,Consumer Staples,0.11169516731788946,0.10468674193194856
2015-03-31,sample,CAT,Industrials,0.006679628981856737,0.020678042272289907
2015-03-31,sample,UNP,Industrials,0.0,2.505306669176843e-18
2015-03-31,sample,XOM,Energy,0.11639435414533263,0.10007558405026268
2015-03-31,sample,CVX,Energy,0.008569173752804922,0.00466819747998127
2015-03-31,sample,NEE,Utilities,0.014876011207039063,0.02708829254835476
2015-03-31,sample,DUK,Utilities,0.15,0.15168100488737074
2015-03-31,sample,AMT,Real Estate,0.02363726973078911,0.02721088606502736
2015-03-31,sample,PLD,Real Estate,0.0,2.0566079602238654e-18
2015-03-31,sample,APD,Materials,5.364259654961484e-18,3.018962297376607e-18
2015-03-31,sample,NEM,Materials,0.036468422338618994,0.0354269704524232
2015-03-31,sample,GOOGL,Communication Services,0.03639251389562561,0.03623240325529705
2015-03-31,sample,META,Communication Services,0.0012926791841985873,0.002259834201818015
2015-03-31,ewma,AAPL,Information Technology,0.0027517020757949788,0.07725735484043186
2015-03-31,ewma,MSFT,Information Technology,0.015502271022919714,7.938637349947867e-18
2015-03-31,ewma,JPM,Financials,0.0,0.0
2015-03-31,ewma,BAC,Financials,0.14999999999999997,0.011372763902528447
2015-03-31,ewma,JNJ,Health Care,0.0,0.1513314392125222
2015-03-31,ewma,UNH,Health Care,0.0,0.0
2015-03-31,ewma,AMZN,Consumer Discretionary,0.01679575791600621,0.04886294151070727
2015-03-31,ewma,HD,Consumer Discretionary,7.872535970018281e-18,0.0
2015-03-31,ewma,PG,Consumer Staples,0.0833173634346702,0.09895083792091867
2015-03-31,ewma,KO,Consumer Staples,0.15,0.14560934790628982
2015-03-31,ewma,CAT,Industrials,0.0,0.0
2015-03-31,ewma,UNP,Industrials,6.008639969585193e-19,0.0
2015-03-31,ewma,XOM,Energy,0.139710910596827,0.06883817583816522
2015-03-31,ewma,CVX,Energy,1.011706740112377e-17,8.14397603988818e-18
2015-03-31,ewma,NEE,Utilities,8.403413869709914e-18,0.0
2015-03-31,ewma,DUK,Utilities,0.14999999999999997,0.02560183463812314
2015-03-31,ewma,AMT,Real Estate,1.0118126192307838e-17,0.0
2015-03-31,ewma,PLD,Real Estate,6.770228468285216e-18,0.15861868204079174
2015-03-31,ewma,APD,Materials,0.07120237807912243,0.0
2015-03-31,ewma,NEM,Materials,0.0,0.05446380229480665
2015-03-31,ewma,GOOGL,Communication Services,0.07071961687465955,0.08554831027631636
2015-03-31,ewma,META,Communication Services,0.15,0.07354450961839858
2015-03-31,ledoit_wolf,AAPL,Information Technology,0.10015177996921311,0.09357538753406484
2015-03-31,ledoit_wolf,MSFT,Information Technology,0.013492693899851445,0.007308345658441548
2015-03-31,ledoit_wolf,JPM,Financials,0.0,1.30285692476511e-18
2015-03-31,ledoit_wolf,BAC,Financials,0.02645078518995081,0.01031950286071593
2015-03-31,ledoit_wolf,JNJ,Health Care,0.10865867793860058,0.108645267146169
2015-03-31,ledoit_wolf,UNH,Health Care,0.023085683372369718,0.03594104759633915
2015-03-31,ledoit_wolf,AMZN,Consumer Discretionary,0.0,3.111355901663465e-19
2015-03-31,ledoit_wolf,HD,Consumer Discretionary,0.07547901116018714,0.08454613349659795
2015-03-31,ledoit_wolf,PG,Consumer Staples,0.13645910957718974,0.13964927100513663
2015-03-31,ledoit_wolf,KO,Consumer Staples,0.11354089042281026,0.10705254315459195
2015-03-31,ledoit_wolf,CAT,Industrials,0.010539478346230709,0.0239431379920132
2015-03-31,ledoit_wolf,UNP,Industrials,0.0,5.6011564203472094e-18
2015-03-31,ledoit_wolf,XOM,Energy,0.09419064626559925,0.07859057524580673
2015-03-31,ledoit_wolf,CVX,Energy,0.026017781585112525,0.0228603266374808
2015-03-31,ledoit_wolf,NEE,Utilities,0.019834101656982798,0.030160028035094367
2015-03-31,ledoit_wolf,DUK,Utilities,0.15,0.15158026684828935
2015-03-31,ledoit_wolf,AMT,Real Estate,0.026783221640964593,0.031184733039592304
2015-03-31,ledoit_wolf,PLD,Real Estate,9.359714067160019e-19,0.0
2015-03-31,ledoit_wolf,APD,Materials,5.028834607848781e-18,5.203029167866033e-19
2015-03-31,ledoit_wolf,NEM,Materials,0.03619131880541929,0.034933277012406505
2015-03-31,ledoit_wolf,GOOGL,Communication Services,0.037108609048596204,0.036866450454390756
2015-03-31,ledoit_wolf,META,Communication Services,0.002016211120921809,0.0028437062828686552
2015-03-31,equal_weight,AAPL,Information Technology,0.045454545454545456,0.045335768688840886
2015-03-31,equal_weight,MSFT,Information Technology,0.045454545454545456,0.04339917894158234
2015-03-31,equal_weight,JPM,Financials,0.045454545454545456,0.04626943623015342
2015-03-31,equal_weight,BAC,Financials,0.045454545454545456,0.04570319409543776
2015-03-31,equal_weight,JNJ,Health Care,0.045454545454545456,0.04593202863423163
2015-03-31,equal_weight,UNH,Health Care,0.045454545454545456,0.04888656339123896
2015-03-31,equal_weight,AMZN,Consumer Discretionary,0.045454545454545456,0.04581176762697929
2015-03-31,equal_weight,HD,Consumer Discretionary,0.045454545454545456,0.04657755531227465
2015-03-31,equal_weight,PG,Consumer Staples,0.045454545454545456,0.04505024941693105
2015-03-31,equal_weight,KO,Consumer Staples,0.045454545454545456,0.04419526287628192
2015-03-31,equal_weight,CAT,Industrials,0.045454545454545456,0.045183709829731
2015-03-31,equal_weight,UNP,Industrials,0.045454545454545456,0.04215324525963116
2015-03-31,equal_weight,XOM,Energy,0.045454545454545456,0.044932763579420505
2015-03-31,equal_weight,CVX,Energy,0.045454545454545456,0.04605825497589361
2015-03-31,equal_weight,NEE,Utilities,0.045454545454545456,0.047071001368728785
2015-03-31,equal_weight,DUK,Utilities,0.045454545454545456,0.045749430679058366
2015-03-31,equal_weight,AMT,Real Estate,0.045454545454545456,0.04444831200691454
2015-03-31,equal_weight,PLD,Real Estate,0.045454545454545456,0.04814384825343583
2015-03-31,equal_weight,APD,Materials,0.045454545454545456,0.045589035869183774
2015-03-31,equal_weight,NEM,Materials,0.045454545454545456,0.03863467837349972
2015-03-31,equal_weight,GOOGL,Communication Services,0.045454545454545456,0.04614440364722273
2015-03-31,equal_weight,META,Communication Services,0.045454545454545456,0.048730310943327804
2015-04-30,sample,AAPL,Information Technology,0.10947984015075495,0.10361697506275387
2015-04-30,sample,MSFT,Information Technology,0.0,0.015941725755204566
2015-04-30,sample,JPM,Financials,9.662951862277058e-18,3.504847745972685e-18
2015-04-30,sample,BAC,Financials,0.04820940642033791,0.027280901317525082
2015-04-30,sample,JNJ,Health Care,0.131267989445735,0.12053734986718345
2015-04-30,sample,UNH,Health Care,0.016515132393886335,0.015409900846551632
2015-04-30,sample,AMZN,Consumer Discretionary,3.2703942093488536e-18,1.6295275715025262e-19
2015-04-30,sample,HD,Consumer Discretionary,0.06331076048020493,0.06753871045098352
2015-04-30,sample,PG,Consumer Staples,0.12144381008274223,0.13427072507107568
2015-04-30,sample,KO,Consumer Staples,0.12855618991725778,0.11088693298513945
2015-04-30,sample,CAT,Industrials,0.0013678315991591979,0.00725676144742862
2015-04-30,sample,UNP,Industrials,6.758052369668435e-18,0.0
2015-04-30,sample,XOM,Energy,0.10548235677080521,0.1187446343045689
2015-04-30,sample,CVX,Energy,0.011976595910994611,0.008997647434527719
2015-04-30,sample,NEE,Utilities,0.0011916436022586768,0.014321998142013593
2015-04-30,sample,DUK,Utilities,0.15,0.15040974995420553
2015-04-30,sample,AMT,Real Estate,0.03383056142532533,0.02365770747151184
2015-04-30,sample,PLD,Real Estate,3.813765845012487e-18,0.0
2015-04-30,sample,APD,Materials,4.619717694324954e-18,5.047858857907917e-18
2015-04-30,sample,NEM,Materials,0.038609434272283374,0.04416497396427584
2015-04-30,sample,GOOGL,Communication Services,0.03875844752825446,0.035734132829140314
2015-04-30,sample,META,Communication Services,1.3044307387716225e-19,0.0012291730959101215
2015-04-30,ewma,AAPL,Information Technology,0.0,0.002758042085718443
2015-04-30,ewma,MSFT,Information Technology,0.0,0.018480557174454265
2015-04-30,ewma,JPM,Financials,0.0,0.0
2015-04-30,ewma,BAC,Financials,0.15,0.15472554185351733
2015-04-30,ewma,JNJ,Health Care,0.15,0.0
2015-04-30,ewma,UNH,Health Care,0.0,0.0
2015-04-30,ewma,AMZN,Consumer Discretionary,9.59581064431126e-18,0.018972287578591384
2015-04-30,ewma,HD,Consumer Discretionary,0.026681781169611774,7.38744732313663e-18
2015-04-30,ewma,PG,Consumer Staples,0.10000000000000006,0.08121463378266795
2015-04-30,ewma,KO,Consumer Staples,0.14999999999999997,0.14951750487620233
2015-04-30,ewma,CAT,Industrials,0.0,0.0
2015-04-30,ewma,UNP,Industrials,4.524961570018803e-18,5.872847669685973e-19
2015-04-30,ewma,XOM,Energy,0.14502901528996606,0.14310908212481882
2015-04-30,ewma,CVX,Energy,9.971266562944972e-18,1.0665947939930167e-17
2015-04-30,ewma,NEE,Utilities,4.6084763778603376e-18,8.123209665087976e-18
2015-04-30,ewma,DUK,Utilities,0.07007009770116975,0.15101871922144716
2015-04-30,ewma,AMT,Real Estate,0.0890848766500626,1.0167875769425045e-17
2015-04-30,ewma,PLD,Real Estate,0.002503070510664942,6.226375317859355e-18
2015-04-30,ewma,APD,Materials,0.0,0.06727391527438895
2015-04-30,ewma,NEM,Materials,0.058401370647373434,0.0
2015-04-30,ewma,GOOGL,Communication Services,1.6880124330973758e-17,0.0697213653958458
2015-04-30,ewma,META,Communication Services,0.05822978803115145,0.14320835063234733
2015-04-30,ledoit_wolf,AAPL,Information Technology,0.1065357856243871,0.09995848607462544
2015-04-30,ledoit_wolf,MSFT,Information Technology,0.0018365395616149046,0.016016953821617882
2015-04-30,ledoit_wolf,JPM,Financials,0.0,0.0
2015-04-30,ledoit_wolf,BAC,Financials,0.04596080457895779,0.027168824093528058
2015-04-30,ledoit_wolf,JNJ,Health Care,0.11266879390393893,0.10632451170173708
2015-04-30,ledoit_wolf,UNH,Health Care,0.02253673892487244,0.021574220318384563
2015-04-30,ledoit_wolf,AMZN,Consumer Discretionary,0.0,0.0
2015-04-30,ledoit_wolf,HD,Consumer Discretionary,0.06726287153015004,0.07052895766472589
2015-04-30,ledoit_wolf,PG,Consumer Staples,0.12303909217758573,0.1324533128856988
2015-04-30,ledoit_wolf,KO,Consumer Staples,0.12696090782241426,0.11269758194057308
2015-04-30,ledoit_wolf,CAT,Industrials,0.005704111113877643,0.011447902865271533
2015-04-30,ledoit_wolf,UNP,Industrials,2.515687853345272e-18,0.0
2015-04-30,ledoit_wolf,XOM,Energy,0.08505039328214464,0.09607406571766217
2015-04-30,ledoit_wolf,CVX,Energy,0.03027697871032674,0.027313452514164734
2015-04-30,ledoit_wolf,NEE,Utilities,0.006591132825283536,0.01909175992601004
2015-04-30,ledoit_wolf,DUK,Utilities,0.15,0.1503807695260798
2015-04-30,ledoit_wolf,AMT,Real Estate,0.037888108449656864,0.026801214539038918
2015-04-30,ledoit_wolf,PLD,Real Estate,0.0,8.571485067315106e-19
2015-04-30,ledoit_wolf,APD,Materials,0.0,4.7313064408635826e-18
2015-04-30,ledoit_wolf,NEM,Materials,0.03783646777618622,0.04382094366360118
2015-04-30,ledoit_wolf,GOOGL,Communication Services,0.03985127371860321,0.03643025241688009
2015-04-30,ledoit_wolf,META,Communication Services,1.1011428314305904e-19,0.0019167903304008254
2015-04-30,equal_weight,AAPL,Information Technology,0.045454545454545456,0.04478502169925739
2015-04-30,equal_weight,MSFT,Information Technology,0.045454545454545456,0.053266363312963416
2015-04-30,equal_weight,JPM,Financials,0.045454545454545456,0.04680629313008764
2015-04-30,equal_weight,BAC,Financials,0.045454545454545456,0.04608971946893696
2015-04-30,equal_weight,JNJ,Health Care,0.045454545454545456,0.04390770843418588
2015-04-30,equal_weight,UNH,Health Care,0.045454545454545456,0.04193379483115543
2015-04-30,equal_weight,AMZN,Consumer Discretionary,0.045454545454545456,0.050472335837577174
2015-04-30,equal_weight,HD,Consumer Discretionary,0.045454545454545456,0.04192886004300753
2015-04-30,equal_weight,PG,Consumer Staples,0.045454545454545456,0.04355440483231424
2015-04-30,equal_weight,KO,Consumer Staples,0.045454545454545456,0.044538346887572494
2015-04-30,equal_weight,CAT,Industrials,0.045454545454545456,0.048739224110687956
2015-04-30,equal_weight,UNP,Industrials,0.045454545454545456,0.043672279961381504
2015-04-30,equal_weight,XOM,Energy,0.045454545454545456,0.04576886940402269
2015-04-30,equal_weight,CVX,Energy,0.045454545454545456,0.04710620608800916
2015-04-30,equal_weight,NEE,Utilities,0.045454545454545456,0.04319218962695424
2015-04-30,equal_weight,DUK,Utilities,0.045454545454545456,0.04498552934501436
2015-04-30,equal_weight,AMT,Real Estate,0.045454545454545456,0.04490176900365443
2015-04-30,equal_weight,PLD,Real Estate,0.045454545454545456,0.04109275725977321
2015-04-30,equal_weight,APD,Materials,0.045454545454545456,0.042216819983366696
2015-04-30,equal_weight,NEM,Materials,0.045454545454545456,0.05433117632224
2015-04-30,equal_weight,GOOGL,Communication Services,0.045454545454545456,0.04405135745716882
2015-04-30,equal_weight,META,Communication Services,0.045454545454545456,0.04265897296066893
2015-05-29,sample,AAPL,Information Technology,0.09592780909311638,0.11352694231150587
2015-05-29,sample,MSFT,Information Technology,5.378659215064807e-18,0.0
2015-05-29,sample,JPM,Financials,4.077616608082202e-18,9.967401418340968e-18
2015-05-29,sample,BAC,Financials,0.048843701253098074,0.04953447792346332
2015-05-29,sample,JNJ,Health Care,0.13702880695879457,0.13240905128100106
2015-05-29,sample,UNH,Health Care,0.009910907256168841,0.017678484573061006
2015-05-29,sample,AMZN,Consumer Discretionary,0.0,3.301503139120098e-18
2015-05-29,sample,HD,Consumer Discretionary,0.05303233502095134,0.06541022529453425
2015-05-29,sample,PG,Consumer Staples,0.12093300462103046,0.11877409546152883
2015-05-29,sample,KO,Consumer Staples,0.12906699537896954,0.12878414630861948
2015-05-29,sample,CAT,Industrials,0.01281040184572597,0.001332512214072774
2015-05-29,sample,UNP,Industrials,2.2073678605447067e-18,6.40241075478382e-18
2015-05-29,sample,XOM,Energy,0.09470597479920682,0.10288270464476951
2015-05-29,sample,CVX,Energy,0.029068923300696707,0.011128246681295051
2015-05-29,sample,NEE,Utilities,0.0030067607126659014,0.0012078182327563357
2015-05-29,sample,DUK,Utilities,0.15,0.14679854144057985
2015-05-29,sample,AMT,Real Estate,0.03926475691245119,0.032941870375580024
2015-05-29,sample,PLD,Real Estate,1.5415999640028266e-18,3.725813880517814e-18
2015-05-29,sample,APD,Materials,0.0,4.6891132983916716e-18
2015-05-29,sample,NEM,Materials,0.03587481786719641,0.039384586224036046
2015-05-29,sample,GOOGL,Communication Services,0.040524804979927664,0.038206297033196474
2015-05-29,sample,META,Communication Services,1.6788193014580233e-18,1.3008827061151724e-19
2015-05-29,ewma,AAPL,Information Technology,7.665524440799797e-18,0.0
2015-05-29,ewma,MSFT,Information Technology,2.7465580203626552e-17,0.0
2015-05-29,ewma,JPM,Financials,0.0,0.0
2015-05-29,ewma,BAC,Financials,0.15,0.1544432297857646
2015-05-29,ewma,JNJ,Health Care,0.09733763464010527,0.1516184001703037
2015-05-29,ewma,UNH,Health Care,3.3754210250052162e-18,0.0
2015-05-29,ewma,AMZN,Consumer Discretionary,4.7294906440944756e-18,9.707224844841212e-18
2015-05-29,ewma,HD,Consumer Discretionary,1.0235052401183016e-18,0.02762388409381854
2015-05-29,ewma,PG,Consumer Staples,0.1,0.09800498308895474
2015-05-29,ewma,KO,Consumer Staples,0.15,0.15057833140713908
2015-05-29,ewma,CAT,Industrials,0.03697228078109248,0.0
2015-05-29,ewma,UNP,Industrials,0.04626988671894498,4.2957469066063325e-18
2015-05-29,ewma,XOM,Energy,0.05927101624244912,0.14174875618888308
2015-05-29,ewma,CVX,Energy,0.14999999999999997,9.2842213086859e-18
2015-05-29,ewma,NEE,Utilities,1.2023608657605862e-17,4.680738421464155e-18
2015-05-29,ewma,DUK,Utilities,0.15,0.06871713034676233
2015-05-29,ewma,AMT,Real Estate,0.019969631948393882,0.08692502859838278
2015-05-29,ewma,PLD,Real Estate,8.940376886488348e-18,0.002450428446173497
2015-05-29,ewma,APD,Materials,0.0,0.0
2015-05-29,ewma,NEM,Materials,0.04017954966901439,0.0596977137501847
2015-05-29,ewma,GOOGL,Communication Services,0.0,1.6674239155214125e-17
2015-05-29,ewma,META,Communication Services,4.206326538756236e-18,0.05819211412363333
2015-05-29,ledoit_wolf,AAPL,Information Technology,0.09207652433175603,0.11056848617156509
2015-05-29,ledoit_wolf,MSFT,Information Technology,0.0,0.0017680767539109122
2015-05-29,ledoit_wolf,JPM,Financials,6.613633252161577e-18,0.0
2015-05-29,ledoit_wolf,BAC,Financials,0.049600349405660694,0.0472644374265288
2015-05-29,ledoit_wolf,JNJ,Health Care,0.1167844462287083,0.11374532348308154
2015-05-29,ledoit_wolf,UNH,Health Care,0.016822641749768236,0.024144883399687317
2015-05-29,ledoit_wolf,AMZN,Consumer Discretionary,0.0,0.0
2015-05-29,ledoit_wolf,HD,Consumer Discretionary,0.05844445183109583,0.06955279439092629
2015-05-29,ledoit_wolf,PG,Consumer Staples,0.12255725074286282,0.12043716674118801
2015-05-29,ledoit_wolf,KO,Consumer Staples,0.1274427492571372,0.12729475059417772
2015-05-29,ledoit_wolf,CAT,Industrials,0.0156907065231347,0.005561572556286082
2015-05-29,ledoit_wolf,UNP,Industrials,8.843023969334896e-19,2.3853372914587484e-18
2015-05-29,ledoit_wolf,XOM,Energy,0.0790014509399789,0.08302520159666123
2015-05-29,ledoit_wolf,CVX,Energy,0.042283464391848234,0.028156388395579303
2015-05-29,ledoit_wolf,NEE,Utilities,0.0106786845061143,0.0066863071617945784
2015-05-29,ledoit_wolf,DUK,Utilities,0.15,0.1469240208153285
2015-05-29,ledoit_wolf,AMT,Real Estate,0.04189203506686958,0.036924365154405815
2015-05-29,ledoit_wolf,PLD,Real Estate,2.0599841277224584e-18,0.0
2015-05-29,ledoit_wolf,APD,Materials,1.5585406229479126e-18,0.0
2015-05-29,ledoit_wolf,NEM,Materials,0.035449420100669086,0.03862909196365847
2015-05-29,ledoit_wolf,GOOGL,Communication Services,0.04127582492439612,0.03931713339522044
2015-05-29,ledoit_wolf,META,Communication Services,4.87890977618477e-19,1.099086405554846e-19
2015-05-29,equal_weight,AAPL,Information Technology,0.045454545454545456,0.04724961390537466
2015-05-29,equal_weight,MSFT,Information Technology,0.045454545454545456,0.0438291692984311
2015-05-29,equal_weight,JPM,Financials,0.045454545454545456,0.04700083903241898
2015-05-29,equal_weight,BAC,Financials,0.045454545454545456,0.04681761474716253
2015-05-29,equal_weight,JNJ,Health Care,0.045454545454545456,0.04596130149311784
2015-05-29,equal_weight,UNH,Health Care,0.045454545454545456,0.048774907238746466
2015-05-29,equal_weight,AMZN,Consumer Discretionary,0.045454545454545456,0.04599865013869096
2015-05-29,equal_weight,HD,Consumer Discretionary,0.045454545454545456,0.04707622095380081
2015-05-29,equal_weight,PG,Consumer Staples,0.045454545454545456,0.04456355465945891
2015-05-29,equal_weight,KO,Consumer Staples,0.045454545454545456,0.0456460171084806
2015-05-29,equal_weight,CAT,Industrials,0.045454545454545456,0.044388660933714796
2015-05-29,equal_weight,UNP,Industrials,0.045454545454545456,0.043167356932900046
2015-05-29,equal_weight,XOM,Energy,0.045454545454545456,0.04444224876074706
2015-05-29,equal_weight,CVX,Energy,0.045454545454545456,0.04233765749354151
2015-05-29,equal_weight,NEE,Utilities,0.045454545454545456,0.046183694681223825
2015-05-29,equal_weight,DUK,Utilities,0.045454545454545456,0.044592719557671426
2015-05-29,equal_weight,AMT,Real Estate,0.045454545454545456,0.04436827322558404
2015-05-29,equal_weight,PLD,Real Estate,0.045454545454545456,0.04451440872665157
2015-05-29,equal_weight,APD,Materials,0.045454545454545456,0.046249683701329085
2015-05-29,equal_weight,NEM,Materials,0.045454545454545456,0.046480022197105994
2015-05-29,equal_weight,GOOGL,Communication Services,0.045454545454545456,0.044916101289652836
2015-05-29,equal_weight,META,Communication Services,0.045454545454545456,0.04544128392419518
2015-06-30,sample,AAPL,Information Technology,0.09192467552019411,0.09514837292455731
2015-06-30,sample,MSFT,Information Technology,3.0222135558033436e-18,5.2207820915320296e-18
2015-06-30,sample,JPM,Financials,0.0,4.3273203461163086e-18
2015-06-30,sample,BAC,Financials,0.06163888914628444,0.05206163402705622
2015-06-30,sample,JNJ,Health Care,0.12443887065331401,0.1373927503323592
2015-06-30,sample,UNH,Health Care,0.0010100297639829472,0.01040642028110026
2015-06-30,sample,AMZN,Consumer Discretionary,2.8155375166732943e-18,0.0
2015-06-30,sample,HD,Consumer Discretionary,0.06023937331676915,0.05478259808530058
2015-06-30,sample,PG,Consumer Staples,0.13133716362445844,0.12435016044763207
2015-06-30,sample,KO,Consumer Staples,0.11866283637554159,0.12840297961753033
2015-06-30,sample,CAT,Industrials,0.0,0.013120292509277135
2015-06-30,sample,UNP,Industrials,3.8794108984246956e-18,2.149242886740978e-18
2015-06-30,sample,XOM,Energy,0.11412541713806361,0.09527831961360778
2015-06-30,sample,CVX,Energy,0.014449097505319612,0.02804897618414038
2015-06-30,sample,NEE,Utilities,0.0,0.002967191754712754
2015-06-30,sample,DUK,Utilities,0.15,0.1441067190256582
2015-06-30,sample,AMT,Real Estate,0.07251359786728336,0.04086251089272669
2015-06-30,sample,PLD,Real Estate,0.0020739291852587076,1.501893844538772e-18
2015-06-30,sample,APD,Materials,0.0,0.0
2015-06-30,sample,NEM,Materials,0.0349130230417038,0.03172553924338573
2015-06-30,sample,GOOGL,Communication Services,0.022673096861826243,0.0413455350609551
2015-06-30,sample,META,Communication Services,0.0,1.8732776700664343e-18
2015-06-30,ewma,AAPL,Information Technology,0.035959659079268305,7.62429798049551e-18
2015-06-30,ewma,MSFT,Information Technology,2.806220154253497e-18,2.6733231801584767e-17
2015-06-30,ewma,JPM,Financials,1.0282979979667206e-18,0.0
2015-06-30,ewma,BAC,Financials,0.05822291911243738,0.1603251430643866
2015-06-30,ewma,JNJ,Health Care,1.3476294190815918e-18,0.09786645959642219
2015-06-30,ewma,UNH,Health Care,0.03999690310317887,3.553996936702148e-18
2015-06-30,ewma,AMZN,Consumer Discretionary,0.0,4.941267561646643e-18
2015-06-30,ewma,HD,Consumer Discretionary,0.002998384890566802,1.0602129248128588e-18
2015-06-30,ewma,PG,Consumer Staples,0.10000000000000003,0.10311044357849566
2015-06-30,ewma,KO,Consumer Staples,0.15,0.14964158831761457
2015-06-30,ewma,CAT,Industrials,0.15,0.03797153512236549
2015-06-30,ewma,UNP,Industrials,0.014399068427351513,0.04517626973539345
2015-06-30,ewma,XOM,Energy,0.15,0.059794361463055876
2015-06-30,ewma,CVX,Energy,0.05176307664506022,0.14513777974899217
2015-06-30,ewma,NEE,Utilities,0.012834709790172566,1.1898240069726825e-17
2015-06-30,ewma,DUK,Utilities,0.14999999999999997,0.14450583333903513
2015-06-30,ewma,AMT,Real Estate,5.929230630780102e-21,0.020839790336788497
2015-06-30,ewma,PLD,Real Estate,0.0,8.734227934086181e-18
2015-06-30,ewma,APD,Materials,2.5343225781848666e-18,0.0
2015-06-30,ewma,NEM,Materials,0.0838252789519644,0.03563079569744999
2015-06-30,ewma,GOOGL,Communication Services,0.0,0.0
2015-06-30,ewma,META,Communication Services,0.0,4.7065462972430204e-18
2015-06-30,ledoit_wolf,AAPL,Information Technology,0.08824191697263192,0.09131128051742035
2015-06-30,ledoit_wolf,MSFT,Information Technology,4.445228907190568e-18,0.0
2015-06-30,ledoit_wolf,JPM,Financials,4.065758146820642e-18,7.01732257575271e-18
2015-06-30,ledoit_wolf,BAC,Financials,0.057308273688164324,0.05285823287680226
2015-06-30,ledoit_wolf,JNJ,Health Care,0.10896202697503257,0.11707269664412127
2015-06-30,ledoit_wolf,UNH,Health Care,0.007683632515694733,0.01766041160799812
2015-06-30,ledoit_wolf,AMZN,Consumer Discretionary,0.0,0.0
2015-06-30,ledoit_wolf,HD,Consumer Discretionary,0.061904731114863346,0.06036203050277466
2015-06-30,ledoit_wolf,PG,Consumer Staples,0.12972953898794423,0.1259967063144808
2015-06-30,ledoit_wolf,KO,Consumer Staples,0.12027046101205574,0.12676335031054614
2015-06-30,ledoit_wolf,CAT,Industrials,0.0068201632189975265,0.016067264356358833
2015-06-30,ledoit_wolf,UNP,Industrials,0.004547391481144184,8.608555045295205e-19
2015-06-30,ledoit_wolf,XOM,Energy,0.09189806660443034,0.07946400568835613
2015-06-30,ledoit_wolf,CVX,Energy,0.029880469528390213,0.04079221670367693
2015-06-30,ledoit_wolf,NEE,Utilities,0.005695768258333155,0.010536179909657698
2015-06-30,ledoit_wolf,DUK,Utilities,0.15,0.14407973660888518
2015-06-30,ledoit_wolf,AMT,Real Estate,0.06928645601138253,0.04358853473965003
2015-06-30,ledoit_wolf,PLD,Real Estate,0.006892797370869771,2.0065505050431613e-18
2015-06-30,ledoit_wolf,APD,Materials,0.0,1.5053119959946898e-18
2015-06-30,ledoit_wolf,NEM,Materials,0.034910380329649576,0.031343473125489726
2015-06-30,ledoit_wolf,GOOGL,Communication Services,0.02596792593041586,0.042103880093782145
2015-06-30,ledoit_wolf,META,Communication Services,0.0,5.443016677346793e-19
2015-06-30,equal_weight,AAPL,Information Technology,0.045454545454545456,0.04476362006604622
2015-06-30,equal_weight,MSFT,Information Technology,0.045454545454545456,0.043805626759760234
2015-06-30,equal_weight,JPM,Financials,0.045454545454545456,0.047893989846306356
2015-06-30,equal_weight,BAC,Financials,0.045454545454545456,0.04810360107649952
2015-06-30,equal_weight,JNJ,Health Care,0.045454545454545456,0.04525017898394828
2015-06-30,equal_weight,UNH,Health Care,0.045454545454545456,0.0473866830348266
2015-06-30,equal_weight,AMZN,Consumer Discretionary,0.045454545454545456,0.04702092976478715
2015-06-30,equal_weight,HD,Consumer Discretionary,0.045454545454545456,0.04661978174369653
2015-06-30,equal_weight,PG,Consumer Staples,0.045454545454545456,0.04640554391455249
2015-06-30,equal_weight,KO,Consumer Staples,0.045454545454545456,0.044898130956249734
2015-06-30,equal_weight,CAT,Industrials,0.045454545454545456,0.04622204168154405
2015-06-30,equal_weight,UNP,Industrials,0.045454545454545456,0.04394193160073012
2015-06-30,equal_weight,XOM,Energy,0.045454545454545456,0.04540305449663605
2015-06-30,equal_weight,CVX,Energy,0.045454545454545456,0.04354681820162504
2015-06-30,equal_weight,NEE,Utilities,0.045454545454545456,0.044536399816469265
2015-06-30,equal_weight,DUK,Utilities,0.045454545454545456,0.04335721039947208
2015-06-30,equal_weight,AMT,Real Estate,0.045454545454545456,0.04696674869108935
2015-06-30,equal_weight,PLD,Real Estate,0.045454545454545456,0.04396791854135424
2015-06-30,equal_weight,APD,Materials,0.045454545454545456,0.04359714812770934
2015-06-30,equal_weight,NEM,Materials,0.045454545454545456,0.03991054591435782
2015-06-30,equal_weight,GOOGL,Communication Services,0.045454545454545456,0.04604431789124057
2015-06-30,equal_weight,META,Communication Services,0.045454545454545456,0.050357778491099306
2015-07-31,sample,AAPL,Information Technology,0.08583802893069466,0.08809402751798259
2015-07-31,sample,MSFT,Information Technology,4.14029704617902e-18,3.1678634042285903e-18
2015-07-31,sample,JPM,Financials,0.0,0.0
2015-07-31,sample,BAC,Financials,0.062124382427423394,0.06416792332501815
2015-07-31,sample,JNJ,Health Care,0.1304113195005616,0.12679317449491076
2015-07-31,sample,UNH,Health Care,0.00565555760081152,0.0009959738435469598
2015-07-31,sample,AMZN,Consumer Discretionary,5.4616684438957286e-18,3.4460605131653787e-18
2015-07-31,sample,HD,Consumer Discretionary,0.05852561189287195,0.06286391899871366
2015-07-31,sample,PG,Consumer Staples,0.12307516447396691,0.12863252592664273
2015-07-31,sample,KO,Consumer Staples,0.1269248355260331,0.12313509675666856
2015-07-31,sample,CAT,Industrials,4.1640139687021405e-18,0.0
2015-07-31,sample,UNP,Industrials,0.0,3.933819370820265e-18
2015-07-31,sample,XOM,Energy,0.10185634615188213,0.1076698416389133
2015-07-31,sample,CVX,Energy,0.013942772255901077,0.013132536263461123
2015-07-31,sample,NEE,Utilities,0.0012835038827856199,0.0
2015-07-31,sample,DUK,Utilities,0.15,0.1562210158555331
2015-07-31,sample,AMT,Real Estate,0.08047504250733344,0.07325979195827838
2015-07-31,sample,PLD,Real Estate,0.0025225473711529556,0.0022496149037755766
2015-07-31,sample,APD,Materials,5.421010862427522e-19,0.0
2015-07-31,sample,NEM,Materials,0.03709445998008887,0.02542961826240067
2015-07-31,sample,GOOGL,Communication Services,0.020270427498492775,0.027354940254154334
2015-07-31,sample,META,Communication Services,9.486769009248164e-20,0.0
2015-07-31,ewma,AAPL,Information Technology,7.971802250594845e-19,0.03573352376934108
2015-07-31,ewma,MSFT,Information Technology,0.023855810471310995,3.0500640285583817e-18
2015-07-31,ewma,JPM,Financials,0.09321028976718737,1.0756145648114073e-18
2015-07-31,ewma,BAC,Financials,3.725041252354029e-18,0.06284968078348566
2015-07-31,ewma,JNJ,Health Care,0.15,1.4238236972668919e-18
2015-07-31,ewma,UNH,Health Care,0.0,0.04089649100396622
2015-07-31,ewma,AMZN,Consumer Discretionary,0.0652587255254847,0.0
2015-07-31,ewma,HD,Consumer Discretionary,0.0724200738769091,0.0032445487712781393
2015-07-31,ewma,PG,Consumer Staples,0.02711130446176845,0.10155681781353898
2015-07-31,ewma,KO,Consumer Staples,0.15,0.16140028949944024
2015-07-31,ewma,CAT,Industrials,6.895522907781251e-18,0.144202876725319
2015-07-31,ewma,UNP,Industrials,9.416256373322114e-19,0.015140107119673419
2015-07-31,ewma,XOM,Energy,0.04547026924898368,0.14674012163700573
2015-07-31,ewma,CVX,Energy,7.029636512537064e-19,0.048783604696894294
2015-07-31,ewma,NEE,Utilities,0.019657913056364884,0.014152847594165388
2015-07-31,ewma,DUK,Utilities,0.15,0.16198894497087882
2015-07-31,ewma,AMT,Real Estate,0.15,6.211414192888462e-21
2015-07-31,ewma,PLD,Real Estate,9.267198657324735e-18,0.0
2015-07-31,ewma,APD,Materials,0.0,2.712232004808815e-18
2015-07-31,ewma,NEM,Materials,0.0279088989837172,0.06331014561501322
2015-07-31,ewma,GOOGL,Communication Services,0.02510671460827343,0.0
2015-07-31,ewma,META,Communication Services,0.0,0.0
2015-07-31,ledoit_wolf,AAPL,Information Technology,0.08375378066919295,0.08451472524456732
2015-07-31,ledoit_wolf,MSFT,Information Technology,0.0,4.65670275581502e-18
2015-07-31,ledoit_wolf,JPM,Financials,1.4704491964334654e-18,4.0989856250495185e-18
2015-07-31,ledoit_wolf,BAC,Financials,0.061248984788557274,0.05962434168556363
2015-07-31,ledoit_wolf,JNJ,Health Care,0.11717530178017109,0.11095786140140443
2015-07-31,ledoit_wolf,UNH,Health Care,0.009352796388179792,0.007572223716736204
2015-07-31,ledoit_wolf,AMZN,Consumer Discretionary,0.0,0.0
2015-07-31,ledoit_wolf,HD,Consumer Discretionary,0.0602383476409087,0.06456362968659499
2015-07-31,ledoit_wolf,PG,Consumer Staples,0.12385433890843714,0.12698286728771688
2015-07-31,ledoit_wolf,KO,Consumer Staples,0.12614566109156286,0.12472950427516707
2015-07-31,ledoit_wolf,CAT,Industrials,0.004652858206982517,0.00631938192661188
2015-07-31,ledoit_wolf,UNP,Industrials,0.0,0.004608441368517764
2015-07-31,ledoit_wolf,XOM,Energy,0.08908480839500871,0.08664852227777285
2015-07-31,ledoit_wolf,CVX,Energy,0.023590781048930677,0.02714178425511711
2015-07-31,ledoit_wolf,NEE,Utilities,0.006599914541897152,0.0060535099156521135
2015-07-31,ledoit_wolf,DUK,Utilities,0.15,0.1561286293881741
2015-07-31,ledoit_wolf,AMT,Real Estate,0.07752926111550601,0.0699580450284008
2015-07-31,ledoit_wolf,PLD,Real Estate,0.007774549179259363,0.007472275203768134
2015-07-31,ledoit_wolf,APD,Materials,0.0,0.0
2015-07-31,ledoit_wolf,NEM,Materials,0.036861959593907506,0.025412655880799603
2015-07-31,ledoit_wolf,GOOGL,Communication Services,0.02213665665149842,0.03131160145743497
2015-07-31,ledoit_wolf,META,Communication Services,0.0,0.0
2015-07-31,equal_weight,AAPL,Information Technology,0.045454545454545456,0.04279699027039561
2015-07-31,equal_weight,MSFT,Information Technology,0.045454545454545456,0.04681016430686691
2015-07-31,equal_weight,JPM,Financials,0.045454545454545456,0.045049568200896575
2015-07-31,equal_weight,BAC,Financials,0.045454545454545456,0.0464902679185251
2015-07-31,equal_weight,JNJ,Health Care,0.045454545454545456,0.04550285872960429
2015-07-31,equal_weight,UNH,Health Care,0.045454545454545456,0.04403648325167905
2015-07-31,equal_weight,AMZN,Consumer Discretionary,0.045454545454545456,0.05465884478949471
2015-07-31,equal_weight,HD,Consumer Discretionary,0.045454545454545456,0.04660364384073962
2015-07-31,equal_weight,PG,Consumer Staples,0.045454545454545456,0.04373831346421946
2015-07-31,equal_weight,KO,Consumer Staples,0.045454545454545456,0.04634106376658036
2015-07-31,equal_weight,CAT,Industrials,0.045454545454545456,0.041403362573742546
2015-07-31,equal_weight,UNP,Industrials,0.045454545454545456,0.04528428352916049
2015-07-31,equal_weight,XOM,Energy,0.045454545454545456,0.04213185338753573
2015-07-31,equal_weight,CVX,Energy,0.045454545454545456,0.040588850760241935
2015-07-31,equal_weight,NEE,Utilities,0.045454545454545456,0.04749093558349787
2015-07-31,equal_weight,DUK,Utilities,0.045454545454545456,0.046510077842224766
2015-07-31,equal_weight,AMT,Real Estate,0.045454545454545456,0.045117507073032276
2015-07-31,equal_weight,PLD,Real Estate,0.045454545454545456,0.04844100281208519
2015-07-31,equal_weight,APD,Materials,0.045454545454545456,0.046091186943653495
2015-07-31,equal_weight,NEM,Materials,0.045454545454545456,0.0325275425481847
2015-07-31,equal_weight,GOOGL,Communication Services,0.045454545454545456,0.05387952955603636
2015-07-31,equal_weight,META,Communication Services,0.045454545454545456,0.04850566885160358
2015-08-31,sample,AAPL,Information Technology,0.06145910868747099,0.08414531195795501
2015-08-31,sample,MSFT,Information Technology,1.8920174942819307e-17,4.077111992645376e-18
2015-08-31,sample,JPM,Financials,0.0,0.0
2015-08-31,sample,BAC,Financials,0.05605752418024038,0.05959928867818779
2015-08-31,sample,JNJ,Health Care,0.14771516357687042,0.1293730694062763
2015-08-31,sample,UNH,Health Care,5.122251532291475e-06,0.0056582851649934485
2015-08-31,sample,AMZN,Consumer Discretionary,7.115076756936123e-20,5.484762360887624e-18
2015-08-31,sample,HD,Consumer Discretionary,0.0810498194312716,0.06113924865821222
2015-08-31,sample,PG,Consumer Staples,0.1,0.11904323998923429
2015-08-31,sample,KO,Consumer Staples,0.15,0.12753345013474876
2015-08-31,sample,CAT,Industrials,0.03631582074874637,4.249513134734781e-18
2015-08-31,sample,UNP,Industrials,0.0,0.0
2015-08-31,sample,XOM,Energy,0.0605129273115927,0.10251702441027002
2015-08-31,sample,CVX,Energy,0.0,0.013566511874109836
2015-08-31,sample,NEE,Utilities,0.039080846498104754,0.0012701502883137512
2015-08-31,sample,DUK,Utilities,0.15,0.15210990204764763
2015-08-31,sample,AMT,Real Estate,0.07283441604918765,0.08188671409280641
2015-08-31,sample,PLD,Real Estate,0.0,0.002477903463164761
2015-08-31,sample,APD,Materials,0.0,5.571819762103826e-19
2015-08-31,sample,NEM,Materials,0.038153912225881256,0.03871388697740758
2015-08-31,sample,GOOGL,Communication Services,0.006815339039101687,0.02096601285667214
2015-08-31,sample,META,Communication Services,5.824198545320569e-18,9.473754817612432e-20
2015-08-31,ewma,AAPL,Information Technology,0.0,7.760213414512625e-19
2015-08-31,ewma,MSFT,Information Technology,0.0,0.023328256172678016
2015-08-31,ewma,JPM,Financials,0.0,0.09088716183325818
2015-08-31,ewma,BAC,Financials,0.0,3.548763341391444e-18
2015-08-31,ewma,JNJ,Health Care,0.15,0.14777018315185037
2015-08-31,ewma,UNH,Health Care,2.9336147701367774e-18,0.0
2015-08-31,ewma,AMZN,Consumer Discretionary,0.0,0.06507857441204937
2015-08-31,ewma,HD,Consumer Discretionary,0.003357968710074214,0.07512769381096242
2015-08-31,ewma,PG,Consumer Staples,0.09999999999999998,0.026040642030673054
2015-08-31,ewma,KO,Consumer Staples,0.15,0.14967033066175273
2015-08-31,ewma,CAT,Industrials,0.15,6.988133023240631e-18
2015-08-31,ewma,UNP,Industrials,0.0,8.680954116367172e-19
2015-08-31,ewma,XOM,Energy,0.0,0.045446703278394576
2015-08-31,ewma,CVX,Energy,0.0,6.792331828662079e-19
2015-08-31,ewma,NEE,Utilities,0.15,0.019318005879134292
2015-08-31,ewma,DUK,Utilities,0.1,0.1510512927000254
2015-08-31,ewma,AMT,Real Estate,0.024654713547494125,0.15156902198207264
2015-08-31,ewma,PLD,Real Estate,5.493531580784484e-18,9.039834605093166e-18
2015-08-31,ewma,APD,Materials,0.15,0.0
2015-08-31,ewma,NEM,Materials,0.02198731774243177,0.028924601760969112
2015-08-31,ewma,GOOGL,Communication Services,0.0,0.02578753232617988
2015-08-31,ewma,META,Communication Services,3.607825924646309e-18,0.0
2015-08-31,ledoit_wolf,AAPL,Information Technology,0.06126203485419285,0.08211552048145383
2015-08-31,ledoit_wolf,MSFT,Information Technology,0.0,0.0
2015-08-31,ledoit_wolf,JPM,Financials,0.0,1.4440837788972321e-18
2015-08-31,ledoit_wolf,BAC,Financials,0.05614925629351883,0.0587690307076561
2015-08-31,ledoit_wolf,JNJ,Health Care,0.13653655761842098,0.11626133750060459
2015-08-31,ledoit_wolf,UNH,Health Care,0.005159910501884812,0.00935882921874873
2015-08-31,ledoit_wolf,AMZN,Consumer Discretionary,0.0,0.0
2015-08-31,ledoit_wolf,HD,Consumer Discretionary,0.07910723428397652,0.0629387083853141
2015-08-31,ledoit_wolf,PG,Consumer Staples,0.10327145675997501,0.11981637624115742
2015-08-31,ledoit_wolf,KO,Consumer Staples,0.146728543240025,0.12677115811201053
2015-08-31,ledoit_wolf,CAT,Industrials,0.038345434734695386,0.004749167174497387
2015-08-31,ledoit_wolf,UNP,Industrials,3.1397393772348778e-18,0.0
2015-08-31,ledoit_wolf,XOM,Energy,0.060825255947042134,0.08967723119155166
2015-08-31,ledoit_wolf,CVX,Energy,2.32129379195041e-18,0.022957892968875862
2015-08-31,ledoit_wolf,NEE,Utilities,0.04281106483525269,0.006532311371416796
2015-08-31,ledoit_wolf,DUK,Utilities,0.15,0.15213464589071488
2015-08-31,ledoit_wolf,AMT,Real Estate,0.07192934238959013,0.07890209157552365
2015-08-31,ledoit_wolf,PLD,Real Estate,1.391886890575629e-18,0.007638197935011578
2015-08-31,ledoit_wolf,APD,Materials,7.140911261827379e-18,0.0
2015-08-31,ledoit_wolf,NEM,Materials,0.038256022395927805,0.03847749450619265
2015-08-31,ledoit_wolf,GOOGL,Communication Services,0.009617886145497991,0.022900006739270465
2015-08-31,ledoit_wolf,META,Communication Services,0.0,0.0
2015-08-31,equal_weight,AAPL,Information Technology,0.045454545454545456,0.04464736569807485
2015-08-31,equal_weight,MSFT,Information Technology,0.045454545454545456,0.04485044862898399
2015-08-31,equal_weight,JPM,Financials,0.045454545454545456,0.044721604363227196
2015-08-31,equal_weight,BAC,Financials,0.045454545454545456,0.043694285613239174
2015-08-31,equal_weight,JNJ,Health Care,0.045454545454545456,0.045182914779472096
2015-08-31,equal_weight,UNH,Health Care,0.045454545454545456,0.04556748427901457
2015-08-31,equal_weight,AMZN,Consumer Discretionary,0.045454545454545456,0.045738101558744075
2015-08-31,equal_weight,HD,Consumer Discretionary,0.045454545454545456,0.04757949033145226
2015-08-31,equal_weight,PG,Consumer Staples,0.045454545454545456,0.04405345400831668
2015-08-31,equal_weight,KO,Consumer Staples,0.045454545454545456,0.04576391292928234
2015-08-31,equal_weight,CAT,Industrials,0.045454545454545456,0.04648069887658463
2015-08-31,equal_weight,UNP,Industrials,0.045454545454545456,0.04228320297459942
2015-08-31,equal_weight,XOM,Energy,0.045454545454545456,0.04584094379541278
2015-08-31,equal_weight,CVX,Energy,0.045454545454545456,0.044316424823535615
2015-08-31,equal_weight,NEE,Utilities,0.045454545454545456,0.04507166228372474
2015-08-31,equal_weight,DUK,Utilities,0.045454545454545456,0.046186162457286496
2015-08-31,equal_weight,AMT,Real Estate,0.045454545454545456,0.04634446582763242
2015-08-31,equal_weight,PLD,Real Estate,0.045454545454545456,0.044739456428098325
2015-08-31,equal_weight,APD,Materials,0.045454545454545456,0.046812564462804955
2015-08-31,equal_weight,NEM,Materials,0.045454545454545456,0.04753389210259427
2015-08-31,equal_weight,GOOGL,Communication Services,0.045454545454545456,0.0471084257103666
2015-08-31,equal_weight,META,Communication Services,0.045454545454545456,0.04548303806755232
2015-09-30,sample,AAPL,Information Technology,0.05305546206377875,0.06061826502931403
2015-09-30,sample,MSFT,Information Technology,5.692061405548898e-18,1.9401904159112005e-17
2015-09-30,sample,JPM,Financials,0.0,0.0
2015-09-30,sample,BAC,Financials,0.04618701442925339,0.054068237602685976
2015-09-30,sample,JNJ,Health Care,0.15,0.14794513613577523
2015-09-30,sample,UNH,Health Care,0.0,5.201088657105454e-06
2015-09-30,sample,AMZN,Consumer Discretionary,0.0,7.160259996211933e-20
2015-09-30,sample,HD,Consumer Discretionary,0.07473740180767136,0.08145584326126891
2015-09-30,sample,PG,Consumer Staples,0.09999999999999999,0.10264369854038337
2015-09-30,sample,KO,Consumer Staples,0.15,0.1556617452671902
2015-09-30,sample,CAT,Industrials,0.05283903468036468,0.031310064978302465
2015-09-30,sample,UNP,Industrials,0.0,0.0
2015-09-30,sample,XOM,Energy,0.03488546666077005,0.06029442279771049
2015-09-30,sample,CVX,Energy,0.0,0.0
2015-09-30,sample,NEE,Utilities,0.057433632372098656,0.03906148642294138
2015-09-30,sample,DUK,Utilities,0.15,0.153444397939954
2015-09-30,sample,AMT,Real Estate,0.08632848956266262,0.07044448337417594
2015-09-30,sample,PLD,Real Estate,0.0,0.0
2015-09-30,sample,APD,Materials,1.100465205072787e-17,0.0
2015-09-30,sample,NEM,Materials,0.0391818281288656,0.03627524254644517
2015-09-30,sample,GOOGL,Communication Services,0.005351670294534953,0.0067717750151957065
2015-09-30,sample,META,Communication Services,0.0,5.903497982107049e-18
2015-09-30,ewma,AAPL,Information Technology,0.013216517748540173,0.0
2015-09-30,ewma,MSFT,Information Technology,0.0,0.0
2015-09-30,ewma,JPM,Financials,9.604400709798105e-18,0.0
2015-09-30,ewma,BAC,Financials,0.0,0.0
2015-09-30,ewma,JNJ,Health Care,0.15,0.1537066340879794
2015-09-30,ewma,UNH,Health Care,0.0,3.047629582577572e-18
2015-09-30,ewma,AMZN,Consumer Discretionary,0.0,0.0
2015-09-30,ewma,HD,Consumer Discretionary,2.49553376315654e-17,0.0034528091877514245
2015-09-30,ewma,PG,Consumer Staples,0.10000000000000002,0.10501661939397149
2015-09-30,ewma,KO,Consumer Staples,0.15,0.15926033930367767
2015-09-30,ewma,CAT,Industrials,0.1132505018173563,0.13231378873664568
2015-09-30,ewma,UNP,Industrials,6.844026213814747e-19,0.0
2015-09-30,ewma,XOM,Energy,0.0,0.0
2015-09-30,ewma,CVX,Energy,2.9740385569282553e-18,0.0
2015-09-30,ewma,NEE,Utilities,0.14999999999999997,0.15339167995941128
2015-09-30,ewma,DUK,Utilities,0.10000000000000005,0.10466115417211838
2015-09-30,ewma,AMT,Real Estate,0.14999999999999994,0.024396978759424953
2015-09-30,ewma,PLD,Real Estate,4.6457110178938204e-17,5.863646674332909e-18
2015-09-30,ewma,APD,Materials,0.05561987151555474,0.142412042346894
2015-09-30,ewma,NEM,Materials,3.621754063781778e-18,0.02138795405212569
2015-09-30,ewma,GOOGL,Communication Services,0.0,0.0
2015-09-30,ewma,META,Communication Services,0.01791310891854899,3.741489784278511e-18
2015-09-30,ledoit_wolf,AAPL,Information Technology,0.05256698471599846,0.06043968213188658
2015-09-30,ledoit_wolf,MSFT,Information Technology,4.0149361699853836e-18,0.0
2015-09-30,ledoit_wolf,JPM,Financials,0.0,0.0
2015-09-30,ledoit_wolf,BAC,Financials,0.046569216509599935,0.05417087093363095
2015-09-30,ledoit_wolf,JNJ,Health Care,0.15,0.1367848725824568
2015-09-30,ledoit_wolf,UNH,Health Care,7.752045533271357e-18,0.00524069679101856
2015-09-30,ledoit_wolf,AMZN,Consumer Discretionary,0.0,0.0
2015-09-30,ledoit_wolf,HD,Consumer Discretionary,0.07360594938709214,0.07952430870373402
2015-09-30,ledoit_wolf,PG,Consumer Staples,0.1,0.10602935140075691
2015-09-30,ledoit_wolf,KO,Consumer Staples,0.15,0.15230660975472804
2015-09-30,ledoit_wolf,CAT,Industrials,0.052371267623341974,0.03306855972564752
2015-09-30,ledoit_wolf,UNP,Industrials,1.3044307387716225e-18,3.265290236001348e-18
2015-09-30,ledoit_wolf,XOM,Energy,0.036740028727987095,0.060621465859061474
2015-09-30,ledoit_wolf,CVX,Energy,1.8770250111155296e-18,2.280215575642587e-18
2015-09-30,ledoit_wolf,NEE,Utilities,0.05615056359944048,0.04280104205937998
2015-09-30,ledoit_wolf,DUK,Utilities,0.15,0.1534845080397585
2015-09-30,ledoit_wolf,AMT,Real Estate,0.08512975027325782,0.06958729335192915
2015-09-30,ledoit_wolf,PLD,Real Estate,1.2705494208814505e-17,1.4524723706772177e-18
2015-09-30,ledoit_wolf,APD,Materials,2.507217523872729e-18,6.628219158408703e-18
2015-09-30,ledoit_wolf,NEM,Materials,0.039435270117819485,0.03638183255193657
2015-09-30,ledoit_wolf,GOOGL,Communication Services,0.007430969045462615,0.009558906114075168
2015-09-30,ledoit_wolf,META,Communication Services,1.2468324983583301e-18,0.0
2015-09-30,equal_weight,AAPL,Information Technology,0.045454545454545456,0.04518794549051341
2015-09-30,equal_weight,MSFT,Information Technology,0.045454545454545456,0.046981249054906665
2015-09-30,equal_weight,JPM,Financials,0.045454545454545456,0.04394003267413505
2015-09-30,equal_weight,BAC,Financials,0.045454545454545456,0.04418894696687486
2015-09-30,equal_weight,JNJ,Health Care,0.045454545454545456,0.04588608060823366
2015-09-30,equal_weight,UNH,Health Care,0.045454545454545456,0.04651989302479463
2015-09-30,equal_weight,AMZN,Consumer Discretionary,0.045454545454545456,0.04610569301810767
2015-09-30,equal_weight,HD,Consumer Discretionary,0.045454545454545456,0.046044264922018824
2015-09-30,equal_weight,PG,Consumer Staples,0.045454545454545456,0.04702595718761655
2015-09-30,equal_weight,KO,Consumer Staples,0.045454545454545456,0.0475440296402581
2015-09-30,equal_weight,CAT,Industrials,0.045454545454545456,0.039499669038848134
2015-09-30,equal_weight,UNP,Industrials,0.045454545454545456,0.0476343268792119
2015-09-30,equal_weight,XOM,Energy,0.045454545454545456,0.04564932195588769
2015-09-30,equal_weight,CVX,Energy,0.045454545454545456,0.044992242588983086
2015-09-30,equal_weight,NEE,Utilities,0.045454545454545456,0.045792057272044384
2015-09-30,equal_weight,DUK,Utilities,0.045454545454545456,0.0468667815028438
2015-09-30,equal_weight,AMT,Real Estate,0.045454545454545456,0.04431142304612355
2015-09-30,equal_weight,PLD,Real Estate,0.045454545454545456,0.04779646504732309
2015-09-30,equal_weight,APD,Materials,0.045454545454545456,0.0425143032601467
2015-09-30,equal_weight,NEM,Materials,0.045454545454545456,0.04355886954959768
2015-09-30,equal_weight,GOOGL,Communication Services,0.045454545454545456,0.04552190278995451
2015-09-30,equal_weight,META,Communication Services,0.045454545454545456,0.04643854448157617
2015-10-30,sample,AAPL,Information Technology,0.047331800526708406,0.05337453875725265
2015-10-30,sample,MSFT,Information Technology,0.0,6.286162820395073e-18
2015-10-30,sample,JPM,Financials,0.0,0.0
2015-10-30,sample,BAC,Financials,0.04672607471433882,0.046190858242320346
2015-10-30,sample,JNJ,Health Care,0.15,0.15074362292094107
2015-10-30,sample,UNH,Health Care,0.0136731494123874,0.0
2015-10-30,sample,AMZN,Consumer Discretionary,0.0,0.0
2015-10-30,sample,HD,Consumer Discretionary,0.0891540030736062,0.0742957826214486
2015-10-30,sample,PG,Consumer Staples,0.1021103668947601,0.0994733347930043
2015-10-30,sample,KO,Consumer Staples,0.14788963310523995,0.14702646433241212
2015-10-30,sample,CAT,Industrials,0.049157793580443955,0.055404433086799945
2015-10-30,sample,UNP,Industrials,1.3639281858713367e-18,0.0
2015-10-30,sample,XOM,Energy,0.018968980921437423,0.036048802225953976
2015-10-30,sample,CVX,Energy,3.3369193829328183e-18,0.0
2015-10-30,sample,NEE,Utilities,0.06367116504199968,0.056124451306096286
2015-10-30,sample,DUK,Utilities,0.15,0.13837455480366323
2015-10-30,sample,AMT,Real Estate,0.08393621648581563,0.09314510629923987
2015-10-30,sample,PLD,Real Estate,0.0,0.0
2015-10-30,sample,APD,Materials,2.802256304758143e-18,1.1131599163208476e-17
2015-10-30,sample,NEM,Materials,0.03350670855436107,0.04405786677086725
2015-10-30,sample,GOOGL,Communication Services,0.003874107688901363,0.005740183840000274
2015-10-30,sample,META,Communication Services,0.0,0.0
2015-10-30,ewma,AAPL,Information Technology,0.014571611915058564,0.013228651826221237
2015-10-30,ewma,MSFT,Information Technology,0.0,0.0
2015-10-30,ewma,JPM,Financials,0.0,9.417935396598515e-18
2015-10-30,ewma,BAC,Financials,6.342582709040201e-18,0.0
2015-10-30,ewma,JNJ,Health Care,0.10418159519314395,0.14998003737782498
2015-10-30,ewma,UNH,Health Care,0.14581840480685612,0.0
2015-10-30,ewma,AMZN,Consumer Discretionary,4.560425388017153e-18,0.0
2015-10-30,ewma,HD,Consumer Discretionary,0.15,2.4682214645259737e-17
2015-10-30,ewma,PG,Consumer Staples,0.13009241957236578,0.09896945675888467
2015-10-30,ewma,KO,Consumer Staples,0.11990758042763422,0.14628170790129869
2015-10-30,ewma,CAT,Industrials,0.06219150697429377,0.11814743143718869
2015-10-30,ewma,UNP,Industrials,0.0,6.390148057172866e-19
2015-10-30,ewma,XOM,Energy,8.40256683676266e-18,0.0
2015-10-30,ewma,CVX,Energy,0.0,3.1655845747810065e-18
2015-10-30,ewma,NEE,Utilities,0.09999999999999999,0.14583829960622777
2015-10-30,ewma,DUK,Utilities,0.15,0.09178241617326509
2015-10-30,ewma,AMT,Real Estate,5.6107462426124854e-18,0.161024392027101
2015-10-30,ewma,PLD,Real Estate,0.0,4.714565614750371e-17
2015-10-30,ewma,APD,Materials,0.023236881110647756,0.055976499215650254
2015-10-30,ewma,NEM,Materials,4.960224939121183e-18,4.051839509130329e-18
2015-10-30,ewma,GOOGL,Communication Services,0.0,0.0
2015-10-30,ewma,META,Communication Services,0.0,0.01877110767633801
2015-10-30,ledoit_wolf,AAPL,Information Technology,0.04801385141368728,0.052874663912475556
2015-10-30,ledoit_wolf,MSFT,Information Technology,1.260385025514399e-18,4.433280535270965e-18
2015-10-30,ledoit_wolf,JPM,Financials,0.0,0.0
2015-10-30,ledoit_wolf,BAC,Financials,0.04635855260733654,0.046565641771057355
2015-10-30,ledoit_wolf,JNJ,Health Care,0.15,0.150719508262932
2015-10-30,ledoit_wolf,UNH,Health Care,0.01454663216884443,7.306924832580091e-18
2015-10-30,ledoit_wolf,AMZN,Consumer Discretionary,3.280135088242278e-19,0.0
2015-10-30,ledoit_wolf,HD,Consumer Discretionary,0.08549585657332895,0.07315931062602589
2015-10-30,ledoit_wolf,PG,Consumer Staples,0.1069710418553564,0.09945742191123152
2015-10-30,ledoit_wolf,KO,Consumer Staples,0.14302895814464361,0.14700294431321034
2015-10-30,ledoit_wolf,CAT,Industrials,0.04851117213722717,0.05490517072048952
2015-10-30,ledoit_wolf,UNP,Industrials,0.0,1.223929187778257e-18
2015-10-30,ledoit_wolf,XOM,Energy,0.022301038202719017,0.03795913555617168
2015-10-30,ledoit_wolf,CVX,Energy,3.4198955245392376e-19,2.007767393839469e-18
2015-10-30,ledoit_wolf,NEE,Utilities,0.06329445710912744,0.05486185194328051
2015-10-30,ledoit_wolf,DUK,Utilities,0.15,0.13835241884194513
2015-10-30,ledoit_wolf,AMT,Real Estate,0.0801097985447376,0.09183701925957385
2015-10-30,ledoit_wolf,PLD,Real Estate,0.002595981199541723,1.2957376154092319e-17
2015-10-30,ledoit_wolf,APD,Materials,2.646766201932875e-18,2.535734493716231e-18
2015-10-30,ledoit_wolf,NEM,Materials,0.03346490087447197,0.044335755126094716
2015-10-30,ledoit_wolf,GOOGL,Communication Services,0.00530775916897796,0.0079691577555117
2015-10-30,ledoit_wolf,META,Communication Services,3.593960795199996e-18,1.3129949596081163e-18
2015-10-30,equal_weight,AAPL,Information Technology,0.045454545454545456,0.044714242303637665
2015-10-30,equal_weight,MSFT,Information Technology,0.045454545454545456,0.049086028040197086
2015-10-30,equal_weight,JPM,Financials,0.045454545454545456,0.04380591631333
2015-10-30,equal_weight,BAC,Financials,0.045454545454545456,0.04445063646180921
2015-10-30,equal_weight,JNJ,Health Care,0.045454545454545456,0.04466728253925475
2015-10-30,equal_weight,UNH,Health Care,0.045454545454545456,0.0419015074093447
2015-10-30,equal_weight,AMZN,Consumer Discretionary,0.045454545454545456,0.05046401480284305
2015-10-30,equal_weight,HD,Consumer Discretionary,0.045454545454545456,0.044184302960193864
2015-10-30,equal_weight,PG,Consumer Staples,0.045454545454545456,0.04421285090764291
2015-10-30,equal_weight,KO,Consumer Staples,0.045454545454545456,0.043565840437096194
2015-10-30,equal_weight,CAT,Industrials,0.045454545454545456,0.046604889500146636
2015-10-30,equal_weight,UNP,Industrials,0.045454545454545456,0.041710614652319386
2015-10-30,equal_weight,XOM,Energy,0.045454545454545456,0.04592912211058005
2015-10-30,equal_weight,CVX,Energy,0.045454545454545456,0.04755045311006425
2015-10-30,equal_weight,NEE,Utilities,0.045454545454545456,0.04343378390515728
2015-10-30,equal_weight,DUK,Utilities,0.045454545454545456,0.04100216789204018
2015-10-30,equal_weight,AMT,Real Estate,0.045454545454545456,0.047956529016372165
2015-10-30,equal_weight,PLD,Real Estate,0.045454545454545456,0.04533533468878416
2015-10-30,equal_weight,APD,Materials,0.045454545454545456,0.044959667019707925
2015-10-30,equal_weight,NEM,Materials,0.045454545454545456,0.04997820016641829
2015-10-30,equal_weight,GOOGL,Communication Services,0.045454545454545456,0.04767363797097246
2015-10-30,equal_weight,META,Communication Services,0.045454545454545456,0.04681297779208772
2015-11-30,sample,AAPL,Information Technology,0.04466628894392668,0.04714425489960132
2015-11-30,sample,MSFT,Information Technology,2.2658131339052534e-20,0.0
2015-11-30,sample,JPM,Financials,0.0,0.0
2015-11-30,sample,BAC,Financials,0.06318799021749016,0.048626009325942895
2015-11-30,sample,JNJ,Health Care,0.15,0.15170037808465678
2015-11-30,sample,UNH,Health Care,0.01269340017584233,0.013108808384563813
2015-11-30,sample,AMZN,Consumer Discretionary,4.819193953403342e-18,0.0
2015-11-30,sample,HD,Consumer Discretionary,0.09409778862525901,0.09671668792841481
2015-11-30,sample,PG,Consumer Staples,0.10686350868815729,0.10023696243912228
2015-11-30,sample,KO,Consumer Staples,0.14313649131184272,0.15025168538407058
2015-11-30,sample,CAT,Industrials,0.04520129520951128,0.049019442008745626
2015-11-30,sample,UNP,Industrials,0.0,1.2922530463024713e-18
2015-11-30,sample,XOM,Energy,0.0,0.01891957245511138
2015-11-30,sample,CVX,Energy,0.0,3.4003164457937044e-18
2015-11-30,sample,NEE,Utilities,0.08674872237714137,0.06252843657173361
2015-11-30,sample,DUK,Utilities,0.15,0.14422757510657647
2015-11-30,sample,AMT,Real Estate,0.06750595194984448,0.08174738147904716
2015-11-30,sample,PLD,Real Estate,6.352747104407253e-22,0.0
2015-11-30,sample,APD,Materials,9.626529445545123e-19,2.7652289667501644e-18
2015-11-30,sample,NEM,Materials,0.03589856250098469,0.03175751172340184
2015-11-30,sample,GOOGL,Communication Services,0.0,0.004015294209011413
2015-11-30,sample,META,Communication Services,0.0,0.0
2015-11-30,ewma,AAPL,Information Technology,0.0,0.014523924774430038
2015-11-30,ewma,MSFT,Information Technology,0.0,0.0
2015-11-30,ewma,JPM,Financials,0.0,0.0
2015-11-30,ewma,BAC,Financials,0.019532490999215245,6.60505005574784e-18
2015-11-30,ewma,JNJ,Health Care,0.14999999999999997,0.10543554592020163
2015-11-30,ewma,UNH,Health Care,0.07453323090628503,0.13989675558672876
2015-11-30,ewma,AMZN,Consumer Discretionary,5.605148386803783e-18,4.8561929604927065e-18
2015-11-30,ewma,HD,Consumer Discretionary,0.15,0.162836766793792
2015-11-30,ewma,PG,Consumer Staples,0.07301417863268651,0.12779406825894388
2015-11-30,ewma,KO,Consumer Staples,0.15,0.12190707309992407
2015-11-30,ewma,CAT,Industrials,3.0229832182649367e-18,0.062059419109607
2015-11-30,ewma,UNP,Industrials,0.02856180793424276,0.0
2015-11-30,ewma,XOM,Energy,0.0,8.386484293086162e-18
2015-11-30,ewma,CVX,Energy,3.9101862775810394e-17,0.0
2015-11-30,ewma,NEE,Utilities,0.14999999999999994,0.09827327229231925
2015-11-30,ewma,DUK,Utilities,0.014932611159140102,0.1443274524240632
2015-11-30,ewma,AMT,Real Estate,0.0,5.4682168972962606e-18
2015-11-30,ewma,PLD,Real Estate,1.2282602641390006e-17,0.0
2015-11-30,ewma,APD,Materials,0.15,0.02294572173999008
2015-11-30,ewma,NEM,Materials,0.03942568036843066,4.704535115507508e-18
2015-11-30,ewma,GOOGL,Communication Services,0.0,0.0
2015-11-30,ewma,META,Communication Services,0.0,0.0
2015-11-30,ledoit_wolf,AAPL,Information Technology,0.045256531074908714,0.04784133699600355
2015-11-30,ledoit_wolf,MSFT,Information Technology,0.0,1.3130138782328437e-18
2015-11-30,ledoit_wolf,JPM,Financials,3.711698374868344e-18,0.0
2015-11-30,ledoit_wolf,BAC,Financials,0.062394335672486284,0.04826143281866255
2015-11-30,ledoit_wolf,JNJ,Health Care,0.15,0.15175663095884256
2015-11-30,ledoit_wolf,UNH,Health Care,0.014126942769073227,0.01395141078760691
2015-11-30,ledoit_wolf,AMZN,Consumer Discretionary,9.961107459710572e-19,3.491746283907448e-19
2015-11-30,ledoit_wolf,HD,Consumer Discretionary,0.09155426123685916,0.09278262358222376
2015-11-30,ledoit_wolf,PG,Consumer Staples,0.1083717983347849,0.10504739806386947
2015-11-30,ledoit_wolf,KO,Consumer Staples,0.1416282016652151,0.1453672615428693
2015-11-30,ledoit_wolf,CAT,Industrials,0.044971420918426736,0.04839257851531546
2015-11-30,ledoit_wolf,UNP,Industrials,0.0,0.0
2015-11-30,ledoit_wolf,XOM,Energy,0.0015774611200927659,0.022251198767733352
2015-11-30,ledoit_wolf,CVX,Energy,7.250602028496811e-19,3.486161268514968e-19
2015-11-30,ledoit_wolf,NEE,Utilities,0.08457473778016969,0.06218153888737188
2015-11-30,ledoit_wolf,DUK,Utilities,0.15,0.14428105694847443
2015-11-30,ledoit_wolf,AMT,Real Estate,0.06719545943916659,0.07804967773316678
2015-11-30,ledoit_wolf,PLD,Real Estate,1.1014816446094922e-17,0.0026029732501156432
2015-11-30,ledoit_wolf,APD,Materials,0.00041301298944061173,2.6127619109736546e-18
2015-11-30,ledoit_wolf,NEM,Materials,0.03608386183271553,0.03172964807608381
2015-11-30,ledoit_wolf,GOOGL,Communication Services,0.0018519751666607545,0.005503233071660855
2015-11-30,ledoit_wolf,META,Communication Services,0.0,3.682138144575459e-18
2015-11-30,equal_weight,AAPL,Information Technology,0.045454545454545456,0.04504823527961915
2015-11-30,equal_weight,MSFT,Information Technology,0.045454545454545456,0.047098502654815785
2015-11-30,equal_weight,JPM,Financials,0.045454545454545456,0.04702496799120692
2015-11-30,equal_weight,BAC,Financials,0.045454545454545456,0.047066441235837274
2015-11-30,equal_weight,JNJ,Health Care,0.045454545454545456,0.04574013436608026
2015-11-30,equal_weight,UNH,Health Care,0.045454545454545456,0.04336074023492345
2015-11-30,equal_weight,AMZN,Consumer Discretionary,0.045454545454545456,0.04812735212194529
2015-11-30,equal_weight,HD,Consumer Discretionary,0.045454545454545456,0.049063960215264255
2015-11-30,equal_weight,PG,Consumer Staples,0.045454545454545456,0.044397661191161016
2015-11-30,equal_weight,KO,Consumer Staples,0.045454545454545456,0.0459498028776249
2015-11-30,equal_weight,CAT,Industrials,0.045454545454545456,0.045100152841625676
2015-11-30,equal_weight,UNP,Industrials,0.045454545454545456,0.04285071691445491
2015-11-30,equal_weight,XOM,Energy,0.045454545454545456,0.045109638854963614
2015-11-30,equal_weight,CVX,Energy,0.045454545454545456,0.0460867043851828
2015-11-30,equal_weight,NEE,Utilities,0.045454545454545456,0.04441573009196481
2015-11-30,equal_weight,DUK,Utilities,0.045454545454545456,0.04348696257689795
2015-11-30,equal_weight,AMT,Real Estate,0.045454545454545456,0.04404803033988279
2015-11-30,equal_weight,PLD,Real Estate,0.045454545454545456,0.04533244890278693
2015-11-30,equal_weight,APD,Materials,0.045454545454545456,0.04462983431904856
2015-11-30,equal_weight,NEM,Materials,0.045454545454545456,0.042866372234541546
2015-11-30,equal_weight,GOOGL,Communication Services,0.045454545454545456,0.04687569455446906
2015-11-30,equal_weight,META,Communication Services,0.045454545454545456,0.04631991581570295
2015-12-31,sample,AAPL,Information Technology,0.03227117049022707,0.03937456425164326
2015-12-31,sample,MSFT,Information Technology,6.42898006966014e-19,2.291491709709605e-20
2015-12-31,sample,JPM,Financials,1.5966571055743561e-18,0.0
2015-12-31,sample,BAC,Financials,0.04487228479841846,0.06061770767469481
2015-12-31,sample,JNJ,Health Care,0.15,0.15078269579688688
2015-12-31,sample,UNH,Health Care,0.025001496379062876,0.013182560456662013
2015-12-31,sample,AMZN,Consumer Discretionary,3.637159475509966e-18,4.85418909444208e-18
2015-12-31,sample,HD,Consumer Discretionary,0.11124645650340728,0.09249853196534255
2015-12-31,sample,PG,Consumer Staples,0.10322686670151324,0.11233832231807256
2015-12-31,sample,KO,Consumer Staples,0.1467731332984868,0.14294162660403348
2015-12-31,sample,CAT,Industrials,0.04522007415502988,0.041891502602864734
2015-12-31,sample,UNP,Industrials,1.7895265076641603e-17,0.0
2015-12-31,sample,XOM,Energy,0.007790519893197605,0.0
2015-12-31,sample,CVX,Energy,2.2708953315887792e-18,0.0
2015-12-31,sample,NEE,Utilities,0.07752872876202606,0.08941336910845663
2015-12-31,sample,DUK,Utilities,0.15,0.15657145217869015
2015-12-31,sample,AMT,Real Estate,0.07127513638353161,0.0655882176848712
2015-12-31,sample,PLD,Real Estate,0.0,6.379686354508346e-22
2015-12-31,sample,APD,Materials,0.0,9.120425150215341e-19
2015-12-31,sample,NEM,Materials,0.031049924187647442,0.034799449357781405
2015-12-31,sample,GOOGL,Communication Services,0.0037442084474515838,0.0
2015-12-31,sample,META,Communication Services,0.0,0.0
2015-12-31,ewma,AAPL,Information Technology,0.0,0.0
2015-12-31,ewma,MSFT,Information Technology,0.0,0.0
2015-12-31,ewma,JPM,Financials,0.0,0.0
2015-12-31,ewma,BAC,Financials,0.0,0.01877903764623562
2015-12-31,ewma,JNJ,Health Care,0.15,0.1511131423194226
2015-12-31,ewma,UNH,Health Care,0.06384686908214053,0.07757512434280152
2015-12-31,ewma,AMZN,Consumer Discretionary,0.0,5.658223943879904e-18
2015-12-31,ewma,HD,Consumer Discretionary,0.15,0.1477737909944463
2015-12-31,ewma,PG,Consumer Staples,0.15,0.07692304036151716
2015-12-31,ewma,KO,Consumer Staples,0.09756674377786684,0.15012407505496933
2015-12-31,ewma,CAT,Industrials,0.0,2.8077699914630253e-18
2015-12-31,ewma,UNP,Industrials,0.0,0.026416774717192625
2015-12-31,ewma,XOM,Energy,0.008193667951030043,0.0
2015-12-31,ewma,CVX,Energy,1.3182040656404573e-17,3.8246249056567935e-17
2015-12-31,ewma,NEE,Utilities,0.10000000000000002,0.15494635497976547
2015-12-31,ewma,DUK,Utilities,0.15,0.015620963220076582
2015-12-31,ewma,AMT,Real Estate,1.0744238102383057e-17,0.0
2015-12-31,ewma,PLD,Real Estate,0.013642106673639477,1.2361719820790526e-17
2015-12-31,ewma,APD,Materials,0.10143777471835255,0.1424253619857715
2015-12-31,ewma,NEM,Materials,0.0,0.03830233437780149
2015-12-31,ewma,GOOGL,Communication Services,0.01531283779697085,0.0
2015-12-31,ewma,META,Communication Services,1.4697187839495875e-17,0.0
2015-12-31,ledoit_wolf,AAPL,Information Technology,0.03342586997068775,0.03989466645779344
2015-12-31,ledoit_wolf,MSFT,Information Technology,0.0,0.0
2015-12-31,ledoit_wolf,JPM,Financials,2.2497195079074217e-18,3.64144123402566e-18
2015-12-31,ledoit_wolf,BAC,Financials,0.04422831665529935,0.0598560176082896
2015-12-31,ledoit_wolf,JNJ,Health Care,0.15,0.1507818926782043
2015-12-31,ledoit_wolf,UNH,Health Care,0.026933539123395907,0.01467126873984453
2015-12-31,ledoit_wolf,AMZN,Consumer Discretionary,1.2303153558868712e-18,1.0033387766161799e-18
2015-12-31,ledoit_wolf,HD,Consumer Discretionary,0.10559915965354141,0.08999775421447283
2015-12-31,ledoit_wolf,PG,Consumer Staples,0.10524642496347097,0.11392327761438106
2015-12-31,ledoit_wolf,KO,Consumer Staples,0.14475357503652905,0.14143463699728015
2015-12-31,ledoit_wolf,CAT,Industrials,0.0449039761847019,0.04167823849607482
2015-12-31,ledoit_wolf,UNP,Industrials,0.0,0.0
2015-12-31,ledoit_wolf,XOM,Energy,0.011559222519257213,0.0014918332444204202
2015-12-31,ledoit_wolf,CVX,Energy,0.0,7.07640081084739e-19
2015-12-31,ledoit_wolf,NEE,Utilities,0.07649378535781937,0.08717214226156939
2015-12-31,ledoit_wolf,DUK,Utilities,0.15,0.15657061822716997
2015-12-31,ledoit_wolf,AMT,Real Estate,0.07016830647912373,0.06528619802344945
2015-12-31,ledoit_wolf,PLD,Real Estate,0.0,1.1061466596513997e-17
2015-12-31,ledoit_wolf,APD,Materials,0.0,0.0003912971974015033
2015-12-31,ledoit_wolf,NEM,Materials,0.030932292700180622,0.03497888903432344
2015-12-31,ledoit_wolf,GOOGL,Communication Services,0.005755531355992577,0.0018712692053252855
2015-12-31,ledoit_wolf,META,Communication Services,0.0,0.0
2015-12-31,equal_weight,AAPL,Information Technology,0.045454545454545456,0.04069686100954695
2015-12-31,equal_weight,MSFT,Information Technology,0.045454545454545456,0.04668950008427306
2015-12-31,equal_weight,JPM,Financials,0.045454545454545456,0.04529267442325895
2015-12-31,equal_weight,BAC,Financials,0.045454545454545456,0.0442883999254691
2015-12-31,equal_weight,JNJ,Health Care,0.045454545454545456,0.04640718954156928
2015-12-31,equal_weight,UNH,Health Care,0.045454545454545456,0.04794538641194903
2015-12-31,equal_weight,AMZN,Consumer Discretionary,0.045454545454545456,0.04650153706356978
2015-12-31,equal_weight,HD,Consumer Discretionary,0.045454545454545456,0.04538166715810576
2015-12-31,equal_weight,PG,Consumer Staples,0.045454545454545456,0.048531479114454795
2015-12-31,equal_weight,KO,Consumer Staples,0.045454545454545456,0.04610344473614512
2015-12-31,equal_weight,CAT,Industrials,0.045454545454545456,0.04278584192529301
2015-12-31,equal_weight,UNP,Industrials,0.045454545454545456,0.042605767057650956
2015-12-31,equal_weight,XOM,Energy,0.045454545454545456,0.04366052498844016
2015-12-31,equal_weight,CVX,Energy,0.045454545454545456,0.04505735481306173
2015-12-31,equal_weight,NEE,Utilities,0.045454545454545456,0.04758437786385068
2015-12-31,equal_weight,DUK,Utilities,0.045454545454545456,0.04818882577774711
2015-12-31,equal_weight,AMT,Real Estate,0.045454545454545456,0.04485478577433013
2015-12-31,equal_weight,PLD,Real Estate,0.045454545454545456,0.04636206637755268
2015-12-31,equal_weight,APD,Materials,0.045454545454545456,0.04373915245061236
2015-12-31,equal_weight,NEM,Materials,0.045454545454545456,0.044752812834198755
2015-12-31,equal_weight,GOOGL,Communication Services,0.045454545454545456,0.04664750805271164
2015-12-31,equal_weight,META,Communication Services,0.045454545454545456,0.04592284261620865
2016-01-29,sample,AAPL,Information Technology,0.022576587930058397,0.029758727959207542
2016-01-29,sample,MSFT,Information Technology,0.0,6.365757966730364e-19
2016-01-29,sample,JPM,Financials,3.882799030213713e-18,1.4443170225021195e-18
2016-01-29,sample,BAC,Financials,0.023072822766107063,0.03759369172594462
2016-01-29,sample,JNJ,Health Care,0.15,0.15208085510615293
2016-01-29,sample,UNH,Health Care,0.040728201869742665,0.024405306444709934
2016-01-29,sample,AMZN,Consumer Discretionary,0.0,3.1498945101856053e-18
2016-01-29,sample,HD,Consumer Discretionary,0.1099703070139682,0.10548836887305243
2016-01-29,sample,PG,Consumer Staples,0.10000000000000003,0.10681371942696967
2016-01-29,sample,KO,Consumer Staples,0.15,0.1462222548836795
2016-01-29,sample,CAT,Industrials,0.05016947550608432,0.04181411146610307
2016-01-29,sample,UNP,Industrials,2.3513634615779377e-18,1.642991740625378e-17
2016-01-29,sample,XOM,Energy,1.2366681029912785e-17,0.007758548002778341
2016-01-29,sample,CVX,Energy,0.0,2.176630729129787e-18
2016-01-29,sample,NEE,Utilities,0.09514519568056522,0.08312901634407747
2016-01-29,sample,DUK,Utilities,0.15,0.1577685497295509
2016-01-29,sample,AMT,Real Estate,0.05992500733570584,0.0691604194763827
2016-01-29,sample,PLD,Real Estate,8.267041565201971e-19,0.0
2016-01-29,sample,APD,Materials,0.0,0.0
2016-01-29,sample,NEM,Materials,0.03868131988290914,0.034352748635481954
2016-01-29,sample,GOOGL,Communication Services,0.009731082014859163,0.0036536819259087227
2016-01-29,sample,META,Communication Services,4.0115480381963664e-18,0.0
2016-01-29,ewma,AAPL,Information Technology,1.4185078622239762e-17,0.0
2016-01-29,ewma,MSFT,Information Technology,8.670632350296936e-18,0.0
2016-01-29,ewma,JPM,Financials,1.788509670581339e-17,0.0
2016-01-29,ewma,BAC,Financials,0.0,0.0
2016-01-29,ewma,JNJ,Health Care,0.0,0.15084892373380251
2016-01-29,ewma,UNH,Health Care,0.15,0.06181950709311371
2016-01-29,ewma,AMZN,Consumer Discretionary,0.07589007732749882,0.0
2016-01-29,ewma,HD,Consumer Discretionary,0.05630572501654327,0.14108385563248838
2016-01-29,ewma,PG,Consumer Staples,0.10000000000000002,0.1539547958685913
2016-01-29,ewma,KO,Consumer Staples,0.15,0.09641317665187069
2016-01-29,ewma,CAT,Industrials,1.426664972568057e-17,0.0
2016-01-29,ewma,UNP,Industrials,0.04936712965435635,0.0
2016-01-29,ewma,XOM,Energy,5.322665892823203e-18,0.00809394112341499
2016-01-29,ewma,CVX,Energy,0.0,1.2532506991911561e-17
2016-01-29,ewma,NEE,Utilities,0.1,0.10635493557310113
2016-01-29,ewma,DUK,Utilities,0.15,0.15649054517173572
2016-01-29,ewma,AMT,Real Estate,8.05488946054849e-18,1.0341007569805264e-17
2016-01-29,ewma,PLD,Real Estate,0.02473099363580492,0.012408753146019759
2016-01-29,ewma,APD,Materials,1.5987825093790828e-17,0.09771000074973926
2016-01-29,ewma,NEM,Materials,0.14370607436579663,0.0
2016-01-29,ewma,GOOGL,Communication Services,0.0,0.01482156525612279
2016-01-29,ewma,META,Communication Services,6.652433607043147e-18,1.558562456791092e-17
2016-01-29,ledoit_wolf,AAPL,Information Technology,0.02367130055028665,0.030816015709173607
2016-01-29,ledoit_wolf,MSFT,Information Technology,1.48908392127306e-18,0.0
2016-01-29,ledoit_wolf,JPM,Financials,0.0,2.0345734262874736e-18
2016-01-29,ledoit_wolf,BAC,Financials,0.024589816488592375,0.03704514718047164
2016-01-29,ledoit_wolf,JNJ,Health Care,0.15,0.15204378332139973
2016-01-29,ledoit_wolf,UNH,Health Care,0.04124516240276338,0.026284868511395942
2016-01-29,ledoit_wolf,AMZN,Consumer Discretionary,2.944286524655948e-18,1.0652320687639377e-18
2016-01-29,ledoit_wolf,HD,Consumer Discretionary,0.10550154345726243,0.10010896576093979
2016-01-29,ledoit_wolf,PG,Consumer Staples,0.1,0.10887690513985765
2016-01-29,ledoit_wolf,KO,Consumer Staples,0.15,0.14417512333460575
2016-01-29,ledoit_wolf,CAT,Industrials,0.04983236747809256,0.04151170039097989
2016-01-29,ledoit_wolf,UNP,Industrials,1.8326404846794042e-17,0.0
2016-01-29,ledoit_wolf,XOM,Energy,0.001882878011513474,0.011508977913787344
2016-01-29,ledoit_wolf,CVX,Energy,0.0,0.0
2016-01-29,ledoit_wolf,NEE,Utilities,0.0940689216415696,0.08199932047740906
2016-01-29,ledoit_wolf,DUK,Utilities,0.15,0.15773009149158046
2016-01-29,ledoit_wolf,AMT,Real Estate,0.05894843062972878,0.06806983196410296
2016-01-29,ledoit_wolf,PLD,Real Estate,1.0103408994849294e-17,0.0
2016-01-29,ledoit_wolf,APD,Materials,0.0,0.0
2016-01-29,ledoit_wolf,NEM,Materials,0.0387977034682186,0.03421426229287125
2016-01-29,ledoit_wolf,GOOGL,Communication Services,0.01146187587197221,0.005615006511424768
2016-01-29,ledoit_wolf,META,Communication Services,0.0,0.0
2016-01-29,equal_weight,AAPL,Information Technology,0.045454545454545456,0.04304875962775679
2016-01-29,equal_weight,MSFT,Information Technology,0.045454545454545456,0.04622416128421477
2016-01-29,equal_weight,JPM,Financials,0.045454545454545456,0.0422291041866792
2016-01-29,equal_weight,BAC,Financials,0.045454545454545456,0.039110898161543166
2016-01-29,equal_weight,JNJ,Health Care,0.045454545454545456,0.04733084780250975
2016-01-29,equal_weight,UNH,Health Care,0.045454545454545456,0.045570024239328266
2016-01-29,equal_weight,AMZN,Consumer Discretionary,0.045454545454545456,0.040429154867852105
2016-01-29,equal_weight,HD,Consumer Discretionary,0.045454545454545456,0.04426692834823479
2016-01-29,equal_weight,PG,Consumer Staples,0.045454545454545456,0.04830535632180923
2016-01-29,equal_weight,KO,Consumer Staples,0.045454545454545456,0.04650802617893378
2016-01-29,equal_weight,CAT,Industrials,0.045454545454545456,0.04316707277114615
2016-01-29,equal_weight,UNP,Industrials,0.045454545454545456,0.042860599509239636
2016-01-29,equal_weight,XOM,Energy,0.045454545454545456,0.046491655133035305
2016-01-29,equal_weight,CVX,Energy,0.045454545454545456,0.04474542481531121
2016-01-29,equal_weight,NEE,Utilities,0.045454545454545456,0.050055404547061234
2016-01-29,equal_weight,DUK,Utilities,0.045454545454545456,0.04910098125145237
2016-01-29,equal_weight,AMT,Real Estate,0.045454545454545456,0.04529815971869408
2016-01-29,equal_weight,PLD,Real Estate,0.045454545454545456,0.04280948770129221
2016-01-29,equal_weight,APD,Materials,0.045454545454545456,0.045334896660906725
2016-01-29,equal_weight,NEM,Materials,0.045454545454545456,0.051649003225535096
2016-01-29,equal_weight,GOOGL,Communication Services,0.045454545454545456,0.04555454519069963
2016-01-29,equal_weight,META,Communication Services,0.045454545454545456,0.04990950845676464
2016-02-29,sample,AAPL,Information Technology,0.01956943074838355,0.022245782413288603
2016-02-29,sample,MSFT,Information Technology,0.0,0.0
2016-02-29,sample,JPM,Financials,1.1805521702356811e-18,3.624812408323628e-18
2016-02-29,sample,BAC,Financials,0.007833835976866611,0.020156029447823916
2016-02-29,sample,JNJ,Health Care,0.15,0.15016427923706208
2016-02-29,sample,UNH,Health Care,0.04083434297203871,0.04155797291672503
2016-02-29,sample,AMZN,Consumer Discretionary,0.004750062278580418,0.0
2016-02-29,sample,HD,Consumer Discretionary,0.10901749085590014,0.10708380176275226
2016-02-29,sample,PG,Consumer Staples,0.10000000000000002,0.09697097437498019
2016-02-29,sample,KO,Consumer Staples,0.15,0.14871683433642038
2016-02-29,sample,CAT,Industrials,0.03596321617079091,0.05384033192224473
2016-02-29,sample,UNP,Industrials,0.0,2.5585027717520353e-18
2016-02-29,sample,XOM,Energy,0.010561903051312454,1.2675677451654825e-17
2016-02-29,sample,CVX,Energy,0.0,0.0
2016-02-29,sample,NEE,Utilities,0.09210249332707886,0.09552038322819588
2016-02-29,sample,DUK,Utilities,0.15,0.14753008660730013
2016-02-29,sample,AMT,Real Estate,0.06389082707343152,0.057781967372037904
2016-02-29,sample,PLD,Real Estate,0.0,7.9476987086374475e-19
2016-02-29,sample,APD,Materials,0.0,0.0
2016-02-29,sample,NEM,Materials,0.04254532303129903,0.04938718701366214
2016-02-29,sample,GOOGL,Communication Services,0.0229310745143179,0.00904436936750639
2016-02-29,sample,META,Communication Services,6.390228312323255e-18,3.771277767452583e-18
2016-02-29,ewma,AAPL,Information Technology,6.5599464691934914e-18,1.3531450936699989e-17
2016-02-29,ewma,MSFT,Information Technology,0.0,7.703789759133688e-18
2016-02-29,ewma,JPM,Financials,5.783401515318874e-19,1.6164235057057615e-17
2016-02-29,ewma,BAC,Financials,5.080677427441842e-18,0.0
2016-02-29,ewma,JNJ,Health Care,0.1012257475446909,0.0
2016-02-29,ewma,UNH,Health Care,0.0892638143664144,0.14817455078815736
2016-02-29,ewma,AMZN,Consumer Discretionary,0.015722073892343525,0.06822872585272774
2016-02-29,ewma,HD,Consumer Discretionary,0.016535697437867848,0.05307917206110566
2016-02-29,ewma,PG,Consumer Staples,0.06678845706754942,0.09387825332059348
2016-02-29,ewma,KO,Consumer Staples,0.15,0.14397376881956353
2016-02-29,ewma,CAT,Industrials,5.395701969695078e-18,1.4822225207291097e-17
2016-02-29,ewma,UNP,Industrials,0.022920027117436775,0.05200286183136673
2016-02-29,ewma,XOM,Energy,0.0,5.2816603257324025e-18
2016-02-29,ewma,CVX,Energy,0.0,0.0
2016-02-29,ewma,NEE,Utilities,0.15,0.09719242847867356
2016-02-29,ewma,DUK,Utilities,0.04072074268848701,0.14282487035112928
2016-02-29,ewma,AMT,Real Estate,0.07424188660145553,7.519120673571446e-18
2016-02-29,ewma,PLD,Real Estate,9.68388873929396e-18,0.02301739022629453
2016-02-29,ewma,APD,Materials,1.447014150966596e-18,1.5964990821761588e-17
2016-02-29,ewma,NEM,Materials,0.12258155328375468,0.1776279782703878
2016-02-29,ewma,GOOGL,Communication Services,0.15,0.0
2016-02-29,ewma,META,Communication Services,0.0,6.054528301682848e-18
2016-02-29,ledoit_wolf,AAPL,Information Technology,0.020415229320068003,0.02332718052710417
2016-02-29,ledoit_wolf,MSFT,Information Technology,8.495740460960632e-18,1.3667854138120418e-18
2016-02-29,ledoit_wolf,JPM,Financials,0.0,0.0
2016-02-29,ledoit_wolf,BAC,Financials,0.009960826965738731,0.021483760078818564
2016-02-29,ledoit_wolf,JNJ,Health Care,0.15,0.15018182855800846
2016-02-29,ledoit_wolf,UNH,Health Care,0.04154537208176676,0.042090384104364734
2016-02-29,ledoit_wolf,AMZN,Consumer Discretionary,0.005543687058446507,2.734575054967202e-18
2016-02-29,ledoit_wolf,HD,Consumer Discretionary,0.10398594373734399,0.10274434056921715
2016-02-29,ledoit_wolf,PG,Consumer Staples,0.1,0.09698230712841811
2016-02-29,ledoit_wolf,KO,Consumer Staples,0.15,0.14873421449812832
2016-02-29,ledoit_wolf,CAT,Industrials,0.034065977784350415,0.05348480790053755
2016-02-29,ledoit_wolf,UNP,Industrials,0.0,1.9943168320791166e-17
2016-02-29,ledoit_wolf,XOM,Energy,0.013361086832936287,0.0019301495319937806
2016-02-29,ledoit_wolf,CVX,Energy,0.0,0.0
2016-02-29,ledoit_wolf,NEE,Utilities,0.09110816776497006,0.09445090204991732
2016-02-29,ledoit_wolf,DUK,Utilities,0.15,0.1475473280767912
2016-02-29,ledoit_wolf,AMT,Real Estate,0.06393564101382625,0.056846957816788016
2016-02-29,ledoit_wolf,PLD,Real Estate,1.5768365346086055e-17,9.714265292142783e-18
2016-02-29,ledoit_wolf,APD,Materials,1.8058742435461683e-18,0.0
2016-02-29,ledoit_wolf,NEM,Materials,0.042617980611229615,0.04954157132094415
2016-02-29,ledoit_wolf,GOOGL,Communication Services,0.02346008682932345,0.01065426783896865
2016-02-29,ledoit_wolf,META,Communication Services,1.0591299972467771e-17,0.0
2016-02-29,equal_weight,AAPL,Information Technology,0.045454545454545456,0.04512382201714946
2016-02-29,equal_weight,MSFT,Information Technology,0.045454545454545456,0.042028792036782774
2016-02-29,equal_weight,JPM,Financials,0.045454545454545456,0.04275206749729707
2016-02-29,equal_weight,BAC,Financials,0.045454545454545456,0.04000559673955816
2016-02-29,equal_weight,JNJ,Health Care,0.045454545454545456,0.045844989290529804
2016-02-29,equal_weight,UNH,Health Care,0.045454545454545456,0.04672783049886426
2016-02-29,equal_weight,AMZN,Consumer Discretionary,0.045454545454545456,0.04252805523783529
2016-02-29,equal_weight,HD,Consumer Discretionary,0.045454545454545456,0.04459281026133459
2016-02-29,equal_weight,PG,Consumer Staples,0.045454545454545456,0.04440769773244425
2016-02-29,equal_weight,KO,Consumer Staples,0.045454545454545456,0.045403085954358935
2016-02-29,equal_weight,CAT,Industrials,0.045454545454545456,0.04914560283791981
2016-02-29,equal_weight,UNP,Industrials,0.045454545454545456,0.049829052056600286
2016-02-29,equal_weight,XOM,Energy,0.045454545454545456,0.04693907413500526
2016-02-29,equal_weight,CVX,Energy,0.045454545454545456,0.04415179733777907
2016-02-29,equal_weight,NEE,Utilities,0.045454545454545456,0.045975418513846025
2016-02-29,equal_weight,DUK,Utilities,0.045454545454545456,0.04504077317792167
2016-02-29,equal_weight,AMT,Real Estate,0.045454545454545456,0.04415711871535996
2016-02-29,equal_weight,PLD,Real Estate,0.045454545454545456,0.04402585232954956
2016-02-29,equal_weight,APD,Materials,0.045454545454545456,0.047235937836182615
2016-02-29,equal_weight,NEM,Materials,0.045454545454545456,0.05846951676534556
2016-02-29,equal_weight,GOOGL,Communication Services,0.045454545454545456,0.04256313968104561
2016-02-29,equal_weight,META,Communication Services,0.045454545454545456,0.043051969347290255
2016-03-31,sample,AAPL,Information Technology,0.013519528761480017,0.020662044286367972
2016-03-31,sample,MSFT,Information Technology,9.520650327138336e-19,0.0
2016-03-31,sample,JPM,Financials,7.992602890291578e-18,1.1631479142979179e-18
2016-03-31,sample,BAC,Financials,0.00454147075545946,0.007954007286176219
2016-03-31,sample,JNJ,Health Care,0.14999999999999997,0.14449452665007
2016-03-31,sample,UNH,Health Care,0.03930445228522585,0.041566660295011215
2016-03-31,sample,AMZN,Consumer Discretionary,0.006629082973455247,0.004780400949114037
2016-03-31,sample,HD,Consumer Discretionary,0.11242273433127624,0.11037721432216475
2016-03-31,sample,PG,Consumer Staples,0.10000000000000002,0.09602425432162183
2016-03-31,sample,KO,Consumer Staples,0.15,0.1522999834402467
2016-03-31,sample,CAT,Industrials,0.030921674894703474,0.038084494043995706
2016-03-31,sample,UNP,Industrials,5.9326187625691196e-18,0.0
2016-03-31,sample,XOM,Energy,0.022355478032332572,0.01031769960865623
2016-03-31,sample,CVX,Energy,2.9171814703438104e-18,0.0
2016-03-31,sample,NEE,Utilities,0.10000000000000006,0.09049127794466738
2016-03-31,sample,DUK,Utilities,0.15,0.152607197173517
2016-03-31,sample,AMT,Real Estate,0.05509216884330052,0.0664462004954826
2016-03-31,sample,PLD,Real Estate,1.1394287206464848e-17,0.0
2016-03-31,sample,APD,Materials,0.0,0.0
2016-03-31,sample,NEM,Materials,0.04120118282278843,0.04104702303158733
2016-03-31,sample,GOOGL,Communication Services,0.02401222629997809,0.02284701615132116
2016-03-31,sample,META,Communication Services,0.0,6.387530858107592e-18
2016-03-31,ewma,AAPL,Information Technology,4.792215838622211e-18,6.976719619606214e-18
2016-03-31,ewma,MSFT,Information Technology,1.5827315205870507e-18,0.0
2016-03-31,ewma,JPM,Financials,0.0,5.739697256887228e-19
2016-03-31,ewma,BAC,Financials,0.0,5.196237728332205e-18
2016-03-31,ewma,JNJ,Health Care,0.14999999999999997,0.0982216011354061
2016-03-31,ewma,UNH,Health Care,0.10000000000000002,0.09152734825126804
2016-03-31,ewma,AMZN,Consumer Discretionary,0.03780182950511048,0.015937886599514336
2016-03-31,ewma,HD,Consumer Discretionary,0.11889675398572638,0.016864040769214127
2016-03-31,ewma,PG,Consumer Staples,0.15,0.06460085010467047
2016-03-31,ewma,KO,Consumer Staples,0.09999999999999999,0.15341072955160243
2016-03-31,ewma,CAT,Industrials,0.0,5.755638373926407e-18
2016-03-31,ewma,UNP,Industrials,1.7838745421664197e-19,0.021814445878385585
2016-03-31,ewma,XOM,Energy,0.05869982932306118,0.0
2016-03-31,ewma,CVX,Energy,0.0,0.0
2016-03-31,ewma,NEE,Utilities,0.1,0.14845077610436436
2016-03-31,ewma,DUK,Utilities,0.15,0.04173066701441602
2016-03-31,ewma,AMT,Real Estate,9.995987036514538e-18,0.07777437337984781
2016-03-31,ewma,PLD,Real Estate,0.0,1.0600848647336863e-17
2016-03-31,ewma,APD,Materials,8.869557113350342e-18,1.4934723216818775e-18
2016-03-31,ewma,NEM,Materials,0.03460158718610207,0.11912717388320763
2016-03-31,ewma,GOOGL,Communication Services,1.1936441312843539e-17,0.15054010732810294
2016-03-31,ewma,META,Communication Services,0.0,0.0
2016-03-31,ledoit_wolf,AAPL,Information Technology,0.015399953099803493,0.021557804404748266
2016-03-31,ledoit_wolf,MSFT,Information Technology,9.696939059285637e-18,8.639212937964518e-18
2016-03-31,ledoit_wolf,JPM,Financials,1.5460945325791947e-17,0.0
2016-03-31,ledoit_wolf,BAC,Financials,0.006388157936670846,0.010114911223937576
2016-03-31,ledoit_wolf,JNJ,Health Care,0.15,0.14451288323412437
2016-03-31,ledoit_wolf,UNH,Health Care,0.04022516222156789,0.04229581347751404
2016-03-31,ledoit_wolf,AMZN,Consumer Discretionary,0.007226003699145169,0.005579803382408046
2016-03-31,ledoit_wolf,HD,Consumer Discretionary,0.10712256459168848,0.10529628624298974
2016-03-31,ledoit_wolf,PG,Consumer Staples,0.09999999999999999,0.09603645324248461
2016-03-31,ledoit_wolf,KO,Consumer Staples,0.15,0.1523193316294986
2016-03-31,ledoit_wolf,CAT,Industrials,0.03075199248523961,0.0360799307192341
2016-03-31,ledoit_wolf,UNP,Industrials,5.530966326892971e-18,0.0
2016-03-31,ledoit_wolf,XOM,Energy,0.023323207286023478,0.013053821162970174
2016-03-31,ledoit_wolf,CVX,Energy,0.0,0.0
2016-03-31,ledoit_wolf,NEE,Utilities,0.09906175213153622,0.0895257187394245
2016-03-31,ledoit_wolf,DUK,Utilities,0.15,0.15262658439120014
2016-03-31,ledoit_wolf,AMT,Real Estate,0.054621324984243304,0.06650125405725926
2016-03-31,ledoit_wolf,PLD,Real Estate,0.0,1.7138657772762612e-17
2016-03-31,ledoit_wolf,APD,Materials,1.5078933466580258e-17,1.8505941885586803e-18
2016-03-31,ledoit_wolf,NEM,Materials,0.041288062067794055,0.041122345380348105
2016-03-31,ledoit_wolf,GOOGL,Communication Services,0.02459181949628751,0.023377058711858186
2016-03-31,ledoit_wolf,META,Communication Services,0.0,1.05881741053557e-17
2016-03-31,equal_weight,AAPL,Information Technology,0.045454545454545456,0.04753325840936756
2016-03-31,equal_weight,MSFT,Information Technology,0.045454545454545456,0.045774147387629166
2016-03-31,equal_weight,JPM,Financials,0.045454545454545456,0.044355987586614076
2016-03-31,equal_weight,BAC,Financials,0.045454545454545456,0.04571029259444257
2016-03-31,equal_weight,JNJ,Health Care,0.045454545454545456,0.04336732438438175
2016-03-31,equal_weight,UNH,Health Care,0.045454545454545456,0.04582706576575024
2016-03-31,equal_weight,AMZN,Consumer Discretionary,0.045454545454545456,0.04530723000884185
2016-03-31,equal_weight,HD,Consumer Discretionary,0.045454545454545456,0.04558119827183357
2016-03-31,equal_weight,PG,Consumer Staples,0.045454545454545456,0.043229820697836
2016-03-31,equal_weight,KO,Consumer Staples,0.045454545454545456,0.045709985967734526
2016-03-31,equal_weight,CAT,Industrials,0.045454545454545456,0.047675159833723085
2016-03-31,equal_weight,UNP,Industrials,0.045454545454545456,0.04253786320983824
2016-03-31,equal_weight,XOM,Energy,0.045454545454545456,0.043978781638617195
2016-03-31,equal_weight,CVX,Energy,0.045454545454545456,0.04821325274847946
2016-03-31,equal_weight,NEE,Utilities,0.045454545454545456,0.044232127129982216
2016-03-31,equal_weight,DUK,Utilities,0.045454545454545456,0.04580219041267058
2016-03-31,equal_weight,AMT,Real Estate,0.045454545454545456,0.04682029363475048
2016-03-31,equal_weight,PLD,Real Estate,0.045454545454545456,0.048925745811551534
2016-03-31,equal_weight,APD,Materials,0.045454545454545456,0.046128678363665535
2016-03-31,equal_weight,NEM,Materials,0.045454545454545456,0.04343425037597735
2016-03-31,equal_weight,GOOGL,Communication Services,0.045454545454545456,0.044854660515998845
2016-03-31,equal_weight,META,Communication Services,0.045454545454545456,0.04500068525031433
2016-04-29,sample,AAPL,Information Technology,0.020119938859157332,0.01151731866171358
2016-04-29,sample,MSFT,Information Technology,0.0,8.51495536101931e-19
2016-04-29,sample,JPM,Financials,4.923802522389248e-18,8.511223375463694e-18
2016-04-29,sample,BAC,Financials,0.007556935875277938,0.004844319092653963
2016-04-29,sample,JNJ,Health Care,0.15,0.1539017592076865
2016-04-29,sample,UNH,Health Care,0.041848703823193875,0.0397704155743419
2016-04-29,sample,AMZN,Consumer Discretionary,0.0023723050029316644,0.007295512535570466
2016-04-29,sample,HD,Consumer Discretionary,0.10804896865475261,0.1117378294466123
2016-04-29,sample,PG,Consumer Staples,0.10000000000000003,0.09720374990781193
2016-04-29,sample,KO,Consumer Staples,0.15,0.143481613443776
2016-04-29,sample,CAT,Industrials,0.028470853157344177,0.03140312774493981
2016-04-29,sample,UNP,Industrials,7.19130972218901e-19,6.443527324352538e-18
2016-04-29,sample,XOM,Energy,0.022341479306437647,0.023417116292977595
2016-04-29,sample,CVX,Energy,2.5114526886090005e-18,3.0947989027719882e-18
2016-04-29,sample,NEE,Utilities,0.0949883734305354,0.09841320593934204
2016-04-29,sample,DUK,Utilities,0.15,0.14507511394667616
2016-04-29,sample,AMT,Real Estate,0.045368181884576496,0.05617922605268875
2016-04-29,sample,PLD,Real Estate,4.8043708768263915e-18,1.160016689226711e-17
2016-04-29,sample,APD,Materials,1.0240628332304491e-18,0.0
2016-04-29,sample,NEM,Materials,0.04220205151535348,0.053691036912298595
2016-04-29,sample,GOOGL,Communication Services,0.03668220849043945,0.022068655240910676
2016-04-29,sample,META,Communication Services,4.785736151986797e-18,0.0
2016-04-29,ewma,AAPL,Information Technology,0.02647083893556954,4.0565850554177406e-18
2016-04-29,ewma,MSFT,Information Technology,0.0,1.4065572042522052e-18
2016-04-29,ewma,JPM,Financials,1.6813604002997862e-19,0.0
2016-04-29,ewma,BAC,Financials,8.888551990249814e-18,0.0
2016-04-29,ewma,JNJ,Health Care,0.15,0.15292481764351645
2016-04-29,ewma,UNH,Health Care,0.09999999999999996,0.10054321483950901
2016-04-29,ewma,AMZN,Consumer Discretionary,1.1842367635562373e-17,0.04133800935790591
2016-04-29,ewma,HD,Consumer Discretionary,0.09034871295412855,0.11742227003522392
2016-04-29,ewma,PG,Consumer Staples,0.10426095297533487,0.14488007614836626
2016-04-29,ewma,KO,Consumer Staples,0.0,0.09504721143343964
2016-04-29,ewma,CAT,Industrials,2.241672694908506e-18,0.0
2016-04-29,ewma,UNP,Industrials,0.08268268523075135,1.9252003342625214e-19
2016-04-29,ewma,XOM,Energy,0.08923507762410895,0.061097111347100205
2016-04-29,ewma,CVX,Energy,1.5421293595948606e-17,0.0
2016-04-29,ewma,NEE,Utilities,0.07039759485152487,0.09778849604752306
2016-04-29,ewma,DUK,Utilities,0.15,0.1441542023893887
2016-04-29,ewma,AMT,Real Estate,0.0,1.0128519147412574e-17
2016-04-29,ewma,PLD,Real Estate,5.109726254311567e-19,0.0
2016-04-29,ewma,APD,Materials,0.0,8.840973127271632e-18
2016-04-29,ewma,NEM,Materials,0.04524067631103006,0.04480459075802724
2016-04-29,ewma,GOOGL,Communication Services,0.04569813958000359,1.0900657561456724e-17
2016-04-29,ewma,META,Communication Services,0.045665321537548285,0.0
2016-04-29,ledoit_wolf,AAPL,Information Technology,0.022165814628463447,0.01311956873089338
2016-04-29,ledoit_wolf,MSFT,Information Technology,6.551799847012013e-19,8.672828506561472e-18
2016-04-29,ledoit_wolf,JPM,Financials,2.0324237932011716e-17,1.6464560000579007e-17
2016-04-29,ledoit_wolf,BAC,Financials,0.00908971587618373,0.006814314864666176
2016-04-29,ledoit_wolf,JNJ,Health Care,0.15,0.15390542055529183
2016-04-29,ledoit_wolf,UNH,Health Care,0.04248311964685681,0.04070300904607112
2016-04-29,ledoit_wolf,AMZN,Consumer Discretionary,0.003076409538084283,0.00795263159862857
2016-04-29,ledoit_wolf,HD,Consumer Discretionary,0.10249141730535631,0.10647248248460726
2016-04-29,ledoit_wolf,PG,Consumer Staples,0.09999999999999999,0.09720606240065655
2016-04-29,ledoit_wolf,KO,Consumer Staples,0.15,0.14348502689443757
2016-04-29,ledoit_wolf,CAT,Industrials,0.027075178840043464,0.031231546353178905
2016-04-29,ledoit_wolf,UNP,Industrials,0.0,6.007428075138102e-18
2016-04-29,ledoit_wolf,XOM,Energy,0.024357368409566073,0.024431383209075296
2016-04-29,ledoit_wolf,CVX,Energy,2.0862421490873417e-18,0.0
2016-04-29,ledoit_wolf,NEE,Utilities,0.09246171068063495,0.09749216543144912
2016-04-29,ledoit_wolf,DUK,Utilities,0.15,0.14507856530697114
2016-04-29,ledoit_wolf,AMT,Real Estate,0.047134640005493306,0.05570041677641514
2016-04-29,ledoit_wolf,PLD,Real Estate,9.30889209032476e-19,0.0
2016-04-29,ledoit_wolf,APD,Materials,9.878521747353278e-19,1.5126717822728347e-17
2016-04-29,ledoit_wolf,NEM,Materials,0.04232231760428024,0.0538055330123824
2016-04-29,ledoit_wolf,GOOGL,Communication Services,0.03734230746503741,0.02260187333527536
2016-04-29,ledoit_wolf,META,Communication Services,0.0,0.0
2016-04-29,equal_weight,AAPL,Information Technology,0.045454545454545456,0.038058637035590114
2016-04-29,equal_weight,MSFT,Information Technology,0.045454545454545456,0.03995573857473357
2016-04-29,equal_weight,JPM,Financials,0.045454545454545456,0.04757372469796001
2016-04-29,equal_weight,BAC,Financials,0.045454545454545456,0.047654028736342585
2016-04-29,equal_weight,JNJ,Health Care,0.045454545454545456,0.04583695162138117
2016-04-29,equal_weight,UNH,Health Care,0.045454545454545456,0.04520451172156848
2016-04-29,equal_weight,AMZN,Consumer Discretionary,0.045454545454545456,0.04916609944429317
2016-04-29,equal_weight,HD,Consumer Discretionary,0.045454545454545456,0.044402711230469565
2016-04-29,equal_weight,PG,Consumer Staples,0.045454545454545456,0.04342565937724522
2016-04-29,equal_weight,KO,Consumer Staples,0.045454545454545456,0.04273349315718284
2016-04-29,equal_weight,CAT,Industrials,0.045454545454545456,0.0453704720928275
2016-04-29,equal_weight,UNP,Industrials,0.045454545454545456,0.04852221699848931
2016-04-29,equal_weight,XOM,Energy,0.045454545454545456,0.04679644411540642
2016-04-29,equal_weight,CVX,Energy,0.045454545454545456,0.047394984988169055
2016-04-29,equal_weight,NEE,Utilities,0.045454545454545456,0.0439659824173213
2016-04-29,equal_weight,DUK,Utilities,0.045454545454545456,0.04320808945703097
2016-04-29,equal_weight,AMT,Real Estate,0.045454545454545456,0.04555638811219728
2016-04-29,equal_weight,PLD,Real Estate,0.045454545454545456,0.04548209672593694
2016-04-29,equal_weight,APD,Materials,0.045454545454545456,0.04481538698111347
2016-04-29,equal_weight,NEM,Materials,0.045454545454545456,0.05821776240987554
2016-04-29,equal_weight,GOOGL,Communication Services,0.045454545454545456,0.04105885599151411
2016-04-29,equal_weight,META,Communication Services,0.045454545454545456,0.04559976411335111
2016-05-31,sample,AAPL,Information Technology,0.02107376322468166,0.021455450258467474
2016-05-31,sample,MSFT,Information Technology,1.2620790914089075e-18,0.0
2016-05-31,sample,JPM,Financials,0.0,5.0594745448227115e-18
2016-05-31,sample,BAC,Financials,0.015029208213098458,0.007637666807604763
2016-05-31,sample,JNJ,Health Care,0.14999999999999997,0.15112852636592025
2016-05-31,sample,UNH,Health Care,0.04800166887829381,0.0422672870939528
2016-05-31,sample,AMZN,Consumer Discretionary,0.0031343163964304877,0.002586526249483056
2016-05-31,sample,HD,Consumer Discretionary,0.0955682713712315,0.10663317874241893
2016-05-31,sample,PG,Consumer Staples,0.10000000000000002,0.10063907498260607
2016-05-31,sample,KO,Consumer Staples,0.15,0.14857870136092077
2016-05-31,sample,CAT,Industrials,0.026709425507006144,0.026428571523378644
2016-05-31,sample,UNP,Industrials,0.0,6.95186799331551e-19
2016-05-31,sample,XOM,Energy,0.020458724460728116,0.022573046332444203
2016-05-31,sample,CVX,Energy,1.3721933745519665e-18,2.4960633694980466e-18
2016-05-31,sample,NEE,Utilities,0.10000000000000002,0.09726233132310876
2016-05-31,sample,DUK,Utilities,0.14999999999999997,0.14975679226840277
2016-05-31,sample,AMT,Real Estate,0.043607542639463676,0.04552717999984132
2016-05-31,sample,PLD,Real Estate,6.652596767735275e-18,5.0033513691388385e-18
2016-05-31,sample,APD,Materials,3.9387032047324966e-18,9.96209165528855e-19
2016-05-31,sample,NEM,Materials,0.04242586644256711,0.038915746117690296
2016-05-31,sample,GOOGL,Communication Services,0.0339912128664991,0.038609920573760295
2016-05-31,sample,META,Communication Services,0.0,4.8114563928666145e-18
2016-05-31,ewma,AAPL,Information Technology,0.0519351652171332,0.028168577030459482
2016-05-31,ewma,MSFT,Information Technology,0.0,0.0
2016-05-31,ewma,JPM,Financials,0.09045797670774527,1.724057833590427e-19
2016-05-31,ewma,BAC,Financials,0.002731577141164198,8.964626814656275e-18
2016-05-31,ewma,JNJ,Health Care,0.15,0.15081088010033955
2016-05-31,ewma,UNH,Health Care,0.0704019586186658,0.10078794477709707
2016-05-31,ewma,AMZN,Consumer Discretionary,4.235164736271502e-18,1.2884605666738044e-17
2016-05-31,ewma,HD,Consumer Discretionary,2.3857529992364623e-17,0.08897744422604584
2016-05-31,ewma,PG,Consumer Staples,0.11812247542858348,0.10470671952471801
2016-05-31,ewma,KO,Consumer Staples,0.0,0.0
2016-05-31,ewma,CAT,Industrials,1.0609934697307366e-17,2.076498573861331e-18
2016-05-31,ewma,UNP,Industrials,0.021366040093044898,0.07976168541970459
2016-05-31,ewma,XOM,Energy,0.14387229047914413,0.08997048874113418
2016-05-31,ewma,CVX,Energy,6.386628422297425e-19,1.5294582906345644e-17
2016-05-31,ewma,NEE,Utilities,0.09474477837958448,0.0719313601806367
2016-05-31,ewma,DUK,Utilities,0.15,0.14944202915283972
2016-05-31,ewma,AMT,Real Estate,3.755744088125568e-18,0.0
2016-05-31,ewma,PLD,Real Estate,1.7826655407914005e-17,5.310168941275651e-19
2016-05-31,ewma,APD,Materials,0.0,0.0
2016-05-31,ewma,NEM,Materials,0.05039864927525065,0.04163006735811181
2016-05-31,ewma,GOOGL,Communication Services,1.6364676540953083e-18,0.047998556856706225
2016-05-31,ewma,META,Communication Services,0.055969088659683905,0.04581424663220668
2016-05-31,ledoit_wolf,AAPL,Information Technology,0.0225479634660311,0.023627983046791413
2016-05-31,ledoit_wolf,MSFT,Information Technology,0.0,6.973718596770188e-19
2016-05-31,ledoit_wolf,JPM,Financials,1.8327251879741296e-17,2.087618018061894e-17
2016-05-31,ledoit_wolf,BAC,Financials,0.016497220576647684,0.009183267965418738
2016-05-31,ledoit_wolf,JNJ,Health Care,0.15,0.15107006809049958
2016-05-31,ledoit_wolf,UNH,Health Care,0.04797440317363872,0.04289145120144126
2016-05-31,ledoit_wolf,AMZN,Consumer Discretionary,0.004127498877006969,0.0033529146005502795
2016-05-31,ledoit_wolf,HD,Consumer Discretionary,0.09082866185760566,0.10110932383794126
2016-05-31,ledoit_wolf,PG,Consumer Staples,0.1,0.10060014661544149
2016-05-31,ledoit_wolf,KO,Consumer Staples,0.14999999999999997,0.14852122938753048
2016-05-31,ledoit_wolf,CAT,Industrials,0.024488339799687453,0.025123290483738
2016-05-31,ledoit_wolf,UNP,Industrials,0.0,0.0
2016-05-31,ledoit_wolf,XOM,Energy,0.02232740569597866,0.024600310539901155
2016-05-31,ledoit_wolf,CVX,Energy,9.464746152619552e-18,2.0726563361897e-18
2016-05-31,ledoit_wolf,NEE,Utilities,0.09979977550615639,0.09463856049933382
2016-05-31,ledoit_wolf,DUK,Utilities,0.15,0.1496988645957188
2016-05-31,ledoit_wolf,AMT,Real Estate,0.04553960744549559,0.047281532755358194
2016-05-31,ledoit_wolf,PLD,Real Estate,0.0,9.690684414583032e-19
2016-05-31,ledoit_wolf,APD,Materials,3.7379563962332274e-18,9.606116876121108e-19
2016-05-31,ledoit_wolf,NEM,Materials,0.04237394184374924,0.039011551034169444
2016-05-31,ledoit_wolf,GOOGL,Communication Services,0.03349518175800254,0.039289505346165716
2016-05-31,ledoit_wolf,META,Communication Services,4.4824983568697574e-18,0.0
2016-05-31,equal_weight,AAPL,Information Technology,0.045454545454545456,0.04807754089911351
2016-05-31,equal_weight,MSFT,Information Technology,0.045454545454545456,0.04800683664149707
2016-05-31,equal_weight,JPM,Financials,0.045454545454545456,0.04632720064497377
2016-05-31,equal_weight,BAC,Financials,0.045454545454545456,0.045566559775614676
2016-05-31,equal_weight,JNJ,Health Care,0.045454545454545456,0.04542411328058329
2016-05-31,equal_weight,UNH,Health Care,0.045454545454545456,0.04553586934005688
2016-05-31,equal_weight,AMZN,Consumer Discretionary,0.045454545454545456,0.04915612446157142
2016-05-31,equal_weight,HD,Consumer Discretionary,0.045454545454545456,0.04449415871031591
2016-05-31,equal_weight,PG,Consumer Staples,0.045454545454545456,0.04537304292302572
2016-05-31,equal_weight,KO,Consumer Staples,0.045454545454545456,0.04465772229763725
2016-05-31,equal_weight,CAT,Industrials,0.045454545454545456,0.04185086880889684
2016-05-31,equal_weight,UNP,Industrials,0.045454545454545456,0.0435837698709764
2016-05-31,equal_weight,XOM,Energy,0.045454545454545456,0.04555221680295573
2016-05-31,equal_weight,CVX,Energy,0.045454545454545456,0.04480865162413459
2016-05-31,equal_weight,NEE,Utilities,0.045454545454545456,0.04616421913547669
2016-05-31,equal_weight,DUK,Utilities,0.045454545454545456,0.04501181649893137
2016-05-31,equal_weight,AMT,Real Estate,0.045454545454545456,0.04524292187923975
2016-05-31,equal_weight,PLD,Real Estate,0.045454545454545456,0.04695217844016627
2016-05-31,equal_weight,APD,Materials,0.045454545454545456,0.04385864381334671
2016-05-31,equal_weight,NEM,Materials,0.045454545454545456,0.041574120244883876
2016-05-31,equal_weight,GOOGL,Communication Services,0.045454545454545456,0.04745420509841712
2016-05-31,equal_weight,META,Communication Services,0.045454545454545456,0.04532721880818485
2016-06-30,sample,AAPL,Information Technology,0.01982325641335774,0.019169466760445418
2016-06-30,sample,MSFT,Information Technology,0.0,1.157784823659674e-18
2016-06-30,sample,JPM,Financials,0.0,0.0
2016-06-30,sample,BAC,Financials,0.008916028466670224,0.012856158735388534
2016-06-30,sample,JNJ,Health Care,0.15,0.15341518405419977
2016-06-30,sample,UNH,Health Care,0.04602491892805594,0.048398511029148134
2016-06-30,sample,AMZN,Consumer Discretionary,0.005271884556107284,0.0029485930661488874
2016-06-30,sample,HD,Consumer Discretionary,0.10769103195147292,0.08776145697549366
2016-06-30,sample,PG,Consumer Staples,0.10000000000000003,0.09927316764285701
2016-06-30,sample,KO,Consumer Staples,0.15,0.14596931008668695
2016-06-30,sample,CAT,Industrials,0.016126923450412157,0.026533527326060097
2016-06-30,sample,UNP,Industrials,2.9817677325719508e-18,0.0
2016-06-30,sample,XOM,Energy,0.018451170853690423,0.020469984832877545
2016-06-30,sample,CVX,Energy,0.0,1.3532598194876192e-18
2016-06-30,sample,NEE,Utilities,0.1,0.10314877141181306
2016-06-30,sample,DUK,Utilities,0.15,0.15629899367342376
2016-06-30,sample,AMT,Real Estate,0.03998508366867036,0.0447219107003324
2016-06-30,sample,PLD,Real Estate,4.556401981517695e-18,6.577895832766975e-18
2016-06-30,sample,APD,Materials,0.007507051854115997,3.750289568895984e-18
2016-06-30,sample,NEM,Materials,0.045168105389934037,0.04869212999585689
2016-06-30,sample,GOOGL,Communication Services,0.03503454446751286,0.030342833709267877
2016-06-30,sample,META,Communication Services,7.034608626946964e-19,0.0
2016-06-30,ewma,AAPL,Information Technology,0.0,0.04719099680758642
2016-06-30,ewma,MSFT,Information Technology,6.596444151281202e-17,0.0
2016-06-30,ewma,JPM,Financials,7.257943119048316e-18,0.08174024025198884
2016-06-30,ewma,BAC,Financials,8.934005750093006e-22,0.0023340937301299766
2016-06-30,ewma,JNJ,Health Care,0.09999999999999998,0.15324913887386343
2016-06-30,ewma,UNH,Health Care,0.14999999999999997,0.07090716194108121
2016-06-30,ewma,AMZN,Consumer Discretionary,0.0,3.979898630686712e-18
2016-06-30,ewma,HD,Consumer Discretionary,0.14999999999999997,2.1884935443253738e-17
2016-06-30,ewma,PG,Consumer Staples,0.15,0.11713700531083714
2016-06-30,ewma,KO,Consumer Staples,1.966010170865596e-17,0.0
2016-06-30,ewma,CAT,Industrials,0.0,1.052865389913555e-17
2016-06-30,ewma,UNP,Industrials,0.0,0.02101649903282087
2016-06-30,ewma,XOM,Energy,0.017234800352994736,0.1437956746477323
2016-06-30,ewma,CVX,Energy,0.04963723273250786,6.291688545792597e-19
2016-06-30,ewma,NEE,Utilities,0.1,0.09762230127861597
2016-06-30,ewma,DUK,Utilities,0.15,0.1561298272721257
2016-06-30,ewma,AMT,Real Estate,0.03129371169798711,3.847551358659336e-18
2016-06-30,ewma,PLD,Real Estate,6.262936458495504e-18,1.7607405179201064e-17
2016-06-30,ewma,APD,Materials,0.0,0.0
2016-06-30,ewma,NEM,Materials,0.09374004216344456,0.057779881511796236
2016-06-30,ewma,GOOGL,Communication Services,1.1600503440580248e-17,1.4592395730297858e-18
2016-06-30,ewma,META,Communication Services,0.008094213053065747,0.05109717934142229
2016-06-30,ledoit_wolf,AAPL,Information Technology,0.020693852870829314,0.020508670699778835
2016-06-30,ledoit_wolf,MSFT,Information Technology,4.529932201915998e-18,0.0
2016-06-30,ledoit_wolf,JPM,Financials,2.0457539742085862e-17,1.6577496497769165e-17
2016-06-30,ledoit_wolf,BAC,Financials,0.009759827830995186,0.014110687027971898
2016-06-30,ledoit_wolf,JNJ,Health Care,0.15,0.15340185057135988
2016-06-30,ledoit_wolf,UNH,Health Care,0.0460592262325078,0.04836681593320878
2016-06-30,ledoit_wolf,AMZN,Consumer Discretionary,0.006136909851384666,0.003882587235825257
2016-06-30,ledoit_wolf,HD,Consumer Discretionary,0.1023574667289424,0.08340176917266395
2016-06-30,ledoit_wolf,PG,Consumer Staples,0.10000000000000003,0.09926453970237381
2016-06-30,ledoit_wolf,KO,Consumer Staples,0.14999999999999997,0.14595662373296517
2016-06-30,ledoit_wolf,CAT,Industrials,0.016326275141181294,0.024324954557316456
2016-06-30,ledoit_wolf,UNP,Industrials,5.522654816098038e-18,0.0
2016-06-30,ledoit_wolf,XOM,Energy,0.019418460970635112,0.022337753012758216
2016-06-30,ledoit_wolf,CVX,Energy,0.0,9.33334013080432e-18
2016-06-30,ledoit_wolf,NEE,Utilities,0.09999999999999999,0.10293329548253924
2016-06-30,ledoit_wolf,DUK,Utilities,0.15,0.15628540955550935
2016-06-30,ledoit_wolf,AMT,Real Estate,0.03983291071877243,0.04669928937761051
2016-06-30,ledoit_wolf,PLD,Real Estate,9.657869664593532e-18,0.0
2016-06-30,ledoit_wolf,APD,Materials,0.009967521351943542,3.558836448680392e-18
2016-06-30,ledoit_wolf,NEM,Materials,0.04482801309988229,0.048628309471626295
2016-06-30,ledoit_wolf,GOOGL,Communication Services,0.03461953520292595,0.02989744446649211
2016-06-30,ledoit_wolf,META,Communication Services,0.0,4.096390841849191e-18
2016-06-30,equal_weight,AAPL,Information Technology,0.045454545454545456,0.04250217086012481
2016-06-30,equal_weight,MSFT,Information Technology,0.045454545454545456,0.0428631868472278
2016-06-30,equal_weight,JPM,Financials,0.045454545454545456,0.04226710665318703
2016-06-30,equal_weight,BAC,Financials,0.045454545454545456,0.039968541598787224
2016-06-30,equal_weight,JNJ,Health Care,0.045454545454545456,0.04778815495052856
2016-06-30,equal_weight,UNH,Health Care,0.045454545454545456,0.047110622286677145
2016-06-30,equal_weight,AMZN,Consumer Discretionary,0.045454545454545456,0.0439556981285428
2016-06-30,equal_weight,HD,Consumer Discretionary,0.045454545454545456,0.042907505892673246
2016-06-30,equal_weight,PG,Consumer Staples,0.045454545454545456,0.04638473251843132
2016-06-30,equal_weight,KO,Consumer Staples,0.045454545454545456,0.04546879796448275
2016-06-30,equal_weight,CAT,Industrials,0.045454545454545456,0.04641663129761067
2016-06-30,equal_weight,UNP,Industrials,0.045454545454545456,0.046009743545393056
2016-06-30,equal_weight,XOM,Energy,0.045454545454545456,0.04675005696730238
2016-06-30,equal_weight,CVX,Energy,0.045454545454545456,0.046079636644402996
2016-06-30,equal_weight,NEE,Utilities,0.045454545454545456,0.048195582805965045
2016-06-30,equal_weight,DUK,Utilities,0.045454545454545456,0.048686448960869835
2016-06-30,equal_weight,AMT,Real Estate,0.045454545454545456,0.04791835634043343
2016-06-30,equal_weight,PLD,Real Estate,0.045454545454545456,0.04619968006996387
2016-06-30,equal_weight,APD,Materials,0.045454545454545456,0.04448921290507317
2016-06-30,equal_weight,NEM,Materials,0.045454545454545456,0.053625484519160736
2016-06-30,equal_weight,GOOGL,Communication Services,0.045454545454545456,0.041709276119364244
2016-06-30,equal_weight,META,Communication Services,0.045454545454545456,0.04270337212379766
2016-07-29,sample,AAPL,Information Technology,0.027142316122933226,0.02111284435271887
2016-07-29,sample,MSFT,Information Technology,0.0,0.0
2016-07-29,sample,JPM,Financials,0.0,0.0
2016-07-29,sample,BAC,Financials,0.011066267745406706,0.009512380406674957
2016-07-29,sample,JNJ,Health Care,0.15,0.15130703228934958
2016-07-29,sample,UNH,Health Care,0.04447212577620731,0.04560596244814727
2016-07-29,sample,AMZN,Consumer Discretionary,0.005394202081927654,0.005461811600626626
2016-07-29,sample,HD,Consumer Discretionary,0.09667688571402756,0.11391389530262093
2016-07-29,sample,PG,Consumer Staples,0.1,0.09954141180742693
2016-07-29,sample,KO,Consumer Staples,0.15,0.14106227605004729
2016-07-29,sample,CAT,Industrials,0.02025532247707233,0.01736718848526388
2016-07-29,sample,UNP,Industrials,0.0,3.1070263318614023e-18
2016-07-29,sample,XOM,Energy,0.01784706295943845,0.017106661777334792
2016-07-29,sample,CVX,Energy,0.0,0.0
2016-07-29,sample,NEE,Utilities,0.1,0.09612475811187622
2016-07-29,sample,DUK,Utilities,0.15,0.14621704565474347
2016-07-29,sample,AMT,Real Estate,0.04074551362278441,0.03981052012465011
2016-07-29,sample,PLD,Real Estate,0.0,4.9466200323429125e-18
2016-07-29,sample,APD,Materials,0.005512473873786193,0.007715920572054397
2016-07-29,sample,NEM,Materials,0.043112630375885655,0.049637049741245394
2016-07-29,sample,GOOGL,Communication Services,0.03777519925053049,0.0385032412752191
2016-07-29,sample,META,Communication Services,4.9932592240641005e-19,7.454206222817416e-19
2016-07-29,ewma,AAPL,Information Technology,0.059349948303438135,0.0
2016-07-29,ewma,MSFT,Information Technology,0.03989268081085243,7.096775315072564e-17
2016-07-29,ewma,JPM,Financials,3.606666289408811e-18,7.313464074708642e-18
2016-07-29,ewma,BAC,Financials,0.0,9.475027272023642e-22
2016-07-29,ewma,JNJ,Health Care,0.15,0.10027307465728173
2016-07-29,ewma,UNH,Health Care,0.06559117148512712,0.14775300758726095
2016-07-29,ewma,AMZN,Consumer Discretionary,1.018133602599669e-18,0.0
2016-07-29,ewma,HD,Consumer Discretionary,0.14942116750652862,0.1577265852559409
2016-07-29,ewma,PG,Consumer Staples,0.11357560811163299,0.14842652948728685
2016-07-29,ewma,KO,Consumer Staples,4.3019109325151406e-17,1.8378999496768952e-17
2016-07-29,ewma,CAT,Industrials,0.010625562110983977,0.0
2016-07-29,ewma,UNP,Industrials,1.522965239163232e-17,0.0
2016-07-29,ewma,XOM,Energy,3.1579082339534825e-17,0.01588415342172263
2016-07-29,ewma,CVX,Energy,2.744386749103933e-19,0.04713005224194886
2016-07-29,ewma,NEE,Utilities,0.06664053844094586,0.09555463054882525
2016-07-29,ewma,DUK,Utilities,0.14999999999999997,0.14534981467748953
2016-07-29,ewma,AMT,Real Estate,0.14999999999999997,0.03097229573971779
2016-07-29,ewma,PLD,Real Estate,3.772684747070654e-18,6.758977537436121e-18
2016-07-29,ewma,APD,Materials,0.0,0.0
2016-07-29,ewma,NEM,Materials,0.044903323230490975,0.10240371416568742
2016-07-29,ewma,GOOGL,Communication Services,3.4677528860591056e-18,1.2673428841823789e-17
2016-07-29,ewma,META,Communication Services,0.0,0.008526142216838048
2016-07-29,ledoit_wolf,AAPL,Information Technology,0.027110056515456723,0.022045037888928115
2016-07-29,ledoit_wolf,MSFT,Information Technology,0.0,4.903702736724389e-18
2016-07-29,ledoit_wolf,JPM,Financials,0.0,2.0741694963670236e-17
2016-07-29,ledoit_wolf,BAC,Financials,0.012137459165011404,0.010414961406187207
2016-07-29,ledoit_wolf,JNJ,Health Care,0.15,0.15134109026687584
2016-07-29,ledoit_wolf,UNH,Health Care,0.044283093653715154,0.045650230641203896
2016-07-29,ledoit_wolf,AMZN,Consumer Discretionary,0.006908473901293849,0.006359431780965914
2016-07-29,ledoit_wolf,HD,Consumer Discretionary,0.09179424577829641,0.10829650430353183
2016-07-29,ledoit_wolf,PG,Consumer Staples,0.1,0.09956381776645587
2016-07-29,ledoit_wolf,KO,Consumer Staples,0.15,0.1410940280165937
2016-07-29,ledoit_wolf,CAT,Industrials,0.019825599406719203,0.017585829150065808
2016-07-29,ledoit_wolf,UNP,Industrials,7.792703114739563e-20,5.755946751434875e-18
2016-07-29,ledoit_wolf,XOM,Energy,0.01894673449145368,0.01800751935130766
2016-07-29,ledoit_wolf,CVX,Energy,0.0,0.0
2016-07-29,ledoit_wolf,NEE,Utilities,0.10000000000000002,0.09614639501005577
2016-07-29,ledoit_wolf,DUK,Utilities,0.15,0.1462499579178387
2016-07-29,ledoit_wolf,AMT,Real Estate,0.04092187298781756,0.03966793843839928
2016-07-29,ledoit_wolf,PLD,Real Estate,0.0,1.0487346208997054e-17
2016-07-29,ledoit_wolf,APD,Materials,0.008161634158099763,0.01024715374894518
2016-07-29,ledoit_wolf,NEM,Materials,0.04292780291140121,0.04927439739816288
2016-07-29,ledoit_wolf,GOOGL,Communication Services,0.03698302703073511,0.03805570691448238
2016-07-29,ledoit_wolf,META,Communication Services,3.578714202149419e-19,0.0
2016-07-29,equal_weight,AAPL,Information Technology,0.045454545454545456,0.047207669021800694
2016-07-29,equal_weight,MSFT,Information Technology,0.045454545454545456,0.04797063831376342
2016-07-29,equal_weight,JPM,Financials,0.045454545454545456,0.04492973982177826
2016-07-29,equal_weight,BAC,Financials,0.045454545454545456,0.047288830391265274
2016-07-29,equal_weight,JNJ,Health Care,0.045454545454545456,0.04471041113477889
2016-07-29,equal_weight,UNH,Health Care,0.045454545454545456,0.04392071509528812
2016-07-29,equal_weight,AMZN,Consumer Discretionary,0.045454545454545456,0.045921031345212436
2016-07-29,equal_weight,HD,Consumer Discretionary,0.045454545454545456,0.04688543757654197
2016-07-29,equal_weight,PG,Consumer Staples,0.045454545454545456,0.04412092464746257
2016-07-29,equal_weight,KO,Consumer Staples,0.045454545454545456,0.04168314097750778
2016-07-29,equal_weight,CAT,Industrials,0.045454545454545456,0.04773300792043371
2016-07-29,equal_weight,UNP,Industrials,0.045454545454545456,0.04618616816794074
2016-07-29,equal_weight,XOM,Energy,0.045454545454545456,0.04109435306094458
2016-07-29,equal_weight,CVX,Energy,0.045454545454545456,0.042336474603842024
2016-07-29,equal_weight,NEE,Utilities,0.045454545454545456,0.04260652056668164
2016-07-29,equal_weight,DUK,Utilities,0.045454545454545456,0.04320634756509249
2016-07-29,equal_weight,AMT,Real Estate,0.045454545454545456,0.044130683296675376
2016-07-29,equal_weight,PLD,Real Estate,0.045454545454545456,0.0481201895272763
2016-07-29,equal_weight,APD,Materials,0.045454545454545456,0.045557422176335266
2016-07-29,equal_weight,NEM,Materials,0.045454545454545456,0.048709637303128786
2016-07-29,equal_weight,GOOGL,Communication Services,0.045454545454545456,0.04871263530355058
2016-07-29,equal_weight,META,Communication Services,0.045454545454545456,0.04696802218269948
2016-08-31,sample,AAPL,Information Technology,0.025305441437401936,0.02858883985499175
2016-08-31,sample,MSFT,Information Technology,0.0,0.0
2016-08-31,sample,JPM,Financials,9.173366818764073e-19,0.0
2016-08-31,sample,BAC,Financials,0.014087278869675089,0.01274236711378119
2016-08-31,sample,JNJ,Health Care,0.15,0.1480654915603351
2016-08-31,sample,UNH,Health Care,0.04390016418885013,0.04347512036014418
2016-08-31,sample,AMZN,Consumer Discretionary,0.005640758164624046,0.005626109382608852
2016-08-31,sample,HD,Consumer Discretionary,0.10340228735338232,0.09700656444941959
2016-08-31,sample,PG,Consumer Staples,0.1,0.10496343708086271
2016-08-31,sample,KO,Consumer Staples,0.15,0.1536360697587281
2016-08-31,sample,CAT,Industrials,0.020262320149737702,0.020637870462257797
2016-08-31,sample,UNP,Industrials,0.0,0.0
2016-08-31,sample,XOM,Energy,0.029291070943064924,0.018143601133121183
2016-08-31,sample,CVX,Energy,1.459649526355973e-18,0.0
2016-08-31,sample,NEE,Utilities,0.10000000000000002,0.09768316425200323
2016-08-31,sample,DUK,Utilities,0.15,0.14511439474373694
2016-08-31,sample,AMT,Real Estate,0.027171311448426067,0.04105986106757761
2016-08-31,sample,PLD,Real Estate,1.6909954000748038e-18,0.0
2016-08-31,sample,APD,Materials,0.005256477737611713,0.00590745683675176
2016-08-31,sample,NEM,Materials,0.03939047980569184,0.03855378125357814
2016-08-31,sample,GOOGL,Communication Services,0.03629240990153435,0.03879587069010188
2016-08-31,sample,META,Communication Services,3.3192044829343827e-18,5.228220720624555e-19
2016-08-31,ewma,AAPL,Information Technology,0.08615225059742963,0.06263418259391315
2016-08-31,ewma,MSFT,Information Technology,0.015445841540358423,0.04195329781970572
2016-08-31,ewma,JPM,Financials,0.0,3.923485772244618e-18
2016-08-31,ewma,BAC,Financials,0.05710128602100876,0.0
2016-08-31,ewma,JNJ,Health Care,0.15,0.1483526451583234
2016-08-31,ewma,UNH,Health Care,0.07323770251019224,0.06424505908499346
2016-08-31,ewma,AMZN,Consumer Discretionary,0.0636036769309759,1.0639645838006045e-18
2016-08-31,ewma,HD,Consumer Discretionary,0.07703612290139182,0.1502214809458922
2016-08-31,ewma,PG,Consumer Staples,0.13872748289375883,0.11944405966716048
2016-08-31,ewma,KO,Consumer Staples,0.08238739458476396,4.4147364841015395e-17
2016-08-31,ewma,CAT,Industrials,0.0,0.010847235677632572
2016-08-31,ewma,UNP,Industrials,6.2172218328465645e-18,1.6213271711853148e-17
2016-08-31,ewma,XOM,Energy,0.11676501775322756,3.216604619127027e-17
2016-08-31,ewma,CVX,Energy,6.1257422745431e-18,2.806134974371541e-19
2016-08-31,ewma,NEE,Utilities,0.10386668997601115,0.06522283291422355
2016-08-31,ewma,DUK,Utilities,0.0,0.1453958250765674
2016-08-31,ewma,AMT,Real Estate,0.0071606088607821935,0.151450384192634
2016-08-31,ewma,PLD,Real Estate,0.0,3.790955904587073e-18
2016-08-31,ewma,APD,Materials,0.028515925430099606,0.0
2016-08-31,ewma,NEM,Materials,0.0,0.04023299686895385
2016-08-31,ewma,GOOGL,Communication Services,0.0,3.568357208632386e-18
2016-08-31,ewma,META,Communication Services,1.7835125737386548e-17,0.0
2016-08-31,ledoit_wolf,AAPL,Information Technology,0.026749775212081692,0.028543081611527715
2016-08-31,ledoit_wolf,MSFT,Information Technology,0.0,0.0
2016-08-31,ledoit_wolf,JPM,Financials,0.0,0.0
2016-08-31,ledoit_wolf,BAC,Financials,0.01482122658872124,0.01397003615533543
2016-08-31,ledoit_wolf,JNJ,Health Care,0.15,0.14800441189562666
2016-08-31,ledoit_wolf,UNH,Health Care,0.043834185233967544,0.043272468050183664
2016-08-31,ledoit_wolf,AMZN,Consumer Discretionary,0.006337011400264431,0.00720251031944973
2016-08-31,ledoit_wolf,HD,Consumer Discretionary,0.09739455374521508,0.09206927827968589
2016-08-31,ledoit_wolf,PG,Consumer Staples,0.1,0.10492013778488228
2016-08-31,ledoit_wolf,KO,Consumer Staples,0.15,0.15357269213083435
2016-08-31,ledoit_wolf,CAT,Industrials,0.019699684443153776,0.020191698640997603
2016-08-31,ledoit_wolf,UNP,Industrials,0.0,8.276527609887173e-20
2016-08-31,ledoit_wolf,XOM,Energy,0.02920871040858101,0.019253598544230685
2016-08-31,ledoit_wolf,CVX,Energy,0.0,0.0
2016-08-31,ledoit_wolf,NEE,Utilities,0.09999999999999999,0.09764286819883577
2016-08-31,ledoit_wolf,DUK,Utilities,0.15,0.14505453245927127
2016-08-31,ledoit_wolf,AMT,Real Estate,0.028766015431377443,0.04122056978689758
2016-08-31,ledoit_wolf,PLD,Real Estate,0.0,0.0
2016-08-31,ledoit_wolf,APD,Materials,0.008010592846398667,0.008742828222897996
2016-08-31,ledoit_wolf,NEM,Materials,0.03915587382216817,0.038372662015545074
2016-08-31,ledoit_wolf,GOOGL,Communication Services,0.03602237086807094,0.037966625903797804
2016-08-31,ledoit_wolf,META,Communication Services,0.0,3.7455674878636007e-19
2016-08-31,equal_weight,AAPL,Information Technology,0.045454545454545456,0.04673314867749305
2016-08-31,equal_weight,MSFT,Information Technology,0.045454545454545456,0.04657006636016288
2016-08-31,equal_weight,JPM,Financials,0.045454545454545456,0.04817260092558075
2016-08-31,equal_weight,BAC,Financials,0.045454545454545456,0.05108864154463331
2016-08-31,equal_weight,JNJ,Health Care,0.045454545454545456,0.04379635920578612
2016-08-31,equal_weight,UNH,Health Care,0.045454545454545456,0.04337388454130142
2016-08-31,equal_weight,AMZN,Consumer Discretionary,0.045454545454545456,0.046276059893725234
2016-08-31,equal_weight,HD,Consumer Discretionary,0.045454545454545456,0.04451987000065731
2016-08-31,equal_weight,PG,Consumer Staples,0.045454545454545456,0.04657077431165811
2016-08-31,equal_weight,KO,Consumer Staples,0.045454545454545456,0.04544408306898838
2016-08-31,equal_weight,CAT,Industrials,0.045454545454545456,0.04520652618600465
2016-08-31,equal_weight,UNP,Industrials,0.045454545454545456,0.0471427208037362
2016-08-31,equal_weight,XOM,Energy,0.045454545454545456,0.045105775029251775
2016-08-31,equal_weight,CVX,Energy,0.045454545454545456,0.04527904066135434
2016-08-31,equal_weight,NEE,Utilities,0.045454545454545456,0.04334062148635658
2016-08-31,equal_weight,DUK,Utilities,0.045454545454545456,0.042923452933914384
2016-08-31,equal_weight,AMT,Real Estate,0.045454545454545456,0.044710867277601526
2016-08-31,equal_weight,PLD,Real Estate,0.045454545454545456,0.04449714946320025
2016-08-31,equal_weight,APD,Materials,0.045454545454545456,0.04754769063206797
2016-08-31,equal_weight,NEM,Materials,0.045454545454545456,0.03967691285228655
2016-08-31,equal_weight,GOOGL,Communication Services,0.045454545454545456,0.04556739008970588
2016-08-31,equal_weight,META,Communication Services,0.045454545454545456,0.046456364054533225
2016-09-30,sample,AAPL,Information Technology,0.028164357436236704,0.026883871208789257
2016-09-30,sample,MSFT,Information Technology,0.0,0.0
2016-09-30,sample,JPM,Financials,3.561773543204333e-18,9.023117905128333e-19
2016-09-30,sample,BAC,Financials,0.007004219598745421,0.01361948014856507
2016-09-30,sample,JNJ,Health Care,0.15,0.14804306744394793
2016-09-30,sample,UNH,Health Care,0.04786677716264465,0.045250057244289564
2016-09-30,sample,AMZN,Consumer Discretionary,0.006388922024860558,0.0061225130957460825
2016-09-30,sample,HD,Consumer Discretionary,0.1048037055014319,0.09891684019935011
2016-09-30,sample,PG,Consumer Staples,0.09999999999999998,0.10249277090647012
2016-09-30,sample,KO,Consumer Staples,0.15,0.14692765311098538
2016-09-30,sample,CAT,Industrials,0.013427113140672117,0.02188411886828258
2016-09-30,sample,UNP,Industrials,1.4404642301006632e-17,0.0
2016-09-30,sample,XOM,Energy,0.039280379968103525,0.029251962803265474
2016-09-30,sample,CVX,Energy,0.0,1.4892214563226133e-18
2016-09-30,sample,NEE,Utilities,0.09359902184729531,0.10084402351829719
2016-09-30,sample,DUK,Utilities,0.15,0.15027287230371045
2016-09-30,sample,AMT,Real Estate,0.010459740179880132,0.027212513100018338
2016-09-30,sample,PLD,Real Estate,0.0,1.7136550928000868e-18
2016-09-30,sample,APD,Materials,0.027053977828027088,0.005063216577575088
2016-09-30,sample,NEM,Materials,0.032404208743792365,0.040378201809968525
2016-09-30,sample,GOOGL,Communication Services,0.039547576568310164,0.03683683766073915
2016-09-30,sample,META,Communication Services,3.3042755272390256e-18,3.3658731122301906e-18
2016-09-30,ewma,AAPL,Information Technology,0.0730008566114386,0.09086188854350412
2016-09-30,ewma,MSFT,Information Technology,2.7091501784981542e-17,0.015325984077050141
2016-09-30,ewma,JPM,Financials,0.15,0.0
2016-09-30,ewma,BAC,Financials,0.0,0.054804541922857955
2016-09-30,ewma,JNJ,Health Care,0.14999999999999997,0.1469688576927098
2016-09-30,ewma,UNH,Health Care,0.09486175725866855,0.07494194216416653
2016-09-30,ewma,AMZN,Consumer Discretionary,0.0,0.06853488818995439
2016-09-30,ewma,HD,Consumer Discretionary,0.0,0.0731596720287824
2016-09-30,ewma,PG,Consumer Staples,0.04078097758225073,0.14115393332614315
2016-09-30,ewma,KO,Consumer Staples,0.014963406186518147,0.08011434662221566
2016-09-30,ewma,CAT,Industrials,3.469446951953614e-18,0.0
2016-09-30,ewma,UNP,Industrials,9.93908460308196e-18,6.282820795798022e-18
2016-09-30,ewma,XOM,Energy,0.031425603103463005,0.11576299522511665
2016-09-30,ewma,CVX,Energy,1.2522535092207576e-17,6.20449813968742e-18
2016-09-30,ewma,NEE,Utilities,1.2739375526704677e-18,0.10398332497751413
2016-09-30,ewma,DUK,Utilities,0.14999999999999994,0.0
2016-09-30,ewma,AMT,Real Estate,0.0,0.007119430351698771
2016-09-30,ewma,PLD,Real Estate,6.1257422745431e-18,0.0
2016-09-30,ewma,APD,Materials,0.14999999999999997,0.0272681948782864
2016-09-30,ewma,NEM,Materials,0.0,0.0
2016-09-30,ewma,GOOGL,Communication Services,0.08942724197781411,0.0
2016-09-30,ewma,META,Communication Services,0.05554015727984697,1.7954658550971864e-17
2016-09-30,ledoit_wolf,AAPL,Information Technology,0.030063706420978217,0.028411758967432494
2016-09-30,ledoit_wolf,MSFT,Information Technology,0.0,0.0
2016-09-30,ledoit_wolf,JPM,Financials,5.075844936421395e-18,0.0
2016-09-30,ledoit_wolf,BAC,Financials,0.007409730901275796,0.014325759708666522
2016-09-30,ledoit_wolf,JNJ,Health Care,0.15,0.14800901602451824
2016-09-30,ledoit_wolf,UNH,Health Care,0.04866714106495423,0.045171657158719125
2016-09-30,ledoit_wolf,AMZN,Consumer Discretionary,0.006622343242946906,0.006876648513741108
2016-09-30,ledoit_wolf,HD,Consumer Discretionary,0.09922562664622268,0.09314828371755086
2016-09-30,ledoit_wolf,PG,Consumer Staples,0.1,0.10246919652105041
2016-09-30,ledoit_wolf,KO,Consumer Staples,0.15,0.14689385824825876
2016-09-30,ledoit_wolf,CAT,Industrials,0.012996459011714855,0.021271555926151462
2016-09-30,ledoit_wolf,UNP,Industrials,1.2325176415497324e-17,0.0
2016-09-30,ledoit_wolf,XOM,Energy,0.03917396667424722,0.02916300290080837
2016-09-30,ledoit_wolf,CVX,Energy,0.0,0.0
2016-09-30,ledoit_wolf,NEE,Utilities,0.09024143728757833,0.10082082836163708
2016-09-30,ledoit_wolf,DUK,Utilities,0.15,0.1502383080063608
2016-09-30,ledoit_wolf,AMT,Real Estate,0.013866280443952156,0.02880300872707768
2016-09-30,ledoit_wolf,PLD,Real Estate,0.0,0.0
2016-09-30,ledoit_wolf,APD,Materials,0.029488632707949887,0.0077142983288752435
2016-09-30,ledoit_wolf,NEM,Materials,0.03243198638565709,0.040128480962864435
2016-09-30,ledoit_wolf,GOOGL,Communication Services,0.039812689212522505,0.03655433792628712
2016-09-30,ledoit_wolf,META,Communication Services,0.0,0.0
2016-09-30,equal_weight,AAPL,Information Technology,0.045454545454545456,0.04777746111051869
2016-09-30,equal_weight,MSFT,Information Technology,0.045454545454545456,0.044949486063789595
2016-09-30,equal_weight,JPM,Financials,0.045454545454545456,0.044235715002688504
2016-09-30,equal_weight,BAC,Financials,0.045454545454545456,0.0434789050265045
2016-09-30,equal_weight,JNJ,Health Care,0.045454545454545456,0.04438558980000311
2016-09-30,equal_weight,UNH,Health Care,0.045454545454545456,0.04635516887805678
2016-09-30,equal_weight,AMZN,Consumer Discretionary,0.045454545454545456,0.04881321596231453
2016-09-30,equal_weight,HD,Consumer Discretionary,0.045454545454545456,0.04302147222132394
2016-09-30,equal_weight,PG,Consumer Staples,0.045454545454545456,0.046093364911964155
2016-09-30,equal_weight,KO,Consumer Staples,0.045454545454545456,0.04405117141828004
2016-09-30,equal_weight,CAT,Industrials,0.045454545454545456,0.04857189765199189
2016-09-30,equal_weight,UNP,Industrials,0.045454545454545456,0.0457789939958167
2016-09-30,equal_weight,XOM,Energy,0.045454545454545456,0.044912263261873434
2016-09-30,equal_weight,CVX,Energy,0.045454545454545456,0.045883429716314095
2016-09-30,equal_weight,NEE,Utilities,0.045454545454545456,0.04535188515355217
2016-09-30,equal_weight,DUK,Utilities,0.045454545454545456,0.045054119610606715
2016-09-30,equal_weight,AMT,Real Estate,0.045454545454545456,0.045040502771971185
2016-09-30,equal_weight,PLD,Real Estate,0.045454545454545456,0.045574946650351285
2016-09-30,equal_weight,APD,Materials,0.045454545454545456,0.04331884357863219
2016-09-30,equal_weight,NEM,Materials,0.045454545454545456,0.046099995459463285
2016-09-30,equal_weight,GOOGL,Communication Services,0.045454545454545456,0.04564694448177331
2016-09-30,equal_weight,META,Communication Services,0.045454545454545456,0.045604627272209895
2016-10-31,sample,AAPL,Information Technology,0.024450709800810145,0.028575757793573183
2016-10-31,sample,MSFT,Information Technology,1.6717254005247685e-18,0.0
2016-10-31,sample,JPM,Financials,0.0,3.769684151898454e-18
2016-10-31,sample,BAC,Financials,0.009991108668483737,0.007460173242607685
2016-10-31,sample,JNJ,Health Care,0.15,0.1487891030189317
2016-10-31,sample,UNH,Health Care,0.04742112468117289,0.04881575725895251
2016-10-31,sample,AMZN,Consumer Discretionary,0.0025059493652789078,0.006088201352543484
2016-10-31,sample,HD,Consumer Discretionary,0.11322252361516719,0.1003877302398671
2016-10-31,sample,PG,Consumer Staples,0.10000000000000002,0.09845662754141345
2016-10-31,sample,KO,Consumer Staples,0.15,0.15182070269182982
2016-10-31,sample,CAT,Industrials,0.02123151790084783,0.01286563487322231
2016-10-31,sample,UNP,Industrials,0.0,1.3156915653650075e-17
2016-10-31,sample,XOM,Energy,0.03813121787975401,0.037881722749013275
2016-10-31,sample,CVX,Energy,1.425503510669784e-18,0.0
2016-10-31,sample,NEE,Utilities,0.09054755786479766,0.09894718004779132
2016-10-31,sample,DUK,Utilities,0.15,0.15149645844350254
2016-10-31,sample,AMT,Real Estate,0.007793738665012279,0.01092662648013549
2016-10-31,sample,PLD,Real Estate,2.2526311836636084e-18,0.0
2016-10-31,sample,APD,Materials,0.02340676304344505,0.02638505935732586
2016-10-31,sample,NEM,Materials,0.028986067336273815,0.030861000579369254
2016-10-31,sample,GOOGL,Communication Services,0.04231172117895657,0.04024226432992081
2016-10-31,sample,META,Communication Services,0.0,3.4088574509223754e-18
2016-10-31,ewma,AAPL,Information Technology,0.07694343252037938,0.07333082473259178
2016-10-31,ewma,MSFT,Information Technology,9.48155446266663e-18,2.818789774026051e-17
2016-10-31,ewma,JPM,Financials,0.14999999999999997,0.15717758928977574
2016-10-31,ewma,BAC,Financials,0.0,0.0
2016-10-31,ewma,JNJ,Health Care,0.15,0.1473098644671571
2016-10-31,ewma,UNH,Health Care,2.425948683050619e-18,0.09578063517818067
2016-10-31,ewma,AMZN,Consumer Discretionary,0.0,0.0
2016-10-31,ewma,HD,Consumer Discretionary,0.05310061304298527,0.0
2016-10-31,ewma,PG,Consumer Staples,0.1222755524598023,0.03975239437374655
2016-10-31,ewma,KO,Consumer Staples,0.12772444754019774,0.014994462680078756
2016-10-31,ewma,CAT,Industrials,4.985238880844786e-18,3.29131560850039e-18
2016-10-31,ewma,UNP,Industrials,0.001553623166356716,8.987909772423474e-18
2016-10-31,ewma,XOM,Energy,0.04285861979297457,0.03000532716983802
2016-10-31,ewma,CVX,Energy,9.262794969148406e-18,1.2747554677908182e-17
2016-10-31,ewma,NEE,Utilities,1.5381072765843827e-17,1.3333401453712258e-18
2016-10-31,ewma,DUK,Utilities,0.06935757229981857,0.14999030377733447
2016-10-31,ewma,AMT,Real Estate,0.0,0.0
2016-10-31,ewma,PLD,Real Estate,0.0,5.968954676499154e-18
2016-10-31,ewma,APD,Materials,0.14999999999999997,0.14483679603717553
2016-10-31,ewma,NEM,Materials,1.2440167755531996e-17,0.0
2016-10-31,ewma,GOOGL,Communication Services,0.01588732722888843,0.09009342035870352
2016-10-31,ewma,META,Communication Services,0.04029881194859713,0.05672838193541814
2016-10-31,ledoit_wolf,AAPL,Information Technology,0.025482471314459795,0.030496166071520055
2016-10-31,ledoit_wolf,MSFT,Information Technology,8.64481825967739e-18,0.0
2016-10-31,ledoit_wolf,JPM,Financials,0.0,5.3709587845771315e-18
2016-10-31,ledoit_wolf,BAC,Financials,0.010548432904236325,0.007890352552067924
2016-10-31,ledoit_wolf,JNJ,Health Care,0.14999999999999997,0.1487564956936211
2016-10-31,ledoit_wolf,UNH,Health Care,0.04742195104529698,0.04962111181591838
2016-10-31,ledoit_wolf,AMZN,Consumer Discretionary,0.003635456106342644,0.006309252664987681
2016-10-31,ledoit_wolf,HD,Consumer Discretionary,0.10714065976072226,0.09502385835626151
2016-10-31,ledoit_wolf,PG,Consumer Staples,0.10000000000000002,0.0984350506435218
2016-10-31,ledoit_wolf,KO,Consumer Staples,0.15,0.15178743098751066
2016-10-31,ledoit_wolf,CAT,Industrials,0.02179560868684887,0.012450260212612623
2016-10-31,ledoit_wolf,UNP,Industrials,1.28473722274796e-18,1.125510549072356e-17
2016-10-31,ledoit_wolf,XOM,Energy,0.038059036509014474,0.037770819176745934
2016-10-31,ledoit_wolf,CVX,Energy,1.0605487774334281e-17,0.0
2016-10-31,ledoit_wolf,NEE,Utilities,0.08851569441668103,0.09537683979140839
2016-10-31,ledoit_wolf,DUK,Utilities,0.15,0.15146325779773198
2016-10-31,ledoit_wolf,AMT,Real Estate,0.011858117492118382,0.014482048358379528
2016-10-31,ledoit_wolf,PLD,Real Estate,1.2359693008097937e-17,0.0
2016-10-31,ledoit_wolf,APD,Materials,0.025297228194998078,0.028753213911766287
2016-10-31,ledoit_wolf,NEM,Materials,0.028787326121653425,0.030880686321296622
2016-10-31,ledoit_wolf,GOOGL,Communication Services,0.04145801744762769,0.040503155644649576
2016-10-31,ledoit_wolf,META,Communication Services,2.1895801686523664e-18,0.0
2016-10-31,equal_weight,AAPL,Information Technology,0.045454545454545456,0.04602393865785584
2016-10-31,equal_weight,MSFT,Information Technology,0.045454545454545456,0.047671056394885024
2016-10-31,equal_weight,JPM,Financials,0.045454545454545456,0.04800920710840861
2016-10-31,equal_weight,BAC,Financials,0.045454545454545456,0.04831422666964165
2016-10-31,equal_weight,JNJ,Health Care,0.045454545454545456,0.04499515372561702
2016-10-31,equal_weight,UNH,Health Care,0.045454545454545456,0.046260648476999386
2016-10-31,equal_weight,AMZN,Consumer Discretionary,0.045454545454545456,0.043226223324978025
2016-10-31,equal_weight,HD,Consumer Discretionary,0.045454545454545456,0.04345000894961273
2016-10-31,equal_weight,PG,Consumer Staples,0.045454545454545456,0.04466124536319076
2016-10-31,equal_weight,KO,Consumer Staples,0.045454545454545456,0.04591193654471383
2016-10-31,equal_weight,CAT,Industrials,0.045454545454545456,0.04346447586778941
2016-10-31,equal_weight,UNP,Industrials,0.045454545454545456,0.041432151459249215
2016-10-31,equal_weight,XOM,Energy,0.045454545454545456,0.043746157719977204
2016-10-31,equal_weight,CVX,Energy,0.045454545454545456,0.046640134599888895
2016-10-31,equal_weight,NEE,Utilities,0.045454545454545456,0.04795324317136115
2016-10-31,equal_weight,DUK,Utilities,0.045454545454545456,0.04581388218789528
2016-10-31,equal_weight,AMT,Real Estate,0.045454545454545456,0.04738611169893007
2016-10-31,equal_weight,PLD,Real Estate,0.045454545454545456,0.04464416753825072
2016-10-31,equal_weight,APD,Materials,0.045454545454545456,0.0442397657915944
2016-10-31,equal_weight,NEM,Materials,0.045454545454545456,0.04320106516277101
2016-10-31,equal_weight,GOOGL,Communication Services,0.045454545454545456,0.04615815138427625
2016-10-31,equal_weight,META,Communication Services,0.045454545454545456,0.046797048202113695
2016-11-30,sample,AAPL,Information Technology,0.013954376970542437,0.0243848371811465
2016-11-30,sample,MSFT,Information Technology,1.5572700735270312e-18,1.7252760287337687e-18
2016-11-30,sample,JPM,Financials,3.564314642046096e-18,0.0
2016-11-30,sample,BAC,Financials,0.019974228850080916,0.013084115929547462
2016-11-30,sample,JNJ,Health Care,0.14999999999999997,0.14773009164943926
2016-11-30,sample,UNH,Health Care,0.0557907365081531,0.054363993820015215
2016-11-30,sample,AMZN,Consumer Discretionary,0.0,0.0024274353464050218
2016-11-30,sample,HD,Consumer Discretionary,0.12409499522263616,0.12305064502523919
2016-11-30,sample,PG,Consumer Staples,0.1,0.0968358136189124
2016-11-30,sample,KO,Consumer Staples,0.15,0.14673623307068398
2016-11-30,sample,CAT,Industrials,0.03260075086502061,0.024779419801799853
2016-11-30,sample,UNP,Industrials,5.827586677109586e-18,0.0
2016-11-30,sample,XOM,Energy,0.03691793292521533,0.041085311295189796
2016-11-30,sample,CVX,Energy,9.859463506040056e-19,1.5630077701798666e-18
2016-11-30,sample,NEE,Utilities,0.09097942880811462,0.0829996431551421
2016-11-30,sample,DUK,Utilities,0.15,0.14256166767404835
2016-11-30,sample,AMT,Real Estate,1.81010940828244e-18,0.006932913978119792
2016-11-30,sample,PLD,Real Estate,1.6557800052927063e-17,2.2406948465268336e-18
2016-11-30,sample,APD,Materials,0.021566814434041133,0.025833326339418605
2016-11-30,sample,NEM,Materials,0.02631065687185118,0.025876853556717483
2016-11-30,sample,GOOGL,Communication Services,0.027810078544344613,0.041317698558175
2016-11-30,sample,META,Communication Services,5.836057006582129e-19,0.0
2016-11-30,ewma,AAPL,Information Technology,0.08615165499514495,0.07416702618588465
2016-11-30,ewma,MSFT,Information Technology,0.0,9.457669012986586e-18
2016-11-30,ewma,JPM,Financials,0.06419526999564895,0.17105812868503212
2016-11-30,ewma,BAC,Financials,0.01886003724771223,0.0
2016-11-30,ewma,JNJ,Health Care,0.15,0.14278411281108092
2016-11-30,ewma,UNH,Health Care,0.04478196441999517,2.688017145518832e-18
2016-11-30,ewma,AMZN,Consumer Discretionary,1.3623677923638167e-17,0.0
2016-11-30,ewma,HD,Consumer Discretionary,0.11952262252465645,0.05577781777174055
2016-11-30,ewma,PG,Consumer Staples,0.09886627883699489,0.11444229532940198
2016-11-30,ewma,KO,Consumer Staples,0.0363878892596296,0.12076221213142094
2016-11-30,ewma,CAT,Industrials,0.0,5.6235036686746455e-18
2016-11-30,ewma,UNP,Industrials,0.022226229608189776,0.0017693663129957494
2016-11-30,ewma,XOM,Energy,0.015487904441008934,0.04463288979814036
2016-11-30,ewma,CVX,Energy,0.11897608910936354,9.816254669826716e-18
2016-11-30,ewma,NEE,Utilities,0.09549438034332355,1.3626898796203033e-17
2016-11-30,ewma,DUK,Utilities,7.902817397882622e-18,0.0637112772115572
2016-11-30,ewma,AMT,Real Estate,0.0,0.0
2016-11-30,ewma,PLD,Real Estate,0.0005576535775722426,0.0
2016-11-30,ewma,APD,Materials,0.1095207795532125,0.16000779882026953
2016-11-30,ewma,NEM,Materials,0.01897124608754733,1.0733944076146614e-17
2016-11-30,ewma,GOOGL,Communication Services,0.0,0.014994679640705165
2016-11-30,ewma,META,Communication Services,1.5322826015830293e-18,0.03589239530177115
2016-11-30,ledoit_wolf,AAPL,Information Technology,0.015962379432255522,0.025422639500887998
2016-11-30,ledoit_wolf,MSFT,Information Technology,7.705352842053963e-20,8.924835510516019e-18
2016-11-30,ledoit_wolf,JPM,Financials,0.0,0.0
2016-11-30,ledoit_wolf,BAC,Financials,0.02108677953796171,0.013818768831879078
2016-11-30,ledoit_wolf,JNJ,Health Care,0.15,0.14778136490800037
2016-11-30,ledoit_wolf,UNH,Health Care,0.05577473749372122,0.054383809823078146
2016-11-30,ledoit_wolf,AMZN,Consumer Discretionary,0.0,0.0035227756972686587
2016-11-30,ledoit_wolf,HD,Consumer Discretionary,0.11799506502500216,0.11648126714094427
2016-11-30,ledoit_wolf,PG,Consumer Staples,0.10000000000000002,0.09686942280208036
2016-11-30,ledoit_wolf,KO,Consumer Staples,0.15,0.14678716138687553
2016-11-30,ledoit_wolf,CAT,Industrials,0.032050016591115484,0.025446602007499777
2016-11-30,ledoit_wolf,UNP,Industrials,0.0,1.5143496417243068e-18
2016-11-30,ledoit_wolf,XOM,Energy,0.03750630047142371,0.04102177055097338
2016-11-30,ledoit_wolf,CVX,Energy,2.8102700305325566e-18,1.163253049200522e-17
2016-11-30,ledoit_wolf,NEE,Utilities,0.08973878256279649,0.08116531352114507
2016-11-30,ledoit_wolf,DUK,Utilities,0.15,0.14261114710756087
2016-11-30,ledoit_wolf,AMT,Real Estate,0.0,0.010552039970711522
2016-11-30,ledoit_wolf,PLD,Real Estate,0.0,1.229846794165679e-17
2016-11-30,ledoit_wolf,APD,Materials,0.024210254864849012,0.027929464959823576
2016-11-30,ledoit_wolf,NEM,Materials,0.026533995852748415,0.025708350079487963
2016-11-30,ledoit_wolf,GOOGL,Communication Services,0.029141688168126255,0.040498101711783224
2016-11-30,ledoit_wolf,META,Communication Services,8.171432721280642e-18,2.0184167255158644e-18
2016-11-30,equal_weight,AAPL,Information Technology,0.045454545454545456,0.043708462193220325
2016-11-30,equal_weight,MSFT,Information Technology,0.045454545454545456,0.04523043710970653
2016-11-30,equal_weight,JPM,Financials,0.045454545454545456,0.05171049265321932
2016-11-30,equal_weight,BAC,Financials,0.045454545454545456,0.05739417779341129
2016-11-30,equal_weight,JNJ,Health Care,0.045454545454545456,0.04316332040618129
2016-11-30,equal_weight,UNH,Health Care,0.045454545454545456,0.050243124862030565
2016-11-30,equal_weight,AMZN,Consumer Discretionary,0.045454545454545456,0.042453403933482604
2016-11-30,equal_weight,HD,Consumer Discretionary,0.045454545454545456,0.047630835744365135
2016-11-30,equal_weight,PG,Consumer Staples,0.045454545454545456,0.042439781936352415
2016-11-30,equal_weight,KO,Consumer Staples,0.045454545454545456,0.04287293788631499
2016-11-30,equal_weight,CAT,Industrials,0.045454545454545456,0.05115018714671634
2016-11-30,equal_weight,UNP,Industrials,0.045454545454545456,0.05164143285036043
2016-11-30,equal_weight,XOM,Energy,0.045454545454545456,0.047221854993577735
2016-11-30,equal_weight,CVX,Energy,0.045454545454545456,0.04805404864736032
2016-11-30,equal_weight,NEE,Utilities,0.045454545454545456,0.04017321800420477
2016-11-30,equal_weight,DUK,Utilities,0.045454545454545456,0.04165322630447204
2016-11-30,equal_weight,AMT,Real Estate,0.045454545454545456,0.03898585922889033
2016-11-30,equal_weight,PLD,Real Estate,0.045454545454545456,0.043594305300888196
2016-11-30,equal_weight,APD,Materials,0.045454545454545456,0.048370002460323525
2016-11-30,equal_weight,NEM,Materials,0.045454545454545456,0.03912544671768132
2016-11-30,equal_weight,GOOGL,Communication Services,0.045454545454545456,0.04279692528572384
2016-11-30,equal_weight,META,Communication Services,0.045454545454545456,0.04038651854151655
2016-12-30,sample,AAPL,Information Technology,0.020814286227049294,0.014165666802723745
2016-12-30,sample,MSFT,Information Technology,1.8768556045260787e-17,1.5555714538175125e-18
2016-12-30,sample,JPM,Financials,2.6842474098488778e-18,3.716283548407782e-18
2016-12-30,sample,BAC,Financials,0.02403996018654992,0.02024661012533564
2016-12-30,sample,JNJ,Health Care,0.15,0.15040778460454704
2016-12-30,sample,UNH,Health Care,0.06468044108170569,0.054630951446356456
2016-12-30,sample,AMZN,Consumer Discretionary,5.169442077092995e-18,0.0
2016-12-30,sample,HD,Consumer Discretionary,0.10314340594713108,0.12455694380449049
2016-12-30,sample,PG,Consumer Staples,0.1,0.09877185064918148
2016-12-30,sample,KO,Consumer Staples,0.15,0.1493004110509827
2016-12-30,sample,CAT,Industrials,0.02500801960024624,0.030648024071379898
2016-12-30,sample,UNP,Industrials,0.0,5.776033068937768e-18
2016-12-30,sample,XOM,Energy,0.03739329715158974,0.03697451435101269
2016-12-30,sample,CVX,Energy,0.0,1.0076396913519392e-18
2016-12-30,sample,NEE,Utilities,0.08576423467595666,0.09216569606296061
2016-12-30,sample,DUK,Utilities,0.15,0.15288650495112344
2016-12-30,sample,AMT,Real Estate,7.437796309840011e-18,1.821808764995607e-18
2016-12-30,sample,PLD,Real Estate,0.0,1.6770995764308293e-17
2016-12-30,sample,APD,Materials,0.03454646952249669,0.020922951179352098
2016-12-30,sample,NEM,Materials,0.026018780052914817,0.026807474851358044
2016-12-30,sample,GOOGL,Communication Services,0.028591105554359696,0.02751461604919558
2016-12-30,sample,META,Communication Services,1.0791199748019786e-18,5.49243641778582e-19
2016-12-30,ewma,AAPL,Information Technology,0.13868236308884213,0.08714046875803745
2016-12-30,ewma,MSFT,Information Technology,0.0,0.0
2016-12-30,ewma,JPM,Financials,0.15,0.0666907395825444
2016-12-30,ewma,BAC,Financials,0.0,0.01904822623477726
2016-12-30,ewma,JNJ,Health Care,0.15,0.14986492829488834
2016-12-30,ewma,UNH,Health Care,0.10000000000000003,0.043692762675950625
2016-12-30,ewma,AMZN,Consumer Discretionary,0.0,1.3137198908720119e-17
2016-12-30,ewma,HD,Consumer Discretionary,0.021787915223004474,0.1195345597679276
2016-12-30,ewma,PG,Consumer Staples,0.12306823475199845,0.09729960454125343
2016-12-30,ewma,KO,Consumer Staples,1.1275702593849246e-17,0.03608745908226299
2016-12-30,ewma,CAT,Industrials,1.6263032587282567e-18,0.0
2016-12-30,ewma,UNP,Industrials,0.0,0.021950095874653436
2016-12-30,ewma,XOM,Energy,0.0,0.015455656539144526
2016-12-30,ewma,CVX,Energy,0.15,0.12115500703719322
2016-12-30,ewma,NEE,Utilities,1.8973538018496328e-18,0.09639036219845262
2016-12-30,ewma,DUK,Utilities,0.0,8.025822241234703e-18
2016-12-30,ewma,AMT,Real Estate,0.09705062141218389,0.0
2016-12-30,ewma,PLD,Real Estate,0.0,0.0005627952247743137
2016-12-30,ewma,APD,Materials,0.06816026002911431,0.10586762302447092
2016-12-30,ewma,NEM,Materials,0.0012506054948567848,0.019259711163669088
2016-12-30,ewma,GOOGL,Communication Services,0.0,0.0
2016-12-30,ewma,META,Communication Services,0.0,1.436858755856249e-18
2016-12-30,ledoit_wolf,AAPL,Information Technology,0.022255755401280667,0.01620485014892178
2016-12-30,ledoit_wolf,MSFT,Information Technology,0.0,7.697317058406766e-20
2016-12-30,ledoit_wolf,JPM,Financials,5.778458766168837e-18,0.0
2016-12-30,ledoit_wolf,BAC,Financials,0.02477360072852218,0.02137535687380488
2016-12-30,ledoit_wolf,JNJ,Health Care,0.15,0.1504149946404684
2016-12-30,ledoit_wolf,UNH,Health Care,0.0640682790930938,0.05461790309189731
2016-12-30,ledoit_wolf,AMZN,Consumer Discretionary,3.066259269060567e-19,0.0
2016-12-30,ledoit_wolf,HD,Consumer Discretionary,0.09840695196263176,0.11843998370926602
2016-12-30,ledoit_wolf,PG,Consumer Staples,0.1,0.09877658543463866
2016-12-30,ledoit_wolf,KO,Consumer Staples,0.15,0.1493075680031948
2016-12-30,ledoit_wolf,CAT,Industrials,0.025499957486355328,0.03013172214027268
2016-12-30,ledoit_wolf,UNP,Industrials,6.42898006966014e-19,0.0
2016-12-30,ledoit_wolf,XOM,Energy,0.03748663277692754,0.037565584324888185
2016-12-30,ledoit_wolf,CVX,Energy,0.0,2.8722408358029132e-18
2016-12-30,ledoit_wolf,NEE,Utilities,0.08475676274400631,0.09091323107673209
2016-12-30,ledoit_wolf,DUK,Utilities,0.15,0.15289383380843946
2016-12-30,ledoit_wolf,AMT,Real Estate,0.0,0.0
2016-12-30,ledoit_wolf,PLD,Real Estate,1.7220179817679926e-18,0.0
2016-12-30,ledoit_wolf,APD,Materials,0.03602422725037178,0.02348859932020259
2016-12-30,ledoit_wolf,NEM,Materials,0.026200152208538732,0.027036327057123683
2016-12-30,ledoit_wolf,GOOGL,Communication Services,0.030527680348271954,0.02883346037014979
2016-12-30,ledoit_wolf,META,Communication Services,0.0,7.690676437668165e-18
2016-12-30,equal_weight,AAPL,Information Technology,0.045454545454545456,0.04628427086111769
2016-12-30,equal_weight,MSFT,Information Technology,0.045454545454545456,0.04554417948225919
2016-12-30,equal_weight,JPM,Financials,0.045454545454545456,0.047537863939240046
2016-12-30,equal_weight,BAC,Financials,0.045454545454545456,0.046215659393193914
2016-12-30,equal_weight,JNJ,Health Care,0.045454545454545456,0.04571786181188144
2016-12-30,equal_weight,UNH,Health Care,0.045454545454545456,0.044646099694135015
2016-12-30,equal_weight,AMZN,Consumer Discretionary,0.045454545454545456,0.044125086221835946
2016-12-30,equal_weight,HD,Consumer Discretionary,0.045454545454545456,0.04576363700312543
2016-12-30,equal_weight,PG,Consumer Staples,0.045454545454545456,0.045033950510829035
2016-12-30,equal_weight,KO,Consumer Staples,0.045454545454545456,0.04538126519735716
2016-12-30,equal_weight,CAT,Industrials,0.045454545454545456,0.04286291789605224
2016-12-30,equal_weight,UNP,Industrials,0.045454545454545456,0.04519056637675766
2016-12-30,equal_weight,XOM,Energy,0.045454545454545456,0.04566379030965962
2016-12-30,equal_weight,CVX,Energy,0.045454545454545456,0.04659709448592976
2016-12-30,equal_weight,NEE,Utilities,0.045454545454545456,0.04618840408549334
2016-12-30,equal_weight,DUK,Utilities,0.045454545454545456,0.04647129219165218
2016-12-30,equal_weight,AMT,Real Estate,0.045454545454545456,0.04588860090235765
2016-12-30,equal_weight,PLD,Real Estate,0.045454545454545456,0.046180972107126544
2016-12-30,equal_weight,APD,Materials,0.045454545454545456,0.04423273518151294
2016-12-30,equal_weight,NEM,Materials,0.045454545454545456,0.046454851015815986
2016-12-30,equal_weight,GOOGL,Communication Services,0.045454545454545456,0.04510950864610463
2016-12-30,equal_weight,META,Communication Services,0.045454545454545456,0.042909392686562464
2017-01-31,sample,AAPL,Information Technology,0.020804973938238158,0.021530846749789164
2017-01-31,sample,MSFT,Information Technology,3.091352620122976e-18,1.927842887547308e-17
2017-01-31,sample,JPM,Financials,5.376541632696671e-19,2.613522929174533e-18
2017-01-31,sample,BAC,Financials,0.025565025254639443,0.02431427164748934
2017-01-31,sample,JNJ,Health Care,0.15,0.14557360938907982
2017-01-31,sample,UNH,Health Care,0.0785373546598649,0.06468014855048086
2017-01-31,sample,AMZN,Consumer Discretionary,0.0,5.604724201629903e-18
2017-01-31,sample,HD,Consumer Discretionary,0.12537548113496658,0.10449035699783124
2017-01-31,sample,PG,Consumer Staples,0.09999999999999999,0.103677204391658
2017-01-31,sample,KO,Consumer Staples,0.15,0.14848597235960626
2017-01-31,sample,CAT,Industrials,0.02618722359789247,0.025678795205644072
2017-01-31,sample,UNP,Industrials,1.6453615000414784e-18,0.0
2017-01-31,sample,XOM,Energy,0.03324594386777201,0.03431248425389592
2017-01-31,sample,CVX,Energy,0.0,0.0
2017-01-31,sample,NEE,Utilities,0.07363636500627191,0.08769346150640386
2017-01-31,sample,DUK,Utilities,0.15,0.14984833433201675
2017-01-31,sample,AMT,Real Estate,8.246077499757427e-18,7.191764146598513e-18
2017-01-31,sample,PLD,Real Estate,4.7047386264056044e-18,0.0
2017-01-31,sample,APD,Materials,0.04086547775695582,0.033144444533847524
2017-01-31,sample,NEM,Materials,0.02017289062615555,0.02735431827037483
2017-01-31,sample,GOOGL,Communication Services,0.005609264157243217,0.02921575181188214
2017-01-31,sample,META,Communication Services,9.428429615006024e-18,1.2068065666578876e-18
2017-01-31,ewma,AAPL,Information Technology,0.11255321293808752,0.14558273446720052
2017-01-31,ewma,MSFT,Information Technology,0.0,0.0
2017-01-31,ewma,JPM,Financials,0.093537943495805,0.1482122440367081
2017-01-31,ewma,BAC,Financials,0.0,0.0
2017-01-31,ewma,JNJ,Health Care,0.15,0.1477310219088154
2017-01-31,ewma,UNH,Health Care,0.10000000000000002,0.10148154901387946
2017-01-31,ewma,AMZN,Consumer Discretionary,0.005001961760432352,0.0
2017-01-31,ewma,HD,Consumer Discretionary,0.15,0.022399559266689847
2017-01-31,ewma,PG,Consumer Staples,0.09337731208351266,0.12948465418969296
2017-01-31,ewma,KO,Consumer Staples,0.0,1.132731120883325e-17
2017-01-31,ewma,CAT,Industrials,1.8287441331220344e-18,1.6946730644774556e-18
2017-01-31,ewma,UNP,Industrials,0.019766725021697348,0.0
2017-01-31,ewma,XOM,Energy,0.0,0.0
2017-01-31,ewma,CVX,Energy,0.04779069049169451,0.14217970584809075
2017-01-31,ewma,NEE,Utilities,0.07920375486917218,1.968785356277047e-18
2017-01-31,ewma,DUK,Utilities,0.0687148622937575,0.0
2017-01-31,ewma,AMT,Real Estate,0.029232460741795172,0.09523104017439939
2017-01-31,ewma,PLD,Real Estate,3.339003878076452e-18,0.0
2017-01-31,ewma,APD,Materials,0.038271498562325056,0.06636320687338794
2017-01-31,ewma,NEM,Materials,0.012549577741720847,0.0013342842211357534
2017-01-31,ewma,GOOGL,Communication Services,0.0,0.0
2017-01-31,ewma,META,Communication Services,0.0,0.0
2017-01-31,ledoit_wolf,AAPL,Information Technology,0.02166162755717408,0.02302261657083969
2017-01-31,ledoit_wolf,MSFT,Information Technology,0.0,0.0
2017-01-31,ledoit_wolf,JPM,Financials,0.0,5.626373309396583e-18
2017-01-31,ledoit_wolf,BAC,Financials,0.025940453349925535,0.025057019325320312
2017-01-31,ledoit_wolf,JNJ,Health Care,0.15,0.14557788442551065
2017-01-31,ledoit_wolf,UNH,Health Care,0.0775999249084782,0.06406987080469083
2017-01-31,ledoit_wolf,AMZN,Consumer Discretionary,8.029687051513555e-18,3.3245448855704196e-19
2017-01-31,ledoit_wolf,HD,Consumer Discretionary,0.12040178446154308,0.09969497724063184
2017-01-31,ledoit_wolf,PG,Consumer Staples,0.10000000000000003,0.10368024906320045
2017-01-31,ledoit_wolf,KO,Consumer Staples,0.15,0.14849033292292518
2017-01-31,ledoit_wolf,CAT,Industrials,0.026340086370639205,0.02618469699549673
2017-01-31,ledoit_wolf,UNP,Industrials,0.0006230067535661102,6.524977385977528e-19
2017-01-31,ledoit_wolf,XOM,Energy,0.03459126059009761,0.03439914017338696
2017-01-31,ledoit_wolf,CVX,Energy,0.0,0.0
2017-01-31,ledoit_wolf,NEE,Utilities,0.07310154893055146,0.08666587198664144
2017-01-31,ledoit_wolf,DUK,Utilities,0.15,0.14985273490359743
2017-01-31,ledoit_wolf,AMT,Real Estate,1.5234681649756643e-18,0.0
2017-01-31,ledoit_wolf,PLD,Real Estate,0.0,1.573282595644186e-18
2017-01-31,ledoit_wolf,APD,Materials,0.0417075614365645,0.0345632443074514
2017-01-31,ledoit_wolf,NEM,Materials,0.02024716506873299,0.02754580912810289
2017-01-31,ledoit_wolf,GOOGL,Communication Services,0.0077855805727273,0.03119555215220379
2017-01-31,ledoit_wolf,META,Communication Services,0.0,0.0
2017-01-31,equal_weight,AAPL,Information Technology,0.045454545454545456,0.04683340289781028
2017-01-31,equal_weight,MSFT,Information Technology,0.045454545454545456,0.04650470601214847
2017-01-31,equal_weight,JPM,Financials,0.045454545454545456,0.0440818588077577
2017-01-31,equal_weight,BAC,Financials,0.045454545454545456,0.04579137111754032
2017-01-31,equal_weight,JNJ,Health Care,0.045454545454545456,0.043938731861432816
2017-01-31,equal_weight,UNH,Health Care,0.045454545454545456,0.045274552156241696
2017-01-31,equal_weight,AMZN,Consumer Discretionary,0.045454545454545456,0.049087023716336435
2017-01-31,equal_weight,HD,Consumer Discretionary,0.045454545454545456,0.04586600054780651
2017-01-31,equal_weight,PG,Consumer Staples,0.045454545454545456,0.04693960227089505
2017-01-31,equal_weight,KO,Consumer Staples,0.045454545454545456,0.04481777536514311
2017-01-31,equal_weight,CAT,Industrials,0.045454545454545456,0.04648913546718018
2017-01-31,equal_weight,UNP,Industrials,0.045454545454545456,0.045949448693831316
2017-01-31,equal_weight,XOM,Energy,0.045454545454545456,0.04154459494854944
2017-01-31,equal_weight,CVX,Energy,0.045454545454545456,0.04228763796985466
2017-01-31,equal_weight,NEE,Utilities,0.045454545454545456,0.04629319165817283
2017-01-31,equal_weight,DUK,Utilities,0.045454545454545456,0.04522897941273916
2017-01-31,equal_weight,AMT,Real Estate,0.045454545454545456,0.04377712967753938
2017-01-31,equal_weight,PLD,Real Estate,0.045454545454545456,0.04136303807632057
2017-01-31,equal_weight,APD,Materials,0.045454545454545456,0.04343733788996845
2017-01-31,equal_weight,NEM,Materials,0.045454545454545456,0.047598700166357456
2017-01-31,equal_weight,GOOGL,Communication Services,0.045454545454545456,0.04626390046494328
2017-01-31,equal_weight,META,Communication Services,0.045454545454545456,0.05063188082143131
2017-02-28,sample,AAPL,Information Technology,0.02263223917069245,0.022576977234221456
2017-02-28,sample,MSFT,Information Technology,5.942359641462544e-18,2.945912213774522e-18
2017-02-28,sample,JPM,Financials,6.748311490775011e-18,5.510272882289996e-19
2017-02-28,sample,BAC,Financials,0.020203887735466927,0.0266738422877919
2017-02-28,sample,JNJ,Health Care,0.15,0.15595333002101672
2017-02-28,sample,UNH,Health Care,0.07905090721255577,0.07669140842757297
2017-02-28,sample,AMZN,Consumer Discretionary,0.0,0.0
2017-02-28,sample,HD,Consumer Discretionary,0.13094287905625115,0.1263939424638254
2017-02-28,sample,PG,Consumer Staples,0.1,0.09950430940167385
2017-02-28,sample,KO,Consumer Staples,0.15,0.14491627567917165
2017-02-28,sample,CAT,Industrials,0.03300111996962912,0.025326581395974726
2017-02-28,sample,UNP,Industrials,0.0028542593150900054,1.6040140106403797e-18
2017-02-28,sample,XOM,Energy,0.030104157286519863,0.031127876640168858
2017-02-28,sample,CVX,Energy,1.1173211607231476e-17,0.0
2017-02-28,sample,NEE,Utilities,0.08246243550280664,0.07519897058552717
2017-02-28,sample,DUK,Utilities,0.15,0.152571136092226
2017-02-28,sample,AMT,Real Estate,0.0,8.753496746892042e-18
2017-02-28,sample,PLD,Real Estate,3.65579420034956e-18,4.7058411533165414e-18
2017-02-28,sample,APD,Materials,0.03186557606607865,0.03931224168181653
2017-02-28,sample,NEM,Materials,0.0168825386849094,0.018222375311629825
2017-02-28,sample,GOOGL,Communication Services,1.3463588696607104e-18,0.005530732777382822
2017-02-28,sample,META,Communication Services,5.4358339390044724e-18,9.385691429630522e-18
2017-02-28,ewma,AAPL,Information Technology,0.07394597182654879,0.1201521727007867
2017-02-28,ewma,MSFT,Information Technology,0.07523241270268542,0.0
2017-02-28,ewma,JPM,Financials,0.008841991472291283,0.09430463179251546
2017-02-28,ewma,BAC,Financials,0.0,0.0
2017-02-28,ewma,JNJ,Health Care,0.13540815567674444,0.15341568560592556
2017-02-28,ewma,UNH,Health Care,0.002124008829751648,0.09606065802663653
2017-02-28,ewma,AMZN,Consumer Discretionary,0.0,0.004832926890352137
2017-02-28,ewma,HD,Consumer Discretionary,0.09017646937020886,0.14875789341500145
2017-02-28,ewma,PG,Consumer Staples,0.0504211936021728,0.09140256238767774
2017-02-28,ewma,KO,Consumer Staples,0.15,0.0
2017-02-28,ewma,CAT,Industrials,0.02860947030226666,1.7398634885458725e-18
2017-02-28,ewma,UNP,Industrials,0.03828080230280609,0.01895643473089529
2017-02-28,ewma,XOM,Energy,0.08302291416669345,0.0
2017-02-28,ewma,CVX,Energy,0.06754754904833987,0.04589744031842198
2017-02-28,ewma,NEE,Utilities,0.015539345793597907,0.0795683655979748
2017-02-28,ewma,DUK,Utilities,0.04496271014088446,0.06875541603071274
2017-02-28,ewma,AMT,Real Estate,3.683746287608952e-18,0.030526333905651893
2017-02-28,ewma,PLD,Real Estate,5.0525515303719015e-18,3.285441953096174e-18
2017-02-28,ewma,APD,Materials,0.014811968267925139,0.03621777855442471
2017-02-28,ewma,NEM,Materials,0.009477772815763393,0.011151700043023457
2017-02-28,ewma,GOOGL,Communication Services,5.0889739471038364e-18,0.0
2017-02-28,ewma,META,Communication Services,0.11159726368131988,0.0
2017-02-28,ledoit_wolf,AAPL,Information Technology,0.02468453055046912,0.023509333099132317
2017-02-28,ledoit_wolf,MSFT,Information Technology,0.0,0.0
2017-02-28,ledoit_wolf,JPM,Financials,3.7438856268640075e-18,0.0
2017-02-28,ledoit_wolf,BAC,Financials,0.02057545792601945,0.027068707598725397
2017-02-28,ledoit_wolf,JNJ,Health Care,0.15,0.15597150350085887
2017-02-28,ledoit_wolf,UNH,Health Care,0.07803095881230143,0.0757848423702438
2017-02-28,ledoit_wolf,AMZN,Consumer Discretionary,6.2680438096818225e-18,7.887583520686918e-18
2017-02-28,ledoit_wolf,HD,Consumer Discretionary,0.125084949155237,0.12139398759103556
2017-02-28,ledoit_wolf,PG,Consumer Staples,0.10000000000000003,0.09951590479088988
2017-02-28,ledoit_wolf,KO,Consumer Staples,0.15,0.14493316299420697
2017-02-28,ledoit_wolf,CAT,Industrials,0.030411075900931707,0.025477388912084925
2017-02-28,ledoit_wolf,UNP,Industrials,0.005873374406340173,0.0006074215378940223
2017-02-28,ledoit_wolf,XOM,Energy,0.03239644993870847,0.03239125868625473
2017-02-28,ledoit_wolf,CVX,Energy,4.7196675821009615e-18,0.0
2017-02-28,ledoit_wolf,NEE,Utilities,0.0800212480369699,0.07466150481374544
2017-02-28,ledoit_wolf,DUK,Utilities,0.15,0.15258891543984174
2017-02-28,ledoit_wolf,AMT,Real Estate,0.0,1.6174026563447668e-18
2017-02-28,ledoit_wolf,PLD,Real Estate,1.4704491964334654e-18,0.0
2017-02-28,ledoit_wolf,APD,Materials,0.033346534987427505,0.040126994527411655
2017-02-28,ledoit_wolf,NEM,Materials,0.017269040724171653,0.01829159946347531
2017-02-28,ledoit_wolf,GOOGL,Communication Services,0.002306379561423609,0.007677474674199863
2017-02-28,ledoit_wolf,META,Communication Services,4.119968255444917e-18,0.0
2017-02-28,equal_weight,AAPL,Information Technology,0.045454545454545456,0.04960677117963789
2017-02-28,equal_weight,MSFT,Information Technology,0.045454545454545456,0.043562580314666755
2017-02-28,equal_weight,JPM,Financials,0.045454545454545456,0.046850306362484544
2017-02-28,equal_weight,BAC,Financials,0.045454545454545456,0.047695970980705944
2017-02-28,equal_weight,JNJ,Health Care,0.045454545454545456,0.04752758366190305
2017-02-28,equal_weight,UNH,Health Care,0.045454545454545456,0.04463882825553221
2017-02-28,equal_weight,AMZN,Consumer Discretionary,0.045454545454545456,0.04489904327367704
2017-02-28,equal_weight,HD,Consumer Discretionary,0.045454545454545456,0.04608461772814233
2017-02-28,equal_weight,PG,Consumer Staples,0.045454545454545456,0.04548667914789597
2017-02-28,equal_weight,KO,Consumer Staples,0.045454545454545456,0.04416398428545938
2017-02-28,equal_weight,CAT,Industrials,0.045454545454545456,0.04421091032974719
2017-02-28,equal_weight,UNP,Industrials,0.045454545454545456,0.04456451330839723
2017-02-28,equal_weight,XOM,Energy,0.045454545454545456,0.04280092657367212
2017-02-28,equal_weight,CVX,Energy,0.045454545454545456,0.04462851018756616
2017-02-28,equal_weight,NEE,Utilities,0.045454545454545456,0.046683337284337385
2017-02-28,equal_weight,DUK,Utilities,0.045454545454545456,0.04649684257487582
2017-02-28,equal_weight,AMT,Real Estate,0.045454545454545456,0.04852622460678022
2017-02-28,equal_weight,PLD,Real Estate,0.045454545454545456,0.04572398818539031
2017-02-28,equal_weight,APD,Materials,0.045454545454545456,0.0439757818923118
2017-02-28,equal_weight,NEM,Materials,0.045454545454545456,0.04129326229746699
2017-02-28,equal_weight,GOOGL,Communication Services,0.045454545454545456,0.045073275994367716
2017-02-28,equal_weight,META,Communication Services,0.045454545454545456,0.0455060615749824
2017-03-31,sample,AAPL,Information Technology,0.016143214386326418,0.023693850927671282
2017-03-31,sample,MSFT,Information Technology,2.253107639696439e-18,6.106572576127109e-18
2017-03-31,sample,JPM,Financials,0.0,6.530173279376653e-18
2017-03-31,sample,BAC,Financials,0.006686353075443294,0.019337512028007178
2017-03-31,sample,JNJ,Health Care,0.15,0.1526122673979631
2017-03-31,sample,UNH,Health Care,0.08220568631438592,0.07855454835238607
2017-03-31,sample,AMZN,Consumer Discretionary,0.0,0.0
2017-03-31,sample,HD,Consumer Discretionary,0.14301286094966634,0.13325837662486012
2017-03-31,sample,PG,Consumer Staples,0.1,0.09849263582906423
2017-03-31,sample,KO,Consumer Staples,0.15,0.1527949232691928
2017-03-31,sample,CAT,Industrials,0.045450644307010686,0.03161577373976112
2017-03-31,sample,UNP,Industrials,0.005039345661789269,0.002796083867386952
2017-03-31,sample,XOM,Energy,0.023038988538216676,0.03030798994738592
2017-03-31,sample,CVX,Energy,1.1498472258977127e-18,1.0645588331959149e-17
2017-03-31,sample,NEE,Utilities,0.10338839708569414,0.08066954324809318
2017-03-31,sample,DUK,Utilities,0.13746949996491337,0.14876549168835587
2017-03-31,sample,AMT,Real Estate,7.376809937637702e-18,0.0
2017-03-31,sample,PLD,Real Estate,7.908323112039775e-18,3.742248391251846e-18
2017-03-31,sample,APD,Materials,0.021183686316598505,0.030852599755502804
2017-03-31,sample,NEM,Materials,0.016381323399955478,0.016248403324369512
2017-03-31,sample,GOOGL,Communication Services,7.047314121155779e-19,1.3486358723271254e-18
2017-03-31,sample,META,Communication Services,0.0,5.68723430512246e-18
2017-03-31,ewma,AAPL,Information Technology,2.0103059625549767e-17,0.07662882871780302
2017-03-31,ewma,MSFT,Information Technology,0.13615846800034184,0.07652672343962466
2017-03-31,ewma,JPM,Financials,2.0885313289461024e-18,0.008469333121425596
2017-03-31,ewma,BAC,Financials,0.0,0.0
2017-03-31,ewma,JNJ,Health Care,0.0969605863742532,0.13636802390147948
2017-03-31,ewma,UNH,Health Care,0.0,0.0020892496305998085
2017-03-31,ewma,AMZN,Consumer Discretionary,0.08643209353096282,0.0
2017-03-31,ewma,HD,Consumer Discretionary,0.13473785681660885,0.09083963885927977
2017-03-31,ewma,PG,Consumer Staples,0.09999999999999999,0.04915711890946403
2017-03-31,ewma,KO,Consumer Staples,0.15,0.15124410745518319
2017-03-31,ewma,CAT,Industrials,0.0,0.027130293470440294
2017-03-31,ewma,UNP,Industrials,0.0,0.03711994607124863
2017-03-31,ewma,XOM,Energy,0.03322525605783888,0.08273669567638814
2017-03-31,ewma,CVX,Energy,6.170183180063381e-18,0.06370459777615906
2017-03-31,ewma,NEE,Utilities,0.050779137913357905,0.01504720058194348
2017-03-31,ewma,DUK,Utilities,0.08590222468537288,0.04414006436767813
2017-03-31,ewma,AMT,Real Estate,0.04071190619252188,3.854211247474981e-18
2017-03-31,ewma,PLD,Real Estate,5.362532423767894e-18,5.119542598113774e-18
2017-03-31,ewma,APD,Materials,8.900177879834959e-19,0.014195552582154524
2017-03-31,ewma,NEM,Materials,0.0,0.009029189548427961
2017-03-31,ewma,GOOGL,Communication Services,2.3539727341218706e-18,5.045841887043478e-18
2017-03-31,ewma,META,Communication Services,0.08509247042874181,0.11557343589070035
2017-03-31,ledoit_wolf,AAPL,Information Technology,0.018620063918785238,0.02584134347403301
2017-03-31,ledoit_wolf,MSFT,Information Technology,3.7865019720227395e-18,0.0
2017-03-31,ledoit_wolf,JPM,Financials,1.702774451997559e-18,3.6227156421719984e-18
2017-03-31,ledoit_wolf,BAC,Financials,0.007074851091076875,0.019692336503350744
2017-03-31,ledoit_wolf,JNJ,Health Care,0.15,0.15260597341187573
2017-03-31,ledoit_wolf,UNH,Health Care,0.08197333892023839,0.07753780626391495
2017-03-31,ledoit_wolf,AMZN,Consumer Discretionary,3.234223255523135e-18,6.564419724578956e-18
2017-03-31,ledoit_wolf,HD,Consumer Discretionary,0.1350801570192527,0.12729160946364462
2017-03-31,ledoit_wolf,PG,Consumer Staples,0.09999999999999999,0.09848857382742979
2017-03-31,ledoit_wolf,KO,Consumer Staples,0.15,0.15278862175007069
2017-03-31,ledoit_wolf,CAT,Industrials,0.04244927634525687,0.029133254966109974
2017-03-31,ledoit_wolf,UNP,Industrials,0.008036026034062557,0.005753426133558675
2017-03-31,ledoit_wolf,XOM,Energy,0.025831853653158092,0.03261445838556209
2017-03-31,ledoit_wolf,CVX,Energy,0.0,4.496609191420407e-18
2017-03-31,ledoit_wolf,NEE,Utilities,0.10372991969913549,0.078278203444327
2017-03-31,ledoit_wolf,DUK,Utilities,0.13266062247143806,0.14875935634975598
2017-03-31,ledoit_wolf,AMT,Real Estate,9.374735667083982e-18,0.0
2017-03-31,ledoit_wolf,PLD,Real Estate,0.0,1.5051610933424537e-18
2017-03-31,ledoit_wolf,APD,Materials,0.02600297015800953,0.032285148854734456
2017-03-31,ledoit_wolf,NEM,Materials,0.01701638104339094,0.016619702271469482
2017-03-31,ledoit_wolf,GOOGL,Communication Services,0.0015245396461951413,0.0023101849001625407
2017-03-31,ledoit_wolf,META,Communication Services,0.0,4.3103337442331504e-18
2017-03-31,equal_weight,AAPL,Information Technology,0.045454545454545456,0.047574796725005614
2017-03-31,equal_weight,MSFT,Information Technology,0.045454545454545456,0.0466989810015179
2017-03-31,equal_weight,JPM,Financials,0.045454545454545456,0.04397424567601742
2017-03-31,equal_weight,BAC,Financials,0.045454545454545456,0.04349451212606303
2017-03-31,equal_weight,JNJ,Health Care,0.045454545454545456,0.04623458878703807
2017-03-31,equal_weight,UNH,Health Care,0.045454545454545456,0.04515785359077041
2017-03-31,equal_weight,AMZN,Consumer Discretionary,0.045454545454545456,0.04759387257288878
2017-03-31,equal_weight,HD,Consumer Discretionary,0.045454545454545456,0.04624677431232602
2017-03-31,equal_weight,PG,Consumer Staples,0.045454545454545456,0.044758195986632665
2017-03-31,equal_weight,KO,Consumer Staples,0.045454545454545456,0.046289925223877856
2017-03-31,equal_weight,CAT,Industrials,0.045454545454545456,0.04353554138879146
2017-03-31,equal_weight,UNP,Industrials,0.045454545454545456,0.04451696829569107
2017-03-31,equal_weight,XOM,Energy,0.045454545454545456,0.04575088229124221
2017-03-31,equal_weight,CVX,Energy,0.045454545454545456,0.043297264388134644
2017-03-31,equal_weight,NEE,Utilities,0.045454545454545456,0.0444551678278456
2017-03-31,equal_weight,DUK,Utilities,0.045454545454545456,0.04506919038150969
2017-03-31,equal_weight,AMT,Real Estate,0.045454545454545456,0.04803359348067262
2017-03-31,equal_weight,PLD,Real Estate,0.045454545454545456,0.046517855405413734
2017-03-31,equal_weight,APD,Materials,0.045454545454545456,0.043998594620268304
2017-03-31,equal_weight,NEM,Materials,0.045454545454545456,0.04373627089114941
2017-03-31,equal_weight,GOOGL,Communication Services,0.045454545454545456,0.04552004524825916
2017-03-31,equal_weight,META,Communication Services,0.045454545454545456,0.04754487977888407
2017-04-28,sample,AAPL,Information Technology,0.017573661774112886,0.015747603273010558
2017-04-28,sample,MSFT,Information Technology,0.0,2.2848198406531195e-18
2017-04-28,sample,JPM,Financials,0.0,0.0
2017-04-28,sample,BAC,Financials,0.0002489589832567519,0.006453820839436814
2017-04-28,sample,JNJ,Health Care,0.15,0.1450653693571464
2017-04-28,sample,UNH,Health Care,0.08939854783254511,0.08551185184605217
2017-04-28,sample,AMZN,Consumer Discretionary,0.0,0.0
2017-04-28,sample,HD,Consumer Discretionary,0.1464440560305003,0.14832622493205644
2017-04-28,sample,PG,Consumer Staples,0.10000000000000002,0.0955461085465951
2017-04-28,sample,KO,Consumer Staples,0.15,0.14878234892844358
2017-04-28,sample,CAT,Industrials,0.039990319187508484,0.04928697238194873
2017-04-28,sample,UNP,Industrials,0.008375084361294308,0.0051965327980696375
2017-04-28,sample,XOM,Energy,0.02276009324632367,0.02237729558919755
2017-04-28,sample,CVX,Energy,0.0,1.1147466060976642e-18
2017-04-28,sample,NEE,Utilities,0.10719876087209465,0.1049396203292437
2017-04-28,sample,DUK,Utilities,0.13455773131857554,0.13491128344080933
2017-04-28,sample,AMT,Real Estate,1.7568522117238257e-18,7.495114001267834e-18
2017-04-28,sample,PLD,Real Estate,1.0546618984500107e-18,8.091292505283739e-18
2017-04-28,sample,APD,Materials,0.01786544207034035,0.02146184412770149
2017-04-28,sample,NEM,Materials,0.015587344323448066,0.01639312361028791
2017-04-28,sample,GOOGL,Communication Services,0.0,7.497237979235916e-19
2017-04-28,sample,META,Communication Services,0.0,0.0
2017-04-28,ewma,AAPL,Information Technology,0.024301437651608374,1.9587289045592886e-17
2017-04-28,ewma,MSFT,Information Technology,0.017733593794828573,0.13791210842948873
2017-04-28,ewma,JPM,Financials,2.117582368135751e-18,2.0272096206759676e-18
2017-04-28,ewma,BAC,Financials,0.0,0.0
2017-04-28,ewma,JNJ,Health Care,0.09933528115735284,0.09366027808916284
2017-04-28,ewma,UNH,Health Care,0.09310658135195483,0.0
2017-04-28,ewma,AMZN,Consumer Discretionary,2.188733135705112e-18,0.0878731479772259
2017-04-28,ewma,HD,Consumer Discretionary,0.07260757181979617,0.13957903920077988
2017-04-28,ewma,PG,Consumer Staples,0.031975473651322445,0.09543347196444743
2017-04-28,ewma,KO,Consumer Staples,0.15,0.14860695366094256
2017-04-28,ewma,CAT,Industrials,8.605854744103691e-19,0.0
2017-04-28,ewma,UNP,Industrials,2.019326546254252e-18,0.0
2017-04-28,ewma,XOM,Energy,0.07757059327272595,0.032232964299821316
2017-04-28,ewma,CVX,Energy,1.395910297075087e-18,5.974778302144128e-18
2017-04-28,ewma,NEE,Utilities,0.15,0.05148025987089028
2017-04-28,ewma,DUK,Utilities,0.06425298842268187,0.08420425790926307
2017-04-28,ewma,AMT,Real Estate,0.09877913582737761,0.041316051167109985
2017-04-28,ewma,PLD,Real Estate,0.011710649728175523,5.480133623328979e-18
2017-04-28,ewma,APD,Materials,1.960034239946451e-18,9.006414005874645e-19
2017-04-28,ewma,NEM,Materials,0.0063213691121448866,0.0
2017-04-28,ewma,GOOGL,Communication Services,6.979551485375435e-19,2.5013059459431575e-18
2017-04-28,ewma,META,Communication Services,0.10230532421003108,0.08770146743086804
2017-04-28,ledoit_wolf,AAPL,Information Technology,0.020019997722941517,0.018170344109669577
2017-04-28,ledoit_wolf,MSFT,Information Technology,1.5556818867509294e-18,3.841189582369463e-18
2017-04-28,ledoit_wolf,JPM,Financials,2.2686718701022367e-18,1.655330064974474e-18
2017-04-28,ledoit_wolf,BAC,Financials,0.0012400061390260254,0.006831285501639207
2017-04-28,ledoit_wolf,JNJ,Health Care,0.15,0.14511799917610477
2017-04-28,ledoit_wolf,UNH,Health Care,0.08863608034122013,0.08530109593019439
2017-04-28,ledoit_wolf,AMZN,Consumer Discretionary,0.0,3.293221644687262e-18
2017-04-28,ledoit_wolf,HD,Consumer Discretionary,0.13909783332364972,0.1401496247983181
2017-04-28,ledoit_wolf,PG,Consumer Staples,0.10000000000000003,0.09558077274258661
2017-04-28,ledoit_wolf,KO,Consumer Staples,0.15,0.1488363272702285
2017-04-28,ledoit_wolf,CAT,Industrials,0.03784162084426892,0.046048970109891285
2017-04-28,ledoit_wolf,UNP,Industrials,0.010649252813481143,0.00828969196046443
2017-04-28,ledoit_wolf,XOM,Energy,0.02517088775505695,0.025099050669054396
2017-04-28,ledoit_wolf,CVX,Energy,0.0,0.0
2017-04-28,ledoit_wolf,NEE,Utilities,0.10726131993353573,0.10532446502667007
2017-04-28,ledoit_wolf,DUK,Utilities,0.13114170711819964,0.13023912969097876
2017-04-28,ledoit_wolf,AMT,Real Estate,3.4322304418336284e-18,9.528536757534924e-18
2017-04-28,ledoit_wolf,PLD,Real Estate,0.0,0.0
2017-04-28,ledoit_wolf,APD,Materials,0.022268972614012356,0.026353966578381124
2017-04-28,ledoit_wolf,NEM,Materials,0.016202902924460562,0.017034816716762533
2017-04-28,ledoit_wolf,GOOGL,Communication Services,0.00046941847014717486,0.0016224597190563758
2017-04-28,ledoit_wolf,META,Communication Services,1.0308285088966428e-17,0.0
2017-04-28,equal_weight,AAPL,Information Technology,0.045454545454545456,0.04406470210663796
2017-04-28,equal_weight,MSFT,Information Technology,0.045454545454545456,0.04580748087265312
2017-04-28,equal_weight,JPM,Financials,0.045454545454545456,0.04389715066841589
2017-04-28,equal_weight,BAC,Financials,0.045454545454545456,0.04360075270370351
2017-04-28,equal_weight,JNJ,Health Care,0.045454545454545456,0.04368565752261902
2017-04-28,equal_weight,UNH,Health Care,0.045454545454545456,0.046988419765128416
2017-04-28,equal_weight,AMZN,Consumer Discretionary,0.045454545454545456,0.04597903154604895
2017-04-28,equal_weight,HD,Consumer Discretionary,0.045454545454545456,0.046849961308137865
2017-04-28,equal_weight,PG,Consumer Staples,0.045454545454545456,0.04315979679453295
2017-04-28,equal_weight,KO,Consumer Staples,0.045454545454545456,0.04480500597421592
2017-04-28,equal_weight,CAT,Industrials,0.045454545454545456,0.04898447801615217
2017-04-28,equal_weight,UNP,Industrials,0.045454545454545456,0.04658068937490998
2017-04-28,equal_weight,XOM,Energy,0.045454545454545456,0.04387433810082099
2017-04-28,equal_weight,CVX,Energy,0.045454545454545456,0.04379276883561357
2017-04-28,equal_weight,NEE,Utilities,0.045454545454545456,0.04584944406589688
2017-04-28,equal_weight,DUK,Utilities,0.045454545454545456,0.04433107967455088
2017-04-28,equal_weight,AMT,Real Estate,0.045454545454545456,0.04589612677684742
2017-04-28,equal_weight,PLD,Real Estate,0.045454545454545456,0.04621680127547226
2017-04-28,equal_weight,APD,Materials,0.045454545454545456,0.045764833555240976
2017-04-28,equal_weight,NEM,Materials,0.045454545454545456,0.04520423428120061
2017-04-28,equal_weight,GOOGL,Communication Services,0.045454545454545456,0.048055605578153957
2017-04-28,equal_weight,META,Communication Services,0.045454545454545456,0.04661164120304654
2017-05-31,sample,AAPL,Information Technology,0.02830408854610788,0.01820209033381969
2017-05-31,sample,MSFT,Information Technology,3.5321273900504324e-18,0.0
2017-05-31,sample,JPM,Financials,0.0,0.0
2017-05-31,sample,BAC,Financials,0.0,0.00023262646535039645
2017-05-31,sample,JNJ,Health Care,0.15,0.1521330778048547
2017-05-31,sample,UNH,Health Care,0.08567074885975022,0.08686424030055037
2017-05-31,sample,AMZN,Consumer Discretionary,0.0,0.0
2017-05-31,sample,HD,Consumer Discretionary,0.14881039628255532,0.14049930699189037
2017-05-31,sample,PG,Consumer Staples,0.09999999999999998,0.09784290023334813
2017-05-31,sample,KO,Consumer Staples,0.15,0.15332090248654787
2017-05-31,sample,CAT,Industrials,0.025244191482300515,0.03999258960115403
2017-05-31,sample,UNP,Industrials,0.0027238434445037182,0.00804766208803218
2017-05-31,sample,XOM,Energy,0.0228745411524828,0.021971606670720942
2017-05-31,sample,CVX,Energy,7.657177843178875e-19,0.0
2017-05-31,sample,NEE,Utilities,0.10295493421116121,0.11089409519118873
2017-05-31,sample,DUK,Utilities,0.13052705300519393,0.1369589826233094
2017-05-31,sample,AMT,Real Estate,0.0,1.775163930827317e-18
2017-05-31,sample,PLD,Real Estate,8.375461782450522e-18,1.0442547484931914e-18
2017-05-31,sample,APD,Materials,0.037261795710859386,0.017768346768872543
2017-05-31,sample,NEM,Materials,0.01562840730508512,0.015271572440360766
2017-05-31,sample,GOOGL,Communication Services,7.01004467147659e-18,0.0
2017-05-31,sample,META,Communication Services,9.036147481308876e-18,0.0
2017-05-31,ewma,AAPL,Information Technology,0.026545544497000702,0.02513561646886822
2017-05-31,ewma,MSFT,Information Technology,0.04264256284908827,0.017624267900304937
2017-05-31,ewma,JPM,Financials,0.0,1.936837600052471e-18
2017-05-31,ewma,BAC,Financials,0.0,0.0
2017-05-31,ewma,JNJ,Health Care,0.07843062181326091,0.10060845745127246
2017-05-31,ewma,UNH,Health Care,0.03375681120061003,0.09034196128389893
2017-05-31,ewma,AMZN,Consumer Discretionary,1.2507500257393812e-18,2.2796996406471965e-18
2017-05-31,ewma,HD,Consumer Discretionary,0.10167118333764665,0.06956373928874085
2017-05-31,ewma,PG,Consumer Staples,0.15,0.03124243510142137
2017-05-31,ewma,KO,Consumer Staples,0.10000000000000002,0.1531087248282239
2017-05-31,ewma,CAT,Industrials,1.8746956705105802e-18,8.594433191244134e-19
2017-05-31,ewma,UNP,Industrials,0.0,1.9376961186637404e-18
2017-05-31,ewma,XOM,Energy,0.15,0.07477965623102494
2017-05-31,ewma,CVX,Energy,0.0,1.3246766345739268e-18
2017-05-31,ewma,NEE,Utilities,0.08426013779154985,0.15495603245138406
2017-05-31,ewma,DUK,Utilities,0.15,0.06530911056390554
2017-05-31,ewma,AMT,Real Estate,0.050464459668380035,0.09967059025164733
2017-05-31,ewma,PLD,Real Estate,0.0,0.011579045642937283
2017-05-31,ewma,APD,Materials,0.0,1.94668411465582e-18
2017-05-31,ewma,NEM,Materials,0.03222867884246362,0.006184738618649119
2017-05-31,ewma,GOOGL,Communication Services,1.8604390472171063e-17,7.218261243100022e-19
2017-05-31,ewma,META,Communication Services,0.0,0.09989562391772171
2017-05-31,ledoit_wolf,AAPL,Information Technology,0.028720196822199808,0.020734014206285446
2017-05-31,ledoit_wolf,MSFT,Information Technology,0.0,1.548092541770481e-18
2017-05-31,ledoit_wolf,JPM,Financials,0.0,2.0777169140447323e-18
2017-05-31,ledoit_wolf,BAC,Financials,0.0,0.0011585519745633596
2017-05-31,ledoit_wolf,JNJ,Health Care,0.15,0.15211919477433714
2017-05-31,ledoit_wolf,UNH,Health Care,0.0845517938514418,0.0861155282961395
2017-05-31,ledoit_wolf,AMZN,Consumer Discretionary,0.0,0.0
2017-05-31,ledoit_wolf,HD,Consumer Discretionary,0.14201646252051559,0.1334391185917899
2017-05-31,ledoit_wolf,PG,Consumer Staples,0.10523713518997926,0.09783397149812842
2017-05-31,ledoit_wolf,KO,Consumer Staples,0.14476286481002074,0.15330691106010125
2017-05-31,ledoit_wolf,CAT,Industrials,0.02615253891873694,0.037840315802906754
2017-05-31,ledoit_wolf,UNP,Industrials,0.005048974399588269,0.010231988558738614
2017-05-31,ledoit_wolf,XOM,Energy,0.023075681751645056,0.02429666569266233
2017-05-31,ledoit_wolf,CVX,Energy,1.2440796412797536e-18,0.0
2017-05-31,ledoit_wolf,NEE,Utilities,0.10786664042253258,0.1109486851375848
2017-05-31,ledoit_wolf,DUK,Utilities,0.1243598652563949,0.1334698167190998
2017-05-31,ledoit_wolf,AMT,Real Estate,0.0,3.4676881988307242e-18
2017-05-31,ledoit_wolf,PLD,Real Estate,0.0,0.0
2017-05-31,ledoit_wolf,APD,Materials,0.04221781351931984,0.02214592382707873
2017-05-31,ledoit_wolf,NEM,Materials,0.01599003253762522,0.01587321226314264
2017-05-31,ledoit_wolf,GOOGL,Communication Services,0.0,0.0004861015974410258
2017-05-31,ledoit_wolf,META,Communication Services,0.0,1.0078512586041666e-17
2017-05-31,equal_weight,AAPL,Information Technology,0.045454545454545456,0.04753949865524261
2017-05-31,equal_weight,MSFT,Information Technology,0.045454545454545456,0.04567844936640937
2017-05-31,equal_weight,JPM,Financials,0.045454545454545456,0.04203876204837339
2017-05-31,equal_weight,BAC,Financials,0.045454545454545456,0.04288712324131034
2017-05-31,equal_weight,JNJ,Health Care,0.045454545454545456,0.046550889955021144
2017-05-31,equal_weight,UNH,Health Care,0.045454545454545456,0.044597052580754463
2017-05-31,equal_weight,AMZN,Consumer Discretionary,0.045454545454545456,0.04787202967907907
2017-05-31,equal_weight,HD,Consumer Discretionary,0.045454545454545456,0.04403500285560708
2017-05-31,equal_weight,PG,Consumer Staples,0.045454545454545456,0.04490812399935571
2017-05-31,equal_weight,KO,Consumer Staples,0.045454545454545456,0.04691435000487488
2017-05-31,equal_weight,CAT,Industrials,0.045454545454545456,0.045900799659192866
2017-05-31,equal_weight,UNP,Industrials,0.045454545454545456,0.0441038129852278
2017-05-31,equal_weight,XOM,Energy,0.045454545454545456,0.044308125228032805
2017-05-31,equal_weight,CVX,Energy,0.045454545454545456,0.04361635694534899
2017-05-31,equal_weight,NEE,Utilities,0.045454545454545456,0.04748038722121796
2017-05-31,equal_weight,DUK,Utilities,0.045454545454545456,0.04671727049642106
2017-05-31,equal_weight,AMT,Real Estate,0.045454545454545456,0.04637659197278712
2017-05-31,equal_weight,PLD,Real Estate,0.045454545454545456,0.04544528149365183
2017-05-31,equal_weight,APD,Materials,0.045454545454545456,0.04564874582168839
2017-05-31,equal_weight,NEM,Materials,0.045454545454545456,0.04496837802725454
2017-05-31,equal_weight,GOOGL,Communication Services,0.045454545454545456,0.04753375287020041
2017-05-31,equal_weight,META,Communication Services,0.045454545454545456,0.044879214892948334
2017-06-30,sample,AAPL,Information Technology,0.025350457549368134,0.02662962882621851
2017-06-30,sample,MSFT,Information Technology,0.0,3.47890752979626e-18
2017-06-30,sample,JPM,Financials,0.0,0.0
2017-06-30,sample,BAC,Financials,1.009663273127126e-17,0.0
2017-06-30,sample,JNJ,Health Care,0.15,0.1544057878602235
2017-06-30,sample,UNH,Health Care,0.08671966792762285,0.09086507796739689
2017-06-30,sample,AMZN,Consumer Discretionary,0.0,0.0
2017-06-30,sample,HD,Consumer Discretionary,0.14520780350287085,0.14839682562389125
2017-06-30,sample,PG,Consumer Staples,0.10350994327613482,0.0987287029758713
2017-06-30,sample,KO,Consumer Staples,0.14649005672386517,0.14886438043909564
2017-06-30,sample,CAT,Industrials,0.0201692499043779,0.02567714614552285
2017-06-30,sample,UNP,Industrials,0.006875256313994608,0.0026839666266293026
2017-06-30,sample,XOM,Energy,0.021602069722154876,0.022892540717643906
2017-06-30,sample,CVX,Energy,0.0,7.704138162015117e-19
2017-06-30,sample,NEE,Utilities,0.10388284345822059,0.10179083906995107
2017-06-30,sample,DUK,Utilities,0.13084493481697285,0.1270802914403387
2017-06-30,sample,AMT,Real Estate,0.0,0.0
2017-06-30,sample,PLD,Real Estate,3.953949797783074e-18,8.89318435203368e-18
2017-06-30,sample,APD,Materials,0.044367687467635586,0.03717056157502006
2017-06-30,sample,NEM,Materials,0.014980029336781662,0.014814250732196704
2017-06-30,sample,GOOGL,Communication Services,2.981555974335137e-19,6.588706876892979e-18
2017-06-30,sample,META,Communication Services,4.7027269231558755e-18,8.988919345252446e-18
2017-06-30,ewma,AAPL,Information Technology,0.0,0.02514367748674255
2017-06-30,ewma,MSFT,Information Technology,8.656372330079717e-19,0.042283511379613954
2017-06-30,ewma,JPM,Financials,0.15,0.0
2017-06-30,ewma,BAC,Financials,0.032432122032628345,0.0
2017-06-30,ewma,JNJ,Health Care,0.15,0.08127915790532489
2017-06-30,ewma,UNH,Health Care,0.05923571308710159,0.036045169803589065
2017-06-30,ewma,AMZN,Consumer Discretionary,0.0,1.2229610284066776e-18
2017-06-30,ewma,HD,Consumer Discretionary,0.02881515715577974,0.10207289598805029
2017-06-30,ewma,PG,Consumer Staples,0.06789812067353446,0.14909253918806495
2017-06-30,ewma,KO,Consumer Staples,0.08097618923979216,0.09991271391122575
2017-06-30,ewma,CAT,Industrials,2.23578550051451e-18,1.91971732464164e-18
2017-06-30,ewma,UNP,Industrials,1.5896004260334142e-18,0.0
2017-06-30,ewma,XOM,Energy,0.026561807406589057,0.15113118366703882
2017-06-30,ewma,CVX,Energy,0.03171569626024994,0.0
2017-06-30,ewma,NEE,Utilities,0.10203291853766801,0.08386966618682741
2017-06-30,ewma,DUK,Utilities,0.09942946383761474,0.1470246482409601
2017-06-30,ewma,AMT,Real Estate,0.12073871909375566,0.05138891834024465
2017-06-30,ewma,PLD,Real Estate,0.0,0.0
2017-06-30,ewma,APD,Materials,2.4408156522808058e-18,0.0
2017-06-30,ewma,NEM,Materials,0.0330775119886405,0.030755917902317326
2017-06-30,ewma,GOOGL,Communication Services,3.1026923857965847e-18,1.76041908358872e-17
2017-06-30,ewma,META,Communication Services,0.017086580686645734,0.0
2017-06-30,ledoit_wolf,AAPL,Information Technology,0.02636900924418932,0.027022267850066607
2017-06-30,ledoit_wolf,MSFT,Information Technology,1.74615842076474e-17,0.0
2017-06-30,ledoit_wolf,JPM,Financials,0.0,0.0
2017-06-30,ledoit_wolf,BAC,Financials,0.0,0.0
2017-06-30,ledoit_wolf,JNJ,Health Care,0.15,0.15441234534287784
2017-06-30,ledoit_wolf,UNH,Health Care,0.087228894607648,0.08968208781960431
2017-06-30,ledoit_wolf,AMZN,Consumer Discretionary,0.0,0.0
2017-06-30,ledoit_wolf,HD,Consumer Discretionary,0.13859642801767244,0.14162778797312983
2017-06-30,ledoit_wolf,PG,Consumer Staples,0.10750212124278136,0.10390367113528995
2017-06-30,ledoit_wolf,KO,Consumer Staples,0.14249787875721867,0.14367299594785882
2017-06-30,ledoit_wolf,CAT,Industrials,0.021849434168961814,0.026602202069201088
2017-06-30,ledoit_wolf,UNP,Industrials,0.006734897116855488,0.0049752691645496075
2017-06-30,ledoit_wolf,XOM,Energy,0.022591553610959107,0.023094820366478183
2017-06-30,ledoit_wolf,CVX,Energy,0.0,1.2517625534440076e-18
2017-06-30,ledoit_wolf,NEE,Utilities,0.10797186610717127,0.1066515386047166
2017-06-30,ledoit_wolf,DUK,Utilities,0.12516785510926262,0.1210810994777992
2017-06-30,ledoit_wolf,AMT,Real Estate,0.0,0.0
2017-06-30,ledoit_wolf,PLD,Real Estate,2.9688504801263227e-19,0.0
2017-06-30,ledoit_wolf,APD,Materials,0.048180047425492145,0.04211623332091706
2017-06-30,ledoit_wolf,NEM,Materials,0.015310014591787728,0.015157680927511383
2017-06-30,ledoit_wolf,GOOGL,Communication Services,0.0,0.0
2017-06-30,ledoit_wolf,META,Communication Services,1.2468324983583301e-18,0.0
2017-06-30,equal_weight,AAPL,Information Technology,0.045454545454545456,0.0426110834472953
2017-06-30,equal_weight,MSFT,Information Technology,0.045454545454545456,0.0446080423851876
2017-06-30,equal_weight,JPM,Financials,0.045454545454545456,0.05028608452815215
2017-06-30,equal_weight,BAC,Financials,0.045454545454545456,0.04892808537006036
2017-06-30,equal_weight,JNJ,Health Care,0.045454545454545456,0.04662071766642044
2017-06-30,equal_weight,UNH,Health Care,0.045454545454545456,0.04803646922547549
2017-06-30,equal_weight,AMZN,Consumer Discretionary,0.045454545454545456,0.0439873212155344
2017-06-30,equal_weight,HD,Consumer Discretionary,0.045454545454545456,0.04516457998079931
2017-06-30,equal_weight,PG,Consumer Staples,0.045454545454545456,0.04471467408180992
2017-06-30,equal_weight,KO,Consumer Staples,0.045454545454545456,0.04494756541976454
2017-06-30,equal_weight,CAT,Industrials,0.045454545454545456,0.04606721155281779
2017-06-30,equal_weight,UNP,Industrials,0.045454545454545456,0.04462740219583285
2017-06-30,equal_weight,XOM,Energy,0.045454545454545456,0.045326088468756624
2017-06-30,equal_weight,CVX,Energy,0.045454545454545456,0.04556820974002003
2017-06-30,equal_weight,NEE,Utilities,0.045454545454545456,0.044778358277468386
2017-06-30,equal_weight,DUK,Utilities,0.045454545454545456,0.04409448832174389
2017-06-30,equal_weight,AMT,Real Estate,0.045454545454545456,0.045810946663749436
2017-06-30,equal_weight,PLD,Real Estate,0.045454545454545456,0.04809004371629034
2017-06-30,equal_weight,APD,Materials,0.045454545454545456,0.04517955822674119
2017-06-30,equal_weight,NEM,Materials,0.045454545454545456,0.04293105959875712
2017-06-30,equal_weight,GOOGL,Communication Services,0.045454545454545456,0.04256827379253083
2017-06-30,equal_weight,META,Communication Services,0.045454545454545456,0.045053736124792104
2017-07-31,sample,AAPL,Information Technology,0.027768026720972245,0.025698912486540194
2017-07-31,sample,MSFT,Information Technology,0.0,0.0
2017-07-31,sample,JPM,Financials,7.267542687441897e-19,0.0
2017-07-31,sample,BAC,Financials,1.8287441331220344e-18,9.854084421419513e-18
2017-07-31,sample,JNJ,Health Care,0.15,0.14772499070774497
2017-07-31,sample,UNH,Health Care,0.08708966072249469,0.08806141479869417
2017-07-31,sample,AMZN,Consumer Discretionary,3.756591121072822e-19,0.0
2017-07-31,sample,HD,Consumer Discretionary,0.13089937301259913,0.13901111710867312
2017-07-31,sample,PG,Consumer Staples,0.10000000000000002,0.10671938788910275
2017-07-31,sample,KO,Consumer Staples,0.15,0.1469750854350982
2017-07-31,sample,CAT,Industrials,0.024193015390567525,0.0211462811353584
2017-07-31,sample,UNP,Industrials,0.007622408598984863,0.006380326580492401
2017-07-31,sample,XOM,Energy,0.020029767684693885,0.021024262786325822
2017-07-31,sample,CVX,Energy,0.0,0.0
2017-07-31,sample,NEE,Utilities,0.10467484257651828,0.10631303471441239
2017-07-31,sample,DUK,Utilities,0.13252155159849627,0.1307938690960759
2017-07-31,sample,AMT,Real Estate,0.0,0.0
2017-07-31,sample,PLD,Real Estate,7.187921590399993e-18,4.024997131450599e-18
2017-07-31,sample,APD,Materials,0.05378306084451813,0.04327616614237307
2017-07-31,sample,NEM,Materials,0.011418292850155151,0.016875151119108277
2017-07-31,sample,GOOGL,Communication Services,5.632769099241097e-18,2.9766261236375433e-19
2017-07-31,sample,META,Communication Services,0.0,5.17502231835505e-18
2017-07-31,ewma,AAPL,Information Technology,0.013068639799482038,0.0
2017-07-31,ewma,MSFT,Information Technology,6.441685563868954e-19,8.89557062036274e-19
2017-07-31,ewma,JPM,Financials,0.15,0.14759846074139416
2017-07-31,ewma,BAC,Financials,0.05417559117988313,0.031417632186394845
2017-07-31,ewma,JNJ,Health Care,0.031053753599689843,0.14662645582471
2017-07-31,ewma,UNH,Health Care,9.014124624680264e-18,0.059704908781649545
2017-07-31,ewma,AMZN,Consumer Discretionary,0.00582413794741463,0.0
2017-07-31,ewma,HD,Consumer Discretionary,0.03529952482332667,0.02738034623642666
2017-07-31,ewma,PG,Consumer Staples,0.09050141738488128,0.06948281014295216
2017-07-31,ewma,KO,Consumer Staples,0.1179330579219286,0.08064014033322729
2017-07-31,ewma,CAT,Industrials,1.5072951296390275e-18,2.3266591019107903e-18
2017-07-31,ewma,UNP,Industrials,0.0,1.464199828468394e-18
2017-07-31,ewma,XOM,Energy,0.0814154867543188,0.02565909897902008
2017-07-31,ewma,CVX,Energy,0.011604041012828173,0.03234146665928828
2017-07-31,ewma,NEE,Utilities,0.09999999999999999,0.10364333090028086
2017-07-31,ewma,DUK,Utilities,0.14999999999999997,0.09865155501531825
2017-07-31,ewma,AMT,Real Estate,0.07162270399932757,0.12120597910224562
2017-07-31,ewma,PLD,Real Estate,2.6122496093322622e-18,0.0
2017-07-31,ewma,APD,Materials,3.519421895841618e-18,2.3630631724653207e-18
2017-07-31,ewma,NEM,Materials,0.0,0.03698504982880991
2017-07-31,ewma,GOOGL,Communication Services,0.0827694290567718,3.0745276821311297e-18
2017-07-31,ewma,META,Communication Services,0.004732216520147574,0.018662765268282568
2017-07-31,ledoit_wolf,AAPL,Information Technology,0.02941839894164702,0.02671742634342194
2017-07-31,ledoit_wolf,MSFT,Information Technology,4.597694837696342e-18,1.8069037766830523e-17
2017-07-31,ledoit_wolf,JPM,Financials,0.0,0.0
2017-07-31,ledoit_wolf,BAC,Financials,0.0,0.0
2017-07-31,ledoit_wolf,JNJ,Health Care,0.15,0.14764741115751973
2017-07-31,ledoit_wolf,UNH,Health Care,0.08621835723839284,0.08853200228024749
2017-07-31,ledoit_wolf,AMZN,Consumer Discretionary,0.0,0.0
2017-07-31,ledoit_wolf,HD,Consumer Discretionary,0.1268632031681702,0.13261220001436766
2017-07-31,ledoit_wolf,PG,Consumer Staples,0.10173487105841406,0.11077714140435416
2017-07-31,ledoit_wolf,KO,Consumer Staples,0.14826512894158594,0.14289460711686422
2017-07-31,ledoit_wolf,CAT,Industrials,0.023621531749133062,0.022895825919835425
2017-07-31,ledoit_wolf,UNP,Industrials,0.010331196625943562,0.00624678913433742
2017-07-31,ledoit_wolf,XOM,Energy,0.0227790012172187,0.021975733315564322
2017-07-31,ledoit_wolf,CVX,Energy,0.0,0.0
2017-07-31,ledoit_wolf,NEE,Utilities,0.10459480298081096,0.1104396850283398
2017-07-31,ledoit_wolf,DUK,Utilities,0.12939822500493103,0.12505329727415654
2017-07-31,ledoit_wolf,AMT,Real Estate,0.0,0.0
2017-07-31,ledoit_wolf,PLD,Real Estate,7.193003788083518e-18,3.020609717776919e-19
2017-07-31,ledoit_wolf,APD,Materials,0.05486878712281749,0.04697005564764723
2017-07-31,ledoit_wolf,NEM,Materials,0.011906495950935044,0.017237825363344044
2017-07-31,ledoit_wolf,GOOGL,Communication Services,0.0,0.0
2017-07-31,ledoit_wolf,META,Communication Services,0.0,1.3713314771944954e-18
2017-07-31,equal_weight,AAPL,Information Technology,0.045454545454545456,0.0455816913920507
2017-07-31,equal_weight,MSFT,Information Technology,0.045454545454545456,0.0465522858676233
2017-07-31,equal_weight,JPM,Financials,0.045454545454545456,0.04457524067798907
2017-07-31,equal_weight,BAC,Financials,0.045454545454545456,0.04388349543453341
2017-07-31,equal_weight,JNJ,Health Care,0.045454545454545456,0.04428169186397204
2017-07-31,equal_weight,UNH,Health Care,0.045454545454545456,0.04565933118415478
2017-07-31,equal_weight,AMZN,Consumer Discretionary,0.045454545454545456,0.045040130493673766
2017-07-31,equal_weight,HD,Consumer Discretionary,0.045454545454545456,0.043044837295800414
2017-07-31,equal_weight,PG,Consumer Staples,0.045454545454545456,0.04635779261203128
2017-07-31,equal_weight,KO,Consumer Staples,0.045454545454545456,0.04511251790222852
2017-07-31,equal_weight,CAT,Industrials,0.045454545454545456,0.04714175516191046
2017-07-31,equal_weight,UNP,Industrials,0.045454545454545456,0.04172684115449135
2017-07-31,equal_weight,XOM,Energy,0.045454545454545456,0.04376096658495626
2017-07-31,equal_weight,CVX,Energy,0.045454545454545456,0.04619432105099722
2017-07-31,equal_weight,NEE,Utilities,0.045454545454545456,0.046015503670970154
2017-07-31,equal_weight,DUK,Utilities,0.045454545454545456,0.04494609497912302
2017-07-31,equal_weight,AMT,Real Estate,0.045454545454545456,0.045475827185087345
2017-07-31,equal_weight,PLD,Real Estate,0.045454545454545456,0.045771581408559664
2017-07-31,equal_weight,APD,Materials,0.045454545454545456,0.04385746037757163
2017-07-31,equal_weight,NEM,Materials,0.045454545454545456,0.05065198855469037
2017-07-31,equal_weight,GOOGL,Communication Services,0.045454545454545456,0.044889298148267635
2017-07-31,equal_weight,META,Communication Services,0.045454545454545456,0.04947934699931762
2017-08-31,sample,AAPL,Information Technology,0.04200041739324811,0.03016943325052504
2017-08-31,sample,MSFT,Information Technology,0.0,0.0
2017-08-31,sample,JPM,Financials,0.0,7.062128792144724e-19
2017-08-31,sample,BAC,Financials,0.005399620930235179,1.7868265271837444e-18
2017-08-31,sample,JNJ,Health Care,0.15,0.14776548741317203
2017-08-31,sample,UNH,Health Care,0.10000000000000003,0.0886349284836136
2017-08-31,sample,AMZN,Consumer Discretionary,8.470329472543003e-22,3.660161932118868e-19
2017-08-31,sample,HD,Consumer Discretionary,0.12592240872380517,0.12946608599602186
2017-08-31,sample,PG,Consumer Staples,0.12855876611494219,0.0997134382460283
2017-08-31,sample,KO,Consumer Staples,0.12144123388505779,0.1462883350257288
2017-08-31,sample,CAT,Industrials,8.657388564649195e-05,0.024482255072090876
2017-08-31,sample,UNP,Industrials,0.02641386087906271,0.007695682402261519
2017-08-31,sample,XOM,Energy,0.051937907656561734,0.018929016735457684
2017-08-31,sample,CVX,Energy,1.4907779871675686e-19,0.0
2017-08-31,sample,NEE,Utilities,0.0798845736892522,0.10653722971884823
2017-08-31,sample,DUK,Utilities,0.13994363874726926,0.13477682351237727
2017-08-31,sample,AMT,Real Estate,0.0,0.0
2017-08-31,sample,PLD,Real Estate,8.515222218747481e-18,7.350522668966347e-18
2017-08-31,sample,APD,Materials,0.012599625885255228,0.053981883589614976
2017-08-31,sample,NEM,Materials,0.012073594999675951,0.011559400554260284
2017-08-31,sample,GOOGL,Communication Services,0.003737777209987871,5.5853146728930296e-18
2017-08-31,sample,META,Communication Services,2.797326308307327e-18,0.0
2017-08-31,ewma,AAPL,Information Technology,0.0,0.01426918418059689
2017-08-31,ewma,MSFT,Information Technology,1.064078267583538e-17,6.569338488245464e-19
2017-08-31,ewma,JPM,Financials,0.07202726383628807,0.14648256080252758
2017-08-31,ewma,BAC,Financials,0.0,0.05319609184138634
2017-08-31,ewma,JNJ,Health Care,0.054743354010855935,0.03074273325061618
2017-08-31,ewma,UNH,Health Care,0.055062028404332594,9.219523603628142e-18
2017-08-31,ewma,AMZN,Consumer Discretionary,0.01670682297321027,0.005702754126638464
2017-08-31,ewma,HD,Consumer Discretionary,0.030924545266760656,0.035086006058618426
2017-08-31,ewma,PG,Consumer Staples,0.10000000000000003,0.09068922591236839
2017-08-31,ewma,KO,Consumer Staples,0.15,0.11558477184533253
2017-08-31,ewma,CAT,Industrials,0.007030209426330362,1.5328735660010528e-18
2017-08-31,ewma,UNP,Industrials,0.0,0.0
2017-08-31,ewma,XOM,Energy,1.1983192888954052e-17,0.07732248254643634
2017-08-31,ewma,CVX,Energy,0.14937461033452193,0.01139416210541705
2017-08-31,ewma,NEE,Utilities,0.09999999999999999,0.10228352947274681
2017-08-31,ewma,DUK,Utilities,0.15,0.15330862407535545
2017-08-31,ewma,AMT,Real Estate,0.03983190223820849,0.07671655554951581
2017-08-31,ewma,PLD,Real Estate,0.0,2.684578981936262e-18
2017-08-31,ewma,APD,Materials,7.230102404692583e-18,3.549935593536216e-18
2017-08-31,ewma,NEM,Materials,0.0383216366735985,0.0
2017-08-31,ewma,GOOGL,Communication Services,0.035977626835893235,0.0824787896301519
2017-08-31,ewma,META,Communication Services,0.0,0.004742528602291864
2017-08-31,ledoit_wolf,AAPL,Information Technology,0.040246081846606885,0.031961476332557665
2017-08-31,ledoit_wolf,MSFT,Information Technology,4.092863201132779e-18,4.665533402657157e-18
2017-08-31,ledoit_wolf,JPM,Financials,0.0,0.0
2017-08-31,ledoit_wolf,BAC,Financials,0.004107667632483345,0.0
2017-08-31,ledoit_wolf,JNJ,Health Care,0.15,0.14776061020955908
2017-08-31,ledoit_wolf,UNH,Health Care,0.09977927740503481,0.08774526885336266
2017-08-31,ledoit_wolf,AMZN,Consumer Discretionary,0.0,0.0
2017-08-31,ledoit_wolf,HD,Consumer Discretionary,0.12004251228418272,0.1254699688808884
2017-08-31,ledoit_wolf,PG,Consumer Staples,0.12597425236540358,0.10143998955029938
2017-08-31,ledoit_wolf,KO,Consumer Staples,0.12402574763459642,0.14459161976500184
2017-08-31,ledoit_wolf,CAT,Industrials,0.0001009305722375209,0.023903150073488158
2017-08-31,ledoit_wolf,UNP,Industrials,0.02862637554273423,0.010430165589256055
2017-08-31,ledoit_wolf,XOM,Energy,0.053385322872980694,0.021526453537539594
2017-08-31,ledoit_wolf,CVX,Energy,0.0,0.0
2017-08-31,ledoit_wolf,NEE,Utilities,0.09128290895932384,0.10645225232990373
2017-08-31,ledoit_wolf,DUK,Utilities,0.12234010267129623,0.13159600002120805
2017-08-31,ledoit_wolf,AMT,Real Estate,1.951563910473908e-18,0.0
2017-08-31,ledoit_wolf,PLD,Real Estate,6.179952383167375e-18,7.355477047565283e-18
2017-08-31,ledoit_wolf,APD,Materials,0.02032613213416297,0.05506980581601909
2017-08-31,ledoit_wolf,NEM,Materials,0.012673180626104952,0.012053239040915884
2017-08-31,ledoit_wolf,GOOGL,Communication Services,0.007089507452851933,0.0
2017-08-31,ledoit_wolf,META,Communication Services,0.0,0.0
2017-08-31,equal_weight,AAPL,Information Technology,0.045454545454545456,0.049250007117757795
2017-08-31,equal_weight,MSFT,Information Technology,0.045454545454545456,0.046000193621316986
2017-08-31,equal_weight,JPM,Financials,0.045454545454545456,0.044048609818257256
2017-08-31,equal_weight,BAC,Financials,0.045454545454545456,0.04429080868230385
2017-08-31,equal_weight,JNJ,Health Care,0.045454545454545456,0.04465457044360871
2017-08-31,equal_weight,UNH,Health Care,0.045454545454545456,0.04613414373239488
2017-08-31,equal_weight,AMZN,Consumer Discretionary,0.045454545454545456,0.04416625102422216
2017-08-31,equal_weight,HD,Consumer Discretionary,0.045454545454545456,0.04483349717175434
2017-08-31,equal_weight,PG,Consumer Staples,0.045454545454545456,0.045199939751981444
2017-08-31,equal_weight,KO,Consumer Staples,0.045454545454545456,0.04420817659010629
2017-08-31,equal_weight,CAT,Industrials,0.045454545454545456,0.045871778766211034
2017-08-31,equal_weight,UNP,Industrials,0.045454545454545456,0.04576559101843464
2017-08-31,equal_weight,XOM,Energy,0.045454545454545456,0.04283870240109938
2017-08-31,equal_weight,CVX,Energy,0.045454545454545456,0.04429050995725404
2017-08-31,equal_weight,NEE,Utilities,0.045454545454545456,0.0461363515482196
2017-08-31,equal_weight,DUK,Utilities,0.045454545454545456,0.04610126780056058
2017-08-31,equal_weight,AMT,Real Estate,0.045454545454545456,0.04831432588438466
2017-08-31,equal_weight,PLD,Real Estate,0.045454545454545456,0.04635526356608191
2017-08-31,equal_weight,APD,Materials,0.045454545454545456,0.045497410988822116
2017-08-31,equal_weight,NEM,Materials,0.045454545454545456,0.045890025615710685
2017-08-31,equal_weight,GOOGL,Communication Services,0.045454545454545456,0.04494794715225188
2017-08-31,equal_weight,META,Communication Services,0.045454545454545456,0.0452046273472656
2017-09-29,sample,AAPL,Information Technology,0.03521322414336961,0.03937049504907391
2017-09-29,sample,MSFT,Information Technology,6.589916329638457e-19,0.0
2017-09-29,sample,JPM,Financials,4.7789598884087625e-18,0.0
2017-09-29,sample,BAC,Financials,0.0023873632320468422,0.005712889868656929
2017-09-29,sample,JNJ,Health Care,0.15,0.14695369911090225
2017-09-29,sample,UNH,Health Care,0.1,0.09859069339216057
2017-09-29,sample,AMZN,Consumer Discretionary,4.404571325722362e-20,8.283084801600767e-22
2017-09-29,sample,HD,Consumer Discretionary,0.1384248346723317,0.13707790933467245
2017-09-29,sample,PG,Consumer Staples,0.13196525854648894,0.12644142226526997
2017-09-29,sample,KO,Consumer Staples,0.11803474145351106,0.12065100558748472
2017-09-29,sample,CAT,Industrials,1.1570470059493743e-18,9.166202359633577e-05
2017-09-29,sample,UNP,Industrials,0.034584931019211715,0.029016918539137515
2017-09-29,sample,XOM,Energy,0.049985306505519626,0.05564155682119287
2017-09-29,sample,CVX,Energy,2.6579893884839945e-18,1.6235285849544657e-19
2017-09-29,sample,NEE,Utilities,0.06330517415326761,0.07758638688436319
2017-09-29,sample,DUK,Utilities,0.12990234328049444,0.13418582340327692
2017-09-29,sample,AMT,Real Estate,0.0,0.0
2017-09-29,sample,PLD,Real Estate,1.2146452463626667e-18,8.564847069590614e-18
2017-09-29,sample,APD,Materials,0.015213367489024387,0.013073576806914901
2017-09-29,sample,NEM,Materials,0.017827833789884215,0.01180549201485983
2017-09-29,sample,GOOGL,Communication Services,0.013155621714849769,0.003800468898437436
2017-09-29,sample,META,Communication Services,7.115076756936123e-20,2.7724157857364598e-18
2017-09-29,ewma,AAPL,Information Technology,0.0,0.0
2017-09-29,ewma,MSFT,Information Technology,0.006084826808613208,1.0544883735282778e-17
2017-09-29,ewma,JPM,Financials,0.13707721491859942,0.07528830116870579
2017-09-29,ewma,BAC,Financials,0.0,0.0
2017-09-29,ewma,JNJ,Health Care,0.0028702503593816013,0.05348306836946842
2017-09-29,ewma,UNH,Health Care,0.09326345825269551,0.05413570246730214
2017-09-29,ewma,AMZN,Consumer Discretionary,4.268124535119552e-18,0.016292259707836723
2017-09-29,ewma,HD,Consumer Discretionary,0.10568565798859712,0.03357093376492517
2017-09-29,ewma,PG,Consumer Staples,0.0,0.09808064794617721
2017-09-29,ewma,KO,Consumer Staples,0.12679761323971897,0.1486112486813569
2017-09-29,ewma,CAT,Industrials,0.05081431997749619,0.007422777501094827
2017-09-29,ewma,UNP,Industrials,0.017533056833567158,0.0
2017-09-29,ewma,XOM,Energy,0.0,1.2802153271398474e-17
2017-09-29,ewma,CVX,Energy,0.10754424862060262,0.16222560518321147
2017-09-29,ewma,NEE,Utilities,0.06374296998506909,0.09685415471988663
2017-09-29,ewma,DUK,Utilities,0.15,0.14343012665543106
2017-09-29,ewma,AMT,Real Estate,0.0,0.03675850706450489
2017-09-29,ewma,PLD,Real Estate,0.0,0.0
2017-09-29,ewma,APD,Materials,3.2711383473102602e-18,7.481296560788063e-18
2017-09-29,ewma,NEM,Materials,0.0395714003656126,0.037366910048601626
2017-09-29,ewma,GOOGL,Communication Services,0.09901498265004662,0.036479756721497315
2017-09-29,ewma,META,Communication Services,0.0,0.0
2017-09-29,ledoit_wolf,AAPL,Information Technology,0.03449536276914275,0.03770358176213846
2017-09-29,ledoit_wolf,MSFT,Information Technology,0.0,4.064822032289796e-18
2017-09-29,ledoit_wolf,JPM,Financials,0.0,0.0
2017-09-29,ledoit_wolf,BAC,Financials,0.0027896681398273983,0.004343397825325299
2017-09-29,ledoit_wolf,JNJ,Health Care,0.15,0.1468663346961123
2017-09-29,ledoit_wolf,UNH,Health Care,0.09999999999999999,0.09831459836339569
2017-09-29,ledoit_wolf,AMZN,Consumer Discretionary,0.0,0.0
2017-09-29,ledoit_wolf,HD,Consumer Discretionary,0.13032155388165656,0.1305994233276357
2017-09-29,ledoit_wolf,PG,Consumer Staples,0.1293138468406382,0.12382581646517932
2017-09-29,ledoit_wolf,KO,Consumer Staples,0.1206861531593618,0.12314544780157052
2017-09-29,ledoit_wolf,CAT,Industrials,4.020230125905723e-19,0.00010679895421346259
2017-09-29,ledoit_wolf,UNP,Industrials,0.03529368239484608,0.031428778532250665
2017-09-29,ledoit_wolf,XOM,Energy,0.05055869491743413,0.057158185091427616
2017-09-29,ledoit_wolf,CVX,Energy,1.725829630030637e-19,0.0
2017-09-29,ledoit_wolf,NEE,Utilities,0.06869638006773741,0.08860409849341885
2017-09-29,ledoit_wolf,DUK,Utilities,0.1207812161526937,0.11723682487515362
2017-09-29,ledoit_wolf,AMT,Real Estate,0.0,1.804910534275092e-18
2017-09-29,ledoit_wolf,PLD,Real Estate,3.513810302566058e-18,6.212272381179648e-18
2017-09-29,ledoit_wolf,APD,Materials,0.02062360590151203,0.021078186896922313
2017-09-29,ledoit_wolf,NEM,Materials,0.018486905525109357,0.012384396464544919
2017-09-29,ledoit_wolf,GOOGL,Communication Services,0.017952930250040657,0.007204130450711855
2017-09-29,ledoit_wolf,META,Communication Services,0.0,0.0
2017-09-29,equal_weight,AAPL,Information Technology,0.045454545454545456,0.04213205765842848
2017-09-29,equal_weight,MSFT,Information Technology,0.045454545454545456,0.04466506531723725
2017-09-29,equal_weight,JPM,Financials,0.045454545454545456,0.04711186877454958
2017-09-29,equal_weight,BAC,Financials,0.045454545454545456,0.04755410149530079
2017-09-29,equal_weight,JNJ,Health Care,0.045454545454545456,0.04403364776265395
2017-09-29,equal_weight,UNH,Health Care,0.045454545454545456,0.044313017213298625
2017-09-29,equal_weight,AMZN,Consumer Discretionary,0.045454545454545456,0.04395286656969234
2017-09-29,equal_weight,HD,Consumer Discretionary,0.045454545454545456,0.048928268847557466
2017-09-29,equal_weight,PG,Consumer Staples,0.045454545454545456,0.04420618912303917
2017-09-29,equal_weight,KO,Consumer Staples,0.045454545454545456,0.04465398018593959
2017-09-29,equal_weight,CAT,Industrials,0.045454545454545456,0.047588052407306354
2017-09-29,equal_weight,UNP,Industrials,0.045454545454545456,0.04937587500187898
2017-09-29,equal_weight,XOM,Energy,0.045454545454545456,0.04815154465825887
2017-09-29,equal_weight,CVX,Energy,0.045454545454545456,0.04894883599294767
2017-09-29,equal_weight,NEE,Utilities,0.045454545454545456,0.04365339310614012
2017-09-29,equal_weight,DUK,Utilities,0.045454545454545456,0.04309718201393384
2017-09-29,equal_weight,AMT,Real Estate,0.045454545454545456,0.04159360547228494
2017-09-29,equal_weight,PLD,Real Estate,0.045454545454545456,0.04520838858372432
2017-09-29,equal_weight,APD,Materials,0.045454545454545456,0.04663716830137411
2017-09-29,equal_weight,NEM,Materials,0.045454545454545456,0.04394838178771397
2017-09-29,equal_weight,GOOGL,Communication Services,0.045454545454545456,0.045700312689375314
2017-09-29,equal_weight,META,Communication Services,0.045454545454545456,0.044546197037364406
2017-10-31,sample,AAPL,Information Technology,0.03176853394963454,0.03739705570898509
2017-10-31,sample,MSFT,Information Technology,0.0,7.125279499112503e-19
2017-10-31,sample,JPM,Financials,0.0,4.902957577021976e-18
2017-10-31,sample,BAC,Financials,0.0038428855521785194,0.0024986482532989183
2017-10-31,sample,JNJ,Health Care,0.15,0.1557434206912905
2017-10-31,sample,UNH,Health Care,0.07818071272565158,0.10393257151454685
2017-10-31,sample,AMZN,Consumer Discretionary,5.21772295508649e-19,4.9033799114117064e-20
2017-10-31,sample,HD,Consumer Discretionary,0.1341421014245434,0.13585332984077908
2017-10-31,sample,PG,Consumer Staples,0.11771583310977775,0.12217123324863308
2017-10-31,sample,KO,Consumer Staples,0.13228416689022227,0.11675380958763794
2017-10-31,sample,CAT,Industrials,0.0,1.2272508931767865e-18
2017-10-31,sample,UNP,Industrials,0.04704838218096232,0.033435939445683245
2017-10-31,sample,XOM,Energy,0.056426987853453583,0.049208631386613876
2017-10-31,sample,CVX,Energy,1.3298417271892515e-19,2.5384145100643e-18
2017-10-31,sample,NEE,Utilities,0.06443963337121127,0.06486081489860712
2017-10-31,sample,DUK,Utilities,0.12664759434696463,0.13236172719149164
2017-10-31,sample,AMT,Real Estate,3.8285889215894375e-19,0.0
2017-10-31,sample,PLD,Real Estate,1.7508171019746388e-18,1.1968744073206268e-18
2017-10-31,sample,APD,Materials,0.010613495449990447,0.015627400945543147
2017-10-31,sample,NEM,Materials,0.021969253421513124,0.016641056485902188
2017-10-31,sample,GOOGL,Communication Services,0.024920419723896706,0.0135143608009872
2017-10-31,sample,META,Communication Services,0.0,7.259925156117422e-20
2017-10-31,ewma,AAPL,Information Technology,0.003977462843245116,0.0
2017-10-31,ewma,MSFT,Information Technology,0.0012282741096287099,0.0065358637125000636
2017-10-31,ewma,JPM,Financials,0.08995542292036089,0.1397084852588062
2017-10-31,ewma,BAC,Financials,0.041855593718446674,0.0
2017-10-31,ewma,JNJ,Health Care,0.04880293579301168,0.0029605403997923873
2017-10-31,ewma,UNH,Health Care,2.320870275476783e-18,0.09629327327891861
2017-10-31,ewma,AMZN,Consumer Discretionary,5.307084931021819e-18,4.720214567398192e-18
2017-10-31,ewma,HD,Consumer Discretionary,0.15,0.10303982006293454
2017-10-31,ewma,PG,Consumer Staples,0.06553666260968319,0.0
2017-10-31,ewma,KO,Consumer Staples,7.40984422258062e-18,0.124596271845815
2017-10-31,ewma,CAT,Industrials,4.360525612465138e-18,0.0535428191183936
2017-10-31,ewma,UNP,Industrials,5.929230630780102e-20,0.016839027981040238
2017-10-31,ewma,XOM,Energy,0.08875075982354927,0.0
2017-10-31,ewma,CVX,Energy,0.07858050092638524,0.10203032035568024
2017-10-31,ewma,NEE,Utilities,0.07650264806963336,0.06487961281187045
2017-10-31,ewma,DUK,Utilities,0.10275982385347016,0.15183414953774865
2017-10-31,ewma,AMT,Real Estate,0.07471059037168765,0.0
2017-10-31,ewma,PLD,Real Estate,0.07200658830589035,0.0
2017-10-31,ewma,APD,Materials,0.0,3.3380518077317827e-18
2017-10-31,ewma,NEM,Materials,0.0578221835876301,0.036694121915763864
2017-10-31,ewma,GOOGL,Communication Services,0.03735127367021107,0.10104569372073594
2017-10-31,ewma,META,Communication Services,0.010159279397166482,0.0
2017-10-31,ledoit_wolf,AAPL,Information Technology,0.032610243609989306,0.03661803902468721
2017-10-31,ledoit_wolf,MSFT,Information Technology,3.466058820164597e-18,0.0
2017-10-31,ledoit_wolf,JPM,Financials,0.0,0.0
2017-10-31,ledoit_wolf,BAC,Financials,0.005393304023167085,0.0029183804724088745
2017-10-31,ledoit_wolf,JNJ,Health Care,0.15,0.15567269917845714
2017-10-31,ledoit_wolf,UNH,Health Care,0.07730012099356559,0.10388537678453802
2017-10-31,ledoit_wolf,AMZN,Consumer Discretionary,0.0,0.0
2017-10-31,ledoit_wolf,HD,Consumer Discretionary,0.12700170788876455,0.1278425045558038
2017-10-31,ledoit_wolf,PG,Consumer Staples,0.11900126000599227,0.11966223845771873
2017-10-31,ledoit_wolf,KO,Consumer Staples,0.13099873999400774,0.11932224011211716
2017-10-31,ledoit_wolf,CAT,Industrials,0.0,4.2622214868130526e-19
2017-10-31,ledoit_wolf,UNP,Industrials,0.04483777340294097,0.03410565039104335
2017-10-31,ledoit_wolf,XOM,Energy,0.05796932332678482,0.049750508983809595
2017-10-31,ledoit_wolf,CVX,Energy,2.3445871979999033e-18,1.6474413647096553e-19
2017-10-31,ledoit_wolf,NEE,Utilities,0.07241899190378304,0.07035254166146156
2017-10-31,ledoit_wolf,DUK,Utilities,0.11566425300012029,0.12301202988140707
2017-10-31,ledoit_wolf,AMT,Real Estate,5.231275482242559e-18,0.0
2017-10-31,ledoit_wolf,PLD,Real Estate,1.4162390878091902e-18,3.460829341058965e-18
2017-10-31,ledoit_wolf,APD,Materials,0.01556012208193426,0.021175259747221016
2017-10-31,ledoit_wolf,NEM,Materials,0.022805749294229797,0.017248418723153157
2017-10-31,ledoit_wolf,GOOGL,Communication Services,0.028438410474720337,0.018434112026173382
2017-10-31,ledoit_wolf,META,Communication Services,2.879912020664621e-18,0.0
2017-10-31,equal_weight,AAPL,Information Technology,0.045454545454545456,0.04757095565338299
2017-10-31,equal_weight,MSFT,Information Technology,0.045454545454545456,0.04843198400863314
2017-10-31,equal_weight,JPM,Financials,0.045454545454545456,0.0459552365652499
2017-10-31,equal_weight,BAC,Financials,0.045454545454545456,0.046881001161452704
2017-10-31,equal_weight,JNJ,Health Care,0.045454545454545456,0.046508111607975265
2017-10-31,equal_weight,UNH,Health Care,0.045454545454545456,0.04655452809095186
2017-10-31,equal_weight,AMZN,Consumer Discretionary,0.045454545454545456,0.04986572667217918
2017-10-31,equal_weight,HD,Consumer Discretionary,0.045454545454545456,0.0439608954510178
2017-10-31,equal_weight,PG,Consumer Staples,0.045454545454545456,0.041468621690990096
2017-10-31,equal_weight,KO,Consumer Staples,0.045454545454545456,0.04430690999531859
2017-10-31,equal_weight,CAT,Industrials,0.045454545454545456,0.047510829168494306
2017-10-31,equal_weight,UNP,Industrials,0.045454545454545456,0.043304883254855014
2017-10-31,equal_weight,XOM,Energy,0.045454545454545456,0.04409701402972791
2017-10-31,equal_weight,CVX,Energy,0.045454545454545456,0.04277790924219529
2017-10-31,equal_weight,NEE,Utilities,0.045454545454545456,0.0458937397745519
2017-10-31,equal_weight,DUK,Utilities,0.045454545454545456,0.045641057271091696
2017-10-31,equal_weight,AMT,Real Estate,0.045454545454545456,0.045590305443626085
2017-10-31,equal_weight,PLD,Real Estate,0.045454545454545456,0.04413766779885117
2017-10-31,equal_weight,APD,Materials,0.045454545454545456,0.04601205758385782
2017-10-31,equal_weight,NEM,Materials,0.045454545454545456,0.041811194416911085
2017-10-31,equal_weight,GOOGL,Communication Services,0.045454545454545456,0.04601446619821376
2017-10-31,equal_weight,META,Communication Services,0.045454545454545456,0.045704904920472626
2017-11-30,sample,AAPL,Information Technology,0.03187056150181164,0.03127968218200016
2017-11-30,sample,MSFT,Information Technology,0.0,0.0
2017-11-30,sample,JPM,Financials,1.1389205008781322e-17,0.0
2017-11-30,sample,BAC,Financials,0.002435335470366538,0.0038304140252329285
2017-11-30,sample,JNJ,Health Care,0.15,0.1455593598280836
2017-11-30,sample,UNH,Health Care,0.08888603692268533,0.08216647435332111
2017-11-30,sample,AMZN,Consumer Discretionary,0.0,5.36092338148181e-19
2017-11-30,sample,HD,Consumer Discretionary,0.12553880907305778,0.1411276379292484
2017-11-30,sample,PG,Consumer Staples,0.13181696082508393,0.1184032920248726
2017-11-30,sample,KO,Consumer Staples,0.11818303917491606,0.1281186696188035
2017-11-30,sample,CAT,Industrials,0.0,0.0
2017-11-30,sample,UNP,Industrials,0.03889480113023542,0.04988254653876914
2017-11-30,sample,XOM,Energy,0.0753075212798309,0.05491886503225632
2017-11-30,sample,CVX,Energy,0.0,1.3300188434260904e-19
2017-11-30,sample,NEE,Utilities,0.029186539127371836,0.06377940198295677
2017-11-30,sample,DUK,Utilities,0.15,0.12464919087331183
2017-11-30,sample,AMT,Real Estate,3.9217625457874106e-19,3.7014393307663897e-19
2017-11-30,sample,PLD,Real Estate,5.134713726255569e-18,1.732782867158986e-18
2017-11-30,sample,APD,Materials,4.836558128822055e-19,0.0104743991073859
2017-11-30,sample,NEM,Materials,0.02224018478018824,0.02168792216665362
2017-11-30,sample,GOOGL,Communication Services,0.03564021071445236,0.024122144337104304
2017-11-30,sample,META,Communication Services,1.641549851778834e-18,0.0
2017-11-30,ewma,AAPL,Information Technology,2.899020164317206e-18,0.0039307231253102575
2017-11-30,ewma,MSFT,Information Technology,0.0,0.0012099215039408414
2017-11-30,ewma,JPM,Financials,0.0,0.09051767342151822
2017-11-30,ewma,BAC,Financials,0.10944066321948123,0.04187385447322801
2017-11-30,ewma,JNJ,Health Care,0.028701112520426862,0.04753308374585414
2017-11-30,ewma,UNH,Health Care,5.72597696986238e-18,2.448200925500516e-18
2017-11-30,ewma,AMZN,Consumer Discretionary,0.0,5.472878248715552e-18
2017-11-30,ewma,HD,Consumer Discretionary,4.947655510132432e-18,0.15839424223717793
2017-11-30,ewma,PG,Consumer Staples,0.10205048723741286,0.06616287717334562
2017-11-30,ewma,KO,Consumer Staples,3.7544578200918635e-18,7.203022908308585e-18
2017-11-30,ewma,CAT,Industrials,0.0,4.390033428825536e-18
2017-11-30,ewma,UNP,Industrials,0.0,6.309623277600357e-20
2017-11-30,ewma,XOM,Energy,0.09999999999999999,0.08669777060764279
2017-11-30,ewma,CVX,Energy,0.15,0.07888125205273039
2017-11-30,ewma,NEE,Utilities,0.0720268940518233,0.07599849892492488
2017-11-30,ewma,DUK,Utilities,0.15,0.10151191819181624
2017-11-30,ewma,AMT,Real Estate,0.02673139097668071,0.07249619777881058
2017-11-30,ewma,PLD,Real Estate,0.00254433066298199,0.07152811231561748
2017-11-30,ewma,APD,Materials,0.053754397360484166,0.0
2017-11-30,ewma,NEM,Materials,0.07623667182052556,0.057292569466168765
2017-11-30,ewma,GOOGL,Communication Services,0.12851405215018347,0.03628834310827417
2017-11-30,ewma,META,Communication Services,2.1381110455812188e-18,0.009682961873640006
2017-11-30,ledoit_wolf,AAPL,Information Technology,0.03228449355776365,0.032129574509322516
2017-11-30,ledoit_wolf,MSFT,Information Technology,1.1007193149569633e-18,3.40394422209644e-18
2017-11-30,ledoit_wolf,JPM,Financials,0.0,0.0
2017-11-30,ledoit_wolf,BAC,Financials,0.006638721217708847,0.005379339367121082
2017-11-30,ledoit_wolf,JNJ,Health Care,0.15,0.14565517178490667
2017-11-30,ledoit_wolf,UNH,Health Care,0.08676635053139335,0.08129446431837131
2017-11-30,ledoit_wolf,AMZN,Consumer Discretionary,3.811224746170724e-18,0.0
2017-11-30,ledoit_wolf,HD,Consumer Discretionary,0.11772165442238257,0.13370335384403267
2017-11-30,ledoit_wolf,PG,Consumer Staples,0.1297745740134853,0.11977501378882242
2017-11-30,ledoit_wolf,KO,Consumer Staples,0.12022542598651469,0.12695723199518105
2017-11-30,ledoit_wolf,CAT,Industrials,0.0,0.0
2017-11-30,ledoit_wolf,UNP,Industrials,0.039570442242298554,0.04757006368915544
2017-11-30,ledoit_wolf,XOM,Energy,0.07285974286808808,0.056457116025503684
2017-11-30,ledoit_wolf,CVX,Energy,6.782192808665183e-18,2.3464429540092624e-18
2017-11-30,ledoit_wolf,NEE,Utilities,0.03353446152178633,0.07172418628712347
2017-11-30,ledoit_wolf,DUK,Utilities,0.15,0.11391409104238105
2017-11-30,ledoit_wolf,AMT,Real Estate,0.0,5.060870922403744e-18
2017-11-30,ledoit_wolf,PLD,Real Estate,5.282097459077817e-18,1.4025737758685385e-18
2017-11-30,ledoit_wolf,APD,Materials,7.5343580658270015e-19,0.015366305128894673
2017-11-30,ledoit_wolf,NEM,Materials,0.022924579287412556,0.022528525401585946
2017-11-30,ledoit_wolf,GOOGL,Communication Services,0.03769955435116595,0.027545562817598145
2017-11-30,ledoit_wolf,META,Communication Services,4.047546938454674e-18,2.736586288477361e-18
2017-11-30,equal_weight,AAPL,Information Technology,0.045454545454545456,0.044960623993543856
2017-11-30,equal_weight,MSFT,Information Technology,0.045454545454545456,0.04481546483640656
2017-11-30,equal_weight,JPM,Financials,0.045454545454545456,0.0457796049336194
2017-11-30,equal_weight,BAC,Financials,0.045454545454545456,0.04551509359287694
2017-11-30,equal_weight,JNJ,Health Care,0.045454545454545456,0.044311458977252034
2017-11-30,equal_weight,UNH,Health Care,0.045454545454545456,0.04799126514040057
2017-11-30,equal_weight,AMZN,Consumer Discretionary,0.045454545454545456,0.04691651624972282
2017-11-30,equal_weight,HD,Consumer Discretionary,0.045454545454545456,0.0480412323086732
2017-11-30,equal_weight,PG,Consumer Staples,0.045454545454545456,0.045929960155180666
2017-11-30,equal_weight,KO,Consumer Staples,0.045454545454545456,0.044225395516577004
2017-11-30,equal_weight,CAT,Industrials,0.045454545454545456,0.045803112709721996
2017-11-30,equal_weight,UNP,Industrials,0.045454545454545456,0.04841401428188435
2017-11-30,equal_weight,XOM,Energy,0.045454545454545456,0.04444284552201482
2017-11-30,equal_weight,CVX,Energy,0.045454545454545456,0.04566936886791992
2017-11-30,equal_weight,NEE,Utilities,0.045454545454545456,0.045195433233365716
2017-11-30,equal_weight,DUK,Utilities,0.045454545454545456,0.04494275494454426
2017-11-30,equal_weight,AMT,Real Estate,0.045454545454545456,0.04414678371743617
2017-11-30,equal_weight,PLD,Real Estate,0.045454545454545456,0.045192933950075516
2017-11-30,equal_weight,APD,Materials,0.045454545454545456,0.045064841881527894
2017-11-30,equal_weight,NEM,Materials,0.045454545454545456,0.045078537662993995
2017-11-30,equal_weight,GOOGL,Communication Services,0.045454545454545456,0.044200555848290426
2017-11-30,equal_weight,META,Communication Services,0.045454545454545456,0.043362201675972045
2017-12-29,sample,AAPL,Information Technology,0.03384424231673699,0.03133387992938752
2017-12-29,sample,MSFT,Information Technology,0.0,0.0
2017-12-29,sample,JPM,Financials,1.6975433618037736e-18,1.1634043162768343e-17
2017-12-29,sample,BAC,Financials,0.02245897592086252,0.002547913432811373
2017-12-29,sample,JNJ,Health Care,0.15,0.1501763629186592
2017-12-29,sample,UNH,Health Care,0.07893133767488557,0.08574349601271837
2017-12-29,sample,AMZN,Consumer Discretionary,2.4080154073704695e-18,0.0
2017-12-29,sample,HD,Consumer Discretionary,0.11362239284876086,0.13210363990013138
2017-12-29,sample,PG,Consumer Staples,0.12405592249616751,0.1343676430730515
2017-12-29,sample,KO,Consumer Staples,0.1259440775038325,0.11827535492155028
2017-12-29,sample,CAT,Industrials,3.6438629471940954e-19,0.0
2017-12-29,sample,UNP,Industrials,0.031110809935113996,0.04116483856378501
2017-12-29,sample,XOM,Energy,0.07848621700634305,0.07550155922777531
2017-12-29,sample,CVX,Energy,0.0,0.0
2017-12-29,sample,NEE,Utilities,0.053600443246358445,0.028798190109700948
2017-12-29,sample,DUK,Utilities,0.13148207655861424,0.1412433400509287
2017-12-29,sample,AMT,Real Estate,0.0,3.900514857469752e-19
2017-12-29,sample,PLD,Real Estate,0.0,5.0268290634376354e-18
2017-12-29,sample,APD,Materials,1.9539131034135586e-18,4.887740382965728e-19
2017-12-29,sample,NEM,Materials,0.028669508026862793,0.022569574581852526
2017-12-29,sample,GOOGL,Communication Services,0.0277939964654615,0.036174207277647995
2017-12-29,sample,META,Communication Services,2.474709325799395e-18,1.632233027728443e-18
2017-12-29,ewma,AAPL,Information Technology,2.0739792186577602e-20,2.8259117802773853e-18
2017-12-29,ewma,MSFT,Information Technology,0.0,0.0
2017-12-29,ewma,JPM,Financials,0.0,0.0
2017-12-29,ewma,BAC,Financials,0.09896136822559863,0.11352395014821098
2017-12-29,ewma,JNJ,Health Care,0.10227059393362951,0.028489967785577306
2017-12-29,ewma,UNH,Health Care,1.81149695698315e-18,5.476462833507431e-18
2017-12-29,ewma,AMZN,Consumer Discretionary,8.384045625654048e-20,0.0
2017-12-29,ewma,HD,Consumer Discretionary,0.04361121279001992,5.162013511485325e-18
2017-12-29,ewma,PG,Consumer Staples,0.04564647686123965,0.10313863786638386
2017-12-29,ewma,KO,Consumer Staples,0.15,3.725368511150223e-18
2017-12-29,ewma,CAT,Industrials,0.0,0.0
2017-12-29,ewma,UNP,Industrials,0.0,0.0
2017-12-29,ewma,XOM,Energy,0.06385248451087622,0.09940322421387889
2017-12-29,ewma,CVX,Energy,0.07788966224264733,0.15621750502007295
2017-12-29,ewma,NEE,Utilities,0.06460840493598832,0.07046284680124444
2017-12-29,ewma,DUK,Utilities,0.048095021900830745,0.14003960685240985
2017-12-29,ewma,AMT,Real Estate,0.08408559155692072,0.026359981664877206
2017-12-29,ewma,PLD,Real Estate,0.0,0.002469643905909318
2017-12-29,ewma,APD,Materials,0.09966072519582589,0.053860281551793426
2017-12-29,ewma,NEM,Materials,0.03068474576242128,0.07670643769376896
2017-12-29,ewma,GOOGL,Communication Services,0.0906337120840019,0.12932791649587283
2017-12-29,ewma,META,Communication Services,0.0,2.1078574939597276e-18
2017-12-29,ledoit_wolf,AAPL,Information Technology,0.03517557073733427,0.03174618020119763
2017-12-29,ledoit_wolf,MSFT,Information Technology,2.1806863227061962e-18,1.1170125763491053e-18
2017-12-29,ledoit_wolf,JPM,Financials,0.0,0.0
2017-12-29,ledoit_wolf,BAC,Financials,0.02352870416204532,0.006946776795070131
2017-12-29,ledoit_wolf,JNJ,Health Care,0.15,0.1502016215394763
2017-12-29,ledoit_wolf,UNH,Health Care,0.075806488729525,0.08371282808768932
2017-12-29,ledoit_wolf,AMZN,Consumer Discretionary,0.0,3.782151858340013e-18
2017-12-29,ledoit_wolf,HD,Consumer Discretionary,0.10935001934019513,0.12389853628904546
2017-12-29,ledoit_wolf,PG,Consumer Staples,0.12361475884113202,0.13230798524554577
2017-12-29,ledoit_wolf,KO,Consumer Staples,0.12638524115886796,0.1203395739694154
2017-12-29,ledoit_wolf,CAT,Industrials,1.7702988597614877e-19,0.0
2017-12-29,ledoit_wolf,UNP,Industrials,0.03345295637681974,0.04188695637848233
2017-12-29,ledoit_wolf,XOM,Energy,0.07682086138356951,0.07305975992861224
2017-12-29,ledoit_wolf,CVX,Energy,0.0,7.125227011029547e-18
2017-12-29,ledoit_wolf,NEE,Utilities,0.06310341869368775,0.0330938253176977
2017-12-29,ledoit_wolf,DUK,Utilities,0.11969031507450427,0.14126709619936612
2017-12-29,ledoit_wolf,AMT,Real Estate,0.0,0.0
2017-12-29,ledoit_wolf,PLD,Real Estate,2.352210494525192e-18,5.171985885627149e-18
2017-12-29,ledoit_wolf,APD,Materials,0.001447223472858483,7.615370077655776e-19
2017-12-29,ledoit_wolf,NEM,Materials,0.029730909682248414,0.023268018222352214
2017-12-29,ledoit_wolf,GOOGL,Communication Services,0.03189353234721204,0.038270841826049194
2017-12-29,ledoit_wolf,META,Communication Services,9.147955830346444e-20,4.025251478752072e-18
2017-12-29,equal_weight,AAPL,Information Technology,0.045454545454545456,0.04417013565578859
2017-12-29,equal_weight,MSFT,Information Technology,0.045454545454545456,0.04558402913830504
2017-12-29,equal_weight,JPM,Financials,0.045454545454545456,0.04589248065114414
2017-12-29,equal_weight,BAC,Financials,0.045454545454545456,0.047003494544310444
2017-12-29,equal_weight,JNJ,Health Care,0.045454545454545456,0.04497949718055786
2017-12-29,equal_weight,UNH,Health Care,0.045454545454545456,0.04333830453837511
2017-12-29,equal_weight,AMZN,Consumer Discretionary,0.045454545454545456,0.04457646619037023
2017-12-29,equal_weight,HD,Consumer Discretionary,0.045454545454545456,0.04727603580283807
2017-12-29,equal_weight,PG,Consumer Staples,0.045454545454545456,0.04579601386843222
2017-12-29,equal_weight,KO,Consumer Staples,0.045454545454545456,0.0449617678738965
2017-12-29,equal_weight,CAT,Industrials,0.045454545454545456,0.05007501124083022
2017-12-29,equal_weight,UNP,Industrials,0.045454545454545456,0.04754875330335829
2017-12-29,equal_weight,XOM,Energy,0.045454545454545456,0.0450424329383163
2017-12-29,equal_weight,CVX,Energy,0.045454545454545456,0.04719106815903655
2017-12-29,equal_weight,NEE,Utilities,0.045454545454545456,0.0443288910722943
2017-12-29,equal_weight,DUK,Utilities,0.045454545454545456,0.04230395710831245
2017-12-29,equal_weight,AMT,Real Estate,0.045454545454545456,0.044683266619709436
2017-12-29,equal_weight,PLD,Real Estate,0.045454545454545456,0.043982727222724505
2017-12-29,equal_weight,APD,Materials,0.045454545454545456,0.04540210527057502
2017-12-29,equal_weight,NEM,Materials,0.045454545454545456,0.045592064151502076
2017-12-29,equal_weight,GOOGL,Communication Services,0.045454545454545456,0.045599809981933935
2017-12-29,equal_weight,META,Communication Services,0.045454545454545456,0.04467168748738892
2018-01-31,sample,AAPL,Information Technology,0.04118632380172165,0.03309961759256653
2018-01-31,sample,MSFT,Information Technology,0.0,0.0
2018-01-31,sample,JPM,Financials,0.020795835720796213,1.82448471882268e-18
2018-01-31,sample,BAC,Financials,0.01732899438284483,0.024066108865828797
2018-01-31,sample,JNJ,Health Care,0.15,0.14665323645882544
2018-01-31,sample,UNH,Health Care,0.05123940104852135,0.08380057480127105
2018-01-31,sample,AMZN,Consumer Discretionary,3.4459153178877057e-18,2.9531598536387644e-18
2018-01-31,sample,HD,Consumer Discretionary,0.10719517130321807,0.11905507239876273
2018-01-31,sample,PG,Consumer Staples,0.1201805328090496,0.11611516217221397
2018-01-31,sample,KO,Consumer Staples,0.07809683944367833,0.12913747219103858
2018-01-31,sample,CAT,Industrials,0.0,3.7381359212267244e-19
2018-01-31,sample,UNP,Industrials,0.01976617052314609,0.03061583080122462
2018-01-31,sample,XOM,Energy,0.10703610116455553,0.08097967214000801
2018-01-31,sample,CVX,Energy,0.0,0.0
2018-01-31,sample,NEE,Utilities,0.06418226801162989,0.053741212259437524
2018-01-31,sample,DUK,Utilities,0.12875115518942634,0.121302826890067
2018-01-31,sample,AMT,Real Estate,0.0,0.0
2018-01-31,sample,PLD,Real Estate,0.0,0.0
2018-01-31,sample,APD,Materials,0.02400269833376886,1.981967200860037e-18
2018-01-31,sample,NEM,Materials,0.016083551976421452,0.0305986152181358
2018-01-31,sample,GOOGL,Communication Services,0.022361730365164773,0.030834598210620203
2018-01-31,sample,META,Communication Services,0.03179322592605705,2.590873105335496e-18
2018-01-31,ewma,AAPL,Information Technology,9.02318953217647e-20,1.9869792256981347e-20
2018-01-31,ewma,MSFT,Information Technology,3.952041015661252e-18,0.0
2018-01-31,ewma,JPM,Financials,0.05383616084657254,0.0
2018-01-31,ewma,BAC,Financials,0.15,0.10388010123220696
2018-01-31,ewma,JNJ,Health Care,0.04069009206753744,0.09794943076364113
2018-01-31,ewma,UNH,Health Care,0.0,1.8840216492758156e-18
2018-01-31,ewma,AMZN,Consumer Discretionary,0.10038562687466929,1.00723793298332e-19
2018-01-31,ewma,HD,Consumer Discretionary,4.624160756455756e-18,0.044764411783398246
2018-01-31,ewma,PG,Consumer Staples,0.12251751024328233,0.04185327423395504
2018-01-31,ewma,KO,Consumer Staples,0.07940754538753551,0.1506664432100159
2018-01-31,ewma,CAT,Industrials,0.0,0.0
2018-01-31,ewma,UNP,Industrials,0.12759473067008972,0.0
2018-01-31,ewma,XOM,Energy,4.1804175794582515e-19,0.06453735514671333
2018-01-31,ewma,CVX,Energy,9.97828749552217e-18,0.0755209890598965
2018-01-31,ewma,NEE,Utilities,0.019079558550771564,0.06345689859388334
2018-01-31,ewma,DUK,Utilities,0.15,0.04346655689560536
2018-01-31,ewma,AMT,Real Estate,0.06712708134193728,0.08429511483921229
2018-01-31,ewma,PLD,Real Estate,0.0,0.0
2018-01-31,ewma,APD,Materials,0.08317420839727784,0.09902982382237054
2018-01-31,ewma,NEM,Materials,0.006187485620326634,0.0320815104053345
2018-01-31,ewma,GOOGL,Communication Services,0.0,0.09849809001376669
2018-01-31,ewma,META,Communication Services,7.862533122076455e-19,0.0
2018-01-31,ledoit_wolf,AAPL,Information Technology,0.0414199114879352,0.034364609414552744
2018-01-31,ledoit_wolf,MSFT,Information Technology,0.0,2.3917049547245086e-18
2018-01-31,ledoit_wolf,JPM,Financials,0.024817957661755496,0.0
2018-01-31,ledoit_wolf,BAC,Financials,0.01620271257930968,0.025185235459983094
2018-01-31,ledoit_wolf,JNJ,Health Care,0.15,0.14649531322052303
2018-01-31,ledoit_wolf,UNH,Health Care,0.050899511156259764,0.08039628748681657
2018-01-31,ledoit_wolf,AMZN,Consumer Discretionary,4.888015380367754e-18,0.0
2018-01-31,ledoit_wolf,HD,Consumer Discretionary,0.10133258949504399,0.11445503839755568
2018-01-31,ledoit_wolf,PG,Consumer Staples,0.11414687048190827,0.1155776434740201
2018-01-31,ledoit_wolf,KO,Consumer Staples,0.08036136242975735,0.12945027330478728
2018-01-31,ledoit_wolf,CAT,Industrials,5.173041967118826e-18,1.8141438595809172e-19
2018-01-31,ledoit_wolf,UNP,Industrials,0.022193686761778533,0.03288526262737268
2018-01-31,ledoit_wolf,XOM,Energy,0.1010653333439081,0.07917605678527698
2018-01-31,ledoit_wolf,CVX,Energy,5.573476792933296e-19,0.0
2018-01-31,ledoit_wolf,NEE,Utilities,0.06969692384453645,0.06320101379687207
2018-01-31,ledoit_wolf,DUK,Utilities,0.1209217480943353,0.11030506543418216
2018-01-31,ledoit_wolf,AMT,Real Estate,0.0023236535466633896,0.0
2018-01-31,ledoit_wolf,PLD,Real Estate,0.0,2.344289039118272e-18
2018-01-31,ledoit_wolf,APD,Materials,0.02957981384493768,0.001466421753484754
2018-01-31,ledoit_wolf,NEM,Materials,0.01757174636798632,0.03169726628904525
2018-01-31,ledoit_wolf,GOOGL,Communication Services,0.026375163972916043,0.035344512555527535
2018-01-31,ledoit_wolf,META,Communication Services,0.031091014930968445,9.567050926672595e-20
2018-01-31,equal_weight,AAPL,Information Technology,0.045454545454545456,0.043059013291816696
2018-01-31,equal_weight,MSFT,Information Technology,0.045454545454545456,0.04834017494692291
2018-01-31,equal_weight,JPM,Financials,0.045454545454545456,0.047320055655347776
2018-01-31,equal_weight,BAC,Financials,0.045454545454545456,0.04717824926069611
2018-01-31,equal_weight,JNJ,Health Care,0.045454545454545456,0.043045354211052954
2018-01-31,equal_weight,UNH,Health Care,0.045454545454545456,0.0467437367760954
2018-01-31,equal_weight,AMZN,Consumer Discretionary,0.045454545454545456,0.05399500523615202
2018-01-31,equal_weight,HD,Consumer Discretionary,0.045454545454545456,0.04613280540368509
2018-01-31,equal_weight,PG,Consumer Staples,0.045454545454545456,0.04120949795755393
2018-01-31,equal_weight,KO,Consumer Staples,0.045454545454545456,0.04514404025239518
2018-01-31,equal_weight,CAT,Industrials,0.045454545454545456,0.045166761027302244
2018-01-31,equal_weight,UNP,Industrials,0.045454545454545456,0.04332720007638808
2018-01-31,equal_weight,XOM,Energy,0.045454545454545456,0.04542641984410496
2018-01-31,equal_weight,CVX,Energy,0.045454545454545456,0.043577568681905945
2018-01-31,equal_weight,NEE,Utilities,0.045454545454545456,0.044143317730137334
2018-01-31,equal_weight,DUK,Utilities,0.045454545454545456,0.040619096647813505
2018-01-31,equal_weight,AMT,Real Estate,0.045454545454545456,0.045056346223730184
2018-01-31,equal_weight,PLD,Real Estate,0.045454545454545456,0.043926721234435036
2018-01-31,equal_weight,APD,Materials,0.045454545454545456,0.0446598346656067
2018-01-31,equal_weight,NEM,Materials,0.045454545454545456,0.04699021423706641
2018-01-31,equal_weight,GOOGL,Communication Services,0.045454545454545456,0.048844221154629705
2018-01-31,equal_weight,META,Communication Services,0.045454545454545456,0.04609436548516187
2018-02-28,sample,AAPL,Information Technology,0.04596237747591069,0.046799215112212265
2018-02-28,sample,MSFT,Information Technology,4.916179225863959e-18,0.0
2018-02-28,sample,JPM,Financials,0.050887841593341546,0.02208902619726609
2018-02-28,sample,BAC,Financials,0.04326394882137195,0.018491291525554995
2018-02-28,sample,JNJ,Health Care,0.15,0.15092732010686183
2018-02-28,sample,UNH,Health Care,0.02680090570759479,0.05206114719306448
2018-02-28,sample,AMZN,Consumer Discretionary,0.0054572452045552455,3.8211137303148014e-18
2018-02-28,sample,HD,Consumer Discretionary,0.0788831116361914,0.10345450003965612
2018-02-28,sample,PG,Consumer Staples,0.12938447063992517,0.11626292196964705
2018-02-28,sample,KO,Consumer Staples,0.07342410109724283,0.0754468727563748
2018-02-28,sample,CAT,Industrials,0.0,0.0
2018-02-28,sample,UNP,Industrials,0.006029385289302367,0.02062282026252931
2018-02-28,sample,XOM,Energy,0.07804192220342616,0.09979265065634191
2018-02-28,sample,CVX,Energy,7.51826443982917e-18,0.0
2018-02-28,sample,NEE,Utilities,0.0939016359071062,0.06604074308223433
2018-02-28,sample,DUK,Utilities,0.15,0.13301395396232166
2018-02-28,sample,AMT,Real Estate,0.01006816077644566,0.0
2018-02-28,sample,PLD,Real Estate,1.7245590806097555e-18,0.0
2018-02-28,sample,APD,Materials,0.017684716309055028,0.024383337758314985
2018-02-28,sample,NEM,Materials,0.01932477716008169,0.01613325544112198
2018-02-28,sample,GOOGL,Communication Services,0.0,0.02221179133069684
2018-02-28,sample,META,Communication Services,0.02088540017844915,0.03226915260580157
2018-02-28,ewma,AAPL,Information Technology,0.0,9.949207724466216e-20
2018-02-28,ewma,MSFT,Information Technology,4.491456040394297e-18,4.045135734167034e-18
2018-02-28,ewma,JPM,Financials,0.0,0.05549031024216828
2018-02-28,ewma,BAC,Financials,0.07367094096801506,0.155320229053675
2018-02-28,ewma,JNJ,Health Care,0.07122449364826049,0.0397290474839024
2018-02-28,ewma,UNH,Health Care,0.0,0.0
2018-02-28,ewma,AMZN,Consumer Discretionary,0.15,0.10801890674659513
2018-02-28,ewma,HD,Consumer Discretionary,1.6414577123433955e-18,4.330618890443719e-18
2018-02-28,ewma,PG,Consumer Staples,0.15,0.11501332259634388
2018-02-28,ewma,KO,Consumer Staples,0.10000000000000003,0.07444104050184021
2018-02-28,ewma,CAT,Industrials,0.0,0.0
2018-02-28,ewma,UNP,Industrials,0.0,0.12918174216389886
2018-02-28,ewma,XOM,Energy,0.0,3.782080958588959e-19
2018-02-28,ewma,CVX,Energy,1.2316104522249777e-19,9.28801353568269e-18
2018-02-28,ewma,NEE,Utilities,0.10000000000000002,0.019050575169285978
2018-02-28,ewma,DUK,Utilities,0.15,0.1503765811668626
2018-02-28,ewma,AMT,Real Estate,0.11156953348898858,0.06536475403209818
2018-02-28,ewma,PLD,Real Estate,0.0,0.0
2018-02-28,ewma,APD,Materials,0.0,0.08199070910969199
2018-02-28,ewma,NEM,Materials,0.0935350318947359,0.006022781733637673
2018-02-28,ewma,GOOGL,Communication Services,0.0,0.0
2018-02-28,ewma,META,Communication Services,0.0,7.743874951760309e-19
2018-02-28,ledoit_wolf,AAPL,Information Technology,0.04698921052099247,0.04701767579906933
2018-02-28,ledoit_wolf,MSFT,Information Technology,7.15965186578538e-18,0.0
2018-02-28,ledoit_wolf,JPM,Financials,0.050950360013893775,0.026334961166522532
2018-02-28,ledoit_wolf,BAC,Financials,0.04217778730545832,0.017272216115566823
2018-02-28,ledoit_wolf,JNJ,Health Care,0.15,0.1507767269320078
2018-02-28,ledoit_wolf,UNH,Health Care,0.030096956199885415,0.05166420504455229
2018-02-28,ledoit_wolf,AMZN,Consumer Discretionary,0.006145161863036533,5.414824408407886e-18
2018-02-28,ledoit_wolf,HD,Consumer Discretionary,0.07403535412001468,0.09769891827902356
2018-02-28,ledoit_wolf,PG,Consumer Staples,0.119944563482455,0.11031576178564141
2018-02-28,ledoit_wolf,KO,Consumer Staples,0.07620971365869317,0.07755709371371375
2018-02-28,ledoit_wolf,CAT,Industrials,0.0,5.222086932465879e-18
2018-02-28,ledoit_wolf,UNP,Industrials,0.009040225397566815,0.023132438800862312
2018-02-28,ledoit_wolf,XOM,Energy,0.07426013178480201,0.09413192507644388
2018-02-28,ledoit_wolf,CVX,Energy,0.0,5.340926434415622e-19
2018-02-28,ledoit_wolf,NEE,Utilities,0.0896434883823392,0.0716435261247866
2018-02-28,ledoit_wolf,DUK,Utilities,0.15,0.12480067569374013
2018-02-28,ledoit_wolf,AMT,Real Estate,0.014498739897082202,0.002329382532673131
2018-02-28,ledoit_wolf,PLD,Real Estate,0.0,0.0
2018-02-28,ledoit_wolf,APD,Materials,0.024004669195033697,0.030018913874525224
2018-02-28,ledoit_wolf,NEM,Materials,0.020590972361686253,0.017608461817065626
2018-02-28,ledoit_wolf,GOOGL,Communication Services,0.0,0.02617217390167222
2018-02-28,ledoit_wolf,META,Communication Services,0.021412665817060545,0.03152494334213374
2018-02-28,equal_weight,AAPL,Information Technology,0.045454545454545456,0.05077323768904203
2018-02-28,equal_weight,MSFT,Information Technology,0.045454545454545456,0.047132241617646904
2018-02-28,equal_weight,JPM,Financials,0.045454545454545456,0.04746237983391694
2018-02-28,equal_weight,BAC,Financials,0.045454545454545456,0.04768076370984691
2018-02-28,equal_weight,JNJ,Health Care,0.045454545454545456,0.04495996039472213
2018-02-28,equal_weight,UNH,Health Care,0.045454545454545456,0.04540032978993798
2018-02-28,equal_weight,AMZN,Consumer Discretionary,0.045454545454545456,0.049548975794770946
2018-02-28,equal_weight,HD,Consumer Discretionary,0.045454545454545456,0.04312444133556768
2018-02-28,equal_weight,PG,Consumer Staples,0.045454545454545456,0.04322713246126935
2018-02-28,equal_weight,KO,Consumer Staples,0.045454545454545456,0.04316752041111838
2018-02-28,equal_weight,CAT,Industrials,0.045454545454545456,0.045152412867879715
2018-02-28,equal_weight,UNP,Industrials,0.045454545454545456,0.04662027568404709
2018-02-28,equal_weight,XOM,Energy,0.045454545454545456,0.04165983977892836
2018-02-28,equal_weight,CVX,Energy,0.045454545454545456,0.04286208237200997
2018-02-28,equal_weight,NEE,Utilities,0.045454545454545456,0.045977590708411085
2018-02-28,equal_weight,DUK,Utilities,0.045454545454545456,0.046163144863982805
2018-02-28,equal_weight,AMT,Real Estate,0.045454545454545456,0.044838627067455325
2018-02-28,equal_weight,PLD,Real Estate,0.045454545454545456,0.04429819606737206
2018-02-28,equal_weight,APD,Materials,0.045454545454545456,0.04539232270379372
2018-02-28,equal_weight,NEM,Materials,0.045454545454545456,0.04482180703819057
2018-02-28,equal_weight,GOOGL,Communication Services,0.045454545454545456,0.044384108051644146
2018-02-28,equal_weight,META,Communication Services,0.045454545454545456,0.04535260975844629
2018-03-29,sample,AAPL,Information Technology,0.045943478234526366,0.043361687320371614
2018-03-29,sample,MSFT,Information Technology,2.539616534105206e-17,4.7925683148669706e-18
2018-03-29,sample,JPM,Financials,0.04228859496586498,0.048526911016272954
2018-03-29,sample,BAC,Financials,0.04755016935450572,0.040635037141287134
2018-03-29,sample,JNJ,Health Care,0.13653787888027505,0.1482326520854299
2018-03-29,sample,UNH,Health Care,0.029637085233546877,0.025483512619362787
2018-03-29,sample,AMZN,Consumer Discretionary,9.338961759952288e-18,0.005230453888152012
2018-03-29,sample,HD,Consumer Discretionary,0.05929125767678362,0.07769984225335083
2018-03-29,sample,PG,Consumer Staples,0.13935918834320096,0.13084042409561578
2018-03-29,sample,KO,Consumer Staples,0.09634128898695064,0.07454818579893152
2018-03-29,sample,CAT,Industrials,0.0,0.0
2018-03-29,sample,UNP,Industrials,0.01894580516382707,0.006232581790173861
2018-03-29,sample,XOM,Energy,0.07812742627749791,0.07699738909342783
2018-03-29,sample,CVX,Energy,0.0,7.672619068177113e-18
2018-03-29,sample,NEE,Utilities,0.09031857643263669,0.10095868161155816
2018-03-29,sample,DUK,Utilities,0.15,0.1544811597601234
2018-03-29,sample,AMT,Real Estate,0.02839003422981266,0.01051882332205629
2018-03-29,sample,PLD,Real Estate,0.0,1.8066857002532536e-18
2018-03-29,sample,APD,Materials,0.008672416891153004,0.017641084339674484
2018-03-29,sample,NEM,Materials,0.0211264841827747,0.019867296089301597
2018-03-29,sample,GOOGL,Communication Services,0.0,0.0
2018-03-29,sample,META,Communication Services,0.0074703151466439,0.01874427777490972
2018-03-29,ewma,AAPL,Information Technology,6.992481223755144e-18,0.0
2018-03-29,ewma,MSFT,Information Technology,5.323673352315103e-18,4.329660454732961e-18
2018-03-29,ewma,JPM,Financials,1.3120034965421833e-18,0.0
2018-03-29,ewma,BAC,Financials,0.0,0.0684221635121118
2018-03-29,ewma,JNJ,Health Care,0.0,0.0695998126920164
2018-03-29,ewma,UNH,Health Care,0.08008151729893914,0.0
2018-03-29,ewma,AMZN,Consumer Discretionary,6.034008700423015e-19,0.142161909919885
2018-03-29,ewma,HD,Consumer Discretionary,1.3151477841942496e-17,1.5987916928292924e-18
2018-03-29,ewma,PG,Consumer Staples,0.10418317815453451,0.14999511992486855
2018-03-29,ewma,KO,Consumer Staples,0.14581682184546543,0.10039787513011744
2018-03-29,ewma,CAT,Industrials,0.0,0.0
2018-03-29,ewma,UNP,Industrials,0.008393832010253231,0.0
2018-03-29,ewma,XOM,Energy,0.053328531240894685,0.0
2018-03-29,ewma,CVX,Energy,0.022536407011410173,1.2428693733691332e-19
2018-03-29,ewma,NEE,Utilities,0.13793020835046024,0.10631550168540882
2018-03-29,ewma,DUK,Utilities,0.11206979164953977,0.15275716926742144
2018-03-29,ewma,AMT,Real Estate,0.15,0.11526268081639603
2018-03-29,ewma,PLD,Real Estate,0.03565971243850283,0.0
2018-03-29,ewma,APD,Materials,1.1805313768151866e-18,0.0
2018-03-29,ewma,NEM,Materials,0.15,0.0950877670517747
2018-03-29,ewma,GOOGL,Communication Services,1.6586588228027985e-18,0.0
2018-03-29,ewma,META,Communication Services,1.868048392477884e-18,0.0
2018-03-29,ledoit_wolf,AAPL,Information Technology,0.04473140406705391,0.044338408014307044
2018-03-29,ledoit_wolf,MSFT,Information Technology,8.859964628279982e-19,6.980889590696616e-18
2018-03-29,ledoit_wolf,JPM,Financials,0.04370147150100315,0.04859528488308693
2018-03-29,ledoit_wolf,BAC,Financials,0.04593412006718832,0.039622014830421735
2018-03-29,ledoit_wolf,JNJ,Health Care,0.12891232907017264,0.14825936569177126
2018-03-29,ledoit_wolf,UNH,Health Care,0.033494500544594887,0.02862270370162191
2018-03-29,ledoit_wolf,AMZN,Consumer Discretionary,0.0013414132991904338,0.005890843638542562
2018-03-29,ledoit_wolf,HD,Consumer Discretionary,0.0587173927284889,0.0729379445693425
2018-03-29,ledoit_wolf,PG,Consumer Staples,0.13219934461822658,0.12131614932707356
2018-03-29,ledoit_wolf,KO,Consumer Staples,0.09520908932747396,0.07739038895851448
2018-03-29,ledoit_wolf,CAT,Industrials,4.06152298208437e-18,0.0
2018-03-29,ledoit_wolf,UNP,Industrials,0.020697253507381042,0.009346574394941326
2018-03-29,ledoit_wolf,XOM,Energy,0.0767892152628399,0.07327941872930223
2018-03-29,ledoit_wolf,CVX,Energy,1.6237621598864937e-18,0.0
2018-03-29,ledoit_wolf,NEE,Utilities,0.08983103292026876,0.09639788810717999
2018-03-29,ledoit_wolf,DUK,Utilities,0.15,0.15450899943532956
2018-03-29,ledoit_wolf,AMT,Real Estate,0.03160203978882511,0.015150450131287095
2018-03-29,ledoit_wolf,PLD,Real Estate,0.0,0.0
2018-03-29,ledoit_wolf,APD,Materials,0.015256211312135778,0.0239497598585927
2018-03-29,ledoit_wolf,NEM,Materials,0.022116321835498883,0.021172853094310967
2018-03-29,ledoit_wolf,GOOGL,Communication Services,0.0,0.0
2018-03-29,ledoit_wolf,META,Communication Services,0.009466860149657972,0.01922095263437368
2018-03-29,equal_weight,AAPL,Information Technology,0.045454545454545456,0.04332151835085939
2018-03-29,equal_weight,MSFT,Information Technology,0.045454545454545456,0.04476520587690185
2018-03-29,equal_weight,JPM,Financials,0.045454545454545456,0.043789359992110304
2018-03-29,equal_weight,BAC,Financials,0.045454545454545456,0.043129506231107013
2018-03-29,equal_weight,JNJ,Health Care,0.045454545454545456,0.045378757561272534
2018-03-29,equal_weight,UNH,Health Care,0.045454545454545456,0.04366262087674654
2018-03-29,equal_weight,AMZN,Consumer Discretionary,0.045454545454545456,0.044011471688464726
2018-03-29,equal_weight,HD,Consumer Discretionary,0.045454545454545456,0.04523098909623382
2018-03-29,equal_weight,PG,Consumer Staples,0.045454545454545456,0.04643653126003644
2018-03-29,equal_weight,KO,Consumer Staples,0.045454545454545456,0.04662280748789854
2018-03-29,equal_weight,CAT,Industrials,0.045454545454545456,0.04383502020075894
2018-03-29,equal_weight,UNP,Industrials,0.045454545454545456,0.04746734388723352
2018-03-29,equal_weight,XOM,Energy,0.045454545454545456,0.0453051969293193
2018-03-29,equal_weight,CVX,Energy,0.045454545454545456,0.046862561243108086
2018-03-29,equal_weight,NEE,Utilities,0.045454545454545456,0.049370837397048076
2018-03-29,equal_weight,DUK,Utilities,0.045454545454545456,0.047291625683784755
2018-03-29,equal_weight,AMT,Real Estate,0.045454545454545456,0.047975222743977905
2018-03-29,equal_weight,PLD,Real Estate,0.045454545454545456,0.04810658312341863
2018-03-29,equal_weight,APD,Materials,0.045454545454545456,0.04580650535984434
2018-03-29,equal_weight,NEM,Materials,0.045454545454545456,0.04720894019081202
2018-03-29,equal_weight,GOOGL,Communication Services,0.045454545454545456,0.043209185994515
2018-03-29,equal_weight,META,Communication Services,0.045454545454545456,0.04121220882454824
2018-04-30,sample,AAPL,Information Technology,0.03912385329689327,0.04530248536671883
2018-04-30,sample,MSFT,Information Technology,1.2576533442595038e-17,2.6050452671459523e-17
2018-04-30,sample,JPM,Financials,0.06176227743233679,0.04208870325786994
2018-04-30,sample,BAC,Financials,0.054471207140680954,0.04749060629084035
2018-04-30,sample,JNJ,Health Care,0.11187322547793657,0.13491538037827736
2018-04-30,sample,UNH,Health Care,0.02544526301930201,0.03277478372257435
2018-04-30,sample,AMZN,Consumer Discretionary,0.0,1.0116413372973714e-17
2018-04-30,sample,HD,Consumer Discretionary,0.04160487799263852,0.061540089386261175
2018-04-30,sample,PG,Consumer Staples,0.14031928896749513,0.12847582339250518
2018-04-30,sample,KO,Consumer Staples,0.10968071103250487,0.0959571877132427
2018-04-30,sample,CAT,Industrials,0.0,0.0
2018-04-30,sample,UNP,Industrials,0.019230476136169492,0.018853476557232685
2018-04-30,sample,XOM,Energy,0.07307999593910118,0.08150375651201446
2018-04-30,sample,CVX,Energy,0.0,0.0
2018-04-30,sample,NEE,Utilities,0.10000000000000003,0.09073757903119903
2018-04-30,sample,DUK,Utilities,0.15,0.15537678286416892
2018-04-30,sample,AMT,Real Estate,0.05306438102811466,0.02680520597792148
2018-04-30,sample,PLD,Real Estate,0.0,0.0
2018-04-30,sample,APD,Materials,0.0,0.008859791407757354
2018-04-30,sample,NEM,Materials,0.020344442536826365,0.02126848623115208
2018-04-30,sample,GOOGL,Communication Services,0.0,0.0
2018-04-30,sample,META,Communication Services,2.3775156038244143e-18,0.008049861910264033
2018-04-30,ewma,AAPL,Information Technology,4.334877321591268e-18,6.876649853774942e-18
2018-04-30,ewma,MSFT,Information Technology,6.490092548566128e-19,5.4463553511759644e-18
2018-04-30,ewma,JPM,Financials,0.1464508251220793,1.3023410411995987e-18
2018-04-30,ewma,BAC,Financials,4.087523143395321e-17,0.0
2018-04-30,ewma,JNJ,Health Care,2.0007956429350068e-17,0.0
2018-04-30,ewma,UNH,Health Care,0.0,0.08832508893948254
2018-04-30,ewma,AMZN,Consumer Discretionary,1.777361424641814e-18,6.519005491904991e-19
2018-04-30,ewma,HD,Consumer Discretionary,0.0,1.361411649892493e-17
2018-04-30,ewma,PG,Consumer Staples,0.15,0.09579235451875824
2018-04-30,ewma,KO,Consumer Staples,0.08043721609025567,0.14485054446750661
2018-04-30,ewma,CAT,Industrials,9.114285715736808e-19,0.0
2018-04-30,ewma,UNP,Industrials,0.07374156733647834,0.008330788266933356
2018-04-30,ewma,XOM,Energy,0.033985058854430476,0.05548571358108338
2018-04-30,ewma,CVX,Energy,6.506117795382964e-18,0.02468525307109696
2018-04-30,ewma,NEE,Utilities,0.10602649513506207,0.13820283154160137
2018-04-30,ewma,DUK,Utilities,0.14397350486493793,0.1157792882460326
2018-04-30,ewma,AMT,Real Estate,0.15,0.14125113189716498
2018-04-30,ewma,PLD,Real Estate,0.0,0.03668900053370236
2018-04-30,ewma,APD,Materials,0.0,1.202841296061439e-18
2018-04-30,ewma,NEM,Materials,0.11538533259675622,0.15060800493663778
2018-04-30,ewma,GOOGL,Communication Services,6.9999202644606745e-19,1.6264210053061835e-18
2018-04-30,ewma,META,Communication Services,0.0,2.007636461121047e-18
2018-04-30,ledoit_wolf,AAPL,Information Technology,0.03999878697771004,0.04405354604098906
2018-04-30,ledoit_wolf,MSFT,Information Technology,1.9349620647077237e-17,9.077145579158597e-19
2018-04-30,ledoit_wolf,JPM,Financials,0.06049369141605607,0.04344187226745444
2018-04-30,ledoit_wolf,BAC,Financials,0.05412279014819031,0.045820648501467054
2018-04-30,ledoit_wolf,JNJ,Health Care,0.106636986982856,0.12722514352519526
2018-04-30,ledoit_wolf,UNH,Health Care,0.027085231144184797,0.03699542627133887
2018-04-30,ledoit_wolf,AMZN,Consumer Discretionary,0.0,0.0014513119187437669
2018-04-30,ledoit_wolf,HD,Consumer Discretionary,0.04257780367032418,0.06087015495853783
2018-04-30,ledoit_wolf,PG,Consumer Staples,0.1377927232552462,0.1217265428529738
2018-04-30,ledoit_wolf,KO,Consumer Staples,0.10973172649761591,0.09471388567213049
2018-04-30,ledoit_wolf,CAT,Industrials,0.0,3.997781574789959e-18
2018-04-30,ledoit_wolf,UNP,Industrials,0.021142095422335715,0.02057127840501705
2018-04-30,ledoit_wolf,XOM,Energy,0.07186984140685694,0.08001004629964548
2018-04-30,ledoit_wolf,CVX,Energy,5.050433948003766e-19,1.7811400211798428e-18
2018-04-30,ledoit_wolf,NEE,Utilities,0.1,0.09013774345052822
2018-04-30,ledoit_wolf,DUK,Utilities,0.15,0.1551873471655346
2018-04-30,ledoit_wolf,AMT,Real Estate,0.05313500852156618,0.029801528026140105
2018-04-30,ledoit_wolf,PLD,Real Estate,2.5703214784431744e-18,0.0
2018-04-30,ledoit_wolf,APD,Materials,0.00425339706768822,0.015566831701762068
2018-04-30,ledoit_wolf,NEM,Materials,0.02115991748936959,0.022237831589053077
2018-04-30,ledoit_wolf,GOOGL,Communication Services,0.0,0.0
2018-04-30,ledoit_wolf,META,Communication Services,6.07333211093174e-18,0.010188861353489087
2018-04-30,equal_weight,AAPL,Information Technology,0.045454545454545456,0.04408621736327582
2018-04-30,equal_weight,MSFT,Information Technology,0.045454545454545456,0.04586187522402911
2018-04-30,equal_weight,JPM,Financials,0.045454545454545456,0.04449866371681133
2018-04-30,equal_weight,BAC,Financials,0.045454545454545456,0.044653995674249845
2018-04-30,equal_weight,JNJ,Health Care,0.045454545454545456,0.04417870591316897
2018-04-30,equal_weight,UNH,Health Care,0.045454545454545456,0.049443479437439694
2018-04-30,equal_weight,AMZN,Consumer Discretionary,0.045454545454545456,0.04843202746250918
2018-04-30,equal_weight,HD,Consumer Discretionary,0.045454545454545456,0.04640578675993694
2018-04-30,equal_weight,PG,Consumer Staples,0.045454545454545456,0.04121833849506002
2018-04-30,equal_weight,KO,Consumer Staples,0.045454545454545456,0.0445317475777224
2018-04-30,equal_weight,CAT,Industrials,0.045454545454545456,0.044062044299847676
2018-04-30,equal_weight,UNP,Industrials,0.045454545454545456,0.04449211575846668
2018-04-30,equal_weight,XOM,Energy,0.045454545454545456,0.04664217435621103
2018-04-30,equal_weight,CVX,Energy,0.045454545454545456,0.049103239112365624
2018-04-30,equal_weight,NEE,Utilities,0.045454545454545456,0.044917418023092605
2018-04-30,equal_weight,DUK,Utilities,0.045454545454545456,0.04631264082325935
2018-04-30,equal_weight,AMT,Real Estate,0.045454545454545456,0.042214136744459334
2018-04-30,equal_weight,PLD,Real Estate,0.045454545454545456,0.046122759114418904
2018-04-30,equal_weight,APD,Materials,0.045454545454545456,0.045675996441245065
2018-04-30,equal_weight,NEM,Materials,0.045454545454545456,0.04501052012690484
2018-04-30,equal_weight,GOOGL,Communication Services,0.045454545454545456,0.043957516363027964
2018-04-30,equal_weight,META,Communication Services,0.045454545454545456,0.04817860121249755
2018-05-31,sample,AAPL,Information Technology,0.042943276857448164,0.04426946696416576
2018-05-31,sample,MSFT,Information Technology,0.0,1.3307202486768455e-17
2018-05-31,sample,JPM,Financials,0.04792041285525314,0.060564448935510634
2018-05-31,sample,BAC,Financials,0.06065230495542457,0.05291663210189794
2018-05-31,sample,JNJ,Health Care,0.10117810966644672,0.10624342931232457
2018-05-31,sample,UNH,Health Care,0.023096040968294276,0.025912772018765635
2018-05-31,sample,AMZN,Consumer Discretionary,0.0,0.0
2018-05-31,sample,HD,Consumer Discretionary,0.05876652908750706,0.04209994647055573
2018-05-31,sample,PG,Consumer Staples,0.13136877598700974,0.14147870769716722
2018-05-31,sample,KO,Consumer Staples,0.11863122401299026,0.10880121782535596
2018-05-31,sample,CAT,Industrials,1.5915749078908303e-18,0.0
2018-05-31,sample,UNP,Industrials,0.01942294463832951,0.020583454279309875
2018-05-31,sample,XOM,Energy,0.0659034474617796,0.07688952804389382
2018-05-31,sample,CVX,Energy,2.913793338554793e-18,0.0
2018-05-31,sample,NEE,Utilities,0.09999999999999999,0.1008380345545189
2018-05-31,sample,DUK,Utilities,0.15,0.14563266516406007
2018-05-31,sample,AMT,Real Estate,0.056032044344423916,0.05367564950725143
2018-05-31,sample,PLD,Real Estate,6.1663998560113065e-18,0.0
2018-05-31,sample,APD,Materials,0.004563082568118297,0.0
2018-05-31,sample,NEM,Materials,0.019521806596974695,0.020094047125222426
2018-05-31,sample,GOOGL,Communication Services,7.71138795180315e-18,0.0
2018-05-31,sample,META,Communication Services,0.0,2.6425153102869265e-18
2018-05-31,ewma,AAPL,Information Technology,0.0630100420263441,4.896591558210348e-18
2018-05-31,ewma,MSFT,Information Technology,1.2035067631062726e-17,6.855373199808732e-19
2018-05-31,ewma,JPM,Financials,0.0,0.1433641909527788
2018-05-31,ewma,BAC,Financials,0.06210299485978189,3.96405633256172e-17
2018-05-31,ewma,JNJ,Health Care,2.5334755452376123e-17,1.896850270548624e-17
2018-05-31,ewma,UNH,Health Care,0.0,0.0
2018-05-31,ewma,AMZN,Consumer Discretionary,1.1977892907123061e-17,1.8403816780639708e-18
2018-05-31,ewma,HD,Consumer Discretionary,3.146727399049726e-19,0.0
2018-05-31,ewma,PG,Consumer Staples,0.074886963113874,0.15097998054339704
2018-05-31,ewma,KO,Consumer Staples,0.14999999999999997,0.079655345890849
2018-05-31,ewma,CAT,Industrials,0.0,9.544119940909303e-19
2018-05-31,ewma,UNP,Industrials,0.0,0.07879433290837318
2018-05-31,ewma,XOM,Energy,0.0,0.035695305573628516
2018-05-31,ewma,CVX,Energy,2.684670926322505e-18,6.488514916177806e-18
2018-05-31,ewma,NEE,Utilities,0.09999999999999999,0.10673163804911774
2018-05-31,ewma,DUK,Utilities,0.14999999999999997,0.1395418616594382
2018-05-31,ewma,AMT,Real Estate,0.15,0.15146764106503383
2018-05-31,ewma,PLD,Real Estate,6.875366432863156e-18,0.0
2018-05-31,ewma,APD,Materials,0.14073024657977082,0.0
2018-05-31,ewma,NEM,Materials,0.10926975342022918,0.11376970335738373
2018-05-31,ewma,GOOGL,Communication Services,0.0,7.522535662848821e-19
2018-05-31,ewma,META,Communication Services,1.0451116019697185e-17,0.0
2018-05-31,ledoit_wolf,AAPL,Information Technology,0.045042753955069355,0.04523869749865339
2018-05-31,ledoit_wolf,MSFT,Information Technology,9.605353621863766e-19,2.0464393153798857e-17
2018-05-31,ledoit_wolf,JPM,Financials,0.048726675552259596,0.05929323627510858
2018-05-31,ledoit_wolf,BAC,Financials,0.059006995783621154,0.05255402380880105
2018-05-31,ledoit_wolf,JNJ,Health Care,0.09614697601997975,0.10122420783580312
2018-05-31,ledoit_wolf,UNH,Health Care,0.02531073642041176,0.027570210140186156
2018-05-31,ledoit_wolf,AMZN,Consumer Discretionary,2.2323553324887085e-18,0.0
2018-05-31,ledoit_wolf,HD,Consumer Discretionary,0.05660897338733768,0.04306467225285072
2018-05-31,ledoit_wolf,PG,Consumer Staples,0.13098443123923642,0.13886749217957062
2018-05-31,ledoit_wolf,KO,Consumer Staples,0.1190155687607636,0.10880185805068047
2018-05-31,ledoit_wolf,CAT,Industrials,0.0,0.0
2018-05-31,ledoit_wolf,UNP,Industrials,0.02004293102514349,0.022619179697363153
2018-05-31,ledoit_wolf,XOM,Energy,0.06067961697551197,0.07558158019306976
2018-05-31,ledoit_wolf,CVX,Energy,0.0022908529757637865,5.043108177207516e-19
2018-05-31,ledoit_wolf,NEE,Utilities,0.1,0.10079174695411316
2018-05-31,ledoit_wolf,DUK,Utilities,0.15,0.1455658155210568
2018-05-31,ledoit_wolf,AMT,Real Estate,0.056172020071251064,0.05372241910228456
2018-05-31,ledoit_wolf,PLD,Real Estate,8.54952705311128e-18,2.538891893375738e-18
2018-05-31,ledoit_wolf,APD,Materials,0.010021884456248966,0.004214968592242019
2018-05-31,ledoit_wolf,NEM,Materials,0.01994958337740144,0.020889891898216367
2018-05-31,ledoit_wolf,GOOGL,Communication Services,0.0,0.0
2018-05-31,ledoit_wolf,META,Communication Services,9.329220881058864e-18,6.747171779113669e-18
2018-05-31,equal_weight,AAPL,Information Technology,0.045454545454545456,0.05034429579063727
2018-05-31,equal_weight,MSFT,Information Technology,0.045454545454545456,0.047077502450321954
2018-05-31,equal_weight,JPM,Financials,0.045454545454545456,0.04362968399864145
2018-05-31,equal_weight,BAC,Financials,0.045454545454545456,0.04322278982566052
2018-05-31,equal_weight,JNJ,Health Care,0.045454545454545456,0.04225358086964925
2018-05-31,equal_weight,UNH,Health Care,0.045454545454545456,0.04531004871136389
2018-05-31,equal_weight,AMZN,Consumer Discretionary,0.045454545454545456,0.04614932498079361
2018-05-31,equal_weight,HD,Consumer Discretionary,0.045454545454545456,0.04502201104829184
2018-05-31,equal_weight,PG,Consumer Staples,0.045454545454545456,0.044860210611786674
2018-05-31,equal_weight,KO,Consumer Staples,0.045454545454545456,0.0441358097225871
2018-05-31,equal_weight,CAT,Industrials,0.045454545454545456,0.046670929659611685
2018-05-31,equal_weight,UNP,Industrials,0.045454545454545456,0.04762289812391049
2018-05-31,equal_weight,XOM,Energy,0.045454545454545456,0.046811901222973726
2018-05-31,equal_weight,CVX,Energy,0.045454545454545456,0.044448446577796744
2018-05-31,equal_weight,NEE,Utilities,0.045454545454545456,0.044865444160116064
2018-05-31,equal_weight,DUK,Utilities,0.045454545454545456,0.043197154299118024
2018-05-31,equal_weight,AMT,Real Estate,0.045454545454545456,0.04500510766124278
2018-05-31,equal_weight,PLD,Real Estate,0.045454545454545456,0.043968713896667226
2018-05-31,equal_weight,APD,Materials,0.045454545454545456,0.044110848771241454
2018-05-31,equal_weight,NEM,Materials,0.045454545454545456,0.043944974990803735
2018-05-31,equal_weight,GOOGL,Communication Services,0.045454545454545456,0.04789656458774725
2018-05-31,equal_weight,META,Communication Services,0.045454545454545456,0.049451758039037466
2018-06-29,sample,AAPL,Information Technology,0.04343115884536955,0.04163890500252266
2018-06-29,sample,MSFT,Information Technology,4.851804721872632e-18,0.0
2018-06-29,sample,JPM,Financials,0.06959346477791604,0.04567490605635832
2018-06-29,sample,BAC,Financials,0.07022909117008587,0.05763147443349726
2018-06-29,sample,JNJ,Health Care,0.08144029790174635,0.1004617246810759
2018-06-29,sample,UNH,Health Care,0.018115065600009594,0.023047197603100016
2018-06-29,sample,AMZN,Consumer Discretionary,3.2814056376631595e-18,0.0
2018-06-29,sample,HD,Consumer Discretionary,0.03594879516706099,0.06015971197721452
2018-06-29,sample,PG,Consumer Staples,0.13086073701647272,0.1371834190595598
2018-06-29,sample,KO,Consumer Staples,0.11913926298352726,0.11949886760611804
2018-06-29,sample,CAT,Industrials,1.5500702934753696e-18,1.3913567979133829e-18
2018-06-29,sample,UNP,Industrials,0.01953937428425176,0.018868226567559484
2018-06-29,sample,XOM,Energy,0.05993254263414249,0.0656923893990261
2018-06-29,sample,CVX,Energy,0.0010338844710179105,2.901025786097355e-18
2018-06-29,sample,NEE,Utilities,0.1,0.09928046880715322
2018-06-29,sample,DUK,Utilities,0.15,0.1504802774566983
2018-06-29,sample,AMT,Real Estate,0.06765190443211457,0.057465009889028154
2018-06-29,sample,PLD,Real Estate,0.0,6.207121448048169e-18
2018-06-29,sample,APD,Materials,0.020588071346705386,0.004339971089418078
2018-06-29,sample,NEM,Materials,0.0124963493695796,0.018577450371670103
2018-06-29,sample,GOOGL,Communication Services,1.1773757966834775e-17,7.748556796805148e-18
2018-06-29,sample,META,Communication Services,0.0,0.0
2018-06-29,ewma,AAPL,Information Technology,0.1387695483152509,0.061661297907928084
2018-06-29,ewma,MSFT,Information Technology,2.314602231667101e-17,1.1861766135827722e-17
2018-06-29,ewma,JPM,Financials,4.966154169751963e-18,0.0
2018-06-29,ewma,BAC,Financials,0.10989524368632621,0.05955575550056564
2018-06-29,ewma,JNJ,Health Care,0.012199108129039009,2.5388062484768577e-17
2018-06-29,ewma,UNH,Health Care,0.052651205615592056,0.0
2018-06-29,ewma,AMZN,Consumer Discretionary,2.611402576385008e-18,1.2342540066588664e-17
2018-06-29,ewma,HD,Consumer Discretionary,0.07264803569375687,3.2511245125370943e-19
2018-06-29,ewma,PG,Consumer Staples,0.04412290303786783,0.07892497658503543
2018-06-29,ewma,KO,Consumer Staples,0.14999999999999997,0.1524947214356088
2018-06-29,ewma,CAT,Industrials,1.0117808554952618e-18,0.0
2018-06-29,ewma,UNP,Industrials,0.0,0.0
2018-06-29,ewma,XOM,Energy,0.0,0.0
2018-06-29,ewma,CVX,Energy,0.026834617739594283,2.6976318222529418e-18
2018-06-29,ewma,NEE,Utilities,0.10000000000000006,0.10019881668676132
2018-06-29,ewma,DUK,Utilities,0.14999999999999994,0.15187222539354395
2018-06-29,ewma,AMT,Real Estate,0.020332815299277877,0.15525909493367374
2018-06-29,ewma,PLD,Real Estate,0.04014661248866017,6.98478725772472e-18
2018-06-29,ewma,APD,Materials,6.595845560269237e-18,0.13508736523447318
2018-06-29,ewma,NEM,Materials,0.08239990999463478,0.10494574632241005
2018-06-29,ewma,GOOGL,Communication Services,0.0,0.0
2018-06-29,ewma,META,Communication Services,0.0,1.0461392821655581e-17
2018-06-29,ledoit_wolf,AAPL,Information Technology,0.043981579575098455,0.04368986202993825
2018-06-29,ledoit_wolf,MSFT,Information Technology,1.735782267160875e-18,9.383546814121536e-19
2018-06-29,ledoit_wolf,JPM,Financials,0.06710249617403431,0.04645960487725749
2018-06-29,ledoit_wolf,BAC,Financials,0.06913765421410563,0.05608768860512787
2018-06-29,ledoit_wolf,JNJ,Health Care,0.07843129366339946,0.09549954803729582
2018-06-29,ledoit_wolf,UNH,Health Care,0.021070488142913214,0.025266028610388857
2018-06-29,ledoit_wolf,AMZN,Consumer Discretionary,0.0,2.2800285687488667e-18
2018-06-29,ledoit_wolf,HD,Consumer Discretionary,0.036119030478801634,0.0579712419560313
2018-06-29,ledoit_wolf,PG,Consumer Staples,0.13032013281681812,0.1368298232902584
2018-06-29,ledoit_wolf,KO,Consumer Staples,0.11967986718318191,0.1199278845405422
2018-06-29,ledoit_wolf,CAT,Industrials,0.0,0.0
2018-06-29,ledoit_wolf,UNP,Industrials,0.020492136157525848,0.019477304791252988
2018-06-29,ledoit_wolf,XOM,Energy,0.055666301340170594,0.06050640834470526
2018-06-29,ledoit_wolf,CVX,Energy,0.00598316932669951,0.0022816114034502387
2018-06-29,ledoit_wolf,NEE,Utilities,0.1,0.0993151350387896
2018-06-29,ledoit_wolf,DUK,Utilities,0.15,0.15053282136808072
2018-06-29,ledoit_wolf,AMT,Real Estate,0.06564451615563019,0.05762868081588413
2018-06-29,ledoit_wolf,PLD,Real Estate,3.730121341471125e-19,8.60899130288366e-18
2018-06-29,ledoit_wolf,APD,Materials,0.02360260028948776,0.009535193676343454
2018-06-29,ledoit_wolf,NEM,Materials,0.012768734482133485,0.018991162614653393
2018-06-29,ledoit_wolf,GOOGL,Communication Services,1.00442225676599e-17,0.0
2018-06-29,ledoit_wolf,META,Communication Services,6.5720227586277095e-18,9.256036562867096e-18
2018-06-29,equal_weight,AAPL,Information Technology,0.045454545454545456,0.04467865009012759
2018-06-29,equal_weight,MSFT,Information Technology,0.045454545454545456,0.04499849331085028
2018-06-29,equal_weight,JPM,Financials,0.045454545454545456,0.04391905991445926
2018-06-29,equal_weight,BAC,Financials,0.045454545454545456,0.04378328515131619
2018-06-29,equal_weight,JNJ,Health Care,0.045454545454545456,0.04575199038595557
2018-06-29,equal_weight,UNH,Health Care,0.045454545454545456,0.0459807983929479
2018-06-29,equal_weight,AMZN,Consumer Discretionary,0.045454545454545456,0.047045844657162966
2018-06-29,equal_weight,HD,Consumer Discretionary,0.045454545454545456,0.04717062507147931
2018-06-29,equal_weight,PG,Consumer Staples,0.045454545454545456,0.04811775904029635
2018-06-29,equal_weight,KO,Consumer Staples,0.045454545454545456,0.04641525087973194
2018-06-29,equal_weight,CAT,Industrials,0.045454545454545456,0.04028165952899309
2018-06-29,equal_weight,UNP,Industrials,0.045454545454545456,0.044762252634368796
2018-06-29,equal_weight,XOM,Energy,0.045454545454545456,0.04593067721403316
2018-06-29,equal_weight,CVX,Energy,0.045454545454545456,0.04587634042428705
2018-06-29,equal_weight,NEE,Utilities,0.045454545454545456,0.04574669703894066
2018-06-29,equal_weight,DUK,Utilities,0.045454545454545456,0.04622577999384115
2018-06-29,equal_weight,AMT,Real Estate,0.045454545454545456,0.04725665108185068
2018-06-29,equal_weight,PLD,Real Estate,0.045454545454545456,0.04638253529780467
2018-06-29,equal_weight,APD,Materials,0.045454545454545456,0.04382525309955736
2018-06-29,equal_weight,NEM,Materials,0.045454545454545456,0.04384923567077725
2018-06-29,equal_weight,GOOGL,Communication Services,0.045454545454545456,0.04630034124984028
2018-06-29,equal_weight,META,Communication Services,0.045454545454545456,0.04570081987137861
2018-07-31,sample,AAPL,Information Technology,0.0396767197355277,0.04270013817318897
2018-07-31,sample,MSFT,Information Technology,5.844527336054672e-19,4.991805279306342e-18
2018-07-31,sample,JPM,Financials,0.08067444870935872,0.0738252996009786
2018-07-31,sample,BAC,Financials,0.05994874768885155,0.07357680246645285
2018-07-31,sample,JNJ,Health Care,0.06883867450160058,0.08506650282670605
2018-07-31,sample,UNH,Health Care,0.021430047999185412,0.017881805750653422
2018-07-31,sample,AMZN,Consumer Discretionary,0.0,3.281699521127157e-18
2018-07-31,sample,HD,Consumer Discretionary,0.043334203317747365,0.03480807234280838
2018-07-31,sample,PG,Consumer Staples,0.11179314371426731,0.13085413968910745
2018-07-31,sample,KO,Consumer Staples,0.1382068562857327,0.12114165451455433
2018-07-31,sample,CAT,Industrials,1.8854953405880726e-18,1.5809672285219922e-18
2018-07-31,sample,UNP,Industrials,0.025606904586299196,0.01977044513647473
2018-07-31,sample,XOM,Energy,0.0605521907084395,0.05647449011199076
2018-07-31,sample,CVX,Energy,0.011508725201401587,0.000987560766127809
2018-07-31,sample,NEE,Utilities,0.10000000000000002,0.09593247803889253
2018-07-31,sample,DUK,Utilities,0.15,0.14806861254070486
2018-07-31,sample,AMT,Real Estate,0.057753817574513755,0.06652918675269368
2018-07-31,sample,PLD,Real Estate,0.0,0.0
2018-07-31,sample,APD,Materials,0.017776341450284627,0.020757683526031953
2018-07-31,sample,NEM,Materials,0.012899178526789975,0.01162512776263398
2018-07-31,sample,GOOGL,Communication Services,0.0,1.2238050583929093e-17
2018-07-31,sample,META,Communication Services,0.0,0.0
2018-07-31,ewma,AAPL,Information Technology,0.003493791533479322,0.13810390466048555
2018-07-31,ewma,MSFT,Information Technology,1.5382118322138094e-18,2.4105414898385704e-17
2018-07-31,ewma,JPM,Financials,0.06590696130966038,5.332622947215396e-18
2018-07-31,ewma,BAC,Financials,0.07799397177330289,0.11654313017528793
2018-07-31,ewma,JNJ,Health Care,0.04295860203206854,0.01289826294367354
2018-07-31,ewma,UNH,Health Care,0.08344480276789637,0.05260944280219761
2018-07-31,ewma,AMZN,Consumer Discretionary,7.928228386300251e-18,2.6436054723068472e-18
2018-07-31,ewma,HD,Consumer Discretionary,0.15,0.07120384229750752
2018-07-31,ewma,PG,Consumer Staples,1.7123618061692936e-17,0.044660759412768015
2018-07-31,ewma,KO,Consumer Staples,0.12101977396427116,0.15438808164731313
2018-07-31,ewma,CAT,Industrials,0.0,1.0445803506574193e-18
2018-07-31,ewma,UNP,Industrials,0.047348124248010284,0.0
2018-07-31,ewma,XOM,Energy,0.0,0.0
2018-07-31,ewma,CVX,Energy,0.07346749968347703,0.02594604392375951
2018-07-31,ewma,NEE,Utilities,0.15,0.09710678663031927
2018-07-31,ewma,DUK,Utilities,0.10000000000000002,0.14988111908053048
2018-07-31,ewma,AMT,Real Estate,0.0,0.020240145201069884
2018-07-31,ewma,PLD,Real Estate,0.07856774954428777,0.038825000609957874
2018-07-31,ewma,APD,Materials,8.700722434196173e-18,6.731589435116779e-18
2018-07-31,ewma,NEM,Materials,0.0,0.07759348061513013
2018-07-31,ewma,GOOGL,Communication Services,0.0,0.0
2018-07-31,ewma,META,Communication Services,0.005798723143546228,0.0
2018-07-31,ledoit_wolf,AAPL,Information Technology,0.04023324163018458,0.0432545413745475
2018-07-31,ledoit_wolf,MSFT,Information Technology,1.029145030913975e-18,1.786415986077698e-18
2018-07-31,ledoit_wolf,JPM,Financials,0.07461433697287817,0.07120466724976147
2018-07-31,ledoit_wolf,BAC,Financials,0.06173368856622931,0.0724555284043276
2018-07-31,ledoit_wolf,JNJ,Health Care,0.06619369008154755,0.08194861719347638
2018-07-31,ledoit_wolf,UNH,Health Care,0.023211583990113773,0.020805544435931488
2018-07-31,ledoit_wolf,AMZN,Consumer Discretionary,0.0016290973333055127,0.0
2018-07-31,ledoit_wolf,HD,Consumer Discretionary,0.042546044333990694,0.03498361973666685
2018-07-31,ledoit_wolf,PG,Consumer Staples,0.11673476634541986,0.13035348437385652
2018-07-31,ledoit_wolf,KO,Consumer Staples,0.13326523365458018,0.12172862493918227
2018-07-31,ledoit_wolf,CAT,Industrials,6.34427677493471e-19,0.0
2018-07-31,ledoit_wolf,UNP,Industrials,0.026857432817563365,0.02074082630180359
2018-07-31,ledoit_wolf,XOM,Energy,0.05507398215095185,0.052470476447938
2018-07-31,ledoit_wolf,CVX,Energy,0.015617143650036485,0.005716841287891717
2018-07-31,ledoit_wolf,NEE,Utilities,0.1,0.09596186700504584
2018-07-31,ledoit_wolf,DUK,Utilities,0.15,0.14811397343965474
2018-07-31,ledoit_wolf,AMT,Real Estate,0.0562447778776937,0.06457488859642305
2018-07-31,ledoit_wolf,PLD,Real Estate,0.0,3.564795580153775e-19
2018-07-31,ledoit_wolf,APD,Materials,0.021996739663805394,0.023804337516221505
2018-07-31,ledoit_wolf,NEM,Materials,0.013550960746119039,0.011882161697271585
2018-07-31,ledoit_wolf,GOOGL,Communication Services,6.395098751769968e-19,1.0443510163500842e-17
2018-07-31,ledoit_wolf,META,Communication Services,0.0004972801855805402,5.5840173940388824e-18
2018-07-31,equal_weight,AAPL,Information Technology,0.045454545454545456,0.04514270843598245
2018-07-31,equal_weight,MSFT,Information Technology,0.045454545454545456,0.047240455045952236
2018-07-31,equal_weight,JPM,Financials,0.045454545454545456,0.04870757505752469
2018-07-31,equal_weight,BAC,Financials,0.045454545454545456,0.04810426806597184
2018-07-31,equal_weight,JNJ,Health Care,0.045454545454545456,0.04795997790972314
2018-07-31,equal_weight,UNH,Health Care,0.045454545454545456,0.04532431100292111
2018-07-31,equal_weight,AMZN,Consumer Discretionary,0.045454545454545456,0.04591965779249459
2018-07-31,equal_weight,HD,Consumer Discretionary,0.045454545454545456,0.04445855904122393
2018-07-31,equal_weight,PG,Consumer Staples,0.045454545454545456,0.04591323075901229
2018-07-31,equal_weight,KO,Consumer Staples,0.045454545454545456,0.04668725507326012
2018-07-31,equal_weight,CAT,Industrials,0.045454545454545456,0.04683076190528713
2018-07-31,equal_weight,UNP,Industrials,0.045454545454545456,0.046458538625713676
2018-07-31,equal_weight,XOM,Energy,0.045454545454545456,0.04326626088564027
2018-07-31,equal_weight,CVX,Energy,0.045454545454545456,0.043858276864180736
2018-07-31,equal_weight,NEE,Utilities,0.045454545454545456,0.0440479206851385
2018-07-31,equal_weight,DUK,Utilities,0.045454545454545456,0.04532434085918435
2018-07-31,equal_weight,AMT,Real Estate,0.045454545454545456,0.04515355380966789
2018-07-31,equal_weight,PLD,Real Estate,0.045454545454545456,0.043867046411476235
2018-07-31,equal_weight,APD,Materials,0.045454545454545456,0.046293814905545544
2018-07-31,equal_weight,NEM,Materials,0.045454545454545456,0.04271440145716086
2018-07-31,equal_weight,GOOGL,Communication Services,0.045454545454545456,0.047726203566058674
2018-07-31,equal_weight,META,Communication Services,0.045454545454545456,0.03900088184087958
2018-08-31,sample,AAPL,Information Technology,0.03681542831846321,0.047183769189581344
2018-08-31,sample,MSFT,Information Technology,0.0,6.154640753894041e-19
2018-08-31,sample,JPM,Financials,0.08641753956287966,0.07966342327885438
2018-08-31,sample,BAC,Financials,0.048251212974855795,0.059484762131107025
2018-08-31,sample,JNJ,Health Care,0.06578682525322235,0.069774074576946
2018-08-31,sample,UNH,Health Care,0.024737692876125376,0.022507530087109717
2018-08-31,sample,AMZN,Consumer Discretionary,0.002822858880856952,0.0
2018-08-31,sample,HD,Consumer Discretionary,0.04529474437989997,0.0438593605336054
2018-08-31,sample,PG,Consumer Staples,0.11319908517431826,0.11358305587676933
2018-08-31,sample,KO,Consumer Staples,0.13680091482568174,0.1308668986986132
2018-08-31,sample,CAT,Industrials,3.2305836608279015e-18,1.803580434106078e-18
2018-08-31,sample,UNP,Industrials,0.03157886536864336,0.025627130252663798
2018-08-31,sample,XOM,Energy,0.05849681900588875,0.05960880813356644
2018-08-31,sample,CVX,Energy,0.016215593445481624,0.010798556602513897
2018-08-31,sample,NEE,Utilities,0.1,0.10123827153139763
2018-08-31,sample,DUK,Utilities,0.15,0.14960258698245704
2018-08-31,sample,AMT,Real Estate,0.055031921056209195,0.05755382844138538
2018-08-31,sample,PLD,Real Estate,0.0,0.0
2018-08-31,sample,APD,Materials,0.012857455994243247,0.01783764852094373
2018-08-31,sample,NEM,Materials,0.013561043734782665,0.010810295162485398
2018-08-31,sample,GOOGL,Communication Services,2.0552407432178343e-17,0.0
2018-08-31,sample,META,Communication Services,0.0021319991484478077,0.0
2018-08-31,ewma,AAPL,Information Technology,0.0650980980417132,0.0041645614490392144
2018-08-31,ewma,MSFT,Information Technology,7.65802487612613e-18,1.6236218125785664e-18
2018-08-31,ewma,JPM,Financials,0.032760143263193924,0.06523334711602542
2018-08-31,ewma,BAC,Financials,0.015033826453175322,0.07757147803247061
2018-08-31,ewma,JNJ,Health Care,0.02732674805413811,0.04364426070139081
2018-08-31,ewma,UNH,Health Care,0.08115623442015042,0.0878454766353086
2018-08-31,ewma,AMZN,Consumer Discretionary,0.030522504000926164,8.914579223674815e-18
2018-08-31,ewma,HD,Consumer Discretionary,0.15,0.15217319298813936
2018-08-31,ewma,PG,Consumer Staples,0.0947814818580861,1.7438508116655596e-17
2018-08-31,ewma,KO,Consumer Staples,0.05207459291029685,0.11486083657597221
2018-08-31,ewma,CAT,Industrials,4.817499887508833e-18,0.0
2018-08-31,ewma,UNP,Industrials,0.1005117300178178,0.04749644305370594
2018-08-31,ewma,XOM,Energy,0.0,0.0
2018-08-31,ewma,CVX,Energy,0.07405600404925315,0.06909540455606077
2018-08-31,ewma,NEE,Utilities,0.1,0.152212877557011
2018-08-31,ewma,DUK,Utilities,0.15,0.09996851941515726
2018-08-31,ewma,AMT,Real Estate,0.011583577203904582,0.0
2018-08-31,ewma,PLD,Real Estate,0.0,0.07987051643555299
2018-08-31,ewma,APD,Materials,2.217214618556538e-18,8.751166529547343e-18
2018-08-31,ewma,NEM,Materials,0.0,0.0
2018-08-31,ewma,GOOGL,Communication Services,0.0,0.0
2018-08-31,ewma,META,Communication Services,0.015095059727344524,0.00586308548416565
2018-08-31,ledoit_wolf,AAPL,Information Technology,0.03756627148451425,0.047821540230301135
2018-08-31,ledoit_wolf,MSFT,Information Technology,8.133633876009419e-19,1.0832072513623879e-18
2018-08-31,ledoit_wolf,JPM,Financials,0.07771744158262361,0.07364222572798168
2018-08-31,ledoit_wolf,BAC,Financials,0.052438877517890406,0.06122510010854766
2018-08-31,ledoit_wolf,JNJ,Health Care,0.06396214838347622,0.06705942746621417
2018-08-31,ledoit_wolf,UNH,Health Care,0.025996006473071015,0.024366386971144256
2018-08-31,ledoit_wolf,AMZN,Consumer Discretionary,0.0040847432688441146,0.0018265769677788426
2018-08-31,ledoit_wolf,HD,Consumer Discretionary,0.04442163203720531,0.043040006701609256
2018-08-31,ledoit_wolf,PG,Consumer Staples,0.11798381618820362,0.11854418670746315
2018-08-31,ledoit_wolf,KO,Consumer Staples,0.13191908910261296,0.12612429464152897
2018-08-31,ledoit_wolf,CAT,Industrials,0.0,6.065600965195069e-19
2018-08-31,ledoit_wolf,UNP,Industrials,0.032544186068181845,0.026865136667844382
2018-08-31,ledoit_wolf,XOM,Energy,0.053306387176251836,0.05418869858267675
2018-08-31,ledoit_wolf,CVX,Energy,0.019252476910281244,0.014646091970301662
2018-08-31,ledoit_wolf,NEE,Utilities,0.1,0.10118738789251905
2018-08-31,ledoit_wolf,DUK,Utilities,0.15,0.1495273948254184
2018-08-31,ledoit_wolf,AMT,Real Estate,0.05383293623253204,0.05602184277886835
2018-08-31,ledoit_wolf,PLD,Real Estate,0.0,0.0
2018-08-31,ledoit_wolf,APD,Materials,0.0174129251024998,0.022061508079934157
2018-08-31,ledoit_wolf,NEM,Materials,0.014572731299641845,0.011350820319523024
2018-08-31,ledoit_wolf,GOOGL,Communication Services,0.0,6.355792834460717e-19
2018-08-31,ledoit_wolf,META,Communication Services,0.0029883311721698486,0.0005013733603452311
2018-08-31,equal_weight,AAPL,Information Technology,0.045454545454545456,0.053742584965965526
2018-08-31,equal_weight,MSFT,Information Technology,0.045454545454545456,0.04758992219192214
2018-08-31,equal_weight,JPM,Financials,0.045454545454545456,0.04462565866883504
2018-08-31,equal_weight,BAC,Financials,0.045454545454545456,0.044842239588783736
2018-08-31,equal_weight,JNJ,Health Care,0.045454545454545456,0.04580609468761411
2018-08-31,equal_weight,UNH,Health Care,0.045454545454545456,0.047464223060871544
2018-08-31,equal_weight,AMZN,Consumer Discretionary,0.045454545454545456,0.05069568105988149
2018-08-31,equal_weight,HD,Consumer Discretionary,0.045454545454545456,0.04573968395985319
2018-08-31,equal_weight,PG,Consumer Staples,0.045454545454545456,0.04591557851668018
2018-08-31,equal_weight,KO,Consumer Staples,0.045454545454545456,0.042791932800109365
2018-08-31,equal_weight,CAT,Industrials,0.045454545454545456,0.0432286559185715
2018-08-31,equal_weight,UNP,Industrials,0.045454545454545456,0.04522770738850717
2018-08-31,equal_weight,XOM,Energy,0.045454545454545456,0.0444879361732977
2018-08-31,equal_weight,CVX,Energy,0.045454545454545456,0.04240335008214726
2018-08-31,equal_weight,NEE,Utilities,0.045454545454545456,0.04575161220820383
2018-08-31,equal_weight,DUK,Utilities,0.045454545454545456,0.045072279757645564
2018-08-31,equal_weight,AMT,Real Estate,0.045454545454545456,0.04503552209922643
2018-08-31,equal_weight,PLD,Real Estate,0.045454545454545456,0.04583407216156605
2018-08-31,equal_weight,APD,Materials,0.045454545454545456,0.04534787065838237
2018-08-31,equal_weight,NEM,Materials,0.045454545454545456,0.03787365155441759
2018-08-31,equal_weight,GOOGL,Communication Services,0.045454545454545456,0.04493683650803406
2018-08-31,equal_weight,META,Communication Services,0.045454545454545456,0.0455869059894839
2018-09-28,sample,AAPL,Information Technology,0.026123723329949708,0.036243407839626006
2018-09-28,sample,MSFT,Information Technology,0.0,0.0
2018-09-28,sample,JPM,Financials,0.07501176448082478,0.08448436728681204
2018-09-28,sample,BAC,Financials,0.052611913492275696,0.0458432736538554
2018-09-28,sample,JNJ,Health Care,0.0403532602300212,0.06699425351204238
2018-09-28,sample,UNH,Health Care,0.016761677546131778,0.02441796242590411
2018-09-28,sample,AMZN,Consumer Discretionary,0.013860004884946653,0.002788746781378389
2018-09-28,sample,HD,Consumer Discretionary,0.05130430950878556,0.046393162251734524
2018-09-28,sample,PG,Consumer Staples,0.10072947042131963,0.1127525674415139
2018-09-28,sample,KO,Consumer Staples,0.14927052957868037,0.1419360764853583
2018-09-28,sample,CAT,Industrials,0.0,3.522059651089557e-18
2018-09-28,sample,UNP,Industrials,0.040074892402175065,0.03388974883127436
2018-09-28,sample,XOM,Energy,0.06386791472773466,0.06158310050736304
2018-09-28,sample,CVX,Energy,0.027810742734377406,0.016616390128070684
2018-09-28,sample,NEE,Utilities,0.10000000000000003,0.09781147205477075
2018-09-28,sample,DUK,Utilities,0.15,0.14666955003851684
2018-09-28,sample,AMT,Real Estate,0.06822345144449621,0.053524745704531904
2018-09-28,sample,PLD,Real Estate,0.0,0.0
2018-09-28,sample,APD,Materials,0.0,0.012906237508419906
2018-09-28,sample,NEM,Materials,0.02289297226825949,0.013164224130947241
2018-09-28,sample,GOOGL,Communication Services,2.6460462239277088e-17,1.999303406780411e-17
2018-09-28,sample,META,Communication Services,0.0011033729500218169,0.0019807134178804003
2018-09-28,ewma,AAPL,Information Technology,5.1817026712694196e-18,0.06382584350971582
2018-09-28,ewma,MSFT,Information Technology,0.0015750142660884983,7.70872248448237e-18
2018-09-28,ewma,JPM,Financials,0.008143327818903274,0.03189696380137042
2018-09-28,ewma,BAC,Financials,0.002679970365792068,0.014225450030178359
2018-09-28,ewma,JNJ,Health Care,0.0,0.027715050278659694
2018-09-28,ewma,UNH,Health Care,0.11705095218884769,0.07978131863662043
2018-09-28,ewma,AMZN,Consumer Discretionary,0.0589558416237014,0.03003095672682686
2018-09-28,ewma,HD,Consumer Discretionary,0.15,0.1530123609672136
2018-09-28,ewma,PG,Consumer Staples,0.06182186331539311,0.09402343458835268
2018-09-28,ewma,KO,Consumer Staples,0.13502344106667732,0.05380947716403738
2018-09-28,ewma,CAT,Industrials,0.0,5.230780818182101e-18
2018-09-28,ewma,UNP,Industrials,0.006998198403006189,0.10742804465545493
2018-09-28,ewma,XOM,Energy,0.1389885059643285,0.0
2018-09-28,ewma,CVX,Energy,0.08694525847742887,0.07557761831942689
2018-09-28,ewma,NEE,Utilities,0.0,0.09741344211782332
2018-09-28,ewma,DUK,Utilities,0.14905035510105882,0.14607269907075654
2018-09-28,ewma,AMT,Real Estate,0.026273679713666797,0.011220487627283586
2018-09-28,ewma,PLD,Real Estate,0.0,0.0
2018-09-28,ewma,APD,Materials,0.019501540657147407,2.2165699139639876e-18
2018-09-28,ewma,NEM,Materials,3.496714816672052e-18,0.0
2018-09-28,ewma,GOOGL,Communication Services,0.0,0.0
2018-09-28,ewma,META,Communication Services,0.036992051037959994,0.013966852506279786
2018-09-28,ledoit_wolf,AAPL,Information Technology,0.026096499690644624,0.0370004455582249
2018-09-28,ledoit_wolf,MSFT,Information Technology,0.0,8.224904347387513e-19
2018-09-28,ledoit_wolf,JPM,Financials,0.06849290109157623,0.07601558581564609
2018-09-28,ledoit_wolf,BAC,Financials,0.054867819781766095,0.049846017636231144
2018-09-28,ledoit_wolf,JNJ,Health Care,0.045810556136149955,0.06516754473382647
2018-09-28,ledoit_wolf,UNH,Health Care,0.020455164248929538,0.025672405075621012
2018-09-28,ledoit_wolf,AMZN,Consumer Discretionary,0.014745349850582007,0.004037331151483853
2018-09-28,ledoit_wolf,HD,Consumer Discretionary,0.05206480513948759,0.04552085029244647
2018-09-28,ledoit_wolf,PG,Consumer Staples,0.10325021884139059,0.1175751806136776
2018-09-28,ledoit_wolf,KO,Consumer Staples,0.13204495384498557,0.13693710137553067
2018-09-28,ledoit_wolf,CAT,Industrials,0.0,0.0
2018-09-28,ledoit_wolf,UNP,Industrials,0.04115236957589454,0.03494257735256821
2018-09-28,ledoit_wolf,XOM,Energy,0.06104342562504546,0.056145925109012215
2018-09-28,ledoit_wolf,CVX,Energy,0.03181842885127209,0.01973786329467339
2018-09-28,ledoit_wolf,NEE,Utilities,0.1,0.09785871024922402
2018-09-28,ledoit_wolf,DUK,Utilities,0.15,0.14674038431367428
2018-09-28,ledoit_wolf,AMT,Real Estate,0.06809980917451731,0.05238388449155831
2018-09-28,ledoit_wolf,PLD,Real Estate,1.0053222292724477e-18,0.0
2018-09-28,ledoit_wolf,APD,Materials,0.002241800041212129,0.01748743168607016
2018-09-28,ledoit_wolf,NEM,Materials,0.024898456739415382,0.014153139947437067
2018-09-28,ledoit_wolf,GOOGL,Communication Services,6.57858726396893e-18,0.0
2018-09-28,ledoit_wolf,META,Communication Services,0.0029174413671309014,0.00277762130309364
2018-09-28,equal_weight,AAPL,Information Technology,0.045454545454545456,0.0446898888858058
2018-09-28,equal_weight,MSFT,Information Technology,0.045454545454545456,0.04588245531856542
2018-09-28,equal_weight,JPM,Financials,0.045454545454545456,0.04437972073791013
2018-09-28,equal_weight,BAC,Financials,0.045454545454545456,0.043129804914211936
2018-09-28,equal_weight,JNJ,Health Care,0.045454545454545456,0.04622838589444852
2018-09-28,equal_weight,UNH,Health Care,0.045454545454545456,0.04480849259435059
2018-09-28,equal_weight,AMZN,Consumer Discretionary,0.045454545454545456,0.04484665139113527
2018-09-28,equal_weight,HD,Consumer Discretionary,0.045454545454545456,0.04649607242742658
2018-09-28,equal_weight,PG,Consumer Staples,0.045454545454545456,0.04521615500657549
2018-09-28,equal_weight,KO,Consumer Staples,0.045454545454545456,0.047099240131719136
2018-09-28,equal_weight,CAT,Industrials,0.045454545454545456,0.04949095350652369
2018-09-28,equal_weight,UNP,Industrials,0.045454545454545456,0.048717156840071704
2018-09-28,equal_weight,XOM,Energy,0.045454545454545456,0.047790261447945216
2018-09-28,equal_weight,CVX,Energy,0.045454545454545456,0.046517240037014455
2018-09-28,equal_weight,NEE,Utilities,0.045454545454545456,0.04440173099236494
2018-09-28,equal_weight,DUK,Utilities,0.045454545454545456,0.044387308010487354
2018-09-28,equal_weight,AMT,Real Estate,0.045454545454545456,0.04415196588337249
2018-09-28,equal_weight,PLD,Real Estate,0.045454545454545456,0.045798499104836035
2018-09-28,equal_weight,APD,Materials,0.045454545454545456,0.04556744863328498
2018-09-28,equal_weight,NEM,Materials,0.045454545454545456,0.04406687539962025
2018-09-28,equal_weight,GOOGL,Communication Services,0.045454545454545456,0.04415969970801916
2018-09-28,equal_weight,META,Communication Services,0.045454545454545456,0.04217399313431074
2018-10-31,sample,AAPL,Information Technology,0.0376131185632788,0.025351341946712715
2018-10-31,sample,MSFT,Information Technology,2.834595757986516e-18,0.0
2018-10-31,sample,JPM,Financials,0.04949151494615785,0.07304844071339504
2018-10-31,sample,BAC,Financials,0.06811881663921292,0.049157734872820665
2018-10-31,sample,JNJ,Health Care,0.04887952785167585,0.040923214202597494
2018-10-31,sample,UNH,Health Care,0.030599646337128472,0.0164816643754877
2018-10-31,sample,AMZN,Consumer Discretionary,0.000517196503784093,0.011068016403345432
2018-10-31,sample,HD,Consumer Discretionary,0.051761076083590846,0.0436006643902034
2018-10-31,sample,PG,Consumer Staples,0.07540297191165746,0.10837543006051366
2018-10-31,sample,KO,Consumer Staples,0.14895830210754732,0.1548774848120585
2018-10-31,sample,CAT,Industrials,0.0,0.0
2018-10-31,sample,UNP,Industrials,0.04187181063863887,0.0360207443996973
2018-10-31,sample,XOM,Energy,0.048722560010507766,0.059912711865440775
2018-10-31,sample,CVX,Energy,0.03374406172023346,0.025416968966215207
2018-10-31,sample,NEE,Utilities,0.10000000000000002,0.10302036215260192
2018-10-31,sample,DUK,Utilities,0.15,0.15503810252391897
2018-10-31,sample,AMT,Real Estate,0.0457103625689907,0.07322700216774418
2018-10-31,sample,PLD,Real Estate,8.497858043328768e-18,0.0
2018-10-31,sample,APD,Materials,0.0,0.0
2018-10-31,sample,NEM,Materials,0.061182279567915845,0.02346079047700136
2018-10-31,sample,GOOGL,Communication Services,3.1771147060324738e-18,2.3929124066226208e-17
2018-10-31,sample,META,Communication Services,0.007426754549679805,0.001019325670246103
2018-10-31,ewma,AAPL,Information Technology,0.018664566321425567,5.244748420981132e-18
2018-10-31,ewma,MSFT,Information Technology,0.08700771978810845,0.001535601014793815
2018-10-31,ewma,JPM,Financials,2.9815559743351372e-18,0.008271223966099613
2018-10-31,ewma,BAC,Financials,0.04066901970808582,0.002611704583935467
2018-10-31,ewma,JNJ,Health Care,0.14929541613193484,0.0
2018-10-31,ewma,UNH,Health Care,5.70222580091595e-18,0.12004520826900676
2018-10-31,ewma,AMZN,Consumer Discretionary,0.0,0.049104302696793396
2018-10-31,ewma,HD,Consumer Discretionary,0.025526488903796787,0.13295871624290284
2018-10-31,ewma,PG,Consumer Staples,0.0,0.0693749475427349
2018-10-31,ewma,KO,Consumer Staples,7.468628309120068e-17,0.1461200052920782
2018-10-31,ewma,CAT,Industrials,2.0972535774016476e-18,0.0
2018-10-31,ewma,UNP,Industrials,6.877907531704919e-18,0.006560740548301265
2018-10-31,ewma,XOM,Energy,1.7013503778549877e-17,0.13598826143919326
2018-10-31,ewma,CVX,Energy,0.1321656994961291,0.08287878351541532
2018-10-31,ewma,NEE,Utilities,0.1275057208776036,0.0
2018-10-31,ewma,DUK,Utilities,0.12249427912239642,0.16068172832845146
2018-10-31,ewma,AMT,Real Estate,1.91649674645758e-17,0.029413368475970408
2018-10-31,ewma,PLD,Real Estate,0.12411356626842426,0.0
2018-10-31,ewma,APD,Materials,0.0,0.018811498423933728
2018-10-31,ewma,NEM,Materials,0.15,3.737549614812629e-18
2018-10-31,ewma,GOOGL,Communication Services,0.02255752338209489,0.0
2018-10-31,ewma,META,Communication Services,1.0211829212097845e-17,0.0356439096603891
2018-10-31,ledoit_wolf,AAPL,Information Technology,0.03587395713016845,0.02535673516755388
2018-10-31,ledoit_wolf,MSFT,Information Technology,3.844364910232049e-18,0.0
2018-10-31,ledoit_wolf,JPM,Financials,0.050873894036965725,0.06678398468887535
2018-10-31,ledoit_wolf,BAC,Financials,0.06556080259526899,0.05132992937166022
2018-10-31,ledoit_wolf,JNJ,Health Care,0.052954506815874734,0.04651594737202096
2018-10-31,ledoit_wolf,UNH,Health Care,0.0326085642668532,0.020138714877104336
2018-10-31,ledoit_wolf,AMZN,Consumer Discretionary,0.002114825481225191,0.01178980683234865
2018-10-31,ledoit_wolf,HD,Consumer Discretionary,0.051330424251400615,0.04430254803549638
2018-10-31,ledoit_wolf,PG,Consumer Staples,0.07811900660273705,0.11122706095304466
2018-10-31,ledoit_wolf,KO,Consumer Staples,0.13326131589804233,0.13717697456402764
2018-10-31,ledoit_wolf,CAT,Industrials,0.0,0.0
2018-10-31,ledoit_wolf,UNP,Industrials,0.04066871710920017,0.03703568345082852
2018-10-31,ledoit_wolf,XOM,Energy,0.04853654573838817,0.05733506852658699
2018-10-31,ledoit_wolf,CVX,Energy,0.035024447066496135,0.029116227203671085
2018-10-31,ledoit_wolf,NEE,Utilities,0.1,0.1031497714085173
2018-10-31,ledoit_wolf,DUK,Utilities,0.15,0.15523285397952394
2018-10-31,ledoit_wolf,AMT,Real Estate,0.04894215270741316,0.07318610945266081
2018-10-31,ledoit_wolf,PLD,Real Estate,0.0,9.581873225704488e-19
2018-10-31,ledoit_wolf,APD,Materials,0.0036575716075063994,0.002075918237076328
2018-10-31,ledoit_wolf,NEM,Materials,0.06144566768344152,0.02554806931554383
2018-10-31,ledoit_wolf,GOOGL,Communication Services,2.9451335576032023e-18,5.956720357474353e-18
2018-10-31,ledoit_wolf,META,Communication Services,0.009027601009018237,0.002698596563459239
2018-10-31,equal_weight,AAPL,Information Technology,0.045454545454545456,0.04622922477645122
2018-10-31,equal_weight,MSFT,Information Technology,0.045454545454545456,0.044530578567716986
2018-10-31,equal_weight,JPM,Financials,0.045454545454545456,0.04639084698341611
2018-10-31,equal_weight,BAC,Financials,0.045454545454545456,0.0445100926964628
2018-10-31,equal_weight,JNJ,Health Care,0.045454545454545456,0.048310534438866334
2018-10-31,equal_weight,UNH,Health Care,0.045454545454545456,0.04684188005386473
2018-10-31,equal_weight,AMZN,Consumer Discretionary,0.045454545454545456,0.038041457152106356
2018-10-31,equal_weight,HD,Consumer Discretionary,0.045454545454545456,0.04048461311529579
2018-10-31,equal_weight,PG,Consumer Staples,0.045454545454545456,0.0512536756675171
2018-10-31,equal_weight,KO,Consumer Staples,0.045454545454545456,0.049427079120415315
2018-10-31,equal_weight,CAT,Industrials,0.045454545454545456,0.038177596731869864
2018-10-31,equal_weight,UNP,Industrials,0.045454545454545456,0.042818460821907996
2018-10-31,equal_weight,XOM,Energy,0.045454545454545456,0.044687594151965666
2018-10-31,equal_weight,CVX,Energy,0.045454545454545456,0.04353734128123147
2018-10-31,equal_weight,NEE,Utilities,0.045454545454545456,0.04907652519168334
2018-10-31,equal_weight,DUK,Utilities,0.045454545454545456,0.04923771822192618
2018-10-31,equal_weight,AMT,Real Estate,0.045454545454545456,0.05113147268429376
2018-10-31,equal_weight,PLD,Real Estate,0.045454545454545456,0.04534722027276368
2018-10-31,equal_weight,APD,Materials,0.045454545454545456,0.04405740434232441
2018-10-31,equal_weight,NEM,Materials,0.045454545454545456,0.04881925997832024
2018-10-31,equal_weight,GOOGL,Communication Services,0.045454545454545456,0.043080437782515094
2018-10-31,equal_weight,META,Communication Services,0.045454545454545456,0.0440089859670858
2018-11-30,sample,AAPL,Information Technology,0.01759023232575533,0.029444726358844587
2018-11-30,sample,MSFT,Information Technology,4.6787982423959415e-19,2.825744147996955e-18
2018-11-30,sample,JPM,Financials,0.06248570649335662,0.04825912460009101
2018-11-30,sample,BAC,Financials,0.05995274044712815,0.06725764632370457
2018-11-30,sample,JNJ,Health Care,0.035731235603902914,0.04935118555214354
2018-11-30,sample,UNH,Health Care,0.030450186044138003,0.03159590004654124
2018-11-30,sample,AMZN,Consumer Discretionary,0.009710496321974769,0.0005229925395092806
2018-11-30,sample,HD,Consumer Discretionary,0.014673578718403175,0.05103990845627521
2018-11-30,sample,PG,Consumer Staples,0.10248570888588118,0.07682979354576384
2018-11-30,sample,KO,Consumer Staples,0.14751429111411885,0.15109529589076084
2018-11-30,sample,CAT,Industrials,3.7947076036992655e-19,0.0
2018-11-30,sample,UNP,Industrials,0.024126693087786217,0.0423249145015496
2018-11-30,sample,XOM,Energy,0.04945437066493034,0.04694801518285705
2018-11-30,sample,CVX,Energy,0.02207121615156809,0.03470399858045391
2018-11-30,sample,NEE,Utilities,0.09999999999999999,0.10134318163007687
2018-11-30,sample,DUK,Utilities,0.15,0.15538816562249982
2018-11-30,sample,AMT,Real Estate,0.0659300968841353,0.04613684001127311
2018-11-30,sample,PLD,Real Estate,2.0599841277224584e-18,8.486211268819784e-18
2018-11-30,sample,APD,Materials,0.007850766531299845,0.0
2018-11-30,sample,NEM,Materials,0.07468367116133522,0.061180804832635535
2018-11-30,sample,GOOGL,Communication Services,0.0,3.0906535380201887e-18
2018-11-30,sample,META,Communication Services,0.025289009564285973,0.006577506325019927
2018-11-30,ewma,AAPL,Information Technology,0.0,0.014533731429625022
2018-11-30,ewma,MSFT,Information Technology,8.181572307113805e-18,0.08627610668157609
2018-11-30,ewma,JPM,Financials,0.03680136262463528,2.8918962386216104e-18
2018-11-30,ewma,BAC,Financials,0.0,0.03994195537480145
2018-11-30,ewma,JNJ,Health Care,0.15,0.14993675556187433
2018-11-30,ewma,UNH,Health Care,0.0,5.856656900530495e-18
2018-11-30,ewma,AMZN,Consumer Discretionary,0.0,0.0
2018-11-30,ewma,HD,Consumer Discretionary,0.0,0.025037370772839053
2018-11-30,ewma,PG,Consumer Staples,0.10988983503368951,0.0
2018-11-30,ewma,KO,Consumer Staples,4.669664778771075e-18,7.535604973756988e-17
2018-11-30,ewma,CAT,Industrials,0.0,2.2303987004884706e-18
2018-11-30,ewma,UNP,Industrials,1.1167908866064062e-18,6.915470428111872e-18
2018-11-30,ewma,XOM,Energy,0.0068668500430005535,1.6306920224383553e-17
2018-11-30,ewma,CVX,Energy,0.0,0.13520475531099913
2018-11-30,ewma,NEE,Utilities,0.1,0.12853318022254942
2018-11-30,ewma,DUK,Utilities,0.15,0.1262215574135498
2018-11-30,ewma,AMT,Real Estate,0.019904183843816207,1.9241207070634316e-17
2018-11-30,ewma,PLD,Real Estate,0.15,0.12328625769319335
2018-11-30,ewma,APD,Materials,0.011704186654676624,0.0
2018-11-30,ewma,NEM,Materials,0.15,0.14920103583076588
2018-11-30,ewma,GOOGL,Communication Services,0.0,0.021827293708226572
2018-11-30,ewma,META,Communication Services,0.11483358180018169,8.996152188039005e-18
2018-11-30,ledoit_wolf,AAPL,Information Technology,0.018823621910274632,0.028077788439911794
2018-11-30,ledoit_wolf,MSFT,Information Technology,1.6855955650360577e-18,3.8316139122515354e-18
2018-11-30,ledoit_wolf,JPM,Financials,0.06076603054272262,0.04959742231671557
2018-11-30,ledoit_wolf,BAC,Financials,0.05903237331091134,0.06471936758457066
2018-11-30,ledoit_wolf,JNJ,Health Care,0.03636404064503286,0.05345507564435526
2018-11-30,ledoit_wolf,UNH,Health Care,0.03012995404841054,0.03366366797316822
2018-11-30,ledoit_wolf,AMZN,Consumer Discretionary,0.00913415243263463,0.0021381091926092493
2018-11-30,ledoit_wolf,HD,Consumer Discretionary,0.016145616940685916,0.05060540174563182
2018-11-30,ledoit_wolf,PG,Consumer Staples,0.10448458338627839,0.07958172483291391
2018-11-30,ledoit_wolf,KO,Consumer Staples,0.14438885940151733,0.13514679797967807
2018-11-30,ledoit_wolf,CAT,Industrials,0.0,0.0
2018-11-30,ledoit_wolf,UNP,Industrials,0.02416203861379393,0.04110079799373823
2018-11-30,ledoit_wolf,XOM,Energy,0.047805877408834865,0.046759669750942666
2018-11-30,ledoit_wolf,CVX,Energy,0.022857499992015633,0.03601379439765726
2018-11-30,ledoit_wolf,NEE,Utilities,0.10000000000000003,0.10132344971585971
2018-11-30,ledoit_wolf,DUK,Utilities,0.15,0.15535791093831589
2018-11-30,ledoit_wolf,AMT,Real Estate,0.06425831148011048,0.04938916459829197
2018-11-30,ledoit_wolf,PLD,Real Estate,0.0,0.0
2018-11-30,ledoit_wolf,APD,Materials,0.010514014798398637,0.0036438941939749563
2018-11-30,ledoit_wolf,NEM,Materials,0.07445366388904819,0.06143222317578235
2018-11-30,ledoit_wolf,GOOGL,Communication Services,1.0172865696524147e-18,2.864427639957996e-18
2018-11-30,ledoit_wolf,META,Communication Services,0.02667936119932986,0.00799373952588269
2018-11-30,equal_weight,AAPL,Information Technology,0.045454545454545456,0.03591118077991625
2018-11-30,equal_weight,MSFT,Information Technology,0.045454545454545456,0.045730211456756556
2018-11-30,equal_weight,JPM,Financials,0.045454545454545456,0.04473116377721185
2018-11-30,equal_weight,BAC,Financials,0.045454545454545456,0.04529352026985073
2018-11-30,equal_weight,JNJ,Health Care,0.045454545454545456,0.046316111783754
2018-11-30,equal_weight,UNH,Health Care,0.045454545454545456,0.0473669945819808
2018-11-30,equal_weight,AMZN,Consumer Discretionary,0.045454545454545456,0.04638754822378987
2018-11-30,equal_weight,HD,Consumer Discretionary,0.045454545454545456,0.04523432310566355
2018-11-30,equal_weight,PG,Consumer Staples,0.045454545454545456,0.04674150677654242
2018-11-30,equal_weight,KO,Consumer Staples,0.045454545454545456,0.0465315731665292
2018-11-30,equal_weight,CAT,Industrials,0.045454545454545456,0.04904582198916666
2018-11-30,equal_weight,UNP,Industrials,0.045454545454545456,0.04636986738056533
2018-11-30,equal_weight,XOM,Energy,0.045454545454545456,0.04420268421275428
2018-11-30,equal_weight,CVX,Energy,0.045454545454545456,0.047178449699438206
2018-11-30,equal_weight,NEE,Utilities,0.045454545454545456,0.046489624699686885
2018-11-30,equal_weight,DUK,Utilities,0.045454545454545456,0.047521286164283784
2018-11-30,equal_weight,AMT,Real Estate,0.045454545454545456,0.046301459949055775
2018-11-30,equal_weight,PLD,Real Estate,0.045454545454545456,0.04581058873958105
2018-11-30,equal_weight,APD,Materials,0.045454545454545456,0.04571081801654354
2018-11-30,equal_weight,NEM,Materials,0.045454545454545456,0.04587235506901575
2018-11-30,equal_weight,GOOGL,Communication Services,0.045454545454545456,0.04462507244608758
2018-11-30,equal_weight,META,Communication Services,0.045454545454545456,0.04062783771182616
2018-12-31,sample,AAPL,Information Technology,0.004025112898318791,0.016466471061662408
2018-12-31,sample,MSFT,Information Technology,1.0278744814930935e-18,4.541794443625517e-19
2018-12-31,sample,JPM,Financials,0.07624534918662436,0.058139841915907875
2018-12-31,sample,BAC,Financials,0.06207145509092493,0.055433462049193395
2018-12-31,sample,JNJ,Health Care,0.005550069248911052,0.03326629128332714
2018-12-31,sample,UNH,Health Care,0.032041422643193,0.02857303271040141
2018-12-31,sample,AMZN,Consumer Discretionary,0.0,0.009145183718117534
2018-12-31,sample,HD,Consumer Discretionary,0.01382625966031679,0.014817879898239876
2018-12-31,sample,PG,Consumer Staples,0.10000000000000002,0.1056369055702652
2018-12-31,sample,KO,Consumer Staples,0.15,0.14687352103207155
2018-12-31,sample,CAT,Industrials,3.3502270646275714e-18,3.766670611308029e-19
2018-12-31,sample,UNP,Industrials,0.014125122345849376,0.022983714597977035
2018-12-31,sample,XOM,Energy,0.04822189976725569,0.044955040106179595
2018-12-31,sample,CVX,Energy,0.003365053577128722,0.021394753265118048
2018-12-31,sample,NEE,Utilities,0.10000000000000002,0.10137736977323311
2018-12-31,sample,DUK,Utilities,0.15,0.1548943039547836
2018-12-31,sample,AMT,Real Estate,0.08238092362662591,0.06756552296890647
2018-12-31,sample,PLD,Real Estate,3.0486833354050405e-18,1.917897544576212e-18
2018-12-31,sample,APD,Materials,0.028974609502449202,0.008334809135052822
2018-12-31,sample,NEM,Materials,0.10915724613847556,0.08515540585834917
2018-12-31,sample,GOOGL,Communication Services,7.063195988916797e-18,0.0
2018-12-31,sample,META,Communication Services,0.020015476313926722,0.024986491101214047
2018-12-31,ewma,AAPL,Information Technology,0.0,0.0
2018-12-31,ewma,MSFT,Information Technology,0.0,7.889566298756295e-18
2018-12-31,ewma,JPM,Financials,0.15,0.03401576652252181
2018-12-31,ewma,BAC,Financials,1.0896303376665024e-17,0.0
2018-12-31,ewma,JNJ,Health Care,3.1325375079519025e-17,0.13873013565269485
2018-12-31,ewma,UNH,Health Care,0.043820104949013214,0.0
2018-12-31,ewma,AMZN,Consumer Discretionary,6.527579817205083e-18,0.0
2018-12-31,ewma,HD,Consumer Discretionary,5.565944317990409e-19,0.0
2018-12-31,ewma,PG,Consumer Staples,0.03045730269629179,0.11252087051409826
2018-12-31,ewma,KO,Consumer Staples,0.15,4.618684697122589e-18
2018-12-31,ewma,CAT,Industrials,0.0,0.0
2018-12-31,ewma,UNP,Industrials,0.0,1.0568600517572056e-18
2018-12-31,ewma,XOM,Energy,0.0,0.006200896375931263
2018-12-31,ewma,CVX,Energy,0.0,0.0
2018-12-31,ewma,NEE,Utilities,0.14999999999999994,0.10070805764890221
2018-12-31,ewma,DUK,Utilities,0.10000000000000005,0.15387166314393363
2018-12-31,ewma,AMT,Real Estate,0.14999999999999997,0.02026324537941061
2018-12-31,ewma,PLD,Real Estate,2.817443078547134e-17,0.1387317896062389
2018-12-31,ewma,APD,Materials,0.07572259235469508,0.012343776122559437
2018-12-31,ewma,NEM,Materials,0.15,0.16990299115181873
2018-12-31,ewma,GOOGL,Communication Services,0.0,0.0
2018-12-31,ewma,META,Communication Services,0.0,0.11271080788189038
2018-12-31,ledoit_wolf,AAPL,Information Technology,0.005931263356763759,0.017613889084033007
2018-12-31,ledoit_wolf,MSFT,Information Technology,8.165397611531455e-19,1.6355719090269312e-18
2018-12-31,ledoit_wolf,JPM,Financials,0.0715331956966764,0.056516744313856816
2018-12-31,ledoit_wolf,BAC,Financials,0.06175800058034134,0.054560245218309
2018-12-31,ledoit_wolf,JNJ,Health Care,0.011973682293932064,0.03384165488887211
2018-12-31,ledoit_wolf,UNH,Health Care,0.030253117693078157,0.02826102854419583
2018-12-31,ledoit_wolf,AMZN,Consumer Discretionary,0.0,0.008598889493003588
2018-12-31,ledoit_wolf,HD,Consumer Discretionary,0.01632603975509224,0.01629775463424299
2018-12-31,ledoit_wolf,PG,Consumer Staples,0.1,0.107653383303363
2018-12-31,ledoit_wolf,KO,Consumer Staples,0.15,0.14370312151785197
2018-12-31,ledoit_wolf,CAT,Industrials,0.0,0.0
2018-12-31,ledoit_wolf,UNP,Industrials,0.014709805298670551,0.023008012304545387
2018-12-31,ledoit_wolf,XOM,Energy,0.04438320797102974,0.043438829048713226
2018-12-31,ledoit_wolf,CVX,Energy,0.007937146793287522,0.02214791525430424
2018-12-31,ledoit_wolf,NEE,Utilities,0.1,0.10133608591209582
2018-12-31,ledoit_wolf,DUK,Utilities,0.15,0.15483122641637695
2018-12-31,ledoit_wolf,AMT,Real Estate,0.07955922980691733,0.06582545117659283
2018-12-31,ledoit_wolf,PLD,Real Estate,0.0,0.0
2018-12-31,ledoit_wolf,APD,Materials,0.028973987912683925,0.011157715590364336
2018-12-31,ledoit_wolf,NEM,Materials,0.10631893643109236,0.08485857722909458
2018-12-31,ledoit_wolf,GOOGL,Communication Services,0.0,1.0148462578703408e-18
2018-12-31,ledoit_wolf,META,Communication Services,0.020342386410434607,0.026349476070183665
2018-12-31,equal_weight,AAPL,Information Technology,0.045454545454545456,0.04329243740531637
2018-12-31,equal_weight,MSFT,Information Technology,0.045454545454545456,0.04489275255060989
2018-12-31,equal_weight,JPM,Financials,0.045454545454545456,0.043030484892468635
2018-12-31,equal_weight,BAC,Financials,0.045454545454545456,0.04276082162405785
2018-12-31,equal_weight,JNJ,Health Care,0.045454545454545456,0.043056569947881825
2018-12-31,equal_weight,UNH,Health Care,0.045454545454545456,0.04339597655454662
2018-12-31,equal_weight,AMZN,Consumer Discretionary,0.045454545454545456,0.04355460548879644
2018-12-31,equal_weight,HD,Consumer Discretionary,0.045454545454545456,0.04670174434969606
2018-12-31,equal_weight,PG,Consumer Staples,0.045454545454545456,0.04766893392411593
2018-12-31,equal_weight,KO,Consumer Staples,0.045454545454545456,0.04604606134868435
2018-12-31,equal_weight,CAT,Industrials,0.045454545454545456,0.045905254978703784
2018-12-31,equal_weight,UNP,Industrials,0.045454545454545456,0.04405604412314626
2018-12-31,equal_weight,XOM,Energy,0.045454545454545456,0.04203942698771414
2018-12-31,equal_weight,CVX,Energy,0.045454545454545456,0.044829520774818964
2018-12-31,equal_weight,NEE,Utilities,0.045454545454545456,0.04688393954285421
2018-12-31,equal_weight,DUK,Utilities,0.045454545454545456,0.0477559255311302
2018-12-31,equal_weight,AMT,Real Estate,0.045454545454545456,0.047394124671619096
2018-12-31,equal_weight,PLD,Real Estate,0.045454545454545456,0.043057083272302114
2018-12-31,equal_weight,APD,Materials,0.045454545454545456,0.049098324808886463
2018-12-31,equal_weight,NEM,Materials,0.045454545454545456,0.05273144143098461
2018-12-31,equal_weight,GOOGL,Communication Services,0.045454545454545456,0.04615480444591203
2018-12-31,equal_weight,META,Communication Services,0.045454545454545456,0.04569372134575406
2019-01-31,sample,AAPL,Information Technology,1.5313865039944486e-19,0.004041800305145235
2019-01-31,sample,MSFT,Information Technology,1.6016511690217337e-18,1.005728235498105e-18
2019-01-31,sample,JPM,Financials,0.08348759356341971,0.07755472597148233
2019-01-31,sample,BAC,Financials,0.06814938562957398,0.06825263248303885
2019-01-31,sample,JNJ,Health Care,0.0,0.005446707279890133
2019-01-31,sample,UNH,Health Care,0.029451234776033668,0.033072679770668
2019-01-31,sample,AMZN,Consumer Discretionary,0.0,0.0
2019-01-31,sample,HD,Consumer Discretionary,0.02039827447367031,0.014054608270782054
2019-01-31,sample,PG,Consumer Staples,0.09999999999999999,0.10066636431142968
2019-01-31,sample,KO,Consumer Staples,0.15,0.14510016190614042
2019-01-31,sample,CAT,Industrials,0.0,3.3625661652747283e-18
2019-01-31,sample,UNP,Industrials,1.5554541589952238e-18,0.015468885664742802
2019-01-31,sample,XOM,Energy,0.053130003898764794,0.04931623649753509
2019-01-31,sample,CVX,Energy,0.010671485513917006,0.003374876897458967
2019-01-31,sample,NEE,Utilities,0.09999999999999999,0.09799086520449639
2019-01-31,sample,DUK,Utilities,0.15,0.14519676020768532
2019-01-31,sample,AMT,Real Estate,0.09373637244621365,0.08565895072081764
2019-01-31,sample,PLD,Real Estate,0.0,3.4171348670958944e-18
2019-01-31,sample,APD,Materials,0.016657187914079562,0.028321628768044452
2019-01-31,sample,NEM,Materials,0.11493553215742107,0.10226141668516081
2019-01-31,sample,GOOGL,Communication Services,0.0,7.242329736369751e-18
2019-01-31,sample,META,Communication Services,0.009382929626906227,0.024220699055481982
2019-01-31,ewma,AAPL,Information Technology,3.349120879159216e-18,0.0
2019-01-31,ewma,MSFT,Information Technology,0.0,0.0
2019-01-31,ewma,JPM,Financials,0.15,0.15445105543671492
2019-01-31,ewma,BAC,Financials,0.09298892415443118,1.2128619684563379e-17
2019-01-31,ewma,JNJ,Health Care,0.0,3.1119787665837004e-17
2019-01-31,ewma,UNH,Health Care,0.02101501056786403,0.04578631797127553
2019-01-31,ewma,AMZN,Consumer Discretionary,0.0,7.195882875707826e-18
2019-01-31,ewma,HD,Consumer Discretionary,0.007311011033617943,5.72740119014149e-19
2019-01-31,ewma,PG,Consumer Staples,0.004654681628077377,0.03103705706591604
2019-01-31,ewma,KO,Consumer Staples,0.15,0.14688336333072127
2019-01-31,ewma,CAT,Industrials,0.0,0.0
2019-01-31,ewma,UNP,Industrials,0.0,0.0
2019-01-31,ewma,XOM,Energy,0.0,0.0
2019-01-31,ewma,CVX,Energy,0.03584517738901038,0.0
2019-01-31,ewma,NEE,Utilities,0.0915441302511831,0.14879267880728664
2019-01-31,ewma,DUK,Utilities,0.15,0.09798743251494853
2019-01-31,ewma,AMT,Real Estate,0.15,0.15788543349066914
2019-01-31,ewma,PLD,Real Estate,0.0,3.1967572958938146e-17
2019-01-31,ewma,APD,Materials,0.0,0.0749257017574605
2019-01-31,ewma,NEM,Materials,0.1466410649758161,0.14225095962500758
2019-01-31,ewma,GOOGL,Communication Services,0.0,0.0
2019-01-31,ewma,META,Communication Services,0.0,0.0
2019-01-31,ledoit_wolf,AAPL,Information Technology,9.971450307719947e-19,0.00595658334616457
2019-01-31,ledoit_wolf,MSFT,Information Technology,0.0,7.990447919805326e-19
2019-01-31,ledoit_wolf,JPM,Financials,0.07776601357152368,0.0727705682432562
2019-01-31,ledoit_wolf,BAC,Financials,0.06961229191881586,0.06791628725831904
2019-01-31,ledoit_wolf,JNJ,Health Care,0.001003337928926447,0.011752130176046177
2019-01-31,ledoit_wolf,UNH,Health Care,0.029183701860535222,0.031230645532792964
2019-01-31,ledoit_wolf,AMZN,Consumer Discretionary,7.470845467870939e-19,0.0
2019-01-31,ledoit_wolf,HD,Consumer Discretionary,0.022831625311654294,0.016597707829364275
2019-01-31,ledoit_wolf,PG,Consumer Staples,0.09877253039111064,0.10067870316778059
2019-01-31,ledoit_wolf,KO,Consumer Staples,0.15,0.14511794709254805
2019-01-31,ledoit_wolf,CAT,Industrials,4.414380843304179e-19,0.0
2019-01-31,ledoit_wolf,UNP,Industrials,2.393817956396071e-18,0.016111165712775342
2019-01-31,ledoit_wolf,XOM,Energy,0.048985568060412335,0.045395993896595786
2019-01-31,ledoit_wolf,CVX,Energy,0.014856778677925632,0.007961292754423444
2019-01-31,ledoit_wolf,NEE,Utilities,0.10000000000000002,0.09800287612013561
2019-01-31,ledoit_wolf,DUK,Utilities,0.15,0.1452145572343194
2019-01-31,ledoit_wolf,AMT,Real Estate,0.09473164894260393,0.08273511836507279
2019-01-31,ledoit_wolf,PLD,Real Estate,0.0,0.0
2019-01-31,ledoit_wolf,APD,Materials,0.01979759762150982,0.028324492544846754
2019-01-31,ledoit_wolf,NEM,Materials,0.11230540100721484,0.09961462097019601
2019-01-31,ledoit_wolf,GOOGL,Communication Services,2.8390884386795423e-18,0.0
2019-01-31,ledoit_wolf,META,Communication Services,0.010153504707767156,0.024619309755362657
2019-01-31,equal_weight,AAPL,Information Technology,0.045454545454545456,0.04448015547546457
2019-01-31,equal_weight,MSFT,Information Technology,0.045454545454545456,0.04334211191681945
2019-01-31,equal_weight,JPM,Financials,0.045454545454545456,0.04505722288709863
2019-01-31,equal_weight,BAC,Financials,0.045454545454545456,0.048707629150986725
2019-01-31,equal_weight,JNJ,Health Care,0.045454545454545456,0.043471551888835946
2019-01-31,equal_weight,UNH,Health Care,0.045454545454545456,0.04572219859246087
2019-01-31,equal_weight,AMZN,Consumer Discretionary,0.045454545454545456,0.048238822031036716
2019-01-31,equal_weight,HD,Consumer Discretionary,0.045454545454545456,0.04502809224771293
2019-01-31,equal_weight,PG,Consumer Staples,0.045454545454545456,0.044591686106115365
2019-01-31,equal_weight,KO,Consumer Staples,0.045454545454545456,0.04284953845919648
2019-01-31,equal_weight,CAT,Industrials,0.045454545454545456,0.04445965685304175
2019-01-31,equal_weight,UNP,Industrials,0.045454545454545456,0.048510563755387114
2019-01-31,equal_weight,XOM,Energy,0.045454545454545456,0.04530176480728667
2019-01-31,equal_weight,CVX,Energy,0.045454545454545456,0.044425821080578874
2019-01-31,equal_weight,NEE,Utilities,0.045454545454545456,0.04340653337739983
2019-01-31,equal_weight,DUK,Utilities,0.045454545454545456,0.04287806491004783
2019-01-31,equal_weight,AMT,Real Estate,0.045454545454545456,0.04605911657450685
2019-01-31,equal_weight,PLD,Real Estate,0.045454545454545456,0.04965000692582912
2019-01-31,equal_weight,APD,Materials,0.045454545454545456,0.04329823016436729
2019-01-31,equal_weight,NEM,Materials,0.045454545454545456,0.04149815082587022
2019-01-31,equal_weight,GOOGL,Communication Services,0.045454545454545456,0.045419939060769736
2019-01-31,equal_weight,META,Communication Services,0.045454545454545456,0.053603142909187426
2019-02-28,sample,AAPL,Information Technology,0.0,1.5808111925802451e-19
2019-02-28,sample,MSFT,Information Technology,3.839111567222615e-18,1.7049034326464543e-18
2019-02-28,sample,JPM,Financials,0.08599814278171215,0.08317400099908981
2019-02-28,sample,BAC,Financials,0.06629816767659488,0.06912774833144976
2019-02-28,sample,JNJ,Health Care,2.43544297086062e-18,0.0
2019-02-28,sample,UNH,Health Care,0.03152012678887486,0.02608554927186712
2019-02-28,sample,AMZN,Consumer Discretionary,1.6857034967162363e-18,0.0
2019-02-28,sample,HD,Consumer Discretionary,0.010764199824876895,0.02033099282658113
2019-02-28,sample,PG,Consumer Staples,0.09911008268625188,0.10093371024356691
2019-02-28,sample,KO,Consumer Staples,0.15,0.13961397446554924
2019-02-28,sample,CAT,Industrials,3.122703080192045e-19,0.0
2019-02-28,sample,UNP,Industrials,2.713569460162366e-18,1.6286425317050486e-18
2019-02-28,sample,XOM,Energy,0.04938246669058896,0.05724178579682077
2019-02-28,sample,CVX,Energy,0.013013134794823486,0.01110772530514577
2019-02-28,sample,NEE,Utilities,0.1,0.10432098892161709
2019-02-28,sample,DUK,Utilities,0.15,0.15296362281404202
2019-02-28,sample,AMT,Real Estate,0.10546436211939056,0.09438835592209961
2019-02-28,sample,PLD,Real Estate,1.0695738262574274e-18,0.0
2019-02-28,sample,APD,Materials,0.012340699260663614,0.018138794375442937
2019-02-28,sample,NEM,Materials,0.11766327249217569,0.11359352483266044
2019-02-28,sample,GOOGL,Communication Services,0.0,0.0
2019-02-28,sample,META,Communication Services,0.00844534488404708,0.00897922589406756
2019-02-28,ewma,AAPL,Information Technology,0.0,3.472076167644384e-18
2019-02-28,ewma,MSFT,Information Technology,7.417322061762472e-18,0.0
2019-02-28,ewma,JPM,Financials,0.09171209622097883,0.15007907469477838
2019-02-28,ewma,BAC,Financials,0.09376241383236385,0.09472942985161717
2019-02-28,ewma,JNJ,Health Care,0.0372217107105917,0.0
2019-02-28,ewma,UNH,Health Care,0.0,0.018693444164462943
2019-02-28,ewma,AMZN,Consumer Discretionary,0.0,0.0
2019-02-28,ewma,HD,Consumer Discretionary,0.0,0.00731822620801748
2019-02-28,ewma,PG,Consumer Staples,0.0905468001311858,0.004718342399961524
2019-02-28,ewma,KO,Consumer Staples,0.01961289503136648,0.140214240810083
2019-02-28,ewma,CAT,Industrials,0.0,0.0
2019-02-28,ewma,UNP,Industrials,5.703159451033806e-18,0.0
2019-02-28,ewma,XOM,Energy,0.01208029076984044,0.0
2019-02-28,ewma,CVX,Energy,0.08580043609779252,0.03747090826006657
2019-02-28,ewma,NEE,Utilities,0.09999999999999998,0.09591034042419616
2019-02-28,ewma,DUK,Utilities,0.15,0.15362128559504007
2019-02-28,ewma,AMT,Real Estate,0.15,0.15169273173543554
2019-02-28,ewma,PLD,Real Estate,0.05728820854418414,0.0
2019-02-28,ewma,APD,Materials,0.07028879540374854,0.0
2019-02-28,ewma,NEM,Materials,0.04168635325794763,0.1455519758563412
2019-02-28,ewma,GOOGL,Communication Services,2.7915669392335127e-18,0.0
2019-02-28,ewma,META,Communication Services,0.0,0.0
2019-02-28,ledoit_wolf,AAPL,Information Technology,0.0,1.0291122743596678e-18
2019-02-28,ledoit_wolf,MSFT,Information Technology,0.0,0.0
2019-02-28,ledoit_wolf,JPM,Financials,0.080258589218639,0.07745772351065462
2019-02-28,ledoit_wolf,BAC,Financials,0.067592828787726,0.07059690157838233
2019-02-28,ledoit_wolf,JNJ,Health Care,0.0017210655371272393,0.0010243873600458548
2019-02-28,ledoit_wolf,UNH,Health Care,0.03133158488515969,0.025843188780625484
2019-02-28,ledoit_wolf,AMZN,Consumer Discretionary,2.3107053219645037e-20,7.041124964662387e-19
2019-02-28,ledoit_wolf,HD,Consumer Discretionary,0.014402611029645813,0.02275156242944349
2019-02-28,ledoit_wolf,PG,Consumer Staples,0.10072520214465655,0.0996739477844553
2019-02-28,ledoit_wolf,KO,Consumer Staples,0.14178991404666505,0.13958480126216685
2019-02-28,ledoit_wolf,CAT,Industrials,7.446542330693085e-19,4.497530414258957e-19
2019-02-28,ledoit_wolf,UNP,Industrials,0.0012617742137371098,2.5059298999051247e-18
2019-02-28,ledoit_wolf,XOM,Energy,0.04742155514617113,0.05276558010009153
2019-02-28,ledoit_wolf,CVX,Energy,0.016606468325748292,0.015460877800079039
2019-02-28,ledoit_wolf,NEE,Utilities,0.09999999999999999,0.10429919040582726
2019-02-28,ledoit_wolf,DUK,Utilities,0.15,0.15293166011907858
2019-02-28,ledoit_wolf,AMT,Real Estate,0.10507310775853018,0.09537062261921182
2019-02-28,ledoit_wolf,PLD,Real Estate,1.5457868121559313e-18,0.0
2019-02-28,ledoit_wolf,APD,Materials,0.015797804635766587,0.02155402923465937
2019-02-28,ledoit_wolf,NEM,Materials,0.11693392143508831,0.11097091064824774
2019-02-28,ledoit_wolf,GOOGL,Communication Services,1.2122274552546424e-17,2.806174290819394e-18
2019-02-28,ledoit_wolf,META,Communication Services,0.009083572835338964,0.009714616367029881
2019-02-28,equal_weight,AAPL,Information Technology,0.045454545454545456,0.04655804543984792
2019-02-28,equal_weight,MSFT,Information Technology,0.045454545454545456,0.04800996652427367
2019-02-28,equal_weight,JPM,Financials,0.045454545454545456,0.044932978006418225
2019-02-28,equal_weight,BAC,Financials,0.045454545454545456,0.04574988629827778
2019-02-28,equal_weight,JNJ,Health Care,0.045454545454545456,0.04605823507210573
2019-02-28,equal_weight,UNH,Health Care,0.045454545454545456,0.03994809105848792
2019-02-28,equal_weight,AMZN,Consumer Discretionary,0.045454545454545456,0.04251699969042533
2019-02-28,equal_weight,HD,Consumer Discretionary,0.045454545454545456,0.04495362401831464
2019-02-28,equal_weight,PG,Consumer Staples,0.045454545454545456,0.04552351532574197
2019-02-28,equal_weight,KO,Consumer Staples,0.045454545454545456,0.041979492552970024
2019-02-28,equal_weight,CAT,Industrials,0.045454545454545456,0.045961545252077136
2019-02-28,equal_weight,UNP,Industrials,0.045454545454545456,0.047224580493675505
2019-02-28,equal_weight,XOM,Energy,0.045454545454545456,0.04859290683764248
2019-02-28,equal_weight,CVX,Energy,0.045454545454545456,0.046946130851517054
2019-02-28,equal_weight,NEE,Utilities,0.045454545454545456,0.047051258955106874
2019-02-28,equal_weight,DUK,Utilities,0.045454545454545456,0.04599349950016572
2019-02-28,equal_weight,AMT,Real Estate,0.045454545454545456,0.045416099430675434
2019-02-28,equal_weight,PLD,Real Estate,0.045454545454545456,0.04514259818823888
2019-02-28,equal_weight,APD,Materials,0.045454545454545456,0.049114110779313803
2019-02-28,equal_weight,NEM,Materials,0.045454545454545456,0.04457576632260701
2019-02-28,equal_weight,GOOGL,Communication Services,0.045454545454545456,0.04458882533849481
2019-02-28,equal_weight,META,Communication Services,0.045454545454545456,0.04316184406362214
2019-03-29,sample,AAPL,Information Technology,0.0,0.0
2019-03-29,sample,MSFT,Information Technology,0.0,3.9164191431857494e-18
2019-03-29,sample,JPM,Financials,0.11499921687593445,0.08083433874549562
2019-03-29,sample,BAC,Financials,0.04275505190987523,0.06095235783849106
2019-03-29,sample,JNJ,Health Care,0.0,2.4143930826658682e-18
2019-03-29,sample,UNH,Health Care,0.027857632800888977,0.031298100888416856
2019-03-29,sample,AMZN,Consumer Discretionary,2.3769618596927293e-19,1.773850332884983e-18
2019-03-29,sample,HD,Consumer Discretionary,0.009971273746159292,0.010891493522847566
2019-03-29,sample,PG,Consumer Staples,0.09394418756630976,0.10139931870975112
2019-03-29,sample,KO,Consumer Staples,0.14637981469813774,0.15153696388722165
2019-03-29,sample,CAT,Industrials,1.432493358563126e-18,2.9851936759601642e-19
2019-03-29,sample,UNP,Industrials,0.002316176043464349,2.621656998648843e-18
2019-03-29,sample,XOM,Energy,0.04368325798213084,0.048924216952699925
2019-03-29,sample,CVX,Energy,0.014677468772223794,0.012989583500398538
2019-03-29,sample,NEE,Utilities,0.10000000000000002,0.09979249931298229
2019-03-29,sample,DUK,Utilities,0.15,0.14590387025623613
2019-03-29,sample,AMT,Real Estate,0.10636552351598422,0.11432817619017255
2019-03-29,sample,PLD,Real Estate,8.521637537660566e-19,1.0722470743398015e-18
2019-03-29,sample,APD,Materials,0.01826384407610659,0.012681214589787873
2019-03-29,sample,NEM,Materials,0.1234038182280934,0.12001856991166471
2019-03-29,sample,GOOGL,Communication Services,0.0,0.0
2019-03-29,sample,META,Communication Services,0.0053827337846913785,0.008449295693834043
2019-03-29,ewma,AAPL,Information Technology,0.0,0.0
2019-03-29,ewma,MSFT,Information Technology,4.6207439666771114e-18,7.567770335649542e-18
2019-03-29,ewma,JPM,Financials,0.11333301592586721,0.08621757695911453
2019-03-29,ewma,BAC,Financials,7.383636957194326e-18,0.08621446539589363
2019-03-29,ewma,JNJ,Health Care,0.09519957036796202,0.03690529819900972
2019-03-29,ewma,UNH,Health Care,0.0,0.0
2019-03-29,ewma,AMZN,Consumer Discretionary,3.711319726897113e-18,0.0
2019-03-29,ewma,HD,Consumer Discretionary,0.042721430144346664,0.0
2019-03-29,ewma,PG,Consumer Staples,0.07845209888534488,0.09265154835294073
2019-03-29,ewma,KO,Consumer Staples,0.05977164205726825,0.019816703082624062
2019-03-29,ewma,CAT,Industrials,4.111648570302264e-18,0.0
2019-03-29,ewma,UNP,Industrials,0.003849397456426248,5.510776749673653e-18
2019-03-29,ewma,XOM,Energy,0.031204847806494972,0.011969909512961497
2019-03-29,ewma,CVX,Energy,0.0,0.08565745535049575
2019-03-29,ewma,NEE,Utilities,0.11621255245381774,0.09980683306894884
2019-03-29,ewma,DUK,Utilities,0.1337874475461823,0.14592482724684402
2019-03-29,ewma,AMT,Real Estate,0.15,0.16263019396651449
2019-03-29,ewma,PLD,Real Estate,0.0,0.05743964148907493
2019-03-29,ewma,APD,Materials,0.12899048617666595,0.07223863965490204
2019-03-29,ewma,NEM,Materials,0.04647751117962387,0.04252690772067576
2019-03-29,ewma,GOOGL,Communication Services,7.049847087075637e-18,2.826360096461032e-18
2019-03-29,ewma,META,Communication Services,0.0,0.0
2019-03-29,ledoit_wolf,AAPL,Information Technology,8.736848946138043e-19,0.0
2019-03-29,ledoit_wolf,MSFT,Information Technology,8.97738711393659e-21,0.0
2019-03-29,ledoit_wolf,JPM,Financials,0.09882820742126895,0.07542131363953207
2019-03-29,ledoit_wolf,BAC,Financials,0.05124623804993264,0.06212771200379775
2019-03-29,ledoit_wolf,JNJ,Health Care,0.002474741067139059,0.0017057806175431165
2019-03-29,ledoit_wolf,UNH,Health Care,0.03106728292275095,0.03110342019570921
2019-03-29,ledoit_wolf,AMZN,Consumer Discretionary,0.0,2.4309504347463e-20
2019-03-29,ledoit_wolf,HD,Consumer Discretionary,0.012283173862080098,0.014569433695504334
2019-03-29,ledoit_wolf,PG,Consumer Staples,0.0953615568499138,0.10302701079603549
2019-03-29,ledoit_wolf,KO,Consumer Staples,0.13955075551266127,0.1432083744656905
2019-03-29,ledoit_wolf,CAT,Industrials,0.0,7.116922509774789e-19
2019-03-29,ledoit_wolf,UNP,Industrials,0.004241570346488723,0.00121874354583094
2019-03-29,ledoit_wolf,XOM,Energy,0.04354749460733392,0.04697022594686459
2019-03-29,ledoit_wolf,CVX,Energy,0.016413918059340893,0.016572435307636357
2019-03-29,ledoit_wolf,NEE,Utilities,0.10000000000000002,0.09976854829819594
2019-03-29,ledoit_wolf,DUK,Utilities,0.15,0.14586885213585685
2019-03-29,ledoit_wolf,AMT,Real Estate,0.10391918143707161,0.11387670072798482
2019-03-29,ledoit_wolf,PLD,Real Estate,0.0,1.5492783583318025e-18
2019-03-29,ledoit_wolf,APD,Materials,0.022278099680710046,0.016229815206010387
2019-03-29,ledoit_wolf,NEM,Materials,0.12254906864684155,0.11924599235533982
2019-03-29,ledoit_wolf,GOOGL,Communication Services,1.9269113904278303e-18,1.2268654607745636e-17
2019-03-29,ledoit_wolf,META,Communication Services,0.0062387115364663705,0.009085641062467904
2019-03-29,equal_weight,AAPL,Information Technology,0.045454545454545456,0.04820413603958766
2019-03-29,equal_weight,MSFT,Information Technology,0.045454545454545456,0.04625876733866158
2019-03-29,equal_weight,JPM,Financials,0.045454545454545456,0.042622845719548906
2019-03-29,equal_weight,BAC,Financials,0.045454545454545456,0.04168930056814548
2019-03-29,equal_weight,JNJ,Health Care,0.045454545454545456,0.0449537201993431
2019-03-29,equal_weight,UNH,Health Care,0.045454545454545456,0.04502623718879461
2019-03-29,equal_weight,AMZN,Consumer Discretionary,0.045454545454545456,0.047716810916189976
2019-03-29,equal_weight,HD,Consumer Discretionary,0.045454545454545456,0.04588189118649004
2019-03-29,equal_weight,PG,Consumer Staples,0.045454545454545456,0.046393039089282585
2019-03-29,equal_weight,KO,Consumer Staples,0.045454545454545456,0.04581028008364609
2019-03-29,equal_weight,CAT,Industrials,0.045454545454545456,0.043348836534055545
2019-03-29,equal_weight,UNP,Industrials,0.045454545454545456,0.043809727539591614
2019-03-29,equal_weight,XOM,Energy,0.045454545454545456,0.04492485957766551
2019-03-29,equal_weight,CVX,Energy,0.045454545454545456,0.04526358226319578
2019-03-29,equal_weight,NEE,Utilities,0.045454545454545456,0.04525155671434442
2019-03-29,equal_weight,DUK,Utilities,0.045454545454545456,0.04410737149716484
2019-03-29,equal_weight,AMT,Real Estate,0.045454545454545456,0.04915675089203968
2019-03-29,equal_weight,PLD,Real Estate,0.045454545454545456,0.04545898426704398
2019-03-29,equal_weight,APD,Materials,0.045454545454545456,0.04659686592160461
2019-03-29,equal_weight,NEM,Materials,0.045454545454545456,0.04625334532345962
2019-03-29,equal_weight,GOOGL,Communication Services,0.045454545454545456,0.045904228781505046
2019-03-29,equal_weight,META,Communication Services,0.045454545454545456,0.045366862358638994
2019-04-30,sample,AAPL,Information Technology,0.0,0.0
2019-04-30,sample,MSFT,Information Technology,1.55504745940794e-18,0.0
2019-04-30,sample,JPM,Financials,0.10901749058076142,0.1300597777693017
2019-04-30,sample,BAC,Financials,0.04650611141867547,0.046395416792474636
2019-04-30,sample,JNJ,Health Care,2.557083069950787e-18,0.0
2019-04-30,sample,UNH,Health Care,0.033827851445367534,0.025708604200715048
2019-04-30,sample,AMZN,Consumer Discretionary,1.9859182419681918e-19,2.5176450038655607e-19
2019-04-30,sample,HD,Consumer Discretionary,0.0042730244822036,0.010363133387077323
2019-04-30,sample,PG,Consumer Staples,0.09402159906402638,0.09478788097633939
2019-04-30,sample,KO,Consumer Staples,0.1472783363502284,0.15004036496727702
2019-04-30,sample,CAT,Industrials,1.544863315442191e-18,1.4519001746677007e-18
2019-04-30,sample,UNP,Industrials,0.0024415828382528594,0.0024010896729613506
2019-04-30,sample,XOM,Energy,0.04444100501041894,0.042492547159349914
2019-04-30,sample,CVX,Energy,0.019770331733803853,0.014005900803784277
2019-04-30,sample,NEE,Utilities,0.1,0.09847147155711959
2019-04-30,sample,DUK,Utilities,0.15,0.14868398001828736
2019-04-30,sample,AMT,Real Estate,0.09906924227209254,0.10368069358036007
2019-04-30,sample,PLD,Real Estate,0.0,8.890362257628543e-19
2019-04-30,sample,APD,Materials,0.02105121439396233,0.01926973091576958
2019-04-30,sample,NEM,Materials,0.12184881880000994,0.10752504035636445
2019-04-30,sample,GOOGL,Communication Services,3.4107398927970913e-18,0.0
2019-04-30,sample,META,Communication Services,0.006453391610196605,0.006114367842818272
2019-04-30,ewma,AAPL,Information Technology,1.10310392936317e-17,0.0
2019-04-30,ewma,MSFT,Information Technology,0.0,4.953327392628639e-18
2019-04-30,ewma,JPM,Financials,0.014953596315352523,0.12673772027805147
2019-04-30,ewma,BAC,Financials,0.02455562343654026,7.922446180468801e-18
2019-04-30,ewma,JNJ,Health Care,0.030041235445817868,0.09308859563379263
2019-04-30,ewma,UNH,Health Care,0.006778774287663974,0.0
2019-04-30,ewma,AMZN,Consumer Discretionary,4.082619383283081e-18,3.886887494429245e-18
2019-04-30,ewma,HD,Consumer Discretionary,0.0561149641237524,0.04390232816321354
2019-04-30,ewma,PG,Consumer Staples,0.07535048968994543,0.07826882008483298
2019-04-30,ewma,KO,Consumer Staples,0.07330821446154247,0.060579184965646765
2019-04-30,ewma,CAT,Industrials,0.0,4.120609393276437e-18
2019-04-30,ewma,UNP,Industrials,0.004996636868897796,0.003945762033870763
2019-04-30,ewma,XOM,Energy,0.08620633951922217,0.030013810251670072
2019-04-30,ewma,CVX,Energy,0.01787610147739807,0.0
2019-04-30,ewma,NEE,Utilities,0.12876103591717536,0.11315266531403864
2019-04-30,ewma,DUK,Utilities,0.12123896408282463,0.13112623971218762
2019-04-30,ewma,AMT,Real Estate,0.08102495733117415,0.14457379827268352
2019-04-30,ewma,PLD,Real Estate,0.0,0.0
2019-04-30,ewma,APD,Materials,0.15,0.1345682049360133
2019-04-30,ewma,NEM,Materials,0.01185921135134804,0.04004287035399918
2019-04-30,ewma,GOOGL,Communication Services,0.10427435050630357,6.952668531403332e-18
2019-04-30,ewma,META,Communication Services,0.012659505185041131,0.0
2019-04-30,ledoit_wolf,AAPL,Information Technology,0.0,9.04764045043014e-19
2019-04-30,ledoit_wolf,MSFT,Information Technology,0.0,9.744725059969772e-21
2019-04-30,ledoit_wolf,JPM,Financials,0.09574875222216792,0.11190896309712195
2019-04-30,ledoit_wolf,BAC,Financials,0.05323867724067861,0.05567823518662553
2019-04-30,ledoit_wolf,JNJ,Health Care,0.001702109705132931,0.0024503366965227262
2019-04-30,ledoit_wolf,UNH,Health Care,0.03440114123880127,0.028706046897142193
2019-04-30,ledoit_wolf,AMZN,Consumer Discretionary,0.0,0.0
2019-04-30,ledoit_wolf,HD,Consumer Discretionary,0.010070428941295284,0.012781648700157472
2019-04-30,ledoit_wolf,PG,Consumer Staples,0.09673200196078022,0.09633676558537017
2019-04-30,ledoit_wolf,KO,Consumer Staples,0.13609696824286735,0.14321712124585642
2019-04-30,ledoit_wolf,CAT,Industrials,1.6479143746300724e-18,0.0
2019-04-30,ledoit_wolf,UNP,Industrials,0.002314736083735796,0.004402499524184646
2019-04-30,ledoit_wolf,XOM,Energy,0.04521211913194975,0.04241278067523289
2019-04-30,ledoit_wolf,CVX,Energy,0.02373962614300313,0.01568223549161397
2019-04-30,ledoit_wolf,NEE,Utilities,0.1,0.0985930398369969
2019-04-30,ledoit_wolf,DUK,Utilities,0.15,0.14886753831603922
2019-04-30,ledoit_wolf,AMT,Real Estate,0.09808007833621422,0.10142115638563438
2019-04-30,ledoit_wolf,PLD,Real Estate,0.0,0.0
2019-04-30,ledoit_wolf,APD,Materials,0.02608156299657038,0.02353409114983389
2019-04-30,ledoit_wolf,NEM,Materials,0.11970166558406717,0.10691210017335713
2019-04-30,ledoit_wolf,GOOGL,Communication Services,0.0,1.9242791779968653e-18
2019-04-30,ledoit_wolf,META,Communication Services,0.006880132172735909,0.0070954410383104955
2019-04-30,equal_weight,AAPL,Information Technology,0.045454545454545456,0.04615396988831369
2019-04-30,equal_weight,MSFT,Information Technology,0.045454545454545456,0.04837803155771803
2019-04-30,equal_weight,JPM,Financials,0.045454545454545456,0.05046758343030808
2019-04-30,equal_weight,BAC,Financials,0.045454545454545456,0.048423037374792914
2019-04-30,equal_weight,JNJ,Health Care,0.045454545454545456,0.044129047623668906
2019-04-30,equal_weight,UNH,Health Care,0.045454545454545456,0.041181169268974846
2019-04-30,equal_weight,AMZN,Consumer Discretionary,0.045454545454545456,0.04726467379928059
2019-04-30,equal_weight,HD,Consumer Discretionary,0.045454545454545456,0.04637723299435772
2019-04-30,equal_weight,PG,Consumer Staples,0.045454545454545456,0.045024332657398365
2019-04-30,equal_weight,KO,Consumer Staples,0.045454545454545456,0.04573948851562976
2019-04-30,equal_weight,CAT,Industrials,0.045454545454545456,0.045228118909003405
2019-04-30,equal_weight,UNP,Industrials,0.045454545454545456,0.04625952823971757
2019-04-30,equal_weight,XOM,Energy,0.045454545454545456,0.043407235601499054
2019-04-30,equal_weight,CVX,Energy,0.045454545454545456,0.04258182453571195
2019-04-30,equal_weight,NEE,Utilities,0.045454545454545456,0.04394149341951191
2019-04-30,equal_weight,DUK,Utilities,0.045454545454545456,0.04423207402948607
2019-04-30,equal_weight,AMT,Real Estate,0.045454545454545456,0.04349720954357982
2019-04-30,equal_weight,PLD,Real Estate,0.045454545454545456,0.046554405464606284
2019-04-30,equal_weight,APD,Materials,0.045454545454545456,0.04708123477292416
2019-04-30,equal_weight,NEM,Materials,0.045454545454545456,0.0388817140324661
2019-04-30,equal_weight,GOOGL,Communication Services,0.045454545454545456,0.044507673399952936
2019-04-30,equal_weight,META,Communication Services,0.045454545454545456,0.05068892094109813
2019-05-31,sample,AAPL,Information Technology,4.760300500624252e-19,0.0
2019-05-31,sample,MSFT,Information Technology,4.802059061004728e-19,1.4993994524286423e-18
2019-05-31,sample,JPM,Financials,0.12047808434604995,0.10097315856165472
2019-05-31,sample,BAC,Financials,0.0410575708679133,0.041036181060090444
2019-05-31,sample,JNJ,Health Care,6.337868625642689e-18,2.4257874273834075e-18
2019-05-31,sample,UNH,Health Care,0.038397170875654175,0.03560058572429839
2019-05-31,sample,AMZN,Consumer Discretionary,4.032181588767573e-19,1.8561634819729417e-19
2019-05-31,sample,HD,Consumer Discretionary,0.0014908134121465995,0.004039874127771437
2019-05-31,sample,PG,Consumer Staples,0.08780148491519242,0.09217858381774115
2019-05-31,sample,KO,Consumer Staples,0.14563766141604345,0.14961357577877954
2019-05-31,sample,CAT,Industrials,2.081476023819237e-18,1.3467001089156462e-18
2019-05-31,sample,UNP,Industrials,0.003232830695204421,0.00234543955923143
2019-05-31,sample,XOM,Energy,0.03022579459325094,0.04019649688588628
2019-05-31,sample,CVX,Energy,0.032663422659950314,0.01920496789788612
2019-05-31,sample,NEE,Utilities,0.09999999999999999,0.10406153654951372
2019-05-31,sample,DUK,Utilities,0.15,0.14450527364908014
2019-05-31,sample,AMT,Real Estate,0.10267506867989465,0.10742800253529779
2019-05-31,sample,PLD,Real Estate,2.2984757063351973e-18,0.0
2019-05-31,sample,APD,Materials,0.012410374415450986,0.02112623978603551
2019-05-31,sample,NEM,Materials,0.12636538228860458,0.131682921985823
2019-05-31,sample,GOOGL,Communication Services,0.0,3.193068307332221e-18
2019-05-31,sample,META,Communication Services,0.0075643408346442835,0.006007162080909921
2019-05-31,ewma,AAPL,Information Technology,0.07449718299080438,9.958484219402315e-18
2019-05-31,ewma,MSFT,Information Technology,0.0,0.0
2019-05-31,ewma,JPM,Financials,0.14999999999999997,0.014074102770089487
2019-05-31,ewma,BAC,Financials,1.5090738988282615e-17,0.02201776232259258
2019-05-31,ewma,JNJ,Health Care,4.204671550170347e-18,0.0289594959090701
2019-05-31,ewma,UNH,Health Care,0.06943110847675206,0.007249352318572033
2019-05-31,ewma,AMZN,Consumer Discretionary,1.0298226572717784e-17,3.877564735899685e-18
2019-05-31,ewma,HD,Consumer Discretionary,0.02497596051003799,0.05391088325383448
2019-05-31,ewma,PG,Consumer Staples,0.04118145611756283,0.07506781627168653
2019-05-31,ewma,KO,Consumer Staples,7.785926851161529e-18,0.07567459051021913
2019-05-31,ewma,CAT,Industrials,0.0,0.0
2019-05-31,ewma,UNP,Industrials,0.007827171994816182,0.004877484245918578
2019-05-31,ewma,XOM,Energy,8.651594523255424e-18,0.07923350059225191
2019-05-31,ewma,CVX,Energy,0.09819650956291025,0.01764565343172625
2019-05-31,ewma,NEE,Utilities,0.14999999999999997,0.13615700858187563
2019-05-31,ewma,DUK,Utilities,0.04101233545556489,0.11868612739615293
2019-05-31,ewma,AMT,Real Estate,0.13879926919158894,0.08928176667072299
2019-05-31,ewma,PLD,Real Estate,8.016319812814698e-18,0.0
2019-05-31,ewma,APD,Materials,2.5089115897672376e-18,0.1529683613644679
2019-05-31,ewma,NEM,Materials,0.15,0.013023545905260527
2019-05-31,ewma,GOOGL,Communication Services,0.0,0.09919788364517043
2019-05-31,ewma,META,Communication Services,0.054079005699962455,0.011974664810388459
2019-05-31,ledoit_wolf,AAPL,Information Technology,1.015627087083102e-18,0.0
2019-05-31,ledoit_wolf,MSFT,Information Technology,0.0,0.0
2019-05-31,ledoit_wolf,JPM,Financials,0.10839940439497889,0.08876049990417206
2019-05-31,ledoit_wolf,BAC,Financials,0.046837752595206214,0.04701766116545455
2019-05-31,ledoit_wolf,JNJ,Health Care,0.00021030919428421325,0.0016161151731997286
2019-05-31,ledoit_wolf,UNH,Health Care,0.038266083928381586,0.03623534783965601
2019-05-31,ledoit_wolf,AMZN,Consumer Discretionary,3.957254569134535e-19,0.0
2019-05-31,ledoit_wolf,HD,Consumer Discretionary,0.006496385878094842,0.009529218337907791
2019-05-31,ledoit_wolf,PG,Consumer Staples,0.09064364889235747,0.0949181861022382
2019-05-31,ledoit_wolf,KO,Consumer Staples,0.1364436114577522,0.13837493807455647
2019-05-31,ledoit_wolf,CAT,Industrials,0.0,1.4377796506557281e-18
2019-05-31,ledoit_wolf,UNP,Industrials,0.00424317422593182,0.002225518043939648
2019-05-31,ledoit_wolf,XOM,Energy,0.03322744154166989,0.04092946363365979
2019-05-31,ledoit_wolf,CVX,Energy,0.03245358009579583,0.02308077354990092
2019-05-31,ledoit_wolf,NEE,Utilities,0.09999999999999999,0.10415187435429711
2019-05-31,ledoit_wolf,DUK,Utilities,0.15,0.14463072143347705
2019-05-31,ledoit_wolf,AMT,Real Estate,0.1014525724672992,0.10644770909367143
2019-05-31,ledoit_wolf,PLD,Real Estate,0.0,0.0
2019-05-31,ledoit_wolf,APD,Materials,0.018356074847926642,0.026197238876444758
2019-05-31,ledoit_wolf,NEM,Materials,0.12481162904069323,0.12947477961851264
2019-05-31,ledoit_wolf,GOOGL,Communication Services,0.0,0.0
2019-05-31,ledoit_wolf,META,Communication Services,0.008158331439627974,0.0064099547989117526
2019-05-31,equal_weight,AAPL,Information Technology,0.045454545454545456,0.04178522437761775
2019-05-31,equal_weight,MSFT,Information Technology,0.045454545454545456,0.04535079821226018
2019-05-31,equal_weight,JPM,Financials,0.045454545454545456,0.04356332260439225
2019-05-31,equal_weight,BAC,Financials,0.045454545454545456,0.0415019158186495
2019-05-31,equal_weight,JNJ,Health Care,0.045454545454545456,0.04461892878924571
2019-05-31,equal_weight,UNH,Health Care,0.045454545454545456,0.0494987195004439
2019-05-31,equal_weight,AMZN,Consumer Discretionary,0.045454545454545456,0.04396085136706754
2019-05-31,equal_weight,HD,Consumer Discretionary,0.045454545454545456,0.044467599781683055
2019-05-31,equal_weight,PG,Consumer Staples,0.045454545454545456,0.04611196547728285
2019-05-31,equal_weight,KO,Consumer Staples,0.045454545454545456,0.047779694497034245
2019-05-31,equal_weight,CAT,Industrials,0.045454545454545456,0.041000775421038055
2019-05-31,equal_weight,UNP,Industrials,0.045454545454545456,0.04518185087072279
2019-05-31,equal_weight,XOM,Energy,0.045454545454545456,0.04254177143449555
2019-05-31,equal_weight,CVX,Energy,0.045454545454545456,0.04568891708325933
2019-05-31,equal_weight,NEE,Utilities,0.045454545454545456,0.04894422654775211
2019-05-31,equal_weight,DUK,Utilities,0.045454545454545456,0.04531100273513142
2019-05-31,equal_weight,AMT,Real Estate,0.045454545454545456,0.05100231567754307
2019-05-31,equal_weight,PLD,Real Estate,0.045454545454545456,0.0458447129801163
2019-05-31,equal_weight,APD,Materials,0.045454545454545456,0.047201552810558586
2019-05-31,equal_weight,NEM,Materials,0.045454545454545456,0.0508299130546583
2019-05-31,equal_weight,GOOGL,Communication Services,0.045454545454545456,0.04403224654741868
2019-05-31,equal_weight,META,Communication Services,0.045454545454545456,0.04378169441162854
2019-06-28,sample,AAPL,Information Technology,5.386940968650281e-18,5.083585313943565e-19
2019-06-28,sample,MSFT,Information Technology,0.0,4.913161015888227e-19
2019-06-28,sample,JPM,Financials,0.13497480093134392,0.12007860249318551
2019-06-28,sample,BAC,Financials,0.031424664153574845,0.042511642507137404
2019-06-28,sample,JNJ,Health Care,0.0,6.358016063917642e-18
2019-06-28,sample,UNH,Health Care,0.044707727806320964,0.0367643788361586
2019-06-28,sample,AMZN,Consumer Discretionary,0.0,4.0632870637545286e-19
2019-06-28,sample,HD,Consumer Discretionary,0.0,0.001553483678741773
2019-06-28,sample,PG,Consumer Staples,0.08234239590547106,0.08837116787624619
2019-06-28,sample,KO,Consumer Staples,0.14582339288172252,0.14369780062137236
2019-06-28,sample,CAT,Industrials,6.380106422939946e-19,2.2366612189382924e-18
2019-06-28,sample,UNP,Industrials,0.004665116589866657,0.00309646535670601
2019-06-28,sample,XOM,Energy,0.03741082768945867,0.03091613578001784
2019-06-28,sample,CVX,Energy,0.029216945146752896,0.033724566299062016
2019-06-28,sample,NEE,Utilities,0.1,0.0976313802707544
2019-06-28,sample,DUK,Utilities,0.15,0.1460460277979408
2019-06-28,sample,AMT,Real Estate,0.10083287852682352,0.09539203927667594
2019-06-28,sample,PLD,Real Estate,0.0,2.376672322691686e-18
2019-06-28,sample,APD,Materials,0.005875486870102897,0.013102830655825798
2019-06-28,sample,NEM,Materials,0.12359528162770582,0.13934275930188114
2019-06-28,sample,GOOGL,Communication Services,0.0,0.0
2019-06-28,sample,META,Communication Services,0.009130481870856109,0.007770719248294137
2019-06-28,ewma,AAPL,Information Technology,0.06480040136899241,0.07891043465912707
2019-06-28,ewma,MSFT,Information Technology,1.8058742435461683e-18,0.0
2019-06-28,ewma,JPM,Financials,0.15,0.14828856683658972
2019-06-28,ewma,BAC,Financials,0.0,1.5498296985137112e-17
2019-06-28,ewma,JNJ,Health Care,0.03071861694638235,4.183784454933879e-18
2019-06-28,ewma,UNH,Health Care,0.10231288445520004,0.06593878529481925
2019-06-28,ewma,AMZN,Consumer Discretionary,0.03333683361805497,1.0293396528296413e-17
2019-06-28,ewma,HD,Consumer Discretionary,0.03947270291574897,0.025814542940902387
2019-06-28,ewma,PG,Consumer Staples,2.358139725155972e-18,0.04111206295058223
2019-06-28,ewma,KO,Consumer Staples,0.15,7.619835243061437e-18
2019-06-28,ewma,CAT,Industrials,0.015733832148840943,0.0
2019-06-28,ewma,UNP,Industrials,0.0,0.007436130093332313
2019-06-28,ewma,XOM,Energy,0.022884764869193337,8.777330950613972e-18
2019-06-28,ewma,CVX,Energy,0.05189641633884289,0.10056331265043857
2019-06-28,ewma,NEE,Utilities,0.14992265925730305,0.14525782121835143
2019-06-28,ewma,DUK,Utilities,0.10007734074269692,0.03960698909175777
2019-06-28,ewma,AMT,Real Estate,0.021786826525650154,0.12790665693755307
2019-06-28,ewma,PLD,Real Estate,5.305814381600937e-18,8.221731000770796e-18
2019-06-28,ewma,APD,Materials,0.0,2.62738937368737e-18
2019-06-28,ewma,NEM,Materials,0.06705672081309406,0.16406139017493976
2019-06-28,ewma,GOOGL,Communication Services,0.0,0.0
2019-06-28,ewma,META,Communication Services,0.0,0.05510330715160659
2019-06-28,ledoit_wolf,AAPL,Information Technology,4.70348299132953e-18,1.083629524069479e-18
2019-06-28,ledoit_wolf,MSFT,Information Technology,0.0,0.0
2019-06-28,ledoit_wolf,JPM,Financials,0.11702587668968646,0.10794319634749527
2019-06-28,ledoit_wolf,BAC,Financials,0.04252168742645572,0.04845309113100592
2019-06-28,ledoit_wolf,JNJ,Health Care,0.0006100960359100506,0.0002107887625792104
2019-06-28,ledoit_wolf,UNH,Health Care,0.04556926269791008,0.03660604695528383
2019-06-28,ledoit_wolf,AMZN,Consumer Discretionary,0.0,3.984209980839603e-19
2019-06-28,ledoit_wolf,HD,Consumer Discretionary,0.0028111420673212063,0.00676341480476973
2019-06-28,ledoit_wolf,PG,Consumer Staples,0.08581527980991091,0.09115005187694929
2019-06-28,ledoit_wolf,KO,Consumer Staples,0.13797030850816525,0.1345056219811117
2019-06-28,ledoit_wolf,CAT,Industrials,1.1447313399734542e-18,0.0
2019-06-28,ledoit_wolf,UNP,Industrials,0.006857593274537356,0.004060550681596161
2019-06-28,ledoit_wolf,XOM,Energy,0.0398754352655334,0.03395589551619611
2019-06-28,ledoit_wolf,CVX,Energy,0.03099721219277355,0.03347789184634919
2019-06-28,ledoit_wolf,NEE,Utilities,0.10000000000000002,0.0975439270179558
2019-06-28,ledoit_wolf,DUK,Utilities,0.15,0.14591520715242884
2019-06-28,ledoit_wolf,AMT,Real Estate,0.09991853985529169,0.09417182814591014
2019-06-28,ledoit_wolf,PLD,Real Estate,0.0,0.0
2019-06-28,ledoit_wolf,APD,Materials,0.007757244049148762,0.01936292086289539
2019-06-28,ledoit_wolf,NEM,Materials,0.12251849716889256,0.1375061583795071
2019-06-28,ledoit_wolf,GOOGL,Communication Services,8.634032534028551e-19,0.0
2019-06-28,ledoit_wolf,META,Communication Services,0.009751824958463067,0.008373408537966148
2019-06-28,equal_weight,AAPL,Information Technology,0.045454545454545456,0.04802276873528141
2019-06-28,equal_weight,MSFT,Information Technology,0.045454545454545456,0.04600922821429041
2019-06-28,equal_weight,JPM,Financials,0.045454545454545456,0.04481970766802715
2019-06-28,equal_weight,BAC,Financials,0.045454545454545456,0.04656140555849409
2019-06-28,equal_weight,JNJ,Health Care,0.045454545454545456,0.04511176677848946
2019-06-28,equal_weight,UNH,Health Care,0.045454545454545456,0.04305657242669935
2019-06-28,equal_weight,AMZN,Consumer Discretionary,0.045454545454545456,0.0453157186162137
2019-06-28,equal_weight,HD,Consumer Discretionary,0.045454545454545456,0.04685919804555931
2019-06-28,equal_weight,PG,Consumer Staples,0.045454545454545456,0.045260586964138
2019-06-28,equal_weight,KO,Consumer Staples,0.045454545454545456,0.04436984102055303
2019-06-28,equal_weight,CAT,Industrials,0.045454545454545456,0.048321481744378496
2019-06-28,equal_weight,UNP,Industrials,0.045454545454545456,0.043071967711991704
2019-06-28,equal_weight,XOM,Energy,0.045454545454545456,0.04599587949685696
2019-06-28,equal_weight,CVX,Energy,0.045454545454545456,0.04642972708177755
2019-06-28,equal_weight,NEE,Utilities,0.045454545454545456,0.04390367526227001
2019-06-28,equal_weight,DUK,Utilities,0.045454545454545456,0.0437834458552391
2019-06-28,equal_weight,AMT,Real Estate,0.045454545454545456,0.041779051812475536
2019-06-28,equal_weight,PLD,Real Estate,0.045454545454545456,0.046498702981347825
2019-06-28,equal_weight,APD,Materials,0.045454545454545456,0.04747792085402231
2019-06-28,equal_weight,NEM,Materials,0.045454545454545456,0.049586989099125636
2019-06-28,equal_weight,GOOGL,Communication Services,0.045454545454545456,0.0415686613931403
2019-06-28,equal_weight,META,Communication Services,0.045454545454545456,0.04619570267962836
2019-07-31,sample,AAPL,Information Technology,0.0,5.710691046246088e-18
2019-07-31,sample,MSFT,Information Technology,1.1719871485915355e-19,0.0
2019-07-31,sample,JPM,Financials,0.14155837790792233,0.1389017433802575
2019-07-31,sample,BAC,Financials,0.02688527998869822,0.032741836817574844
2019-07-31,sample,JNJ,Health Care,0.0,0.0
2019-07-31,sample,UNH,Health Care,0.040141711821696714,0.044933139832596496
2019-07-31,sample,AMZN,Consumer Discretionary,1.714840558450842e-18,0.0
2019-07-31,sample,HD,Consumer Discretionary,0.001227064257778609,0.0
2019-07-31,sample,PG,Consumer Staples,0.08282728474836278,0.08786635446913392
2019-07-31,sample,KO,Consumer Staples,0.12595429395253604,0.14843877784840032
2019-07-31,sample,CAT,Industrials,6.828474303382598e-19,6.117228551013944e-19
2019-07-31,sample,UNP,Industrials,0.007822730827840877,0.00488899788295805
2019-07-31,sample,XOM,Energy,0.031603167492657576,0.035753039682474924
2019-07-31,sample,CVX,Energy,0.039760827040951296,0.02846709956129326
2019-07-31,sample,NEE,Utilities,0.09999999999999999,0.09959665028474778
2019-07-31,sample,DUK,Utilities,0.15,0.14518451001293367
2019-07-31,sample,AMT,Real Estate,0.11369134632700922,0.1027890154080709
2019-07-31,sample,PLD,Real Estate,5.826734192015048e-20,0.0
2019-07-31,sample,APD,Materials,0.0025878341578876086,0.005835106566605575
2019-07-31,sample,NEM,Materials,0.12870431391509973,0.11555416202934686
2019-07-31,sample,GOOGL,Communication Services,2.5740987244756754e-18,0.0
2019-07-31,sample,META,Communication Services,0.0072357675615590655,0.0090495662236063
2019-07-31,ewma,AAPL,Information Technology,0.023455917596616298,0.06884759862729509
2019-07-31,ewma,MSFT,Information Technology,0.0,1.8132275484349585e-18
2019-07-31,ewma,JPM,Financials,0.14999999999999997,0.15470733767874
2019-07-31,ewma,BAC,Financials,0.0512739935089317,0.0
2019-07-31,ewma,JNJ,Health Care,0.05216795308380243,0.028348513935323602
2019-07-31,ewma,UNH,Health Care,0.013728858944261048,0.10305739254189808
2019-07-31,ewma,AMZN,Consumer Discretionary,0.03631855085589935,0.032438594746748206
2019-07-31,ewma,HD,Consumer Discretionary,0.0011631673706215802,0.04003319379999726
2019-07-31,ewma,PG,Consumer Staples,0.02419035032605884,2.5219315541183865e-18
2019-07-31,ewma,KO,Consumer Staples,0.0,0.15302982537676205
2019-07-31,ewma,CAT,Industrials,0.08502022443988118,0.015119100329109222
2019-07-31,ewma,UNP,Industrials,0.0,0.0
2019-07-31,ewma,XOM,Energy,0.014593209071236558,0.02191930406098567
2019-07-31,ewma,CVX,Energy,0.14999999999999997,0.05067694622278007
2019-07-31,ewma,NEE,Utilities,0.14999999999999997,0.14964997942165498
2019-07-31,ewma,DUK,Utilities,0.08310636332198093,0.0970799252619668
2019-07-31,ewma,AMT,Real Estate,0.15,0.022258872842774943
2019-07-31,ewma,PLD,Real Estate,6.599233692058254e-18,5.2704552966409724e-18
2019-07-31,ewma,APD,Materials,0.005297103929802861,0.0
2019-07-31,ewma,NEM,Materials,1.2332799712022613e-18,0.06283341515396407
2019-07-31,ewma,GOOGL,Communication Services,0.009684307550907292,0.0
2019-07-31,ewma,META,Communication Services,7.121853020514157e-18,0.0
2019-07-31,ledoit_wolf,AAPL,Information Technology,1.7589274232200433e-18,4.986113671768499e-18
2019-07-31,ledoit_wolf,MSFT,Information Technology,0.0,0.0
2019-07-31,ledoit_wolf,JPM,Financials,0.12172620692322504,0.12042954709097292
2019-07-31,ledoit_wolf,BAC,Financials,0.0383479261106775,0.04430360171702322
2019-07-31,ledoit_wolf,JNJ,Health Care,0.0037646171842036736,0.0005617697356216362
2019-07-31,ledoit_wolf,UNH,Health Care,0.03942444972187012,0.045798612360218864
2019-07-31,ledoit_wolf,AMZN,Consumer Discretionary,0.0,0.0
2019-07-31,ledoit_wolf,HD,Consumer Discretionary,0.005125472229657986,0.002844707799618203
2019-07-31,ledoit_wolf,PG,Consumer Staples,0.08518064357255864,0.09157140553922702
2019-07-31,ledoit_wolf,KO,Consumer Staples,0.12042867845920188,0.14044360067708603
2019-07-31,ledoit_wolf,CAT,Industrials,0.0,1.0975555381046214e-18
2019-07-31,ledoit_wolf,UNP,Industrials,0.009256326644676287,0.007186628896607291
2019-07-31,ledoit_wolf,XOM,Energy,0.03532127991263446,0.03810809503103117
2019-07-31,ledoit_wolf,CVX,Energy,0.03938369211424797,0.03020140867484644
2019-07-31,ledoit_wolf,NEE,Utilities,0.1,0.09959576707554425
2019-07-31,ledoit_wolf,DUK,Utilities,0.15,0.14518322253694838
2019-07-31,ledoit_wolf,AMT,Real Estate,0.11034198701917802,0.10185603550326701
2019-07-31,ledoit_wolf,PLD,Real Estate,0.0,0.0
2019-07-31,ledoit_wolf,APD,Materials,0.006923820733013421,0.007703862725380046
2019-07-31,ledoit_wolf,NEM,Materials,0.1266972742000392,0.11454641746889932
2019-07-31,ledoit_wolf,GOOGL,Communication Services,8.508702719502568e-19,9.566547691940247e-19
2019-07-31,ledoit_wolf,META,Communication Services,0.008077625174815774,0.009665317167708489
2019-07-31,equal_weight,AAPL,Information Technology,0.045454545454545456,0.04804419251836987
2019-07-31,equal_weight,MSFT,Information Technology,0.045454545454545456,0.04540405095406952
2019-07-31,equal_weight,JPM,Financials,0.045454545454545456,0.04663902373502748
2019-07-31,equal_weight,BAC,Financials,0.045454545454545456,0.0472200937234786
2019-07-31,equal_weight,JNJ,Health Care,0.045454545454545456,0.04173096587599394
2019-07-31,equal_weight,UNH,Health Care,0.045454545454545456,0.04554897611942319
2019-07-31,equal_weight,AMZN,Consumer Discretionary,0.045454545454545456,0.04400150004638449
2019-07-31,equal_weight,HD,Consumer Discretionary,0.045454545454545456,0.04586201906948052
2019-07-31,equal_weight,PG,Consumer Staples,0.045454545454545456,0.04836080914822415
2019-07-31,equal_weight,KO,Consumer Staples,0.045454545454545456,0.04613331057855
2019-07-31,equal_weight,CAT,Industrials,0.045454545454545456,0.04345314690654253
2019-07-31,equal_weight,UNP,Industrials,0.045454545454545456,0.047495427072574245
2019-07-31,equal_weight,XOM,Energy,0.045454545454545456,0.04331218606587564
2019-07-31,equal_weight,CVX,Energy,0.045454545454545456,0.04415733604185225
2019-07-31,equal_weight,NEE,Utilities,0.045454545454545456,0.04513767467725773
2019-07-31,equal_weight,DUK,Utilities,0.045454545454545456,0.04386553940254649
2019-07-31,equal_weight,AMT,Real Estate,0.045454545454545456,0.04619968247000395
2019-07-31,equal_weight,PLD,Real Estate,0.045454545454545456,0.04491856557043772
2019-07-31,equal_weight,APD,Materials,0.045454545454545456,0.04500900185296496
2019-07-31,equal_weight,NEM,Materials,0.045454545454545456,0.04237192072204544
2019-07-31,equal_weight,GOOGL,Communication Services,0.045454545454545456,0.05021573934937032
2019-07-31,equal_weight,META,Communication Services,0.045454545454545456,0.04491883809952689
2019-08-30,sample,AAPL,Information Technology,0.0,0.0
2019-08-30,sample,MSFT,Information Technology,3.566165236451717e-18,1.1544482974638479e-19
2019-08-30,sample,JPM,Financials,0.15,0.13010290987218628
2019-08-30,sample,BAC,Financials,0.013334731041826947,0.02339480814919765
2019-08-30,sample,JNJ,Health Care,0.004291256655528326,0.0
2019-08-30,sample,UNH,Health Care,0.04656619772888351,0.036607062893391246
2019-08-30,sample,AMZN,Consumer Discretionary,0.0,1.583486106111054e-18
2019-08-30,sample,HD,Consumer Discretionary,5.892386260019742e-18,0.0012700363295019873
2019-08-30,sample,PG,Consumer Staples,0.07375943336759888,0.08187037928109646
2019-08-30,sample,KO,Consumer Staples,0.12113242962740142,0.12782852680341883
2019-08-30,sample,CAT,Industrials,0.0,5.988989312458133e-19
2019-08-30,sample,UNP,Industrials,0.006947373779461571,0.006874670349130291
2019-08-30,sample,XOM,Energy,0.02188312983615221,0.028595092486614064
2019-08-30,sample,CVX,Energy,0.039026591433744165,0.03727552458555038
2019-08-30,sample,NEE,Utilities,0.1,0.10319906819249627
2019-08-30,sample,DUK,Utilities,0.15,0.15734566132008693
2019-08-30,sample,AMT,Real Estate,0.12238439459156349,0.1200126367613415
2019-08-30,sample,PLD,Real Estate,2.8177463591145727e-18,5.865651963141426e-20
2019-08-30,sample,APD,Materials,0.006743625796914615,0.0024854900993210734
2019-08-30,sample,NEM,Materials,0.14161950363065526,0.13642570196317538
2019-08-30,sample,GOOGL,Communication Services,2.897966487083376e-18,2.441275023861143e-18
2019-08-30,sample,META,Communication Services,0.0023113325102695546,0.006712430913491445
2019-08-30,ewma,AAPL,Information Technology,0.0,0.02309705019981126
2019-08-30,ewma,MSFT,Information Technology,2.635962348337218e-18,0.0
2019-08-30,ewma,JPM,Financials,0.0,0.14222810491461907
2019-08-30,ewma,BAC,Financials,1.2205832769030816e-18,0.046030405445932614
2019-08-30,ewma,JNJ,Health Care,0.1378883054389599,0.051869309170252995
2019-08-30,ewma,UNH,Health Care,0.11211169456104013,0.012916539348406109
2019-08-30,ewma,AMZN,Consumer Discretionary,0.0,0.03459885715305288
2019-08-30,ewma,HD,Consumer Discretionary,0.012466960758962115,0.0012420348468077664
2019-08-30,ewma,PG,Consumer Staples,0.0,0.024668245818694808
2019-08-30,ewma,KO,Consumer Staples,0.08813575171774282,0.0
2019-08-30,ewma,CAT,Industrials,0.0638050730002128,0.07692984147842225
2019-08-30,ewma,UNP,Industrials,0.004996476561324645,0.0
2019-08-30,ewma,XOM,Energy,0.0,0.013622425107844465
2019-08-30,ewma,CVX,Energy,0.030595737961757578,0.1450782624676392
2019-08-30,ewma,NEE,Utilities,0.15,0.1597017837127852
2019-08-30,ewma,DUK,Utilities,0.09999999999999999,0.08993744032529187
2019-08-30,ewma,AMT,Real Estate,0.14999999999999997,0.16335542393168576
2019-08-30,ewma,PLD,Real Estate,4.451122360831388e-18,6.853735241851814e-18
2019-08-30,ewma,APD,Materials,2.0348603962991664e-18,0.005248761295117092
2019-08-30,ewma,NEM,Materials,0.15,1.3486756096894847e-18
2019-08-30,ewma,GOOGL,Communication Services,0.0,0.009475514783637127
2019-08-30,ewma,META,Communication Services,2.096702071775202e-18,6.816021627962856e-18
2019-08-30,ledoit_wolf,AAPL,Information Technology,0.0,1.6804742355333103e-18
2019-08-30,ledoit_wolf,MSFT,Information Technology,3.47689029688355e-18,0.0
2019-08-30,ledoit_wolf,JPM,Financials,0.12954395145601572,0.1119845479079103
2019-08-30,ledoit_wolf,BAC,Financials,0.026135758295510864,0.03340176263787265
2019-08-30,ledoit_wolf,JNJ,Health Care,0.009408923668626354,0.0036316779977050083
2019-08-30,ledoit_wolf,UNH,Health Care,0.04439750723424679,0.03598795891598269
2019-08-30,ledoit_wolf,AMZN,Consumer Discretionary,0.0,0.0
2019-08-30,ledoit_wolf,HD,Consumer Discretionary,0.002495034295889453,0.0053101318181075705
2019-08-30,ledoit_wolf,PG,Consumer Staples,0.07373778493809306,0.08427851487569164
2019-08-30,ledoit_wolf,KO,Consumer Staples,0.11954152509065921,0.12233967030845062
2019-08-30,ledoit_wolf,CAT,Industrials,5.287031076341296e-19,0.0
2019-08-30,ledoit_wolf,UNP,Industrials,0.007747718321025985,0.00814244328383767
2019-08-30,ledoit_wolf,XOM,Energy,0.025849049111561346,0.03199041722570958
2019-08-30,ledoit_wolf,CVX,Energy,0.03978515417181835,0.03695790642943227
2019-08-30,ledoit_wolf,NEE,Utilities,0.09999999999999999,0.1032995322846502
2019-08-30,ledoit_wolf,DUK,Utilities,0.15,0.15749883701533057
2019-08-30,ledoit_wolf,AMT,Real Estate,0.11911320342790016,0.11659044173961709
2019-08-30,ledoit_wolf,PLD,Real Estate,0.0,0.0
2019-08-30,ledoit_wolf,APD,Materials,0.009971932054697687,0.00665647017698352
2019-08-30,ledoit_wolf,NEM,Materials,0.13910363332177714,0.1344289925329339
2019-08-30,ledoit_wolf,GOOGL,Communication Services,8.354958113267606e-19,8.077508768291795e-19
2019-08-30,ledoit_wolf,META,Communication Services,0.0031688246121779388,0.00750069484978435
2019-08-30,equal_weight,AAPL,Information Technology,0.045454545454545456,0.04501329811847929
2019-08-30,equal_weight,MSFT,Information Technology,0.045454545454545456,0.04645485552003147
2019-08-30,equal_weight,JPM,Financials,0.045454545454545456,0.04334419166846381
2019-08-30,equal_weight,BAC,Financials,0.045454545454545456,0.04103783112575634
2019-08-30,equal_weight,JNJ,Health Care,0.045454545454545456,0.04545099665953416
2019-08-30,equal_weight,UNH,Health Care,0.045454545454545456,0.043007923263849196
2019-08-30,equal_weight,AMZN,Consumer Discretionary,0.045454545454545456,0.043548177663211965
2019-08-30,equal_weight,HD,Consumer Discretionary,0.045454545454545456,0.04881219231492581
2019-08-30,equal_weight,PG,Consumer Staples,0.045454545454545456,0.04661576904599128
2019-08-30,equal_weight,KO,Consumer Staples,0.045454545454545456,0.04786237901861075
2019-08-30,equal_weight,CAT,Industrials,0.045454545454545456,0.041362743249726504
2019-08-30,equal_weight,UNP,Industrials,0.045454545454545456,0.041445078505727075
2019-08-30,equal_weight,XOM,Energy,0.045454545454545456,0.042671741578983485
2019-08-30,equal_weight,CVX,Energy,0.045454545454545456,0.044212780723612795
2019-08-30,equal_weight,NEE,Utilities,0.045454545454545456,0.04866931699046362
2019-08-30,equal_weight,DUK,Utilities,0.045454545454545456,0.04947012282176309
2019-08-30,equal_weight,AMT,Real Estate,0.045454545454545456,0.049782768386238754
2019-08-30,equal_weight,PLD,Real Estate,0.045454545454545456,0.04747561066387311
2019-08-30,equal_weight,APD,Materials,0.045454545454545456,0.04529550146550967
2019-08-30,equal_weight,NEM,Materials,0.045454545454545456,0.04998993462528821
2019-08-30,equal_weight,GOOGL,Communication Services,0.045454545454545456,0.044727125098250775
2019-08-30,equal_weight,META,Communication Services,0.045454545454545456,0.04374966149170904
2019-09-30,sample,AAPL,Information Technology,0.0,0.0
2019-09-30,sample,MSFT,Information Technology,2.6783049425688115e-18,3.553831098111224e-18
2019-09-30,sample,JPM,Financials,0.15,0.1587874968495823
2019-09-30,sample,BAC,Financials,0.013115293450239849,0.01406398075534063
2019-09-30,sample,JNJ,Health Care,0.010904628207381658,0.004274124011795157
2019-09-30,sample,UNH,Health Care,0.05076674173617564,0.04293611956782141
2019-09-30,sample,AMZN,Consumer Discretionary,0.0,0.0
2019-09-30,sample,HD,Consumer Discretionary,0.003426934330620747,5.963789290208093e-18
2019-09-30,sample,PG,Consumer Staples,0.06951216981894491,0.07540155436970561
2019-09-30,sample,KO,Consumer Staples,0.12760615348857335,0.11925834514557142
2019-09-30,sample,CAT,Industrials,0.0,0.0
2019-09-30,sample,UNP,Industrials,0.009412395153033092,0.006865928389324998
2019-09-30,sample,XOM,Energy,0.030849889656753594,0.02229650653515942
2019-09-30,sample,CVX,Energy,0.03709551465092891,0.03885260044236005
2019-09-30,sample,NEE,Utilities,0.1,0.10508958485994324
2019-09-30,sample,DUK,Utilities,0.15,0.15320984725112627
2019-09-30,sample,AMT,Real Estate,0.10991892726926562,0.11667409024939361
2019-09-30,sample,PLD,Real Estate,1.176020125342446e-18,2.8553296947651826e-18
2019-09-30,sample,APD,Materials,0.0,0.006578513264092015
2019-09-30,sample,NEM,Materials,0.13700726961575788,0.13352071963182746
2019-09-30,sample,GOOGL,Communication Services,0.0,2.9372674242257996e-18
2019-09-30,sample,META,Communication Services,0.00038408262232483516,0.002190588676956108
2019-09-30,ewma,AAPL,Information Technology,0.0,0.0
2019-09-30,ewma,MSFT,Information Technology,0.0,2.6624774486087874e-18
2019-09-30,ewma,JPM,Financials,0.03586767850268938,0.0
2019-09-30,ewma,BAC,Financials,7.594949158420734e-18,1.304796648524506e-18
2019-09-30,ewma,JNJ,Health Care,0.08270063730155296,0.13920071865303535
2019-09-30,ewma,UNH,Health Care,0.0862008118996529,0.10477419792003283
2019-09-30,ewma,AMZN,Consumer Discretionary,0.0,0.0
2019-09-30,ewma,HD,Consumer Discretionary,0.1275953021460719,0.01278919146697636
2019-09-30,ewma,PG,Consumer Staples,0.0,0.0
2019-09-30,ewma,KO,Consumer Staples,0.1092822494925491,0.08794919679934772
2019-09-30,ewma,CAT,Industrials,0.0023241335281907693,0.06783009394364789
2019-09-30,ewma,UNP,Industrials,0.015804714058119545,0.0050048823487863795
2019-09-30,ewma,XOM,Energy,0.15,0.0
2019-09-30,ewma,CVX,Energy,0.0,0.030872501250273455
2019-09-30,ewma,NEE,Utilities,0.15,0.15977261730182146
2019-09-30,ewma,DUK,Utilities,0.1,0.10352538032447241
2019-09-30,ewma,AMT,Real Estate,0.03144761278912933,0.1449409329924318
2019-09-30,ewma,PLD,Real Estate,0.0,4.5716746109423696e-18
2019-09-30,ewma,APD,Materials,8.928865702837556e-19,2.0119645522413098e-18
2019-09-30,ewma,NEM,Materials,0.10877686028204424,0.143340286999174
2019-09-30,ewma,GOOGL,Communication Services,0.0,0.0
2019-09-30,ewma,META,Communication Services,1.286304342638569e-17,2.0141255977636793e-18
2019-09-30,ledoit_wolf,AAPL,Information Technology,0.0,0.0
2019-09-30,ledoit_wolf,MSFT,Information Technology,0.0,3.4650745900428666e-18
2019-09-30,ledoit_wolf,JPM,Financials,0.1285264373679572,0.13714136319510806
2019-09-30,ledoit_wolf,BAC,Financials,0.02556595935544627,0.027566738504275577
2019-09-30,ledoit_wolf,JNJ,Health Care,0.017313433243195363,0.009371926040282825
2019-09-30,ledoit_wolf,UNH,Health Care,0.049798119040064266,0.04093896689804426
2019-09-30,ledoit_wolf,AMZN,Consumer Discretionary,2.900788222133107e-19,0.0
2019-09-30,ledoit_wolf,HD,Consumer Discretionary,0.008308584012510448,0.0025254215425469183
2019-09-30,ledoit_wolf,PG,Consumer Staples,0.0713975259854683,0.07538398521256663
2019-09-30,ledoit_wolf,KO,Consumer Staples,0.12228858659251594,0.11769917566743579
2019-09-30,ledoit_wolf,CAT,Industrials,1.225317873487071e-18,5.545668892317278e-19
2019-09-30,ledoit_wolf,UNP,Industrials,0.011331205527393662,0.0076573536600699765
2019-09-30,ledoit_wolf,XOM,Energy,0.033751697979384446,0.0263389365007789
2019-09-30,ledoit_wolf,CVX,Energy,0.03811800515835146,0.0396101779855869
2019-09-30,ledoit_wolf,NEE,Utilities,0.1,0.10509594386799329
2019-09-30,ledoit_wolf,DUK,Utilities,0.15,0.1532191180333195
2019-09-30,ledoit_wolf,AMT,Real Estate,0.10772486991336838,0.1135624001010778
2019-09-30,ledoit_wolf,PLD,Real Estate,5.1646945606856785e-18,0.0
2019-09-30,ledoit_wolf,APD,Materials,0.0,0.009728365537307848
2019-09-30,ledoit_wolf,NEM,Materials,0.13478152847462724,0.1311566600666022
2019-09-30,ledoit_wolf,GOOGL,Communication Services,1.2101721815671115e-18,8.468776770028854e-19
2019-09-30,ledoit_wolf,META,Communication Services,0.0010940473497168845,0.0030034671870035378
2019-09-30,equal_weight,AAPL,Information Technology,0.045454545454545456,0.048099469560223616
2019-09-30,equal_weight,MSFT,Information Technology,0.045454545454545456,0.045209160678458135
2019-09-30,equal_weight,JPM,Financials,0.045454545454545456,0.0480237607207648
2019-09-30,equal_weight,BAC,Financials,0.045454545454545456,0.04784704552704949
2019-09-30,equal_weight,JNJ,Health Care,0.045454545454545456,0.04518494436853211
2019-09-30,equal_weight,UNH,Health Care,0.045454545454545456,0.041829544638655174
2019-09-30,equal_weight,AMZN,Consumer Discretionary,0.045454545454545456,0.04380962172031821
2019-09-30,equal_weight,HD,Consumer Discretionary,0.045454545454545456,0.045915805302072864
2019-09-30,equal_weight,PG,Consumer Staples,0.045454545454545456,0.046376060087984644
2019-09-30,equal_weight,KO,Consumer Staples,0.045454545454545456,0.04466419115146596
2019-09-30,equal_weight,CAT,Industrials,0.045454545454545456,0.04758246289301462
2019-09-30,equal_weight,UNP,Industrials,0.045454545454545456,0.04483423122762082
2019-09-30,equal_weight,XOM,Energy,0.045454545454545456,0.046223040355053646
2019-09-30,equal_weight,CVX,Energy,0.045454545454545456,0.045163812222818206
2019-09-30,equal_weight,NEE,Utilities,0.045454545454545456,0.04767501073153635
2019-09-30,equal_weight,DUK,Utilities,0.045454545454545456,0.04633685391125533
2019-09-30,equal_weight,AMT,Real Estate,0.045454545454545456,0.04324934179928648
2019-09-30,equal_weight,PLD,Real Estate,0.045454545454545456,0.04597116266116577
2019-09-30,equal_weight,APD,Materials,0.045454545454545456,0.044255312767434773
2019-09-30,equal_weight,NEM,Materials,0.045454545454545456,0.04277172043841337
2019-09-30,equal_weight,GOOGL,Communication Services,0.045454545454545456,0.045981300775235406
2019-09-30,equal_weight,META,Communication Services,0.045454545454545456,0.0429961464616397
2019-10-31,sample,AAPL,Information Technology,0.0,0.0
2019-10-31,sample,MSFT,Information Technology,2.297251103955986e-18,2.6987465310254855e-18
2019-10-31,sample,JPM,Financials,0.14276075639939584,0.15681989498280818
2019-10-31,sample,BAC,Financials,0.01511820507151272,0.013737950994658946
2019-10-31,sample,JNJ,Health Care,0.03712731327244291,0.010874302691989997
2019-10-31,sample,UNH,Health Care,0.04741303818872797,0.05768160630523787
2019-10-31,sample,AMZN,Consumer Discretionary,0.0,0.0
2019-10-31,sample,HD,Consumer Discretionary,0.012967273778871288,0.0033855080956000745
2019-10-31,sample,PG,Consumer Staples,0.06178826394780525,0.06842778209712598
2019-10-31,sample,KO,Consumer Staples,0.11690378726275999,0.12466489913950948
2019-10-31,sample,CAT,Industrials,0.0,0.0
2019-10-31,sample,UNP,Industrials,0.002934700496870997,0.009394731132029337
2019-10-31,sample,XOM,Energy,0.016500517762365705,0.028846543757266682
2019-10-31,sample,CVX,Energy,0.04438485969444431,0.03549531238100856
2019-10-31,sample,NEE,Utilities,0.10000000000000003,0.09995672547998216
2019-10-31,sample,DUK,Utilities,0.15,0.14412314266733692
2019-10-31,sample,AMT,Real Estate,0.10975036461381629,0.10592369484959913
2019-10-31,sample,PLD,Real Estate,9.58204990136664e-19,1.1833743769069867e-18
2019-10-31,sample,APD,Materials,0.0,0.0
2019-10-31,sample,NEM,Materials,0.14021694087715117,0.1402640082684754
2019-10-31,sample,GOOGL,Communication Services,4.2393100980558804e-19,0.0
2019-10-31,sample,META,Communication Services,0.002133978633835487,0.00040389715737172634
2019-10-31,ewma,AAPL,Information Technology,2.471406923199594e-18,0.0
2019-10-31,ewma,MSFT,Information Technology,0.048116718640504166,0.0
2019-10-31,ewma,JPM,Financials,1.0644338096939269e-19,0.03761341978454496
2019-10-31,ewma,BAC,Financials,0.08402996186042375,7.979918844097609e-18
2019-10-31,ewma,JNJ,Health Care,0.07721483144246262,0.08272353105387184
2019-10-31,ewma,UNH,Health Care,0.0225313279639071,0.09824242286027435
2019-10-31,ewma,AMZN,Consumer Discretionary,2.501663312913792e-18,0.0
2019-10-31,ewma,HD,Consumer Discretionary,0.14999999999999997,0.12643939584947647
2019-10-31,ewma,PG,Consumer Staples,0.002180145777807841,0.0
2019-10-31,ewma,KO,Consumer Staples,0.010037359308889975,0.10709072318621009
2019-10-31,ewma,CAT,Industrials,0.016299633841427755,0.002504695575808589
2019-10-31,ewma,UNP,Industrials,7.90940360550506e-18,0.01582342525451722
2019-10-31,ewma,XOM,Energy,2.273837140479083e-18,0.14068930451543352
2019-10-31,ewma,CVX,Energy,0.10217291186386088,0.0
2019-10-31,ewma,NEE,Utilities,0.0970726136169768,0.1503948387905646
2019-10-31,ewma,DUK,Utilities,0.15,0.09637671459373236
2019-10-31,ewma,AMT,Real Estate,0.09034449568373905,0.030397507660436723
2019-10-31,ewma,PLD,Real Estate,6.513476639381487e-19,0.0
2019-10-31,ewma,APD,Materials,2.296628885209802e-18,8.412187752347742e-19
2019-10-31,ewma,NEM,Materials,0.15,0.11170402087512929
2019-10-31,ewma,GOOGL,Communication Services,1.2295155624553297e-18,0.0
2019-10-31,ewma,META,Communication Services,0.0,1.3568115356944167e-17
2019-10-31,ledoit_wolf,AAPL,Information Technology,6.534577906490462e-19,0.0
2019-10-31,ledoit_wolf,MSFT,Information Technology,0.0,0.0
2019-10-31,ledoit_wolf,JPM,Financials,0.12286679177095962,0.13446057611003723
2019-10-31,ledoit_wolf,BAC,Financials,0.027189094315710805,0.02679776926145261
2019-10-31,ledoit_wolf,JNJ,Health Care,0.04012193902210778,0.01727692110575808
2019-10-31,ledoit_wolf,UNH,Health Care,0.048270688900411626,0.05661918228434999
2019-10-31,ledoit_wolf,AMZN,Consumer Discretionary,0.0,2.9029408685216293e-19
2019-10-31,ledoit_wolf,HD,Consumer Discretionary,0.01592558708571882,0.008213678290324763
2019-10-31,ledoit_wolf,PG,Consumer Staples,0.0641563304624012,0.07033109519799806
2019-10-31,ledoit_wolf,KO,Consumer Staples,0.11255969837394537,0.11955041730239839
2019-10-31,ledoit_wolf,CAT,Industrials,6.43572473040812e-20,1.317363380340198e-18
2019-10-31,ledoit_wolf,UNP,Industrials,0.004807603231768377,0.011317562969510517
2019-10-31,ledoit_wolf,XOM,Energy,0.021560510010665473,0.03158118309264852
2019-10-31,ledoit_wolf,CVX,Energy,0.04286359422628907,0.036498277173717994
2019-10-31,ledoit_wolf,NEE,Utilities,0.09999999999999999,0.10002409233225956
2019-10-31,ledoit_wolf,DUK,Utilities,0.15,0.14422027592590647
2019-10-31,ledoit_wolf,AMT,Real Estate,0.10828413046522439,0.10387934847087872
2019-10-31,ledoit_wolf,PLD,Real Estate,3.3848743554007627e-19,5.200494586423158e-18
2019-10-31,ledoit_wolf,APD,Materials,0.0,0.0
2019-10-31,ledoit_wolf,NEM,Materials,0.13853339033081813,0.13807835666564358
2019-10-31,ledoit_wolf,GOOGL,Communication Services,0.0,1.219785635959128e-18
2019-10-31,ledoit_wolf,META,Communication Services,0.002860641803979453,0.0011512638171152607
2019-10-31,equal_weight,AAPL,Information Technology,0.045454545454545456,0.04891918148456013
2019-10-31,equal_weight,MSFT,Information Technology,0.045454545454545456,0.04541905656659417
2019-10-31,equal_weight,JPM,Financials,0.045454545454545456,0.047124410906790246
2019-10-31,equal_weight,BAC,Financials,0.045454545454545456,0.04721499904161779
2019-10-31,equal_weight,JNJ,Health Care,0.045454545454545456,0.04494967844802124
2019-10-31,equal_weight,UNH,Health Care,0.045454545454545456,0.05121463593005856
2019-10-31,equal_weight,AMZN,Consumer Discretionary,0.045454545454545456,0.04507809994534624
2019-10-31,equal_weight,HD,Consumer Discretionary,0.045454545454545456,0.04453014496791497
2019-10-31,equal_weight,PG,Consumer Staples,0.045454545454545456,0.0443718619476784
2019-10-31,equal_weight,KO,Consumer Staples,0.045454545454545456,0.04403607542631708
2019-10-31,equal_weight,CAT,Industrials,0.045454545454545456,0.04842841488498063
2019-10-31,equal_weight,UNP,Industrials,0.045454545454545456,0.04499043980009372
2019-10-31,equal_weight,XOM,Energy,0.045454545454545456,0.042147925651814425
2019-10-31,equal_weight,CVX,Energy,0.045454545454545456,0.04313061357557711
2019-10-31,equal_weight,NEE,Utilities,0.045454545454545456,0.04505552504928313
2019-10-31,equal_weight,DUK,Utilities,0.045454545454545456,0.04330903420754171
2019-10-31,equal_weight,AMT,Real Estate,0.045454545454545456,0.04343668513847319
2019-10-31,equal_weight,PLD,Real Estate,0.045454545454545456,0.04535690813150313
2019-10-31,equal_weight,APD,Materials,0.045454545454545456,0.04233689932107322
2019-10-31,equal_weight,NEM,Materials,0.045454545454545456,0.04614648949648995
2019-10-31,equal_weight,GOOGL,Communication Services,0.045454545454545456,0.04540250190679254
2019-10-31,equal_weight,META,Communication Services,0.045454545454545456,0.04740041817147822
2019-11-29,sample,AAPL,Information Technology,0.0,0.0
2019-11-29,sample,MSFT,Information Technology,0.0,2.4398344341437704e-18
2019-11-29,sample,JPM,Financials,0.127015674412762,0.15094779179104936
2019-11-29,sample,BAC,Financials,0.030319081389882308,0.0161489199763401
2019-11-29,sample,JNJ,Health Care,0.04107103517947622,0.03902330299219365
2019-11-29,sample,UNH,Health Care,0.046432690199759236,0.052639927458789725
2019-11-29,sample,AMZN,Consumer Discretionary,1.4362942274868528e-18,0.0
2019-11-29,sample,HD,Consumer Discretionary,0.003947290622712574,0.01221946754336076
2019-11-29,sample,PG,Consumer Staples,0.05093154220950298,0.060721348227572115
2019-11-29,sample,KO,Consumer Staples,0.11513383423877398,0.11583234959023543
2019-11-29,sample,CAT,Industrials,1.1622690737020998e-18,0.0
2019-11-29,sample,UNP,Industrials,0.008040474938114592,0.0031462768332359927
2019-11-29,sample,XOM,Energy,0.030141575974932194,0.01687930509529244
2019-11-29,sample,CVX,Energy,0.04743389531493763,0.045315404906716754
2019-11-29,sample,NEE,Utilities,0.10000000000000003,0.09887081572852952
2019-11-29,sample,DUK,Utilities,0.15,0.14217116960319887
2019-11-29,sample,AMT,Real Estate,0.1118620829948964,0.1079769452768162
2019-11-29,sample,PLD,Real Estate,9.473101512664283e-18,1.0020437386981885e-18
2019-11-29,sample,APD,Materials,0.0,0.0
2019-11-29,sample,NEM,Materials,0.13691280932170466,0.13585624058532833
2019-11-29,sample,GOOGL,Communication Services,4.719888303382417e-19,4.402630884735881e-19
2019-11-29,sample,META,Communication Services,0.0007580132025452786,0.0022507343913407037
2019-11-29,ewma,AAPL,Information Technology,0.015264880345359687,2.6848802009658535e-18
2019-11-29,ewma,MSFT,Information Technology,4.057287817348099e-18,0.051395275662530784
2019-11-29,ewma,JPM,Financials,0.011756013173776088,1.131909993143453e-19
2019-11-29,ewma,BAC,Financials,0.15,0.0902719297596737
2019-11-29,ewma,JNJ,Health Care,0.08631758279260233,0.08162187007886679
2019-11-29,ewma,UNH,Health Care,0.0,0.02515820175254414
2019-11-29,ewma,AMZN,Consumer Discretionary,0.10226686941779044,2.5564167624524263e-18
2019-11-29,ewma,HD,Consumer Discretionary,0.0,0.14215762877655097
2019-11-29,ewma,PG,Consumer Staples,0.035443191328083955,0.0021547468605693895
2019-11-29,ewma,KO,Consumer Staples,0.06904308694152367,0.010002212235057236
2019-11-29,ewma,CAT,Industrials,0.002505083601116058,0.017259525988350975
2019-11-29,ewma,UNP,Industrials,3.8624702394796095e-18,8.528098231195308e-18
2019-11-29,ewma,XOM,Energy,0.036802336926628175,2.3393308968718e-18
2019-11-29,ewma,CVX,Energy,0.10903708195264677,0.10491125780879232
2019-11-29,ewma,NEE,Utilities,0.15,0.09652507547800938
2019-11-29,ewma,DUK,Utilities,1.2231155758352097e-18,0.14298380365204064
2019-11-29,ewma,AMT,Real Estate,6.615327318056086e-18,0.08939270370421167
2019-11-29,ewma,PLD,Real Estate,5.790317227430397e-18,6.85040771368437e-19
2019-11-29,ewma,APD,Materials,0.08156387352047287,2.565912420614609e-18
2019-11-29,ewma,NEM,Materials,0.15,0.14616576824280136
2019-11-29,ewma,GOOGL,Communication Services,2.15485181781494e-18,1.2841815620142814e-18
2019-11-29,ewma,META,Communication Services,2.1141942363467336e-18,0.0
2019-11-29,ledoit_wolf,AAPL,Information Technology,2.633921581059556e-18,7.058013856810058e-19
2019-11-29,ledoit_wolf,MSFT,Information Technology,2.6922473875973587e-18,0.0
2019-11-29,ledoit_wolf,JPM,Financials,0.11177163105797588,0.12990087160687017
2019-11-29,ledoit_wolf,BAC,Financials,0.04049596268924835,0.029040067038325696
2019-11-29,ledoit_wolf,JNJ,Health Care,0.04186185949622409,0.04216693552881608
2019-11-29,ledoit_wolf,UNH,Health Care,0.04613858972933398,0.053587144644949944
2019-11-29,ledoit_wolf,AMZN,Consumer Discretionary,0.0,0.0
2019-11-29,ledoit_wolf,HD,Consumer Discretionary,0.0065037356214972435,0.015005783496720722
2019-11-29,ledoit_wolf,PG,Consumer Staples,0.05299245225340207,0.06304266320762672
2019-11-29,ledoit_wolf,KO,Consumer Staples,0.11105774888664557,0.11151770635302494
2019-11-29,ledoit_wolf,CAT,Industrials,0.0,6.775366447459068e-20
2019-11-29,ledoit_wolf,UNP,Industrials,0.009683612893382255,0.005153726746567755
2019-11-29,ledoit_wolf,XOM,Energy,0.03285358544129453,0.022053404534026294
2019-11-29,ledoit_wolf,CVX,Energy,0.04613233042136267,0.0437581770816503
2019-11-29,ledoit_wolf,NEE,Utilities,0.1,0.09886162397886032
2019-11-29,ledoit_wolf,DUK,Utilities,0.15,0.1421579523379064
2019-11-29,ledoit_wolf,AMT,Real Estate,0.1117329452367714,0.1065244993016374
2019-11-29,ledoit_wolf,PLD,Real Estate,0.0,3.539406351843278e-19
2019-11-29,ledoit_wolf,APD,Materials,0.001394238847209792,0.0
2019-11-29,ledoit_wolf,NEM,Materials,0.13579573093291794,0.13421256936577522
2019-11-29,ledoit_wolf,GOOGL,Communication Services,1.0272062967697938e-18,0.0
2019-11-29,ledoit_wolf,META,Communication Services,0.0015855764927343442,0.0030168747772422715
2019-11-29,equal_weight,AAPL,Information Technology,0.045454545454545456,0.04765085648491791
2019-11-29,equal_weight,MSFT,Information Technology,0.045454545454545456,0.04685082630743192
2019-11-29,equal_weight,JPM,Financials,0.045454545454545456,0.04664265799094781
2019-11-29,equal_weight,BAC,Financials,0.045454545454545456,0.04712036196280565
2019-11-29,equal_weight,JNJ,Health Care,0.045454545454545456,0.04636559858275978
2019-11-29,equal_weight,UNH,Health Care,0.045454545454545456,0.048975949468480086
2019-11-29,equal_weight,AMZN,Consumer Discretionary,0.045454545454545456,0.044822167548440324
2019-11-29,equal_weight,HD,Consumer Discretionary,0.045454545454545456,0.041568941839061554
2019-11-29,equal_weight,PG,Consumer Staples,0.045454545454545456,0.043351165722794696
2019-11-29,equal_weight,KO,Consumer Staples,0.045454545454545456,0.04370857546651652
2019-11-29,equal_weight,CAT,Industrials,0.045454545454545456,0.046445225256601406
2019-11-29,equal_weight,UNP,Industrials,0.045454545454545456,0.04729317971340392
2019-11-29,equal_weight,XOM,Energy,0.045454545454545456,0.045125534464256795
2019-11-29,equal_weight,CVX,Energy,0.045454545454545456,0.045037718387252214
2019-11-29,equal_weight,NEE,Utilities,0.045454545454545456,0.04361475977602908
2019-11-29,equal_weight,DUK,Utilities,0.045454545454545456,0.04181052729348766
2019-11-29,equal_weight,AMT,Real Estate,0.045454545454545456,0.04340007026627573
2019-11-29,equal_weight,PLD,Real Estate,0.045454545454545456,0.046131079542112194
2019-11-29,equal_weight,APD,Materials,0.045454545454545456,0.04900507565887014
2019-11-29,equal_weight,NEM,Materials,0.045454545454545456,0.04274097965222246
2019-11-29,equal_weight,GOOGL,Communication Services,0.045454545454545456,0.04581233815820121
2019-11-29,equal_weight,META,Communication Services,0.045454545454545456,0.04652641045713104
2019-12-31,sample,AAPL,Information Technology,2.1670563735769792e-19,0.0
2019-12-31,sample,MSFT,Information Technology,4.802901440454404e-20,0.0
2019-12-31,sample,JPM,Financials,0.132717983474469,0.12700245785488565
2019-12-31,sample,BAC,Financials,0.02185595275248701,0.030453730202456838
2019-12-31,sample,JNJ,Health Care,0.03757508848646436,0.04118186757368174
2019-12-31,sample,UNH,Health Care,0.049245906275348895,0.0462729531503071
2019-12-31,sample,AMZN,Consumer Discretionary,7.141788805504946e-19,1.392893265155818e-18
2019-12-31,sample,HD,Consumer Discretionary,0.008356929249511005,0.0037181596122790386
2019-12-31,sample,PG,Consumer Staples,0.05916489988110787,0.049255128598984795
2019-12-31,sample,KO,Consumer Staples,0.11497783929592546,0.11278595058726841
2019-12-31,sample,CAT,Industrials,1.3974611788197907e-18,1.120844398768334e-18
2019-12-31,sample,UNP,Industrials,0.0040959385316569055,0.007806271704725222
2019-12-31,sample,XOM,Energy,0.03267807255517678,0.029176563554819127
2019-12-31,sample,CVX,Energy,0.04487467658022174,0.046123185002217036
2019-12-31,sample,NEE,Utilities,0.10000000000000002,0.09788054534668958
2019-12-31,sample,DUK,Utilities,0.15,0.14665216270304457
2019-12-31,sample,AMT,Real Estate,0.10185994933300226,0.11402696059551563
2019-12-31,sample,PLD,Real Estate,8.212569336344524e-18,8.770535994219927e-18
2019-12-31,sample,APD,Materials,0.0,0.0
2019-12-31,sample,NEM,Materials,0.1399769071965337,0.14693484309751287
2019-12-31,sample,GOOGL,Communication Services,0.0,4.581490511347708e-19
2019-12-31,sample,META,Communication Services,0.002619856388094889,0.0007292204156123976
2019-12-31,ewma,AAPL,Information Technology,0.0,0.015934683671165805
2019-12-31,ewma,MSFT,Information Technology,0.0,4.015471651586166e-18
2019-12-31,ewma,JPM,Financials,0.0,0.011816177638135176
2019-12-31,ewma,BAC,Financials,0.1126992149749445,0.1514529915127941
2019-12-31,ewma,JNJ,Health Care,0.15,0.08700251327450773
2019-12-31,ewma,UNH,Health Care,0.0008350063520816686,0.0
2019-12-31,ewma,AMZN,Consumer Discretionary,0.0,0.09969457469135608
2019-12-31,ewma,HD,Consumer Discretionary,0.02835261734117408,0.0
2019-12-31,ewma,PG,Consumer Staples,0.13168118810448223,0.034455581950867786
2019-12-31,ewma,KO,Consumer Staples,0.039739402470166905,0.06798833047818481
2019-12-31,ewma,CAT,Industrials,0.014670604776260626,0.0024284155643090207
2019-12-31,ewma,UNP,Industrials,4.930280783071581e-18,3.769547730134696e-18
2019-12-31,ewma,XOM,Energy,0.022329353230293385,0.035810115340695635
2019-12-31,ewma,CVX,Energy,0.08918006008665234,0.10657782647011581
2019-12-31,ewma,NEE,Utilities,0.09060913058164725,0.14758756901624132
2019-12-31,ewma,DUK,Utilities,0.0,1.2020619481617016e-18
2019-12-31,ewma,AMT,Real Estate,2.4816912082383875e-17,6.778570597250937e-18
2019-12-31,ewma,PLD,Real Estate,0.08937350343212319,5.388879115627502e-18
2019-12-31,ewma,APD,Materials,0.03459045136547016,0.07743050729837593
2019-12-31,ewma,NEM,Materials,0.15,0.16182071309325163
2019-12-31,ewma,GOOGL,Communication Services,7.073014495958085e-18,2.1025901265693755e-18
2019-12-31,ewma,META,Communication Services,0.045939467284703654,2.0445092198254224e-18
2019-12-31,ledoit_wolf,AAPL,Information Technology,0.0,2.7362368941250344e-18
2019-12-31,ledoit_wolf,MSFT,Information Technology,0.0,2.6516519758720612e-18
2019-12-31,ledoit_wolf,JPM,Financials,0.11390110724499714,0.11180194203283417
2019-12-31,ledoit_wolf,BAC,Financials,0.0342389951742509,0.040691072453674655
2019-12-31,ledoit_wolf,JNJ,Health Care,0.03996752805830172,0.04199057829541957
2019-12-31,ledoit_wolf,UNH,Health Care,0.048962259906913844,0.04599711977486929
2019-12-31,ledoit_wolf,AMZN,Consumer Discretionary,7.32553486614732e-19,0.0
2019-12-31,ledoit_wolf,HD,Consumer Discretionary,0.011442234262664814,0.006128507989049984
2019-12-31,ledoit_wolf,PG,Consumer Staples,0.05874721423933416,0.051267436150556206
2019-12-31,ledoit_wolf,KO,Consumer Staples,0.113576865110265,0.10883381526458659
2019-12-31,ledoit_wolf,CAT,Industrials,8.287220013104529e-19,0.0
2019-12-31,ledoit_wolf,UNP,Industrials,0.005085155111216685,0.009405076495905699
2019-12-31,ledoit_wolf,XOM,Energy,0.0349539791619012,0.03181367991784761
2019-12-31,ledoit_wolf,CVX,Energy,0.04506301317524407,0.04487441957976371
2019-12-31,ledoit_wolf,NEE,Utilities,0.10000000000000003,0.0979172779820177
2019-12-31,ledoit_wolf,DUK,Utilities,0.15,0.14670719836302765
2019-12-31,ledoit_wolf,AMT,Real Estate,0.10191947737300461,0.11393806628728576
2019-12-31,ledoit_wolf,PLD,Real Estate,0.0,0.0
2019-12-31,ledoit_wolf,APD,Materials,0.0005679555965872441,0.0013172016102090047
2019-12-31,ledoit_wolf,NEM,Materials,0.13823206040898958,0.14579068627916297
2019-12-31,ledoit_wolf,GOOGL,Communication Services,0.0,9.974604734442084e-19
2019-12-31,ledoit_wolf,META,Communication Services,0.00334215517632899,0.0015259215237892977
2019-12-31,equal_weight,AAPL,Information Technology,0.045454545454545456,0.04804867682330288
2019-12-31,equal_weight,MSFT,Information Technology,0.045454545454545456,0.0455545895209363
2019-12-31,equal_weight,JPM,Financials,0.045454545454545456,0.04626454950507455
2019-12-31,equal_weight,BAC,Financials,0.045454545454545456,0.04647484899269059
2019-12-31,equal_weight,JNJ,Health Care,0.045454545454545456,0.046394224406401924
2019-12-31,equal_weight,UNH,Health Care,0.045454545454545456,0.04611018886533819
2019-12-31,equal_weight,AMZN,Consumer Discretionary,0.045454545454545456,0.04487122786165847
2019-12-31,equal_weight,HD,Consumer Discretionary,0.045454545454545456,0.043583535420231995
2019-12-31,equal_weight,PG,Consumer Staples,0.045454545454545456,0.04474640620022527
2019-12-31,equal_weight,KO,Consumer Staples,0.045454545454545456,0.04532580922987171
2019-12-31,equal_weight,CAT,Industrials,0.045454545454545456,0.0446202679698823
2019-12-31,equal_weight,UNP,Industrials,0.045454545454545456,0.04492162839896736
2019-12-31,equal_weight,XOM,Energy,0.045454545454545456,0.04478800450752898
2019-12-31,equal_weight,CVX,Energy,0.045454545454545456,0.04499083247330563
2019-12-31,equal_weight,NEE,Utilities,0.045454545454545456,0.04528870585331875
2019-12-31,equal_weight,DUK,Utilities,0.045454545454545456,0.04523668202492198
2019-12-31,equal_weight,AMT,Real Estate,0.045454545454545456,0.047164819474201286
2019-12-31,equal_weight,PLD,Real Estate,0.045454545454545456,0.04283783111820031
2019-12-31,equal_weight,APD,Materials,0.045454545454545456,0.0436963994095884
2019-12-31,equal_weight,NEM,Materials,0.045454545454545456,0.04965628694275783
2019-12-31,equal_weight,GOOGL,Communication Services,0.045454545454545456,0.04491264171977181
2019-12-31,equal_weight,META,Communication Services,0.045454545454545456,0.044511843281823775
2020-01-31,sample,AAPL,Information Technology,1.0943634686564102e-18,2.24940212645366e-19
2020-01-31,sample,MSFT,Information Technology,0.0,5.1057612946784424e-20
2020-01-31,sample,JPM,Financials,0.12367163308900397,0.12489788795687234
2020-01-31,sample,BAC,Financials,0.025280022438066714,0.0200633616488869
2020-01-31,sample,JNJ,Health Care,0.043630602814107994,0.03776534388004827
2020-01-31,sample,UNH,Health Care,0.049315526976246596,0.044946040753602
2020-01-31,sample,AMZN,Consumer Discretionary,4.031682073413919e-18,7.645647537159553e-19
2020-01-31,sample,HD,Consumer Discretionary,0.017917061617266368,0.00859629839055678
2020-01-31,sample,PG,Consumer Staples,0.05369739175909239,0.05848092357586861
2020-01-31,sample,KO,Consumer Staples,0.11410048310835334,0.11947076064794787
2020-01-31,sample,CAT,Industrials,0.0,1.2326393969502199e-18
2020-01-31,sample,UNP,Industrials,0.0,0.004003152423192698
2020-01-31,sample,XOM,Energy,0.02818175510382721,0.02864898042853962
2020-01-31,sample,CVX,Energy,0.046986226801745995,0.03929002022793648
2020-01-31,sample,NEE,Utilities,0.10000000000000002,0.10907081398947349
2020-01-31,sample,DUK,Utilities,0.15,0.1581191266727121
2020-01-31,sample,AMT,Real Estate,0.09963757356660646,0.10115069208830674
2020-01-31,sample,PLD,Real Estate,0.0,8.427155115192016e-18
2020-01-31,sample,APD,Materials,0.0,0.0
2020-01-31,sample,NEM,Materials,0.1435920334127219,0.14295852275595788
2020-01-31,sample,GOOGL,Communication Services,0.0,0.0
2020-01-31,sample,META,Communication Services,0.003989689312961134,0.0025380745600981276
2020-01-31,ewma,AAPL,Information Technology,1.386916079089321e-18,0.0
2020-01-31,ewma,MSFT,Information Technology,0.0,0.0
2020-01-31,ewma,JPM,Financials,6.074947228485804e-18,0.0
2020-01-31,ewma,BAC,Financials,0.06118473250568352,0.10460297577946276
2020-01-31,ewma,JNJ,Health Care,0.14999999999999997,0.15243120437664717
2020-01-31,ewma,UNH,Health Care,0.0,0.0007705490275431579
2020-01-31,ewma,AMZN,Consumer Discretionary,0.11828456553660269,0.0
2020-01-31,ewma,HD,Consumer Discretionary,0.041587279874446124,0.02948812124710481
2020-01-31,ewma,PG,Consumer Staples,0.1357807920260743,0.13160215940809358
2020-01-31,ewma,KO,Consumer Staples,1.1936777482605316e-17,0.04175014699182446
2020-01-31,ewma,CAT,Industrials,1.1822667397702315e-17,0.013083788044260672
2020-01-31,ewma,UNP,Industrials,0.0,4.872025354905093e-18
2020-01-31,ewma,XOM,Energy,1.6064754561447481e-19,0.01979329385481883
2020-01-31,ewma,CVX,Energy,0.03733053945143075,0.07894740727684725
2020-01-31,ewma,NEE,Utilities,0.15,0.09992397634607722
2020-01-31,ewma,DUK,Utilities,0.10000000000000002,0.0
2020-01-31,ewma,AMT,Real Estate,0.00918921419391396,2.4917377701017475e-17
2020-01-31,ewma,PLD,Real Estate,0.0,0.09272565538775297
2020-01-31,ewma,APD,Materials,6.1768970868667935e-18,0.03498798178383308
2020-01-31,ewma,NEM,Materials,0.15,0.15489382614587754
2020-01-31,ewma,GOOGL,Communication Services,0.0,7.533876538344884e-18
2020-01-31,ewma,META,Communication Services,0.04664287641184873,0.04499891432985629
2020-01-31,ledoit_wolf,AAPL,Information Technology,0.0,0.0
2020-01-31,ledoit_wolf,MSFT,Information Technology,6.0196352969064645e-19,0.0
2020-01-31,ledoit_wolf,JPM,Financials,0.10868509913580013,0.10721311597998942
2020-01-31,ledoit_wolf,BAC,Financials,0.036397203367254605,0.03143761719717492
2020-01-31,ledoit_wolf,JNJ,Health Care,0.04457110909998376,0.040178652962557744
2020-01-31,ledoit_wolf,UNH,Health Care,0.049286463001368096,0.04469690113404687
2020-01-31,ledoit_wolf,AMZN,Consumer Discretionary,2.2074765556282353e-18,7.844066412849406e-19
2020-01-31,ledoit_wolf,HD,Consumer Discretionary,0.02049579560140375,0.011772541878156299
2020-01-31,ledoit_wolf,PG,Consumer Staples,0.055288762722728146,0.058080723611773515
2020-01-31,ledoit_wolf,KO,Consumer Staples,0.11086830835368555,0.1180407650006147
2020-01-31,ledoit_wolf,CAT,Industrials,0.0,7.311387692009419e-19
2020-01-31,ledoit_wolf,UNP,Industrials,6.0918280074094065e-19,0.004971043378854276
2020-01-31,ledoit_wolf,XOM,Energy,0.030578313346390388,0.03065095519772878
2020-01-31,ledoit_wolf,CVX,Energy,0.04634205800608725,0.03946351825793467
2020-01-31,ledoit_wolf,NEE,Utilities,0.10000000000000002,0.1090945880100775
2020-01-31,ledoit_wolf,DUK,Utilities,0.15,0.15815359168895143
2020-01-31,ledoit_wolf,AMT,Real Estate,0.1006909128933694,0.10123186619785846
2020-01-31,ledoit_wolf,PLD,Real Estate,4.614550830437204e-18,0.0
2020-01-31,ledoit_wolf,APD,Materials,1.4687076213939593e-18,0.0005683063490369517
2020-01-31,ledoit_wolf,NEM,Materials,0.14204716082105873,0.14120728144905237
2020-01-31,ledoit_wolf,GOOGL,Communication Services,2.484132202016489e-18,0.0
2020-01-31,ledoit_wolf,META,Communication Services,0.004748813650870144,0.003238531706191932
2020-01-31,equal_weight,AAPL,Information Technology,0.045454545454545456,0.047561845624159986
2020-01-31,equal_weight,MSFT,Information Technology,0.045454545454545456,0.04871005711926037
2020-01-31,equal_weight,JPM,Financials,0.045454545454545456,0.04312083150544909
2020-01-31,equal_weight,BAC,Financials,0.045454545454545456,0.042062566203333256
2020-01-31,equal_weight,JNJ,Health Care,0.045454545454545456,0.0460527149577155
2020-01-31,equal_weight,UNH,Health Care,0.045454545454545456,0.041819911919658774
2020-01-31,equal_weight,AMZN,Consumer Discretionary,0.045454545454545456,0.049053395717591874
2020-01-31,equal_weight,HD,Consumer Discretionary,0.045454545454545456,0.04713316063199575
2020-01-31,equal_weight,PG,Consumer Staples,0.045454545454545456,0.04529099851451654
2020-01-31,equal_weight,KO,Consumer Staples,0.045454545454545456,0.04761121807889905
2020-01-31,equal_weight,CAT,Industrials,0.045454545454545456,0.04041644390987358
2020-01-31,equal_weight,UNP,Industrials,0.045454545454545456,0.04478272357576135
2020-01-31,equal_weight,XOM,Energy,0.045454545454545456,0.04017117590805784
2020-01-31,equal_weight,CVX,Energy,0.045454545454545456,0.04011831902371148
2020-01-31,equal_weight,NEE,Utilities,0.045454545454545456,0.049977020494771124
2020-01-31,equal_weight,DUK,Utilities,0.045454545454545456,0.04830087014295198
2020-01-31,equal_weight,AMT,Real Estate,0.045454545454545456,0.04550165671006168
2020-01-31,equal_weight,PLD,Real Estate,0.045454545454545456,0.047017956020875926
2020-01-31,equal_weight,APD,Materials,0.045454545454545456,0.04583901523011141
2020-01-31,equal_weight,NEM,Materials,0.045454545454545456,0.04679672546954482
2020-01-31,equal_weight,GOOGL,Communication Services,0.045454545454545456,0.048271030143157395
2020-01-31,equal_weight,META,Communication Services,0.045454545454545456,0.04439036309854149
2020-02-28,sample,AAPL,Information Technology,5.622066585183386e-18,1.0392174664513082e-18
2020-02-28,sample,MSFT,Information Technology,0.0,0.0
2020-02-28,sample,JPM,Financials,0.1208706812238771,0.1163692502446448
2020-02-28,sample,BAC,Financials,0.003330837442849324,0.02354000424623337
2020-02-28,sample,JNJ,Health Care,0.06300938964852851,0.0425458829860189
2020-02-28,sample,UNH,Health Care,0.039308679530640774,0.04950215053179565
2020-02-28,sample,AMZN,Consumer Discretionary,0.0,4.0555087410803556e-18
2020-02-28,sample,HD,Consumer Discretionary,0.032358339836356206,0.01835414736810004
2020-02-28,sample,PG,Consumer Staples,0.029330627824804487,0.052333794913753236
2020-02-28,sample,KO,Consumer Staples,0.11463823822204816,0.11209915407576314
2020-02-28,sample,CAT,Industrials,0.0,0.0
2020-02-28,sample,UNP,Industrials,0.014099971076439552,0.0
2020-02-28,sample,XOM,Energy,0.0285757496209416,0.0253912018598784
2020-02-28,sample,CVX,Energy,0.05225923304212636,0.04442100894372342
2020-02-28,sample,NEE,Utilities,0.1179321237715609,0.10161713672011775
2020-02-28,sample,DUK,Utilities,0.1320678762284391,0.15259636210522026
2020-02-28,sample,AMT,Real Estate,0.10405560967495635,0.10459730758283681
2020-02-28,sample,PLD,Real Estate,8.114414358078807e-18,0.0
2020-02-28,sample,APD,Materials,0.0,0.0
2020-02-28,sample,NEM,Materials,0.13597828380597585,0.15255316832659574
2020-02-28,sample,GOOGL,Communication Services,6.789673238101306e-18,0.0
2020-02-28,sample,META,Communication Services,0.012184359050455673,0.004079430095318535
2020-02-28,ewma,AAPL,Information Technology,9.309674180886999e-18,1.3126816098758997e-18
2020-02-28,ewma,MSFT,Information Technology,0.0,0.0
2020-02-28,ewma,JPM,Financials,0.0,5.69737778524727e-18
2020-02-28,ewma,BAC,Financials,0.0,0.056785377223004294
2020-02-28,ewma,JNJ,Health Care,0.15,0.14578805927438002
2020-02-28,ewma,UNH,Health Care,1.2400637644557548e-18,0.0
2020-02-28,ewma,AMZN,Consumer Discretionary,0.041240165397406985,0.1185909398490062
2020-02-28,ewma,HD,Consumer Discretionary,0.0,0.04246120452845599
2020-02-28,ewma,PG,Consumer Staples,0.0,0.13189603562494784
2020-02-28,ewma,KO,Consumer Staples,0.026955085030738988,1.168870284277722e-17
2020-02-28,ewma,CAT,Industrials,0.062361600144454236,1.1955465450256733e-17
2020-02-28,ewma,UNP,Industrials,0.14999999999999997,0.0
2020-02-28,ewma,XOM,Energy,0.0,1.4426257637468927e-19
2020-02-28,ewma,CVX,Energy,0.0,0.03517600232879201
2020-02-28,ewma,NEE,Utilities,0.14999999999999997,0.1519226685690931
2020-02-28,ewma,DUK,Utilities,0.09999999999999999,0.10139517492698666
2020-02-28,ewma,AMT,Real Estate,0.15,0.009614796688523147
2020-02-28,ewma,PLD,Real Estate,2.779480564091799e-17,0.0
2020-02-28,ewma,APD,Materials,1.7797789460414193e-18,6.075351026664677e-18
2020-02-28,ewma,NEM,Materials,0.025446797925935436,0.1588351117536639
2020-02-28,ewma,GOOGL,Communication Services,0.0,0.0
2020-02-28,ewma,META,Communication Services,0.1439963515014643,0.04753462923314729
2020-02-28,ledoit_wolf,AAPL,Information Technology,0.0,0.0
2020-02-28,ledoit_wolf,MSFT,Information Technology,5.185562396604177e-18,6.162244218419491e-19
2020-02-28,ledoit_wolf,JPM,Financials,0.10481323890834757,0.10227310470715728
2020-02-28,ledoit_wolf,BAC,Financials,0.014648375714103478,0.03389381001065688
2020-02-28,ledoit_wolf,JNJ,Health Care,0.06465491986312416,0.043465338157175945
2020-02-28,ledoit_wolf,UNH,Health Care,0.03848063168437738,0.04947563015877116
2020-02-28,ledoit_wolf,AMZN,Consumer Discretionary,0.0,2.220641530550383e-18
2020-02-28,ledoit_wolf,HD,Consumer Discretionary,0.03452108614261507,0.020996915582222136
2020-02-28,ledoit_wolf,PG,Consumer Staples,0.03406801536008721,0.053887644669697754
2020-02-28,ledoit_wolf,KO,Consumer Staples,0.11060319422230049,0.10892951420407976
2020-02-28,ledoit_wolf,CAT,Industrials,0.0,0.0
2020-02-28,ledoit_wolf,UNP,Industrials,0.016112076686846874,5.854747207252074e-19
2020-02-28,ledoit_wolf,XOM,Energy,0.030031817860495153,0.027551930984823517
2020-02-28,ledoit_wolf,CVX,Energy,0.05153698153207429,0.04381435855928618
2020-02-28,ledoit_wolf,NEE,Utilities,0.11959757262161604,0.10162258717061212
2020-02-28,ledoit_wolf,DUK,Utilities,0.13040242737838395,0.15260454693451292
2020-02-28,ledoit_wolf,AMT,Real Estate,0.10336472777107575,0.10570874937774735
2020-02-28,ledoit_wolf,PLD,Real Estate,1.2249961515151172e-17,4.4916934115798635e-18
2020-02-28,ledoit_wolf,APD,Materials,1.00477967834174e-17,1.4494234549239115e-18
2020-02-28,ledoit_wolf,NEM,Materials,0.1343068420506084,0.15091997949100308
2020-02-28,ledoit_wolf,GOOGL,Communication Services,1.0703113435214208e-18,2.490779648020727e-18
2020-02-28,ledoit_wolf,META,Communication Services,0.012858092203944065,0.004855889992254073
2020-02-28,equal_weight,AAPL,Information Technology,0.045454545454545456,0.04363093934857407
2020-02-28,equal_weight,MSFT,Information Technology,0.045454545454545456,0.047032183897699455
2020-02-28,equal_weight,JPM,Financials,0.045454545454545456,0.04323324694201322
2020-02-28,equal_weight,BAC,Financials,0.045454545454545456,0.04278374477162005
2020-02-28,equal_weight,JNJ,Health Care,0.045454545454545456,0.044803922874201936
2020-02-28,equal_weight,UNH,Health Care,0.045454545454545456,0.046120085233612385
2020-02-28,equal_weight,AMZN,Consumer Discretionary,0.045454545454545456,0.04621774767384044
2020-02-28,equal_weight,HD,Consumer Discretionary,0.045454545454545456,0.04706706745832441
2020-02-28,equal_weight,PG,Consumer Staples,0.045454545454545456,0.04477944946792432
2020-02-28,equal_weight,KO,Consumer Staples,0.045454545454545456,0.0451403128935661
2020-02-28,equal_weight,CAT,Industrials,0.045454545454545456,0.04661614566361321
2020-02-28,equal_weight,UNP,Industrials,0.045454545454545456,0.044155716284551574
2020-02-28,equal_weight,XOM,Energy,0.045454545454545456,0.04139662493336523
2020-02-28,equal_weight,CVX,Energy,0.045454545454545456,0.04343777394612245
2020-02-28,equal_weight,NEE,Utilities,0.045454545454545456,0.04668922516213754
2020-02-28,equal_weight,DUK,Utilities,0.045454545454545456,0.04674149878792507
2020-02-28,equal_weight,AMT,Real Estate,0.045454545454545456,0.04823331105648092
2020-02-28,equal_weight,PLD,Real Estate,0.045454545454545456,0.04472054527081403
2020-02-28,equal_weight,APD,Materials,0.045454545454545456,0.04534050528847861
2020-02-28,equal_weight,NEM,Materials,0.045454545454545456,0.048813573156447146
2020-02-28,equal_weight,GOOGL,Communication Services,0.045454545454545456,0.046066691576441804
2020-02-28,equal_weight,META,Communication Services,0.045454545454545456,0.04697968831224622
2020-03-31,sample,AAPL,Information Technology,8.182804866626934e-18,5.810811076170732e-18
2020-03-31,sample,MSFT,Information Technology,0.0,0.0
2020-03-31,sample,JPM,Financials,1.823092350295808e-19,0.10413215640771749
2020-03-31,sample,BAC,Financials,1.8078442134634697e-18,0.0027743878756683773
2020-03-31,sample,JNJ,Health Care,0.15,0.06826466426817011
2020-03-31,sample,UNH,Health Care,0.0,0.04290436792006329
2020-03-31,sample,AMZN,Consumer Discretionary,0.15,0.0
2020-03-31,sample,HD,Consumer Discretionary,0.0,0.031021191254963894
2020-03-31,sample,PG,Consumer Staples,0.10000000000000007,0.03165911177880164
2020-03-31,sample,KO,Consumer Staples,0.15,0.10629398341906279
2020-03-31,sample,CAT,Industrials,0.0,0.0
2020-03-31,sample,UNP,Industrials,0.04854556143291507,0.013826203650570927
2020-03-31,sample,XOM,Energy,0.041392695340639704,0.02343600605040517
2020-03-31,sample,CVX,Energy,2.868042252184936e-18,0.04507541574765825
2020-03-31,sample,NEE,Utilities,0.09414094373186083,0.12473887679107838
2020-03-31,sample,DUK,Utilities,0.03319012020293086,0.12942411042817129
2020-03-31,sample,AMT,Real Estate,0.02491629246476631,0.11100100205778368
2020-03-31,sample,PLD,Real Estate,0.0,8.669165595249456e-18
2020-03-31,sample,APD,Materials,0.0,0.0
2020-03-31,sample,NEM,Materials,0.15,0.15371625387119986
2020-03-31,sample,GOOGL,Communication Services,0.047674593158264826,6.5451706269177435e-18
2020-03-31,sample,META,Communication Services,0.010139793668622252,0.011732268478684743
2020-03-31,ewma,AAPL,Information Technology,0.0,9.334523909265283e-18
2020-03-31,ewma,MSFT,Information Technology,0.0,0.0
2020-03-31,ewma,JPM,Financials,3.319698180155977e-18,0.0
2020-03-31,ewma,BAC,Financials,0.0,0.0
2020-03-31,ewma,JNJ,Health Care,0.15,0.15765177497058563
2020-03-31,ewma,UNH,Health Care,2.845190099533668e-17,1.3130280083422721e-18
2020-03-31,ewma,AMZN,Consumer Discretionary,0.15,0.04600792298979959
2020-03-31,ewma,HD,Consumer Discretionary,1.9496500023065864e-18,0.0
2020-03-31,ewma,PG,Consumer Staples,0.09999999999999999,0.0
2020-03-31,ewma,KO,Consumer Staples,0.15,0.024245816031790934
2020-03-31,ewma,CAT,Industrials,0.04190289030926711,0.06278077842289044
2020-03-31,ewma,UNP,Industrials,0.008097109690732853,0.142689792538947
2020-03-31,ewma,XOM,Energy,0.0,0.0
2020-03-31,ewma,CVX,Energy,1.2587542377113291e-17,0.0
2020-03-31,ewma,NEE,Utilities,8.776557549921429e-18,0.1539139161521272
2020-03-31,ewma,DUK,Utilities,0.0,0.09506812189892233
2020-03-31,ewma,AMT,Real Estate,0.0,0.15522782776687893
2020-03-31,ewma,PLD,Real Estate,0.0,2.880717554541541e-17
2020-03-31,ewma,APD,Materials,7.354034677895995e-18,1.7550379111162175e-18
2020-03-31,ewma,NEM,Materials,0.14999999999999997,0.02790617396370003
2020-03-31,ewma,GOOGL,Communication Services,0.15,0.0
2020-03-31,ewma,META,Communication Services,0.10000000000000002,0.1345078752643578
2020-03-31,ledoit_wolf,AAPL,Information Technology,4.530592525025083e-18,0.0
2020-03-31,ledoit_wolf,MSFT,Information Technology,8.034604271793515e-18,5.605227765876769e-18
2020-03-31,ledoit_wolf,JPM,Financials,1.4312026163859126e-18,0.09024302836001212
2020-03-31,ledoit_wolf,BAC,Financials,3.6961007923962007e-19,0.01219373738527935
2020-03-31,ledoit_wolf,JNJ,Health Care,0.15,0.07000448913724452
2020-03-31,ledoit_wolf,UNH,Health Care,4.2401066718683814e-18,0.0419748229286303
2020-03-31,ledoit_wolf,AMZN,Consumer Discretionary,0.15,0.0
2020-03-31,ledoit_wolf,HD,Consumer Discretionary,0.0,0.03307427385526249
2020-03-31,ledoit_wolf,PG,Consumer Staples,0.10000000000000002,0.036750041040101905
2020-03-31,ledoit_wolf,KO,Consumer Staples,0.14999999999999997,0.10248976001300071
2020-03-31,ledoit_wolf,CAT,Industrials,7.644256562479291e-18,0.0
2020-03-31,ledoit_wolf,UNP,Industrials,0.04764009368207372,0.01578955443922353
2020-03-31,ledoit_wolf,XOM,Energy,0.04272834763700443,0.024615078086952246
2020-03-31,ledoit_wolf,CVX,Energy,0.0,0.044425192172562585
2020-03-31,ledoit_wolf,NEE,Utilities,0.07253349135352757,0.1264228864455955
2020-03-31,ledoit_wolf,DUK,Utilities,0.04837572505373128,0.12771364418067407
2020-03-31,ledoit_wolf,AMT,Real Estate,0.030526463774378634,0.11019639660254986
2020-03-31,ledoit_wolf,PLD,Real Estate,9.932245309347627e-19,1.307941949641427e-17
2020-03-31,ledoit_wolf,APD,Materials,3.618108415852716e-19,1.0207232032994676e-17
2020-03-31,ledoit_wolf,NEM,Materials,0.15,0.15173368354923475
2020-03-31,ledoit_wolf,GOOGL,Communication Services,0.04313166834292253,1.031135773369589e-18
2020-03-31,ledoit_wolf,META,Communication Services,0.015064210156361824,0.012373411803676066
2020-03-31,equal_weight,AAPL,Information Technology,0.045454545454545456,0.04687952520911437
2020-03-31,equal_weight,MSFT,Information Technology,0.045454545454545456,0.04905758974438546
2020-03-31,equal_weight,JPM,Financials,0.045454545454545456,0.03907566034711897
2020-03-31,equal_weight,BAC,Financials,0.045454545454545456,0.03777949719331023
2020-03-31,equal_weight,JNJ,Health Care,0.045454545454545456,0.04913977002588208
2020-03-31,equal_weight,UNH,Health Care,0.045454545454545456,0.04950573204474024
2020-03-31,equal_weight,AMZN,Consumer Discretionary,0.045454545454545456,0.052160019275304885
2020-03-31,equal_weight,HD,Consumer Discretionary,0.045454545454545456,0.04348251678285606
2020-03-31,equal_weight,PG,Consumer Staples,0.045454545454545456,0.04895756405186913
2020-03-31,equal_weight,KO,Consumer Staples,0.045454545454545456,0.042055385024112164
2020-03-31,equal_weight,CAT,Industrials,0.045454545454545456,0.04706899872974999
2020-03-31,equal_weight,UNP,Industrials,0.045454545454545456,0.044476147456715354
2020-03-31,equal_weight,XOM,Energy,0.045454545454545456,0.03719875486810329
2020-03-31,equal_weight,CVX,Energy,0.045454545454545456,0.03912182833716479
2020-03-31,equal_weight,NEE,Utilities,0.045454545454545456,0.04797468626604153
2020-03-31,equal_weight,DUK,Utilities,0.045454545454545456,0.0444488396763422
2020-03-31,equal_weight,AMT,Real Estate,0.045454545454545456,0.0483842301141541
2020-03-31,equal_weight,PLD,Real Estate,0.045454545454545456,0.048457672626500914
2020-03-31,equal_weight,APD,Materials,0.045454545454545456,0.04610477970323309
2020-03-31,equal_weight,NEM,Materials,0.045454545454545456,0.051273465306027284
2020-03-31,equal_weight,GOOGL,Communication Services,0.045454545454545456,0.04372346107672464
2020-03-31,equal_weight,META,Communication Services,0.045454545454545456,0.04367387614054933
2020-04-30,sample,AAPL,Information Technology,0.0,8.233174608452913e-18
2020-04-30,sample,MSFT,Information Technology,7.296004146299459e-19,0.0
2020-04-30,sample,JPM,Financials,2.0814134734677611e-19,1.7062311145415302e-19
2020-04-30,sample,BAC,Financials,0.0,1.7834817297943874e-18
2020-04-30,sample,JNJ,Health Care,0.15,0.14946483250057827
2020-04-30,sample,UNH,Health Care,5.4561538572674795e-18,0.0
2020-04-30,sample,AMZN,Consumer Discretionary,0.15,0.16575297328516578
2020-04-30,sample,HD,Consumer Discretionary,2.0265167234979543e-18,0.0
2020-04-30,sample,PG,Consumer Staples,0.09999999999999999,0.09393770557738437
2020-04-30,sample,KO,Consumer Staples,0.15,0.13546860538390065
2020-04-30,sample,CAT,Industrials,2.640672225460565e-18,0.0
2020-04-30,sample,UNP,Industrials,0.060955764318353714,0.04789601202328611
2020-04-30,sample,XOM,Energy,0.049935309920472036,0.044116228956925525
2020-04-30,sample,CVX,Energy,0.0,3.171157136643194e-18
2020-04-30,sample,NEE,Utilities,0.08828123018162516,0.07874572661311588
2020-04-30,sample,DUK,Utilities,0.029846025269982535,0.030254404913265306
2020-04-30,sample,AMT,Real Estate,0.0036140613248695636,0.023815263337386018
2020-04-30,sample,PLD,Real Estate,0.0,0.0
2020-04-30,sample,APD,Materials,0.0,0.0
2020-04-30,sample,NEM,Materials,0.15,0.17159250220323663
2020-04-30,sample,GOOGL,Communication Services,0.033736004504303065,0.04811860248755069
2020-04-30,sample,META,Communication Services,0.03363160448039385,0.010837142718204948
2020-04-30,ewma,AAPL,Information Technology,2.3346420664670084e-18,0.0
2020-04-30,ewma,MSFT,Information Technology,4.5569810227074145e-17,0.0
2020-04-30,ewma,JPM,Financials,0.0,3.0477357758025673e-18
2020-04-30,ewma,BAC,Financials,0.0,0.0
2020-04-30,ewma,JNJ,Health Care,0.14999999999999997,0.14661842292406735
2020-04-30,ewma,UNH,Health Care,1.3233338708781797e-17,2.8505141227799975e-17
2020-04-30,ewma,AMZN,Consumer Discretionary,0.15,0.16259637221318984
2020-04-30,ewma,HD,Consumer Discretionary,0.0,1.9609571023620437e-18
2020-04-30,ewma,PG,Consumer Staples,0.15,0.0921487550913234
2020-04-30,ewma,KO,Consumer Staples,0.09999999999999992,0.13288874007893128
2020-04-30,ewma,CAT,Industrials,0.02875817201930205,0.03623061566804457
2020-04-30,ewma,UNP,Industrials,0.14952312492050135,0.0078366305473831
2020-04-30,ewma,XOM,Energy,2.2978860255076264e-17,0.0
2020-04-30,ewma,CVX,Energy,4.5621889410385455e-18,1.3652830145710845e-17
2020-04-30,ewma,NEE,Utilities,4.867272556882325e-18,7.201486917020675e-18
2020-04-30,ewma,DUK,Utilities,0.0,0.0
2020-04-30,ewma,AMT,Real Estate,8.220828001451252e-18,0.0
2020-04-30,ewma,PLD,Real Estate,3.882107028329804e-18,0.0
2020-04-30,ewma,APD,Materials,4.334576540342293e-18,7.099636221143946e-18
2020-04-30,ewma,NEM,Materials,0.15,0.16832469309150563
2020-04-30,ewma,GOOGL,Communication Services,0.0,0.14851379405958198
2020-04-30,ewma,META,Communication Services,0.12171870306019662,0.10484197632597264
2020-04-30,ledoit_wolf,AAPL,Information Technology,4.334112747154101e-18,4.547844329607377e-18
2020-04-30,ledoit_wolf,MSFT,Information Technology,1.5270630821543899e-18,7.932235155381193e-18
2020-04-30,ledoit_wolf,JPM,Financials,1.839330015918915e-17,1.336336299215732e-18
2020-04-30,ledoit_wolf,BAC,Financials,0.0,3.637784116656208e-19
2020-04-30,ledoit_wolf,JNJ,Health Care,0.15,0.1491160788732335
2020-04-30,ledoit_wolf,UNH,Health Care,1.1301260779492473e-17,4.320406612759531e-18
2020-04-30,ledoit_wolf,AMZN,Consumer Discretionary,0.15,0.1653662137397312
2020-04-30,ledoit_wolf,HD,Consumer Discretionary,5.372411103353455e-18,0.0
2020-04-30,ledoit_wolf,PG,Consumer Staples,0.10000000000000003,0.09371851611979448
2020-04-30,ledoit_wolf,KO,Consumer Staples,0.15,0.1351525098400288
2020-04-30,ledoit_wolf,CAT,Industrials,1.6923795180245915e-18,6.722068287664403e-18
2020-04-30,ledoit_wolf,UNP,Industrials,0.05704405253764403,0.0468929860017776
2020-04-30,ledoit_wolf,XOM,Energy,0.050631817977942695,0.045433503597233624
2020-04-30,ledoit_wolf,CVX,Energy,2.5272331316467973e-19,0.0
2020-04-30,ledoit_wolf,NEE,Utilities,0.07169408413594626,0.0605302523947617
2020-04-30,ledoit_wolf,DUK,Utilities,0.03991731721111581,0.04399392724869992
2020-04-30,ledoit_wolf,AMT,Real Estate,0.01079128952823748,0.029109444740316043
2020-04-30,ledoit_wolf,PLD,Real Estate,4.736585943795698e-18,9.580595293722893e-19
2020-04-30,ledoit_wolf,APD,Materials,1.222829127992455e-18,3.552449643923696e-19
2020-04-30,ledoit_wolf,NEM,Materials,0.14999999999999997,0.17119211699845396
2020-04-30,ledoit_wolf,GOOGL,Communication Services,0.03624163500177993,0.04343178936035343
2020-04-30,ledoit_wolf,META,Communication Services,0.03367980360733376,0.01606266108561572
2020-04-30,equal_weight,AAPL,Information Technology,0.045454545454545456,0.04610077582083407
2020-04-30,equal_weight,MSFT,Information Technology,0.045454545454545456,0.04534075388641333
2020-04-30,equal_weight,JPM,Financials,0.045454545454545456,0.04288172936204058
2020-04-30,equal_weight,BAC,Financials,0.045454545454545456,0.04520128321608503
2020-04-30,equal_weight,JNJ,Health Care,0.045454545454545456,0.04565526454625501
2020-04-30,equal_weight,UNH,Health Care,0.045454545454545456,0.04679565032794761
2020-04-30,equal_weight,AMZN,Consumer Discretionary,0.045454545454545456,0.0506306113488824
2020-04-30,equal_weight,HD,Consumer Discretionary,0.045454545454545456,0.04697913515185783
2020-04-30,equal_weight,PG,Consumer Staples,0.045454545454545456,0.04304106919920881
2020-04-30,equal_weight,KO,Consumer Staples,0.045454545454545456,0.0413800016568465
2020-04-30,equal_weight,CAT,Industrials,0.045454545454545456,0.040385485939475
2020-04-30,equal_weight,UNP,Industrials,0.045454545454545456,0.04520567193502833
2020-04-30,equal_weight,XOM,Energy,0.045454545454545456,0.04883349164500125
2020-04-30,equal_weight,CVX,Energy,0.045454545454545456,0.05066118225068756
2020-04-30,equal_weight,NEE,Utilities,0.045454545454545456,0.038325828331586556
2020-04-30,equal_weight,DUK,Utilities,0.045454545454545456,0.04176600081882162
2020-04-30,equal_weight,AMT,Real Estate,0.045454545454545456,0.04379404608578333
2020-04-30,equal_weight,PLD,Real Estate,0.045454545454545456,0.04429989585624976
2020-04-30,equal_weight,APD,Materials,0.045454545454545456,0.04509246759735831
2020-04-30,equal_weight,NEM,Materials,0.045454545454545456,0.052414343569496924
2020-04-30,equal_weight,GOOGL,Communication Services,0.045454545454545456,0.04624546098186984
2020-04-30,equal_weight,META,Communication Services,0.045454545454545456,0.048969850472270676
2020-05-29,sample,AAPL,Information Technology,0.0,0.0
2020-05-29,sample,MSFT,Information Technology,1.4977240378674146e-18,7.36241984933165e-19
2020-05-29,sample,JPM,Financials,2.545176221338698e-18,2.0815055723145102e-19
2020-05-29,sample,BAC,Financials,0.0,0.0
2020-05-29,sample,JNJ,Health Care,0.14999999999999997,0.14736253558203732
2020-05-29,sample,UNH,Health Care,5.2671950688751214e-18,5.5967673959050456e-18
2020-05-29,sample,AMZN,Consumer Discretionary,0.15,0.14572997539067067
2020-05-29,sample,HD,Consumer Discretionary,5.808881659950293e-18,2.254242453517376e-18
2020-05-29,sample,PG,Consumer Staples,0.10000000000000002,0.0967834410372809
2020-05-29,sample,KO,Consumer Staples,0.14999999999999997,0.1501585283227368
2020-05-29,sample,CAT,Industrials,6.690148899641237e-18,2.682461795918362e-18
2020-05-29,sample,UNP,Industrials,0.06785753309330297,0.06412573781057086
2020-05-29,sample,XOM,Energy,0.024547400308273768,0.04901691846442744
2020-05-29,sample,CVX,Energy,1.2596378599185056e-18,0.0
2020-05-29,sample,NEE,Utilities,0.08645466334156862,0.09606597790510067
2020-05-29,sample,DUK,Utilities,0.03303608037188866,0.030055279360376188
2020-05-29,sample,AMT,Real Estate,0.003469074229371149,0.0038580708339464114
2020-05-29,sample,PLD,Real Estate,1.566988033106141e-18,0.0
2020-05-29,sample,APD,Materials,0.0,0.0
2020-05-29,sample,NEM,Materials,0.15,0.14511066075098808
2020-05-29,sample,GOOGL,Communication Services,0.04843956104948699,0.035340483304555845
2020-05-29,sample,META,Communication Services,0.03619568760610778,0.03639239123730851
2020-05-29,ewma,AAPL,Information Technology,1.3129472215378813e-17,2.4888170088618565e-18
2020-05-29,ewma,MSFT,Information Technology,1.3752549097218969e-17,4.590628163141573e-17
2020-05-29,ewma,JPM,Financials,4.885934021021957e-18,0.0
2020-05-29,ewma,BAC,Financials,2.914439729954671e-18,0.0
2020-05-29,ewma,JNJ,Health Care,0.15,0.1471114494646599
2020-05-29,ewma,UNH,Health Care,8.833095086109478e-18,1.355125341289505e-17
2020-05-29,ewma,AMZN,Consumer Discretionary,0.14999999999999997,0.14548167093824105
2020-05-29,ewma,HD,Consumer Discretionary,0.0,0.0
2020-05-29,ewma,PG,Consumer Staples,0.15,0.14492780243231015
2020-05-29,ewma,KO,Consumer Staples,0.09999999999999995,0.09993511880428779
2020-05-29,ewma,CAT,Industrials,3.598390602734108e-18,0.029163504711320013
2020-05-29,ewma,UNP,Industrials,0.12604228989238223,0.15703098238687954
2020-05-29,ewma,XOM,Energy,0.0,2.2517808862826656e-17
2020-05-29,ewma,CVX,Energy,5.4873376131803295e-18,4.533038605184734e-18
2020-05-29,ewma,NEE,Utilities,0.0,5.2874501652431394e-18
2020-05-29,ewma,DUK,Utilities,0.0,0.0
2020-05-29,ewma,AMT,Real Estate,0.0,8.760918298363025e-18
2020-05-29,ewma,PLD,Real Estate,0.0,3.9109564149786515e-18
2020-05-29,ewma,APD,Materials,3.68534712695643e-18,4.561819191774506e-18
2020-05-29,ewma,NEM,Materials,0.15,0.14486341152815047
2020-05-29,ewma,GOOGL,Communication Services,0.071275450820934,0.0
2020-05-29,ewma,META,Communication Services,0.1026822592866838,0.13148605973415126
2020-05-29,ledoit_wolf,AAPL,Information Technology,0.0,4.632850066443508e-18
2020-05-29,ledoit_wolf,MSFT,Information Technology,0.0,1.5425073976086096e-18
2020-05-29,ledoit_wolf,JPM,Financials,0.0,1.84125374981728e-17
2020-05-29,ledoit_wolf,BAC,Financials,0.0,0.0
2020-05-29,ledoit_wolf,JNJ,Health Care,0.15,0.1475101332850521
2020-05-29,ledoit_wolf,UNH,Health Care,3.033660340200026e-18,1.1604122791499044e-17
2020-05-29,ledoit_wolf,AMZN,Consumer Discretionary,0.15,0.1458759379281848
2020-05-29,ledoit_wolf,HD,Consumer Discretionary,0.0,5.982110628719301e-18
2020-05-29,ledoit_wolf,PG,Consumer Staples,0.10107193052177767,0.0968803789294701
2020-05-29,ledoit_wolf,KO,Consumer Staples,0.14892806947822235,0.15030892648045707
2020-05-29,ledoit_wolf,CAT,Industrials,4.239188746201585e-18,1.7208839270542063e-18
2020-05-29,ledoit_wolf,UNP,Industrials,0.06502732687840446,0.06007070581699631
2020-05-29,ledoit_wolf,XOM,Energy,0.026528913044156582,0.049750396538405135
2020-05-29,ledoit_wolf,CVX,Energy,0.0,2.517890490666203e-19
2020-05-29,ledoit_wolf,NEE,Utilities,0.06797545744111581,0.07809429752843293
2020-05-29,ledoit_wolf,DUK,Utilities,0.044597052818103854,0.04023744367726518
2020-05-29,ledoit_wolf,AMT,Real Estate,0.011069743945253833,0.011531420095941951
2020-05-29,ledoit_wolf,PLD,Real Estate,6.8302709096161625e-18,4.784717202888805e-18
2020-05-29,ledoit_wolf,APD,Materials,9.949799584513512e-18,1.2904243450828711e-18
2020-05-29,ledoit_wolf,NEM,Materials,0.15,0.14525600298553373
2020-05-29,ledoit_wolf,GOOGL,Communication Services,0.047446151941750205,0.03800330704229721
2020-05-29,ledoit_wolf,META,Communication Services,0.03735535393121523,0.036481049691963696
2020-05-29,equal_weight,AAPL,Information Technology,0.045454545454545456,0.04747541706317353
2020-05-29,equal_weight,MSFT,Information Technology,0.045454545454545456,0.04486328037664797
2020-05-29,equal_weight,JPM,Financials,0.045454545454545456,0.04446054011998962
2020-05-29,equal_weight,BAC,Financials,0.045454545454545456,0.04387970540954252
2020-05-29,equal_weight,JNJ,Health Care,0.045454545454545456,0.0436768535463845
2020-05-29,equal_weight,UNH,Health Care,0.045454545454545456,0.04560433921485207
2020-05-29,equal_weight,AMZN,Consumer Discretionary,0.045454545454545456,0.04319297823776321
2020-05-29,equal_weight,HD,Consumer Discretionary,0.045454545454545456,0.049454515380027785
2020-05-29,equal_weight,PG,Consumer Staples,0.045454545454545456,0.04302853669561587
2020-05-29,equal_weight,KO,Consumer Staples,0.045454545454545456,0.04450555919378632
2020-05-29,equal_weight,CAT,Industrials,0.045454545454545456,0.04516214552288952
2020-05-29,equal_weight,UNP,Industrials,0.045454545454545456,0.0467706183583716
2020-05-29,equal_weight,XOM,Energy,0.045454545454545456,0.043640907540288446
2020-05-29,equal_weight,CVX,Energy,0.045454545454545456,0.04424989854663054
2020-05-29,equal_weight,NEE,Utilities,0.045454545454545456,0.04837898468116623
2020-05-29,equal_weight,DUK,Utilities,0.045454545454545456,0.04477027733512569
2020-05-29,equal_weight,AMT,Real Estate,0.045454545454545456,0.047460269218917335
2020-05-29,equal_weight,PLD,Real Estate,0.045454545454545456,0.04486540583134433
2020-05-29,equal_weight,APD,Materials,0.045454545454545456,0.046869197856137836
2020-05-29,equal_weight,NEM,Materials,0.045454545454545456,0.04300941927069119
2020-05-29,equal_weight,GOOGL,Communication Services,0.045454545454545456,0.04657301528903309
2020-05-29,equal_weight,META,Communication Services,0.045454545454545456,0.048108135311620746
2020-06-30,sample,AAPL,Information Technology,5.545858436045927e-18,0.0
2020-06-30,sample,MSFT,Information Technology,9.375923221984267e-18,1.6460876842755278e-18
2020-06-30,sample,JPM,Financials,2.4522645509351864e-18,2.4346960731892297e-18
2020-06-30,sample,BAC,Financials,0.0,0.0
2020-06-30,sample,JNJ,Health Care,0.15,0.14034330044675644
2020-06-30,sample,UNH,Health Care,9.402480284612247e-18,5.065093668748684e-18
2020-06-30,sample,AMZN,Consumer Discretionary,0.14999999999999997,0.167680487145316
2020-06-30,sample,HD,Consumer Discretionary,2.8387283684495764e-18,5.830302023486051e-18
2020-06-30,sample,PG,Consumer Staples,0.10969641078010761,0.10208059678693952
2020-06-30,sample,KO,Consumer Staples,0.1403035892198924,0.14337736522665862
2020-06-30,sample,CAT,Industrials,0.0,6.971950834713919e-18
2020-06-30,sample,UNP,Industrials,0.07543598726384777,0.06684253310081495
2020-06-30,sample,XOM,Energy,0.00031182984756876134,0.023892506108267552
2020-06-30,sample,CVX,Energy,6.634886061227349e-19,1.213016346950357e-18
2020-06-30,sample,NEE,Utilities,0.08825758720534005,0.08084986354579168
2020-06-30,sample,DUK,Utilities,0.049868487664036114,0.030502435274230792
2020-06-30,sample,AMT,Real Estate,1.410281976569943e-17,0.003452458815442567
2020-06-30,sample,PLD,Real Estate,4.559103297213055e-19,1.5915491823994443e-18
2020-06-30,sample,APD,Materials,1.2314272848765638e-17,0.0
2020-06-30,sample,NEM,Materials,0.14999999999999997,0.15742184868967043
2020-06-30,sample,GOOGL,Communication Services,0.060320797205469234,0.047420632459782175
2020-06-30,sample,META,Communication Services,0.025805310813738193,0.03613597240032915
2020-06-30,ewma,AAPL,Information Technology,0.003948370834658814,1.4752247288997816e-17
2020-06-30,ewma,MSFT,Information Technology,0.0,1.4956369173058502e-17
2020-06-30,ewma,JPM,Financials,0.0,4.624835638922122e-18
2020-06-30,ewma,BAC,Financials,0.0,2.8298333928099188e-18
2020-06-30,ewma,JNJ,Health Care,0.15,0.13887161701943526
2020-06-30,ewma,UNH,Health Care,0.0,8.405098182994416e-18
2020-06-30,ewma,AMZN,Consumer Discretionary,0.15,0.1659221374896405
2020-06-30,ewma,HD,Consumer Discretionary,0.01376159236817045,0.0
2020-06-30,ewma,PG,Consumer Staples,0.15,0.15151522192706351
2020-06-30,ewma,KO,Consumer Staples,0.08447113806351711,0.09458257710261977
2020-06-30,ewma,CAT,Industrials,7.974815198399238e-19,3.710638470529862e-18
2020-06-30,ewma,UNP,Industrials,0.0,0.12285502486764822
2020-06-30,ewma,XOM,Energy,0.0,0.0
2020-06-30,ewma,CVX,Energy,1.7618285302889447e-18,5.228828966313799e-18
2020-06-30,ewma,NEE,Utilities,0.09999999999999999,0.0
2020-06-30,ewma,DUK,Utilities,0.15,0.0
2020-06-30,ewma,AMT,Real Estate,0.0,0.0
2020-06-30,ewma,PLD,Real Estate,0.0,0.0
2020-06-30,ewma,APD,Materials,0.038722452341369354,3.626467971617067e-18
2020-06-30,ewma,NEM,Materials,0.15,0.1557710743023119
2020-06-30,ewma,GOOGL,Communication Services,0.009096446392284241,0.06904447358178643
2020-06-30,ewma,META,Communication Services,7.362039800619955e-19,0.10143787370949402
2020-06-30,ledoit_wolf,AAPL,Information Technology,6.4946679516104185e-18,0.0
2020-06-30,ledoit_wolf,MSFT,Information Technology,4.0358705701526646e-18,0.0
2020-06-30,ledoit_wolf,JPM,Financials,9.854712441868561e-19,0.0
2020-06-30,ledoit_wolf,BAC,Financials,0.0,0.0
2020-06-30,ledoit_wolf,JNJ,Health Care,0.15,0.14029377338532129
2020-06-30,ledoit_wolf,UNH,Health Care,8.339522935454231e-19,2.916229797764094e-18
2020-06-30,ledoit_wolf,AMZN,Consumer Discretionary,0.14999999999999997,0.16762131280808779
2020-06-30,ledoit_wolf,HD,Consumer Discretionary,0.0,0.0
2020-06-30,ledoit_wolf,PG,Consumer Staples,0.11492459367041395,0.10313841952889788
2020-06-30,ledoit_wolf,KO,Consumer Staples,0.13507540632958603,0.14230252520160785
2020-06-30,ledoit_wolf,CAT,Industrials,6.0472194172532675e-18,4.41619250534807e-18
2020-06-30,ledoit_wolf,UNP,Industrials,0.07052682121169523,0.06403205571983416
2020-06-30,ledoit_wolf,XOM,Energy,0.007814249631903056,0.025812042272540036
2020-06-30,ledoit_wolf,CVX,Energy,0.0,0.0
2020-06-30,ledoit_wolf,NEE,Utilities,0.08083638732326956,0.06354621925099656
2020-06-30,ledoit_wolf,DUK,Utilities,0.054810991057511645,0.04116222766406185
2020-06-30,ledoit_wolf,AMT,Real Estate,0.0,0.011012836708809525
2020-06-30,ledoit_wolf,PLD,Real Estate,1.0970306113597434e-17,6.934881176372702e-18
2020-06-30,ledoit_wolf,APD,Materials,0.0,9.891102040205506e-18
2020-06-30,ledoit_wolf,NEM,Materials,0.15,0.15736629461942625
2020-06-30,ledoit_wolf,GOOGL,Communication Services,0.057838087000740716,0.0464317282504068
2020-06-30,ledoit_wolf,META,Communication Services,0.028173463774879767,0.037280564590009925
2020-06-30,equal_weight,AAPL,Information Technology,0.045454545454545456,0.051562396076498936
2020-06-30,equal_weight,MSFT,Information Technology,0.045454545454545456,0.04990742326122241
2020-06-30,equal_weight,JPM,Financials,0.045454545454545456,0.04343810595392715
2020-06-30,equal_weight,BAC,Financials,0.045454545454545456,0.04455823336918784
2020-06-30,equal_weight,JNJ,Health Care,0.045454545454545456,0.042485859510993
2020-06-30,equal_weight,UNH,Health Care,0.045454545454545456,0.04366686974725744
2020-06-30,equal_weight,AMZN,Consumer Discretionary,0.045454545454545456,0.05076159386955194
2020-06-30,equal_weight,HD,Consumer Discretionary,0.045454545454545456,0.04557666109218309
2020-06-30,equal_weight,PG,Consumer Staples,0.045454545454545456,0.04635399637975878
2020-06-30,equal_weight,KO,Consumer Staples,0.045454545454545456,0.04340435615155818
2020-06-30,equal_weight,CAT,Industrials,0.045454545454545456,0.047321937130522185
2020-06-30,equal_weight,UNP,Industrials,0.045454545454545456,0.044729991409716216
2020-06-30,equal_weight,XOM,Energy,0.045454545454545456,0.044197752225326035
2020-06-30,equal_weight,CVX,Energy,0.045454545454545456,0.043728535255065336
2020-06-30,equal_weight,NEE,Utilities,0.045454545454545456,0.04246536383947815
2020-06-30,equal_weight,DUK,Utilities,0.045454545454545456,0.04192663255742182
2020-06-30,equal_weight,AMT,Real Estate,0.045454545454545456,0.04519172260538575
2020-06-30,equal_weight,PLD,Real Estate,0.045454545454545456,0.0461209629370748
2020-06-30,equal_weight,APD,Materials,0.045454545454545456,0.04515726397644643
2020-06-30,equal_weight,NEM,Materials,0.045454545454545456,0.04765601582761344
2020-06-30,equal_weight,GOOGL,Communication Services,0.045454545454545456,0.04445402865533707
2020-06-30,equal_weight,META,Communication Services,0.045454545454545456,0.0453342981684737
2020-07-31,sample,AAPL,Information Technology,9.800873625564465e-18,5.923413681270462e-18
2020-07-31,sample,MSFT,Information Technology,1.6976560427194312e-17,8.658281331953761e-18
2020-07-31,sample,JPM,Financials,0.0,2.33216438976432e-18
2020-07-31,sample,BAC,Financials,6.951791082514689e-18,0.0
2020-07-31,sample,JNJ,Health Care,0.15,0.14252138835001396
2020-07-31,sample,UNH,Health Care,1.0251127562326365e-17,8.848092104808312e-18
2020-07-31,sample,AMZN,Consumer Discretionary,0.14999999999999997,0.157734302478049
2020-07-31,sample,HD,Consumer Discretionary,0.0,2.7578796337118354e-18
2020-07-31,sample,PG,Consumer Staples,0.12090612148996277,0.11096843888627368
2020-07-31,sample,KO,Consumer Staples,0.12909387851003726,0.13598591051731415
2020-07-31,sample,CAT,Industrials,0.0,0.0
2020-07-31,sample,UNP,Industrials,0.07171019773317511,0.07090294215168602
2020-07-31,sample,XOM,Energy,0.0030711284264479176,0.0002689800248014376
2020-07-31,sample,CVX,Energy,2.544071787038499e-18,5.721630864135362e-19
2020-07-31,sample,NEE,Utilities,0.065476992796471,0.09455928468758952
2020-07-31,sample,DUK,Utilities,0.07017478553595444,0.048489816561452626
2020-07-31,sample,AMT,Real Estate,0.0,1.3070601973723235e-17
2020-07-31,sample,PLD,Real Estate,0.0,4.720735708765719e-19
2020-07-31,sample,APD,Materials,9.109251609416893e-18,1.3400272795016987e-17
2020-07-31,sample,NEM,Materials,0.15,0.15412005568518983
2020-07-31,sample,GOOGL,Communication Services,0.06960892699251421,0.05802194001747162
2020-07-31,sample,META,Communication Services,0.019957968515437238,0.026426940640158204
2020-07-31,ewma,AAPL,Information Technology,5.6697272074812856e-18,0.0041776754751401725
2020-07-31,ewma,MSFT,Information Technology,0.0,0.0
2020-07-31,ewma,JPM,Financials,2.5464502458276945e-17,0.0
2020-07-31,ewma,BAC,Financials,0.0,0.0
2020-07-31,ewma,JNJ,Health Care,0.14999999999999997,0.14118661473083335
2020-07-31,ewma,UNH,Health Care,0.0,0.0
2020-07-31,ewma,AMZN,Consumer Discretionary,0.11577672920127031,0.15625705342634533
2020-07-31,ewma,HD,Consumer Discretionary,0.1342232707987297,0.013244441217640823
2020-07-31,ewma,PG,Consumer Staples,0.15,0.1503182802264756
2020-07-31,ewma,KO,Consumer Staples,0.08770296624736894,0.08110487485785936
2020-07-31,ewma,CAT,Industrials,1.250962488270804e-17,7.664292572067109e-19
2020-07-31,ewma,UNP,Industrials,0.007116590886844838,0.0
2020-07-31,ewma,XOM,Energy,1.99581765694072e-18,0.0
2020-07-31,ewma,CVX,Energy,4.687897021684285e-18,1.5050935186574982e-18
2020-07-31,ewma,NEE,Utilities,0.030951133350820555,0.10613670688486214
2020-07-31,ewma,DUK,Utilities,0.15,0.14448710294126194
2020-07-31,ewma,AMT,Real Estate,8.434838257071697e-18,0.0
2020-07-31,ewma,PLD,Real Estate,0.02920386514506218,0.0
2020-07-31,ewma,APD,Materials,0.01786840783093182,0.041742763975101106
2020-07-31,ewma,NEM,Materials,0.10172500582671212,0.15267665559698682
2020-07-31,ewma,GOOGL,Communication Services,0.025432030712259558,0.008667830667493676
2020-07-31,ewma,META,Communication Services,6.896987198363726e-18,7.468776038495016e-19
2020-07-31,ledoit_wolf,AAPL,Information Technology,0.0,6.943964290062308e-18
2020-07-31,ledoit_wolf,MSFT,Information Technology,1.2521421848285202e-17,3.73080133066193e-18
2020-07-31,ledoit_wolf,JPM,Financials,9.218841441585524e-20,9.381732328921726e-19
2020-07-31,ledoit_wolf,BAC,Financials,0.0,0.0
2020-07-31,ledoit_wolf,JNJ,Health Care,0.14999999999999997,0.14266823433597464
2020-07-31,ledoit_wolf,UNH,Health Care,5.6121397833521545e-18,7.855894688064847e-19
2020-07-31,ledoit_wolf,AMZN,Consumer Discretionary,0.15,0.15789682299118293
2020-07-31,ledoit_wolf,HD,Consumer Discretionary,9.046478480306755e-18,0.0
2020-07-31,ledoit_wolf,PG,Consumer Staples,0.12231086972009331,0.11637703213746452
2020-07-31,ledoit_wolf,KO,Consumer Staples,0.1276891302799067,0.13105350998255913
2020-07-31,ledoit_wolf,CAT,Industrials,2.598326007447703e-18,5.8727421783261806e-18
2020-07-31,ledoit_wolf,UNP,Industrials,0.06687086557773035,0.06635707438404002
2020-07-31,ledoit_wolf,XOM,Energy,0.010079168040960595,0.006747406419118641
2020-07-31,ledoit_wolf,CVX,Energy,0.0,0.0
2020-07-31,ledoit_wolf,NEE,Utilities,0.0656367377021239,0.08669743843953398
2020-07-31,ledoit_wolf,DUK,Utilities,0.0680634358509501,0.05335059167918121
2020-07-31,ledoit_wolf,AMT,Real Estate,0.0,0.0
2020-07-31,ledoit_wolf,PLD,Real Estate,1.0118158737360077e-17,1.1370936732365893e-17
2020-07-31,ledoit_wolf,APD,Materials,7.652813380387249e-18,0.0
2020-07-31,ledoit_wolf,NEM,Materials,0.15,0.15427885228263696
2020-07-31,ledoit_wolf,GOOGL,Communication Services,0.06556654344580486,0.05569116917230823
2020-07-31,ledoit_wolf,META,Communication Services,0.02378324938243032,0.02888186817599988
2020-07-31,equal_weight,AAPL,Information Technology,0.045454545454545456,0.049584414947122624
2020-07-31,equal_weight,MSFT,Information Technology,0.045454545454545456,0.04287059978601324
2020-07-31,equal_weight,JPM,Financials,0.045454545454545456,0.044150309087080085
2020-07-31,equal_weight,BAC,Financials,0.045454545454545456,0.04458174722000274
2020-07-31,equal_weight,JNJ,Health Care,0.045454545454545456,0.04410935365619839
2020-07-31,equal_weight,UNH,Health Care,0.045454545454545456,0.04368668710758241
2020-07-31,equal_weight,AMZN,Consumer Discretionary,0.045454545454545456,0.048817642125623804
2020-07-31,equal_weight,HD,Consumer Discretionary,0.045454545454545456,0.04510174846960064
2020-07-31,equal_weight,PG,Consumer Staples,0.045454545454545456,0.04696225769094197
2020-07-31,equal_weight,KO,Consumer Staples,0.045454545454545456,0.044995288530270273
2020-07-31,equal_weight,CAT,Industrials,0.045454545454545456,0.04503808071702344
2020-07-31,equal_weight,UNP,Industrials,0.045454545454545456,0.043634257182619145
2020-07-31,equal_weight,XOM,Energy,0.045454545454545456,0.04004462726734642
2020-07-31,equal_weight,CVX,Energy,0.045454545454545456,0.04003393456516938
2020-07-31,equal_weight,NEE,Utilities,0.045454545454545456,0.04973865492292568
2020-07-31,equal_weight,DUK,Utilities,0.045454545454545456,0.045140488243492344
2020-07-31,equal_weight,AMT,Real Estate,0.045454545454545456,0.04302605646385123
2020-07-31,equal_weight,PLD,Real Estate,0.045454545454545456,0.04806978321351447
2020-07-31,equal_weight,APD,Materials,0.045454545454545456,0.050518073013530285
2020-07-31,equal_weight,NEM,Materials,0.045454545454545456,0.04769905850927926
2020-07-31,equal_weight,GOOGL,Communication Services,0.045454545454545456,0.04465469032482827
2020-07-31,equal_weight,META,Communication Services,0.045454545454545456,0.0475422469559839
2020-08-31,sample,AAPL,Information Technology,0.0,1.1396190655255655e-17
2020-08-31,sample,MSFT,Information Technology,0.0,1.7893094055359774e-17
2020-08-31,sample,JPM,Financials,0.0,0.0
2020-08-31,sample,BAC,Financials,1.2305807797281092e-20,6.8740512485324566e-18
2020-08-31,sample,JNJ,Health Care,0.15,0.15189569285296484
2020-08-31,sample,UNH,Health Care,1.857811586217676e-18,1.0113974661263482e-17
2020-08-31,sample,AMZN,Consumer Discretionary,0.15,0.1563361237669193
2020-08-31,sample,HD,Consumer Discretionary,0.0,0.0
2020-08-31,sample,PG,Consumer Staples,0.12207430142046828,0.12191404427153478
2020-08-31,sample,KO,Consumer Staples,0.12792569857953176,0.12936657468074622
2020-08-31,sample,CAT,Industrials,0.0,0.0
2020-08-31,sample,UNP,Industrials,0.07543471957821148,0.07646844871165838
2020-08-31,sample,XOM,Energy,0.00907398377984682,0.0028410087508239914
2020-08-31,sample,CVX,Energy,0.0,2.4663353404460365e-18
2020-08-31,sample,NEE,Utilities,0.048048236903589135,0.06255437915021489
2020-08-31,sample,DUK,Utilities,0.08319853592362902,0.06432522851709846
2020-08-31,sample,AMT,Real Estate,0.0,0.0
2020-08-31,sample,PLD,Real Estate,6.641782345241382e-18,0.0
2020-08-31,sample,APD,Materials,0.0,8.877450486254976e-18
2020-08-31,sample,NEM,Materials,0.15,0.13938919788929272
2020-08-31,sample,GOOGL,Communication Services,0.07203397148404111,0.07286130567452462
2020-08-31,sample,META,Communication Services,0.01221055233068226,0.022047995734222125
2020-08-31,ewma,AAPL,Information Technology,0.033725897642061506,6.661725966060151e-18
2020-08-31,ewma,MSFT,Information Technology,0.013504457216861276,0.0
2020-08-31,ewma,JPM,Financials,0.09691359442105958,2.5497075485473704e-17
2020-08-31,ewma,BAC,Financials,0.0,0.0
2020-08-31,ewma,JNJ,Health Care,0.15,0.15348825274084524
2020-08-31,ewma,UNH,Health Care,0.026807216027221026,0.0
2020-08-31,ewma,AMZN,Consumer Discretionary,0.092725097077445,0.12193237692790428
2020-08-31,ewma,HD,Consumer Discretionary,0.07275695944825072,0.13917882865007045
2020-08-31,ewma,PG,Consumer Staples,0.15,0.15283625614527852
2020-08-31,ewma,KO,Consumer Staples,0.0,0.08880969844189458
2020-08-31,ewma,CAT,Industrials,0.0009880633224647983,1.293920309302748e-17
2020-08-31,ewma,UNP,Industrials,0.05095155627295334,0.007668369710373279
2020-08-31,ewma,XOM,Energy,8.120504865326977e-18,1.8656283691878494e-18
2020-08-31,ewma,CVX,Energy,0.0,4.592302738257187e-18
2020-08-31,ewma,NEE,Utilities,0.0,0.029879631180592375
2020-08-31,ewma,DUK,Utilities,0.15,0.1389380456965827
2020-08-31,ewma,AMT,Real Estate,1.2557263443045003e-17,7.764905480814025e-18
2020-08-31,ewma,PLD,Real Estate,1.015168987284279e-17,0.02725263278046161
2020-08-31,ewma,APD,Materials,0.09729039017086316,0.017596289562114335
2020-08-31,ewma,NEM,Materials,0.023418354228051406,0.09552020951266886
2020-08-31,ewma,GOOGL,Communication Services,0.04091841417276832,0.026899408651213735
2020-08-31,ewma,META,Communication Services,0.0,7.69913413423311e-18
2020-08-31,ledoit_wolf,AAPL,Information Technology,0.0,0.0
2020-08-31,ledoit_wolf,MSFT,Information Technology,0.0,1.3203463283934162e-17
2020-08-31,ledoit_wolf,JPM,Financials,0.0,9.139034372414933e-20
2020-08-31,ledoit_wolf,BAC,Financials,2.097289460895989e-18,0.0
2020-08-31,ledoit_wolf,JNJ,Health Care,0.15,0.15196512544244786
2020-08-31,ledoit_wolf,UNH,Health Care,0.0,5.539584312985534e-18
2020-08-31,ledoit_wolf,AMZN,Consumer Discretionary,0.15,0.15640758610860275
2020-08-31,ledoit_wolf,HD,Consumer Discretionary,0.0,9.287390460109336e-18
2020-08-31,ledoit_wolf,PG,Consumer Staples,0.12376894235479419,0.12338687829664624
2020-08-31,ledoit_wolf,KO,Consumer Staples,0.12623105764520584,0.1280173499737871
2020-08-31,ledoit_wolf,CAT,Industrials,0.0,2.660882354666716e-18
2020-08-31,ledoit_wolf,UNP,Industrials,0.07144736854846671,0.07134060340725626
2020-08-31,ledoit_wolf,XOM,Energy,0.015516683273698982,0.009328197942058629
2020-08-31,ledoit_wolf,CVX,Energy,2.1857224478111693e-18,0.0
2020-08-31,ledoit_wolf,NEE,Utilities,0.05388523699605457,0.06273565753256921
2020-08-31,ledoit_wolf,DUK,Utilities,0.07564418357750156,0.06241839338062546
2020-08-31,ledoit_wolf,AMT,Real Estate,0.0,0.0
2020-08-31,ledoit_wolf,PLD,Real Estate,0.0,9.348424159634424e-18
2020-08-31,ledoit_wolf,APD,Materials,0.0,7.461483058703311e-18
2020-08-31,ledoit_wolf,NEM,Materials,0.15,0.13945291367196985
2020-08-31,ledoit_wolf,GOOGL,Communication Services,0.06611006921353543,0.06866141875017202
2020-08-31,ledoit_wolf,META,Communication Services,0.01739645839074284,0.02628587549386469
2020-08-31,equal_weight,AAPL,Information Technology,0.045454545454545456,0.05280327749617348
2020-08-31,equal_weight,MSFT,Information Technology,0.045454545454545456,0.04786319705698875
2020-08-31,equal_weight,JPM,Financials,0.045454545454545456,0.0449978179870431
2020-08-31,equal_weight,BAC,Financials,0.045454545454545456,0.04490368851647296
2020-08-31,equal_weight,JNJ,Health Care,0.045454545454545456,0.045985420619143014
2020-08-31,equal_weight,UNH,Health Care,0.045454545454545456,0.044803937893279626
2020-08-31,equal_weight,AMZN,Consumer Discretionary,0.045454545454545456,0.04732973183345843
2020-08-31,equal_weight,HD,Consumer Discretionary,0.045454545454545456,0.04659954105578174
2020-08-31,equal_weight,PG,Consumer Staples,0.045454545454545456,0.045790080994422604
2020-08-31,equal_weight,KO,Consumer Staples,0.045454545454545456,0.045507438759706115
2020-08-31,equal_weight,CAT,Industrials,0.045454545454545456,0.04648357509033981
2020-08-31,equal_weight,UNP,Industrials,0.045454545454545456,0.04842474282842698
2020-08-31,equal_weight,XOM,Energy,0.045454545454545456,0.042008827157275275
2020-08-31,equal_weight,CVX,Energy,0.045454545454545456,0.04402392169464183
2020-08-31,equal_weight,NEE,Utilities,0.045454545454545456,0.043384535909917664
2020-08-31,equal_weight,DUK,Utilities,0.045454545454545456,0.04162614634845497
2020-08-31,equal_weight,AMT,Real Estate,0.045454545454545456,0.04137096912642107
2020-08-31,equal_weight,PLD,Real Estate,0.045454545454545456,0.04193768081703283
2020-08-31,equal_weight,APD,Materials,0.045454545454545456,0.0442559353278904
2020-08-31,equal_weight,NEM,Materials,0.045454545454545456,0.04219916163724833
2020-08-31,equal_weight,GOOGL,Communication Services,0.045454545454545456,0.047533300780636854
2020-08-31,equal_weight,META,Communication Services,0.045454545454545456,0.050167071069244465
2020-09-30,sample,AAPL,Information Technology,1.2101203966116596e-18,0.0
2020-09-30,sample,MSFT,Information Technology,2.037106994603177e-18,0.0
2020-09-30,sample,JPM,Financials,4.0721756437638605e-18,0.0
2020-09-30,sample,BAC,Financials,4.633850311898643e-18,1.1885015489998872e-20
2020-09-30,sample,JNJ,Health Care,0.15,0.14918342184600808
2020-09-30,sample,UNH,Health Care,0.0,1.9069927899419906e-18
2020-09-30,sample,AMZN,Consumer Discretionary,0.15,0.1402598310759554
2020-09-30,sample,HD,Consumer Discretionary,0.0,0.0
2020-09-30,sample,PG,Consumer Staples,0.14262121519537074,0.12570078690126724
2020-09-30,sample,KO,Consumer Staples,0.10737878480462931,0.13173479263983875
2020-09-30,sample,CAT,Industrials,0.0,0.0
2020-09-30,sample,UNP,Industrials,0.08058171977335543,0.07908644470896768
2020-09-30,sample,XOM,Energy,0.025184267561506657,0.007993010171018378
2020-09-30,sample,CVX,Energy,0.0,0.0
2020-09-30,sample,NEE,Utilities,0.03622668659389846,0.04895670747227873
2020-09-30,sample,DUK,Utilities,0.09487660006298526,0.09398708636958122
2020-09-30,sample,AMT,Real Estate,0.0,0.0
2020-09-30,sample,PLD,Real Estate,0.0,6.761932052354999e-18
2020-09-30,sample,APD,Materials,2.8342836137860334e-18,0.0
2020-09-30,sample,NEM,Materials,0.14999999999999997,0.14552494704156343
2020-09-30,sample,GOOGL,Communication Services,0.05439696420846666,0.06639524785412279
2020-09-30,sample,META,Communication Services,0.00873376179978755,0.011177723919398275
2020-09-30,ewma,AAPL,Information Technology,0.0,0.03050995554236802
2020-09-30,ewma,MSFT,Information Technology,4.901596786003001e-17,0.012694936335344085
2020-09-30,ewma,JPM,Financials,0.047199993505458025,0.09386584146430595
2020-09-30,ewma,BAC,Financials,1.6015547392134716e-17,0.0
2020-09-30,ewma,JNJ,Health Care,0.14999999999999997,0.14673388375845603
2020-09-30,ewma,UNH,Health Care,0.04706178427002754,0.02706505701830521
2020-09-30,ewma,AMZN,Consumer Discretionary,5.0599061484866e-18,0.08528039384034518
2020-09-30,ewma,HD,Consumer Discretionary,1.5247212541072044e-17,0.07182916110249496
2020-09-30,ewma,PG,Consumer Staples,0.14999999999999997,0.15191996651407097
2020-09-30,ewma,KO,Consumer Staples,0.0,0.0
2020-09-30,ewma,CAT,Industrials,0.03135797755431081,0.001043828443305096
2020-09-30,ewma,UNP,Industrials,0.15,0.052540968523618434
2020-09-30,ewma,XOM,Energy,0.15,7.035666515440931e-18
2020-09-30,ewma,CVX,Energy,0.0,0.0
2020-09-30,ewma,NEE,Utilities,0.14999999999999997,0.0
2020-09-30,ewma,DUK,Utilities,0.06930080846936915,0.16666853187285355
2020-09-30,ewma,AMT,Real Estate,0.0,1.2340210292688855e-17
2020-09-30,ewma,PLD,Real Estate,0.0,1.0165631275825144e-17
2020-09-30,ewma,APD,Materials,8.023430643753005e-18,0.100404724295221
2020-09-30,ewma,NEM,Materials,0.0038416279567750782,0.022346649122695725
2020-09-30,ewma,GOOGL,Communication Services,0.0,0.0370961021666162
2020-09-30,ewma,META,Communication Services,0.05123780824405959,0.0
2020-09-30,ledoit_wolf,AAPL,Information Technology,1.2189692101370866e-18,0.0
2020-09-30,ledoit_wolf,MSFT,Information Technology,0.0,0.0
2020-09-30,ledoit_wolf,JPM,Financials,9.302507723543886e-18,0.0
2020-09-30,ledoit_wolf,BAC,Financials,7.957312039573861e-19,2.0292358572568296e-18
2020-09-30,ledoit_wolf,JNJ,Health Care,0.15,0.1494531569790491
2020-09-30,ledoit_wolf,UNH,Health Care,0.0,0.0
2020-09-30,ledoit_wolf,AMZN,Consumer Discretionary,0.15,0.1405134316686182
2020-09-30,ledoit_wolf,HD,Consumer Discretionary,4.424148258593309e-18,0.0
2020-09-30,ledoit_wolf,PG,Consumer Staples,0.13856808811797508,0.12767620265336932
2020-09-30,ledoit_wolf,KO,Consumer Staples,0.11143191188202492,0.13022472375214694
2020-09-30,ledoit_wolf,CAT,Industrials,0.0,0.0
2020-09-30,ledoit_wolf,UNP,Industrials,0.07613656633402015,0.07504150564856803
2020-09-30,ledoit_wolf,XOM,Energy,0.029670475188626703,0.013692911186602893
2020-09-30,ledoit_wolf,CVX,Energy,1.8436302958979547e-19,1.925046978920502e-18
2020-09-30,ledoit_wolf,NEE,Utilities,0.04515013020269654,0.0550033412594335
2020-09-30,ledoit_wolf,DUK,Utilities,0.08456112119521379,0.08560764920557205
2020-09-30,ledoit_wolf,AMT,Real Estate,0.0,0.0
2020-09-30,ledoit_wolf,PLD,Real Estate,0.0,0.0
2020-09-30,ledoit_wolf,APD,Materials,0.0,0.0
2020-09-30,ledoit_wolf,NEM,Materials,0.14999999999999997,0.1457880673699843
2020-09-30,ledoit_wolf,GOOGL,Communication Services,0.051363244580750436,0.06104523607643088
2020-09-30,ledoit_wolf,META,Communication Services,0.013118462498692295,0.01595377420022491
2020-09-30,equal_weight,AAPL,Information Technology,0.045454545454545456,0.042286888355492463
2020-09-30,equal_weight,MSFT,Information Technology,0.045454545454545456,0.043942126080004154
2020-09-30,equal_weight,JPM,Financials,0.045454545454545456,0.04527417532140057
2020-09-30,equal_weight,BAC,Financials,0.045454545454545456,0.04440451639754837
2020-09-30,equal_weight,JNJ,Health Care,0.045454545454545456,0.04572638045693521
2020-09-30,equal_weight,UNH,Health Care,0.045454545454545456,0.047193795263524595
2020-09-30,equal_weight,AMZN,Consumer Discretionary,0.045454545454545456,0.042991200491599574
2020-09-30,equal_weight,HD,Consumer Discretionary,0.045454545454545456,0.046148110605590854
2020-09-30,equal_weight,PG,Consumer Staples,0.045454545454545456,0.04734250883226514
2020-09-30,equal_weight,KO,Consumer Staples,0.045454545454545456,0.04734566436321392
2020-09-30,equal_weight,CAT,Industrials,0.045454545454545456,0.04938238037854952
2020-09-30,equal_weight,UNP,Industrials,0.045454545454545456,0.048202358940507235
2020-09-30,equal_weight,XOM,Energy,0.045454545454545456,0.040499521037537234
2020-09-30,equal_weight,CVX,Energy,0.045454545454545456,0.040420279396953196
2020-09-30,equal_weight,NEE,Utilities,0.045454545454545456,0.046845973251654426
2020-09-30,equal_weight,DUK,Utilities,0.045454545454545456,0.05193857412758447
2020-09-30,equal_weight,AMT,Real Estate,0.045454545454545456,0.04593621703267867
2020-09-30,equal_weight,PLD,Real Estate,0.045454545454545456,0.046808387792414995
2020-09-30,equal_weight,APD,Materials,0.045454545454545456,0.04824050825072036
2020-09-30,equal_weight,NEM,Materials,0.045454545454545456,0.04460501717990282
2020-09-30,equal_weight,GOOGL,Communication Services,0.045454545454545456,0.042377678024607734
2020-09-30,equal_weight,META,Communication Services,0.045454545454545456,0.042087738419314284
2020-10-30,sample,AAPL,Information Technology,0.0,1.1613727361677863e-18
2020-10-30,sample,MSFT,Information Technology,0.0,2.0021385761410537e-18
2020-10-30,sample,JPM,Financials,0.0,4.2733760030241315e-18
2020-10-30,sample,BAC,Financials,0.0,4.654513727716215e-18
2020-10-30,sample,JNJ,Health Care,0.15,0.14104079118995894
2020-10-30,sample,UNH,Health Care,0.0,0.0
2020-10-30,sample,AMZN,Consumer Discretionary,0.15,0.1476725586632713
2020-10-30,sample,HD,Consumer Discretionary,0.0,0.0
2020-10-30,sample,PG,Consumer Staples,0.15,0.14443199899085932
2020-10-30,sample,KO,Consumer Staples,0.10000000000000003,0.10672346781628607
2020-10-30,sample,CAT,Industrials,0.0,0.0
2020-10-30,sample,UNP,Industrials,0.0857090544417444,0.07404862620888983
2020-10-30,sample,XOM,Energy,0.02144922057252543,0.02443206568441744
2020-10-30,sample,CVX,Energy,1.825577307160549e-18,0.0
2020-10-30,sample,NEE,Utilities,0.022846448668020332,0.03902320492436955
2020-10-30,sample,DUK,Utilities,0.10996083740591396,0.1007509324244235
2020-10-30,sample,AMT,Real Estate,3.1117889258901755e-18,0.0
2020-10-30,sample,PLD,Real Estate,0.0,0.0
2020-10-30,sample,APD,Materials,0.0,2.683728131948665e-18
2020-10-30,sample,NEM,Materials,0.15,0.151675886547669
2020-10-30,sample,GOOGL,Communication Services,0.05724885846630795,0.06124220107298391
2020-10-30,sample,META,Communication Services,0.002785580445488037,0.008958266476871106
2020-10-30,ewma,AAPL,Information Technology,0.0,0.0
2020-10-30,ewma,MSFT,Information Technology,1.1460752591929595e-18,4.825216883689912e-17
2020-10-30,ewma,JPM,Financials,0.055345050289234136,0.049611859658939425
2020-10-30,ewma,BAC,Financials,0.05017943756285867,1.6112875987556708e-17
2020-10-30,ewma,JNJ,Health Care,0.15,0.14126796798304786
2020-10-30,ewma,UNH,Health Care,0.0,0.04710346965564338
2020-10-30,ewma,AMZN,Consumer Discretionary,0.0,4.9894188680539315e-18
2020-10-30,ewma,HD,Consumer Discretionary,0.14999999999999994,1.497469704864857e-17
2020-10-30,ewma,PG,Consumer Staples,0.15,0.1521491433041704
2020-10-30,ewma,KO,Consumer Staples,0.0012659404745338498,0.0
2020-10-30,ewma,CAT,Industrials,0.0,0.03397246285072683
2020-10-30,ewma,UNP,Industrials,0.022336896493221587,0.13806089854168152
2020-10-30,ewma,XOM,Energy,0.0,0.14575420210446835
2020-10-30,ewma,CVX,Energy,0.0,0.0
2020-10-30,ewma,NEE,Utilities,0.10000000000000002,0.16183950536310934
2020-10-30,ewma,DUK,Utilities,0.15,0.07371013808644732
2020-10-30,ewma,AMT,Real Estate,0.14999999999999997,0.0
2020-10-30,ewma,PLD,Real Estate,0.012227605470140809,0.0
2020-10-30,ewma,APD,Materials,9.552053102045256e-18,7.60946770601189e-18
2020-10-30,ewma,NEM,Materials,0.008645069710011088,0.0038908057495310347
2020-10-30,ewma,GOOGL,Communication Services,0.0,0.0
2020-10-30,ewma,META,Communication Services,0.0,0.05263954670223451
2020-10-30,ledoit_wolf,AAPL,Information Technology,9.157257882612088e-18,1.1699454587451796e-18
2020-10-30,ledoit_wolf,MSFT,Information Technology,9.55973520066023e-18,0.0
2020-10-30,ledoit_wolf,JPM,Financials,1.3891172790759102e-18,9.762801939718417e-18
2020-10-30,ledoit_wolf,BAC,Financials,0.0,7.993344641123892e-19
2020-10-30,ledoit_wolf,JNJ,Health Care,0.15,0.14105048055462238
2020-10-30,ledoit_wolf,UNH,Health Care,0.0,0.0
2020-10-30,ledoit_wolf,AMZN,Consumer Discretionary,0.15,0.1476827036238857
2020-10-30,ledoit_wolf,HD,Consumer Discretionary,4.277274291907694e-18,4.338385449677884e-18
2020-10-30,ledoit_wolf,PG,Consumer Staples,0.14854932498569415,0.14033705192538304
2020-10-30,ledoit_wolf,KO,Consumer Staples,0.10145067501430584,0.11075946779768372
2020-10-30,ledoit_wolf,CAT,Industrials,1.829958511144324e-18,0.0
2020-10-30,ledoit_wolf,UNP,Industrials,0.08117946412971859,0.06996866620704549
2020-10-30,ledoit_wolf,XOM,Energy,0.026907553240107355,0.028786257039390688
2020-10-30,ledoit_wolf,CVX,Energy,0.0,1.817091295630683e-19
2020-10-30,ledoit_wolf,NEE,Utilities,0.03559558295229697,0.04863883479091665
2020-10-30,ledoit_wolf,DUK,Utilities,0.09551488977921697,0.08980293444990727
2020-10-30,ledoit_wolf,AMT,Real Estate,1.1678666098070967e-19,0.0
2020-10-30,ledoit_wolf,PLD,Real Estate,0.0,0.0
2020-10-30,ledoit_wolf,APD,Materials,1.0023779796347013e-18,0.0
2020-10-30,ledoit_wolf,NEM,Materials,0.15,0.1516863065330009
2020-10-30,ledoit_wolf,GOOGL,Communication Services,0.05331772626826038,0.057830695107204316
2020-10-30,ledoit_wolf,META,Communication Services,0.0074847836303998175,0.013456601970959103
2020-10-30,equal_weight,AAPL,Information Technology,0.045454545454545456,0.043447575969403844
2020-10-30,equal_weight,MSFT,Information Technology,0.045454545454545456,0.044494138187694474
2020-10-30,equal_weight,JPM,Financials,0.045454545454545456,0.047508039697835486
2020-10-30,equal_weight,BAC,Financials,0.045454545454545456,0.04547312708828872
2020-10-30,equal_weight,JNJ,Health Care,0.045454545454545456,0.04256728804931013
2020-10-30,equal_weight,UNH,Health Care,0.045454545454545456,0.045238485062129824
2020-10-30,equal_weight,AMZN,Consumer Discretionary,0.045454545454545456,0.04456881082815158
2020-10-30,equal_weight,HD,Consumer Discretionary,0.045454545454545456,0.044390612127043504
2020-10-30,equal_weight,PG,Consumer Staples,0.045454545454545456,0.04584603645082211
2020-10-30,equal_weight,KO,Consumer Staples,0.045454545454545456,0.04499496823353789
2020-10-30,equal_weight,CAT,Industrials,0.045454545454545456,0.04896689098219936
2020-10-30,equal_weight,UNP,Industrials,0.045454545454545456,0.041600924261015484
2020-10-30,equal_weight,XOM,Energy,0.045454545454545456,0.043919093577694746
2020-10-30,equal_weight,CVX,Energy,0.045454545454545456,0.044616508687223645
2020-10-30,equal_weight,NEE,Utilities,0.045454545454545456,0.04876596542661412
2020-10-30,equal_weight,DUK,Utilities,0.045454545454545456,0.048074244366948723
2020-10-30,equal_weight,AMT,Real Estate,0.045454545454545456,0.04391157821557852
2020-10-30,equal_weight,PLD,Real Estate,0.045454545454545456,0.04556910539353071
2020-10-30,equal_weight,APD,Materials,0.045454545454545456,0.04286646971606961
2020-10-30,equal_weight,NEM,Materials,0.045454545454545456,0.04577704859946048
2020-10-30,equal_weight,GOOGL,Communication Services,0.045454545454545456,0.05096812223366069
2020-10-30,equal_weight,META,Communication Services,0.045454545454545456,0.046434966845786595
2020-11-30,sample,AAPL,Information Technology,8.229769392960183e-18,0.0
2020-11-30,sample,MSFT,Information Technology,6.779150290991927e-18,0.0
2020-11-30,sample,JPM,Financials,0.0,0.0
2020-11-30,sample,BAC,Financials,1.0982344075647893e-18,0.0
2020-11-30,sample,JNJ,Health Care,0.15,0.1530775643829593
2020-11-30,sample,UNH,Health Care,1.8613215646142045e-18,0.0
2020-11-30,sample,AMZN,Consumer Discretionary,0.15,0.1503253504859761
2020-11-30,sample,HD,Consumer Discretionary,0.0,0.0
2020-11-30,sample,PG,Consumer Staples,0.15,0.14592706028589755
2020-11-30,sample,KO,Consumer Staples,0.09999999999999999,0.10392773118925525
2020-11-30,sample,CAT,Industrials,0.001271327866725884,0.0
2020-11-30,sample,UNP,Industrials,0.09189627568192475,0.09525747949662997
2020-11-30,sample,XOM,Energy,0.023067978498236632,0.02466161334504227
2020-11-30,sample,CVX,Energy,5.010264475224423e-19,2.2317711274655616e-18
2020-11-30,sample,NEE,Utilities,0.018667058714251183,0.02216014066048866
2020-11-30,sample,DUK,Utilities,0.09669384535005211,0.1073063354560294
2020-11-30,sample,AMT,Real Estate,0.0,3.008881817965026e-18
2020-11-30,sample,PLD,Real Estate,2.1327300524002908e-17,0.0
2020-11-30,sample,APD,Materials,1.4702218265842879e-18,0.0
2020-11-30,sample,NEM,Materials,0.15,0.13485084509616252
2020-11-30,sample,GOOGL,Communication Services,0.06840351388880953,0.05968954225595589
2020-11-30,sample,META,Communication Services,0.0,0.002816337345603344
2020-11-30,ewma,AAPL,Information Technology,2.1833923156798204e-18,0.0
2020-11-30,ewma,MSFT,Information Technology,0.0,1.1619748389181239e-18
2020-11-30,ewma,JPM,Financials,0.0,0.06364562087964944
2020-11-30,ewma,BAC,Financials,0.0,0.05702470978886348
2020-11-30,ewma,JNJ,Health Care,0.15,0.15243722211082217
2020-11-30,ewma,UNH,Health Care,0.00207661541164952,0.0
2020-11-30,ewma,AMZN,Consumer Discretionary,0.0034884649772740396,0.0
2020-11-30,ewma,HD,Consumer Discretionary,0.08570091141963766,0.14922001944694463
2020-11-30,ewma,PG,Consumer Staples,0.14999999999999997,0.14531662945152665
2020-11-30,ewma,KO,Consumer Staples,0.1,0.0013101596324119622
2020-11-30,ewma,CAT,Industrials,1.03894254363315e-17,0.0
2020-11-30,ewma,UNP,Industrials,0.02462125433504528,0.02472149304004661
2020-11-30,ewma,XOM,Energy,0.0,0.0
2020-11-30,ewma,CVX,Energy,0.0,0.0
2020-11-30,ewma,NEE,Utilities,0.06153578423786207,0.09659025080115556
2020-11-30,ewma,DUK,Utilities,0.09603535182649986,0.14576661434575972
2020-11-30,ewma,AMT,Real Estate,0.15,0.14443277002788973
2020-11-30,ewma,PLD,Real Estate,0.09999999999999999,0.01179505519041112
2020-11-30,ewma,APD,Materials,0.07654161779203167,9.264847508177345e-18
2020-11-30,ewma,NEM,Materials,2.5409698198441223e-17,0.007739455284518577
2020-11-30,ewma,GOOGL,Communication Services,5.425446220447001e-18,0.0
2020-11-30,ewma,META,Communication Services,2.949797206236373e-18,0.0
2020-11-30,ledoit_wolf,AAPL,Information Technology,0.0,9.63243598660619e-18
2020-11-30,ledoit_wolf,MSFT,Information Technology,0.0,9.730549885248422e-18
2020-11-30,ledoit_wolf,JPM,Financials,3.755224358905767e-17,1.6037497016844148e-18
2020-11-30,ledoit_wolf,BAC,Financials,0.0,0.0
2020-11-30,ledoit_wolf,JNJ,Health Care,0.15,0.15303788672746826
2020-11-30,ledoit_wolf,UNH,Health Care,0.0,0.0
2020-11-30,ledoit_wolf,AMZN,Consumer Discretionary,0.15,0.15028638620344267
2020-11-30,ledoit_wolf,HD,Consumer Discretionary,0.0,4.2717995797754805e-18
2020-11-30,ledoit_wolf,PG,Consumer Staples,0.14861087610847806,0.1444783169082529
2020-11-30,ledoit_wolf,KO,Consumer Staples,0.10138912389152198,0.10540805600069317
2020-11-30,ledoit_wolf,CAT,Industrials,0.007356253089407169,1.9421777342569464e-18
2020-11-30,ledoit_wolf,UNP,Industrials,0.08419734273275416,0.09019988391878168
2020-11-30,ledoit_wolf,XOM,Energy,0.02678959433798152,0.030929407022061543
2020-11-30,ledoit_wolf,CVX,Energy,3.0269204725559556e-18,0.0
2020-11-30,ledoit_wolf,NEE,Utilities,0.031223718124377527,0.0345173413626568
2020-11-30,ledoit_wolf,DUK,Utilities,0.08312744415483314,0.09318495944984968
2020-11-30,ledoit_wolf,AMT,Real Estate,8.388374012376424e-18,1.1289524679060282e-19
2020-11-30,ledoit_wolf,PLD,Real Estate,0.0,0.0
2020-11-30,ledoit_wolf,APD,Materials,4.096996562089929e-18,9.760700768606878e-19
2020-11-30,ledoit_wolf,NEM,Materials,0.15,0.13481589180045284
2020-11-30,ledoit_wolf,GOOGL,Communication Services,0.06456209316747953,0.05557640544412134
2020-11-30,ledoit_wolf,META,Communication Services,0.0027435543931669188,0.007565465162219166
2020-11-30,equal_weight,AAPL,Information Technology,0.045454545454545456,0.046123005531668156
2020-11-30,equal_weight,MSFT,Information Technology,0.045454545454545456,0.044631186612941055
2020-11-30,equal_weight,JPM,Financials,0.045454545454545456,0.05062261643801877
2020-11-30,equal_weight,BAC,Financials,0.045454545454545456,0.050025581017840076
2020-11-30,equal_weight,JNJ,Health Care,0.045454545454545456,0.04473573877671036
2020-11-30,equal_weight,UNH,Health Care,0.045454545454545456,0.046407393676590615
2020-11-30,equal_weight,AMZN,Consumer Discretionary,0.045454545454545456,0.04393142547025444
2020-11-30,equal_weight,HD,Consumer Discretionary,0.045454545454545456,0.04379158658100628
2020-11-30,equal_weight,PG,Consumer Staples,0.045454545454545456,0.04264605904671615
2020-11-30,equal_weight,KO,Consumer Staples,0.045454545454545456,0.04555811806465076
2020-11-30,equal_weight,CAT,Industrials,0.045454545454545456,0.0465365989357048
2020-11-30,equal_weight,UNP,Industrials,0.045454545454545456,0.04871993624617353
2020-11-30,equal_weight,XOM,Energy,0.045454545454545456,0.050401597105520744
2020-11-30,equal_weight,CVX,Energy,0.045454545454545456,0.05358999980606454
2020-11-30,equal_weight,NEE,Utilities,0.045454545454545456,0.0425194991917003
2020-11-30,equal_weight,DUK,Utilities,0.045454545454545456,0.04277811607585335
2020-11-30,equal_weight,AMT,Real Estate,0.045454545454545456,0.04238667289585592
2020-11-30,equal_weight,PLD,Real Estate,0.045454545454545456,0.042463267216073505
2020-11-30,equal_weight,APD,Materials,0.045454545454545456,0.042696904918533514
2020-11-30,equal_weight,NEM,Materials,0.045454545454545456,0.03940912049625032
2020-11-30,equal_weight,GOOGL,Communication Services,0.045454545454545456,0.04570521396211251
2020-11-30,equal_weight,META,Communication Services,0.045454545454545456,0.044320361933760676
2020-12-31,sample,AAPL,Information Technology,0.0,8.895305394036036e-18
2020-12-31,sample,MSFT,Information Technology,1.5687880466377311e-19,6.8305846421806445e-18
2020-12-31,sample,JPM,Financials,3.213546914409813e-18,0.0
2020-12-31,sample,BAC,Financials,2.261773340300075e-18,1.1534832399421303e-18
2020-12-31,sample,JNJ,Health Care,0.15,0.15823294260891946
2020-12-31,sample,UNH,Health Care,2.1458434695978224e-18,1.8887655758575116e-18
2020-12-31,sample,AMZN,Consumer Discretionary,0.15,0.1495455793003243
2020-12-31,sample,HD,Consumer Discretionary,0.0,0.0
2020-12-31,sample,PG,Consumer Staples,0.15,0.14574691283225347
2020-12-31,sample,KO,Consumer Staples,0.09999999999999999,0.10306525962018274
2020-12-31,sample,CAT,Industrials,0.014780566141453866,0.0012927559503433579
2020-12-31,sample,UNP,Industrials,0.0990331574453929,0.09092520524872587
2020-12-31,sample,XOM,Energy,0.014420670428679215,0.02418328375433576
2020-12-31,sample,CVX,Energy,3.751871217988914e-18,4.706606263749249e-19
2020-12-31,sample,NEE,Utilities,0.011004617228271011,0.01897831256571464
2020-12-31,sample,DUK,Utilities,0.08474196393763378,0.09265669711371066
2020-12-31,sample,AMT,Real Estate,3.463648235333138e-18,0.0
2020-12-31,sample,PLD,Real Estate,9.451833435871638e-18,2.07221225978627e-17
2020-12-31,sample,APD,Materials,3.937893612507463e-18,1.3974514638476703e-18
2020-12-31,sample,NEM,Materials,0.15,0.1491045722203934
2020-12-31,sample,GOOGL,Communication Services,0.06598287985560064,0.06626847878509604
2020-12-31,sample,META,Communication Services,0.010036144962968452,0.0
2020-12-31,ewma,AAPL,Information Technology,1.441760922905092e-18,2.399507165736724e-18
2020-12-31,ewma,MSFT,Information Technology,0.10050972105411742,0.0
2020-12-31,ewma,JPM,Financials,0.04431672124592386,0.0
2020-12-31,ewma,BAC,Financials,0.007137116007644559,0.0
2020-12-31,ewma,JNJ,Health Care,0.15,0.1608844171181662
2020-12-31,ewma,UNH,Health Care,0.0,0.0021425442465232546
2020-12-31,ewma,AMZN,Consumer Discretionary,0.09999999999999998,0.0035361751215456944
2020-12-31,ewma,HD,Consumer Discretionary,0.15,0.08135182393121639
2020-12-31,ewma,PG,Consumer Staples,0.15,0.14818916169525567
2020-12-31,ewma,KO,Consumer Staples,0.09999999999999999,0.10479230143692521
2020-12-31,ewma,CAT,Industrials,0.07051896347103583,1.0741565628457479e-17
2020-12-31,ewma,UNP,Industrials,1.2952255617508903e-17,0.024769294131426894
2020-12-31,ewma,XOM,Energy,2.103620884904509e-18,0.0
2020-12-31,ewma,CVX,Energy,1.0052648235361002e-17,0.0
2020-12-31,ewma,NEE,Utilities,0.037547192647642245,0.06361016442105816
2020-12-31,ewma,DUK,Utilities,0.08997028557363616,0.09356775122210091
2020-12-31,ewma,AMT,Real Estate,1.4201015106766805e-17,0.1443936034761368
2020-12-31,ewma,PLD,Real Estate,2.459678023425284e-18,0.09879055537627104
2020-12-31,ewma,APD,Materials,1.7072464713124593e-17,0.07397220782337362
2020-12-31,ewma,NEM,Materials,1.6234053891393334e-17,2.5681257511200445e-17
2020-12-31,ewma,GOOGL,Communication Services,1.6737469176238263e-17,5.344180635494855e-18
2020-12-31,ewma,META,Communication Services,0.0,2.868521547619585e-18
2020-12-31,ledoit_wolf,AAPL,Information Technology,3.373384421534941e-18,0.0
2020-12-31,ledoit_wolf,MSFT,Information Technology,5.8470576925530385e-18,0.0
2020-12-31,ledoit_wolf,JPM,Financials,0.0,3.9207850576575846e-17
2020-12-31,ledoit_wolf,BAC,Financials,0.0,0.0
2020-12-31,ledoit_wolf,JNJ,Health Care,0.15,0.1580398263414786
2020-12-31,ledoit_wolf,UNH,Health Care,0.0,0.0
2020-12-31,ledoit_wolf,AMZN,Consumer Discretionary,0.15,0.14936306557334297
2020-12-31,ledoit_wolf,HD,Consumer Discretionary,1.50094077822847e-17,0.0
2020-12-31,ledoit_wolf,PG,Consumer Staples,0.15,0.14422094571088404
2020-12-31,ledoit_wolf,KO,Consumer Staples,0.09999999999999999,0.1043694298697113
2020-12-31,ledoit_wolf,CAT,Industrials,0.019095541656260213,0.007471112578856055
2020-12-31,ledoit_wolf,UNP,Industrials,0.09033480525471309,0.08320595387951125
2020-12-31,ledoit_wolf,XOM,Energy,0.019963743182062874,0.028050558345947486
2020-12-31,ledoit_wolf,CVX,Energy,6.090821195235489e-18,2.8399969061469584e-18
2020-12-31,ledoit_wolf,NEE,Utilities,0.023670953904679486,0.031705598697359706
2020-12-31,ledoit_wolf,DUK,Utilities,0.07190605471747226,0.07955950096861268
2020-12-31,ledoit_wolf,AMT,Real Estate,2.1790797842317284e-17,7.93207924220403e-18
2020-12-31,ledoit_wolf,PLD,Real Estate,2.4128153730552707e-18,0.0
2020-12-31,ledoit_wolf,APD,Materials,4.2872351240400755e-18,3.889458175630788e-18
2020-12-31,ledoit_wolf,NEM,Materials,0.15,0.14892259672293473
2020-12-31,ledoit_wolf,GOOGL,Communication Services,0.059592054097564594,0.062470622090726166
2020-12-31,ledoit_wolf,META,Communication Services,0.01543684718724732,0.0026207892206352376
2020-12-31,equal_weight,AAPL,Information Technology,0.045454545454545456,0.049256446758940954
2020-12-31,equal_weight,MSFT,Information Technology,0.045454545454545456,0.04591689346678254
2020-12-31,equal_weight,JPM,Financials,0.045454545454545456,0.04763842433790603
2020-12-31,equal_weight,BAC,Financials,0.045454545454545456,0.047863684309623664
2020-12-31,equal_weight,JNJ,Health Care,0.045454545454545456,0.048072369406973604
2020-12-31,equal_weight,UNH,Health Care,0.045454545454545456,0.046243056600907315
2020-12-31,equal_weight,AMZN,Consumer Discretionary,0.045454545454545456,0.04543308247179
2020-12-31,equal_weight,HD,Consumer Discretionary,0.045454545454545456,0.04254560069007314
2020-12-31,equal_weight,PG,Consumer Staples,0.045454545454545456,0.044279018756004145
2020-12-31,equal_weight,KO,Consumer Staples,0.045454545454545456,0.04696801265080985
2020-12-31,equal_weight,CAT,Industrials,0.045454545454545456,0.04633923518747256
2020-12-31,equal_weight,UNP,Industrials,0.045454545454545456,0.045089587471801744
2020-12-31,equal_weight,XOM,Energy,0.045454545454545456,0.04777444126080869
2020-12-31,equal_weight,CVX,Energy,0.045454545454545456,0.042809198795410265
2020-12-31,equal_weight,NEE,Utilities,0.045454545454545456,0.04633099042766381
2020-12-31,equal_weight,DUK,Utilities,0.045454545454545456,0.04366845895665163
2020-12-31,equal_weight,AMT,Real Estate,0.045454545454545456,0.043144903469492984
2020-12-31,equal_weight,PLD,Real Estate,0.045454545454545456,0.04427802415892219
2020-12-31,equal_weight,APD,Materials,0.045454545454545456,0.043315541679774174
2020-12-31,equal_weight,NEM,Materials,0.045454545454545456,0.04529910117239696
2020-12-31,equal_weight,GOOGL,Communication Services,0.045454545454545456,0.04414875613482814
2020-12-31,equal_weight,META,Communication Services,0.045454545454545456,0.04358517183496532
2021-01-29,sample,AAPL,Information Technology,0.0,0.0
2021-01-29,sample,MSFT,Information Technology,0.0,1.6684008014157993e-19
2021-01-29,sample,JPM,Financials,0.0,3.3421980793499697e-18
2021-01-29,sample,BAC,Financials,0.0,2.2562369515700013e-18
2021-01-29,sample,JNJ,Health Care,0.15,0.15855223599283805
2021-01-29,sample,UNH,Health Care,0.0,2.0815359895018705e-18
2021-01-29,sample,AMZN,Consumer Discretionary,0.15,0.15058104588500834
2021-01-29,sample,HD,Consumer Discretionary,0.0,0.0
2021-01-29,sample,PG,Consumer Staples,0.15,0.141797907302183
2021-01-29,sample,KO,Consumer Staples,0.1,0.08953559276811436
2021-01-29,sample,CAT,Industrials,0.03360832460950159,0.015221051314175412
2021-01-29,sample,UNP,Industrials,0.10149286999662617,0.09577589381208183
2021-01-29,sample,XOM,Energy,0.0036063661627518083,0.01599704813752088
2021-01-29,sample,CVX,Energy,0.0,3.859977565475457e-18
2021-01-29,sample,NEE,Utilities,0.0,0.011763143644714114
2021-01-29,sample,DUK,Utilities,0.08968967436725649,0.08871918293765979
2021-01-29,sample,AMT,Real Estate,3.4429581855199506e-19,3.577714729341569e-18
2021-01-29,sample,PLD,Real Estate,0.0,9.980944322670821e-18
2021-01-29,sample,APD,Materials,0.0,3.920749693917076e-18
2021-01-29,sample,NEM,Materials,0.15,0.15222294980475315
2021-01-29,sample,GOOGL,Communication Services,0.05497662869963939,0.0701551490704171
2021-01-29,sample,META,Communication Services,0.016626136164224602,0.009678799330533693
2021-01-29,ewma,AAPL,Information Technology,0.020414746428238817,1.4429918789426113e-18
2021-01-29,ewma,MSFT,Information Technology,0.07358191537311087,0.10549059829100521
2021-01-29,ewma,JPM,Financials,0.04692906925925646,0.04548673159221339
2021-01-29,ewma,BAC,Financials,0.0,0.00702632044246041
2021-01-29,ewma,JNJ,Health Care,0.06840173031061673,0.1564739120452896
2021-01-29,ewma,UNH,Health Care,0.08697028038543307,0.0
2021-01-29,ewma,AMZN,Consumer Discretionary,0.0,0.09907147291009223
2021-01-29,ewma,HD,Consumer Discretionary,0.10249621257261479,0.1539138486255532
2021-01-29,ewma,PG,Consumer Staples,0.0,0.13993920133936277
2021-01-29,ewma,KO,Consumer Staples,0.11128636144994213,0.08836194822477075
2021-01-29,ewma,CAT,Industrials,0.06608691599135953,0.07166862470213957
2021-01-29,ewma,UNP,Industrials,1.1926223897340549e-18,1.2362051947075159e-17
2021-01-29,ewma,XOM,Energy,0.06002516609956808,2.3029867723541944e-18
2021-01-29,ewma,CVX,Energy,0.0,1.0206736734612134e-17
2021-01-29,ewma,NEE,Utilities,1.982732075954906e-17,0.039609147906954655
2021-01-29,ewma,DUK,Utilities,0.15,0.09295819392015828
2021-01-29,ewma,AMT,Real Estate,0.15,1.4476410472186283e-17
2021-01-29,ewma,PLD,Real Estate,0.0,2.5633234088340906e-18
2021-01-29,ewma,APD,Materials,1.3227266504323154e-17,1.67753245671757e-17
2021-01-29,ewma,NEM,Materials,0.06380760212985949,1.6258685387195884e-17
2021-01-29,ewma,GOOGL,Communication Services,0.0,1.756255288130735e-17
2021-01-29,ewma,META,Communication Services,4.733897735614834e-17,0.0
2021-01-29,ledoit_wolf,AAPL,Information Technology,0.0,3.418733416679309e-18
2021-01-29,ledoit_wolf,MSFT,Information Technology,0.0,6.214008346219616e-18
2021-01-29,ledoit_wolf,JPM,Financials,2.429661841179568e-18,0.0
2021-01-29,ledoit_wolf,BAC,Financials,0.0,0.0
2021-01-29,ledoit_wolf,JNJ,Health Care,0.15,0.15844214237119514
2021-01-29,ledoit_wolf,UNH,Health Care,2.531833942690706e-19,0.0
2021-01-29,ledoit_wolf,AMZN,Consumer Discretionary,0.15,0.15047648720383644
2021-01-29,ledoit_wolf,HD,Consumer Discretionary,3.1944096588389025e-18,1.559476235944564e-17
2021-01-29,ledoit_wolf,PG,Consumer Staples,0.15,0.14169944735263698
2021-01-29,ledoit_wolf,KO,Consumer Staples,0.10000000000000003,0.08947342210484956
2021-01-29,ledoit_wolf,CAT,Industrials,0.03694996732354013,0.01965096570805672
2021-01-29,ledoit_wolf,UNP,Industrials,0.09317732822782683,0.08730297344022124
2021-01-29,ledoit_wolf,XOM,Energy,0.00914640753331342,0.02213067750142307
2021-01-29,ledoit_wolf,CVX,Energy,0.0,6.261970869487586e-18
2021-01-29,ledoit_wolf,NEE,Utilities,0.0,0.025284976478159926
2021-01-29,ledoit_wolf,DUK,Utilities,0.08601029072438243,0.07522856967454555
2021-01-29,ledoit_wolf,AMT,Real Estate,9.588207436435733e-18,2.249279352204805e-17
2021-01-29,ledoit_wolf,PLD,Real Estate,4.761030358154932e-20,2.546114906369571e-18
2021-01-29,ledoit_wolf,APD,Materials,9.186006620445003e-19,4.2656063614304604e-18
2021-01-29,ledoit_wolf,NEM,Materials,0.15,0.15211725103780588
2021-01-29,ledoit_wolf,GOOGL,Communication Services,0.05376380513656304,0.0633162194528142
2021-01-29,ledoit_wolf,META,Communication Services,0.020952201054374075,0.014876867674455334
2021-01-29,equal_weight,AAPL,Information Technology,0.045454545454545456,0.04526543979259386
2021-01-29,equal_weight,MSFT,Information Technology,0.045454545454545456,0.04746809418955039
2021-01-29,equal_weight,JPM,Financials,0.045454545454545456,0.04642086384778031
2021-01-29,equal_weight,BAC,Financials,0.045454545454545456,0.0445247309829307
2021-01-29,equal_weight,JNJ,Health Care,0.045454545454545456,0.04717878901800622
2021-01-29,equal_weight,UNH,Health Care,0.045454545454545456,0.04329637760816289
2021-01-29,equal_weight,AMZN,Consumer Discretionary,0.045454545454545456,0.04480688240965854
2021-01-29,equal_weight,HD,Consumer Discretionary,0.045454545454545456,0.046406898736912575
2021-01-29,equal_weight,PG,Consumer Staples,0.045454545454545456,0.04219337248644473
2021-01-29,equal_weight,KO,Consumer Staples,0.045454545454545456,0.039963304342801584
2021-01-29,equal_weight,CAT,Industrials,0.045454545454545456,0.04596415263046591
2021-01-29,equal_weight,UNP,Industrials,0.045454545454545456,0.0431659462020991
2021-01-29,equal_weight,XOM,Energy,0.045454545454545456,0.04951309533902463
2021-01-29,equal_weight,CVX,Energy,0.045454545454545456,0.045920069303901676
2021-01-29,equal_weight,NEE,Utilities,0.045454545454545456,0.04771051851602636
2021-01-29,equal_weight,DUK,Utilities,0.045454545454545456,0.046728806189639864
2021-01-29,equal_weight,AMT,Real Estate,0.045454545454545456,0.04610389389933534
2021-01-29,equal_weight,PLD,Real Estate,0.045454545454545456,0.04713258402879633
2021-01-29,equal_weight,APD,Materials,0.045454545454545456,0.04443966900244682
2021-01-29,equal_weight,NEM,Materials,0.045454545454545456,0.045295447191683914
2021-01-29,equal_weight,GOOGL,Communication Services,0.045454545454545456,0.04745630957244934
2021-01-29,equal_weight,META,Communication Services,0.045454545454545456,0.043044754709288965
2021-02-26,sample,AAPL,Information Technology,0.0,0.0
2021-02-26,sample,MSFT,Information Technology,0.0,0.0
2021-02-26,sample,JPM,Financials,0.0,0.0
2021-02-26,sample,BAC,Financials,3.205210424086016e-18,0.0
2021-02-26,sample,JNJ,Health Care,0.15,0.148870536853413
2021-02-26,sample,UNH,Health Care,0.0,0.0
2021-02-26,sample,AMZN,Consumer Discretionary,0.15,0.14692733418026988
2021-02-26,sample,HD,Consumer Discretionary,0.0,0.0
2021-02-26,sample,PG,Consumer Staples,0.15,0.1467484570366968
2021-02-26,sample,KO,Consumer Staples,0.10000000000000002,0.10331014462558319
2021-02-26,sample,CAT,Industrials,0.04828366442033933,0.04029208859365372
2021-02-26,sample,UNP,Industrials,0.08789002062306994,0.10798139986612318
2021-02-26,sample,XOM,Energy,0.0,0.004515531635479019
2021-02-26,sample,CVX,Energy,0.0,0.0
2021-02-26,sample,NEE,Utilities,0.0,0.0
2021-02-26,sample,DUK,Utilities,0.08918322172927182,0.08378480315919742
2021-02-26,sample,AMT,Real Estate,0.0,3.323262677083192e-19
2021-02-26,sample,PLD,Real Estate,0.0,0.0
2021-02-26,sample,APD,Materials,0.0,0.0
2021-02-26,sample,NEM,Materials,0.15,0.13896838881506793
2021-02-26,sample,GOOGL,Communication Services,0.04878621030399344,0.06176573810528854
2021-02-26,sample,META,Communication Services,0.025856882923325438,0.016835577129227723
2021-02-26,ewma,AAPL,Information Technology,0.044532939952739825,0.01875589598922807
2021-02-26,ewma,MSFT,Information Technology,0.15,0.07376084990614973
2021-02-26,ewma,JPM,Financials,0.0,0.0535863520601848
2021-02-26,ewma,BAC,Financials,2.5868386209146332e-18,0.0
2021-02-26,ewma,JNJ,Health Care,0.10000000000000003,0.06674563478181075
2021-02-26,ewma,UNH,Health Care,0.15,0.08647027448028083
2021-02-26,ewma,AMZN,Consumer Discretionary,0.0,0.0
2021-02-26,ewma,HD,Consumer Discretionary,0.11492785421750995,0.09760876631344305
2021-02-26,ewma,PG,Consumer Staples,0.05861230875268049,0.0
2021-02-26,ewma,KO,Consumer Staples,0.04901283470702608,0.11303767003725751
2021-02-26,ewma,CAT,Industrials,0.1430735811836336,0.0778980680640546
2021-02-26,ewma,UNP,Industrials,0.03294136986265801,1.2475405260915833e-18
2021-02-26,ewma,XOM,Energy,5.164359879409469e-18,0.07389426344764702
2021-02-26,ewma,CVX,Energy,4.7789598884087625e-18,0.0
2021-02-26,ewma,NEE,Utilities,0.0,1.807958909922667e-17
2021-02-26,ewma,DUK,Utilities,0.15,0.13776926767850609
2021-02-26,ewma,AMT,Real Estate,0.006899111323752177,0.14235163684717408
2021-02-26,ewma,PLD,Real Estate,4.7535488999911335e-18,0.0
2021-02-26,ewma,APD,Materials,5.440492620214371e-18,1.2653606187088966e-17
2021-02-26,ewma,NEM,Materials,0.0,0.058121320394263265
2021-02-26,ewma,GOOGL,Communication Services,0.0,0.0
2021-02-26,ewma,META,Communication Services,0.0,4.712960848438345e-17
2021-02-26,ledoit_wolf,AAPL,Information Technology,1.3570829363464006e-17,0.0
2021-02-26,ledoit_wolf,MSFT,Information Technology,2.9873499278273782e-18,0.0
2021-02-26,ledoit_wolf,JPM,Financials,8.355382533303471e-18,2.817035339453482e-18
2021-02-26,ledoit_wolf,BAC,Financials,3.216220001210079e-18,0.0
2021-02-26,ledoit_wolf,JNJ,Health Care,0.14999999999999997,0.14862136613950178
2021-02-26,ledoit_wolf,UNH,Health Care,0.0,2.5560267544819577e-19
2021-02-26,ledoit_wolf,AMZN,Consumer Discretionary,0.15,0.1466814158842486
2021-02-26,ledoit_wolf,HD,Consumer Discretionary,0.0,3.0889140673117264e-18
2021-02-26,ledoit_wolf,PG,Consumer Staples,0.14999999999999997,0.14650283813467588
2021-02-26,ledoit_wolf,KO,Consumer Staples,0.09999999999999999,0.103137230205882
2021-02-26,ledoit_wolf,CAT,Industrials,0.04923048194721512,0.0442241475331107
2021-02-26,ledoit_wolf,UNP,Industrials,0.08372128305540959,0.09896831304764475
2021-02-26,ledoit_wolf,XOM,Energy,0.003553081948187267,0.011433050253832353
2021-02-26,ledoit_wolf,CVX,Energy,3.1419738514392286e-19,0.0
2021-02-26,ledoit_wolf,NEE,Utilities,0.0,0.0
2021-02-26,ledoit_wolf,DUK,Utilities,0.08555529772557681,0.08021317678792685
2021-02-26,ledoit_wolf,AMT,Real Estate,0.0,9.239380177481375e-18
2021-02-26,ledoit_wolf,PLD,Real Estate,1.359444347345828e-17,4.6330600021367555e-20
2021-02-26,ledoit_wolf,APD,Materials,0.0,8.92288250592186e-19
2021-02-26,ledoit_wolf,NEM,Materials,0.15,0.1387357917318301
2021-02-26,ledoit_wolf,GOOGL,Communication Services,0.049269454278442974,0.0603020427437845
2021-02-26,ledoit_wolf,META,Communication Services,0.028670401045168166,0.021180627537562207
2021-02-26,equal_weight,AAPL,Information Technology,0.045454545454545456,0.040934398408796036
2021-02-26,equal_weight,MSFT,Information Technology,0.045454545454545456,0.04466315620759983
2021-02-26,equal_weight,JPM,Financials,0.045454545454545456,0.050875283050477144
2021-02-26,equal_weight,BAC,Financials,0.045454545454545456,0.052070844227512174
2021-02-26,equal_weight,JNJ,Health Care,0.045454545454545456,0.04347607870143239
2021-02-26,equal_weight,UNH,Health Care,0.045454545454545456,0.044298656367236504
2021-02-26,equal_weight,AMZN,Consumer Discretionary,0.045454545454545456,0.0429085867440843
2021-02-26,equal_weight,HD,Consumer Discretionary,0.045454545454545456,0.04243025017357391
2021-02-26,equal_weight,PG,Consumer Staples,0.045454545454545456,0.042856347550646524
2021-02-26,equal_weight,KO,Consumer Staples,0.045454545454545456,0.045255966089725735
2021-02-26,equal_weight,CAT,Industrials,0.045454545454545456,0.05251771085364129
2021-02-26,equal_weight,UNP,Industrials,0.045454545454545456,0.04660647859467483
2021-02-26,equal_weight,XOM,Energy,0.045454545454545456,0.05484940749291454
2021-02-26,equal_weight,CVX,Energy,0.045454545454545456,0.05294453158558756
2021-02-26,equal_weight,NEE,Utilities,0.045454545454545456,0.04062740746252757
2021-02-26,equal_weight,DUK,Utilities,0.045454545454545456,0.04092188939715275
2021-02-26,equal_weight,AMT,Real Estate,0.045454545454545456,0.042282999951465484
2021-02-26,equal_weight,PLD,Real Estate,0.045454545454545456,0.042699948405796766
2021-02-26,equal_weight,APD,Materials,0.045454545454545456,0.04262248793689952
2021-02-26,equal_weight,NEM,Materials,0.045454545454545456,0.04058426023602153
2021-02-26,equal_weight,GOOGL,Communication Services,0.045454545454545456,0.04921555671422442
2021-02-26,equal_weight,META,Communication Services,0.045454545454545456,0.044357753848008906
2021-03-31,sample,AAPL,Information Technology,0.0,0.0
2021-03-31,sample,MSFT,Information Technology,0.0,0.0
2021-03-31,sample,JPM,Financials,0.0,0.0
2021-03-31,sample,BAC,Financials,1.6554237470579325e-18,3.3484884102056077e-18
2021-03-31,sample,JNJ,Health Care,0.15,0.1450900211925428
2021-03-31,sample,UNH,Health Care,0.0,0.0
2021-03-31,sample,AMZN,Consumer Discretionary,0.15,0.13994229353154025
2021-03-31,sample,HD,Consumer Discretionary,0.0,0.0
2021-03-31,sample,PG,Consumer Staples,0.15,0.15336632359381677
2021-03-31,sample,KO,Consumer Staples,0.10000000000000002,0.10117699336283616
2021-03-31,sample,CAT,Industrials,0.054951322994357656,0.048364729288760545
2021-03-31,sample,UNP,Industrials,0.08002424436052628,0.08771710891718872
2021-03-31,sample,XOM,Energy,2.5895593696818077e-17,0.0
2021-03-31,sample,CVX,Energy,0.0,0.0
2021-03-31,sample,NEE,Utilities,0.0,0.0
2021-03-31,sample,DUK,Utilities,0.08783904979509026,0.09380345402295172
2021-03-31,sample,AMT,Real Estate,0.0,0.0
2021-03-31,sample,PLD,Real Estate,0.0,0.0
2021-03-31,sample,APD,Materials,0.0,0.0
2021-03-31,sample,NEM,Materials,0.15,0.15655804806525628
2021-03-31,sample,GOOGL,Communication Services,0.053234049170561216,0.04641193679666872
2021-03-31,sample,META,Communication Services,0.023951333679464563,0.02756909122843821
2021-03-31,ewma,AAPL,Information Technology,1.1843671511342512e-18,0.041187461654719565
2021-03-31,ewma,MSFT,Information Technology,0.035062344317609906,0.13972971873056966
2021-03-31,ewma,JPM,Financials,0.15,0.0
2021-03-31,ewma,BAC,Financials,0.06019356442184323,2.660559456178636e-18
2021-03-31,ewma,JNJ,Health Care,0.10325768461056664,0.09522646525562782
2021-03-31,ewma,UNH,Health Care,0.14674231538943336,0.15478827002616186
2021-03-31,ewma,AMZN,Consumer Discretionary,0.15,0.0
2021-03-31,ewma,HD,Consumer Discretionary,0.05551114538298111,0.12546133240423563
2021-03-31,ewma,PG,Consumer Staples,0.0,0.05899822631589529
2021-03-31,ewma,KO,Consumer Staples,0.06397036169616636,0.04882058391089696
2021-03-31,ewma,CAT,Industrials,0.019969751965929962,0.14109101737001378
2021-03-31,ewma,UNP,Industrials,4.117965849994078e-18,0.03236665189524978
2021-03-31,ewma,XOM,Energy,0.0,4.8689183487370845e-18
2021-03-31,ewma,CVX,Energy,9.161906352001778e-18,4.597914068184665e-18
2021-03-31,ewma,NEE,Utilities,0.0,0.0
2021-03-31,ewma,DUK,Utilities,0.15,0.1553239087101155
2021-03-31,ewma,AMT,Real Estate,0.0,0.007006363726514039
2021-03-31,ewma,PLD,Real Estate,0.0,4.698695506888528e-18
2021-03-31,ewma,APD,Materials,1.3241153289818306e-17,5.527054913321104e-18
2021-03-31,ewma,NEM,Materials,3.196528345040352e-17,0.0
2021-03-31,ewma,GOOGL,Communication Services,0.06529283221546951,0.0
2021-03-31,ewma,META,Communication Services,0.0,0.0
2021-03-31,ledoit_wolf,AAPL,Information Technology,7.285643527966042e-18,1.2751189758019674e-17
2021-03-31,ledoit_wolf,MSFT,Information Technology,8.389211834931326e-18,2.827120251536209e-18
2021-03-31,ledoit_wolf,JPM,Financials,0.0,8.061494157515251e-18
2021-03-31,ledoit_wolf,BAC,Financials,4.329960212697027e-18,3.3605475073597085e-18
2021-03-31,ledoit_wolf,JNJ,Health Care,0.14999999999999997,0.14511408955950655
2021-03-31,ledoit_wolf,UNH,Health Care,1.70711707037304e-17,0.0
2021-03-31,ledoit_wolf,AMZN,Consumer Discretionary,0.14999999999999997,0.13996550796384094
2021-03-31,ledoit_wolf,HD,Consumer Discretionary,2.574555444454898e-17,0.0
2021-03-31,ledoit_wolf,PG,Consumer Staples,0.14999999999999997,0.15339176488141057
2021-03-31,ledoit_wolf,KO,Consumer Staples,0.09999999999999998,0.10119377718424942
2021-03-31,ledoit_wolf,CAT,Industrials,0.054792572597781364,0.0493213168021298
2021-03-31,ledoit_wolf,UNP,Industrials,0.07709651479929425,0.08357043362053182
2021-03-31,ledoit_wolf,XOM,Energy,0.0033534193880168785,0.003403156141827618
2021-03-31,ledoit_wolf,CVX,Energy,4.180660344253762e-18,3.0710768894573045e-19
2021-03-31,ledoit_wolf,NEE,Utilities,9.028458624853312e-18,0.0
2021-03-31,ledoit_wolf,DUK,Utilities,0.08447528405040822,0.09000250918912503
2021-03-31,ledoit_wolf,AMT,Real Estate,1.258397884863071e-17,0.0
2021-03-31,ledoit_wolf,PLD,Real Estate,4.350662572868703e-18,1.3651533144528785e-17
2021-03-31,ledoit_wolf,APD,Materials,2.0384161044898587e-17,0.0
2021-03-31,ledoit_wolf,NEM,Materials,0.15,0.15658401881445738
2021-03-31,ledoit_wolf,GOOGL,Communication Services,0.05263064595226052,0.04687943812696558
2021-03-31,ledoit_wolf,META,Communication Services,0.027651563212238914,0.030573987715955164
2021-03-31,equal_weight,AAPL,Information Technology,0.045454545454545456,0.04258345024613459
2021-03-31,equal_weight,MSFT,Information Technology,0.045454545454545456,0.04288986820624756
2021-03-31,equal_weight,JPM,Financials,0.045454545454545456,0.04372660235559964
2021-03-31,equal_weight,BAC,Financials,0.045454545454545456,0.04735445234473172
2021-03-31,equal_weight,JNJ,Health Care,0.045454545454545456,0.0438444725467033
2021-03-31,equal_weight,UNH,Health Care,0.045454545454545456,0.047512072317960764
2021-03-31,equal_weight,AMZN,Consumer Discretionary,0.045454545454545456,0.04228889069306765
2021-03-31,equal_weight,HD,Consumer Discretionary,0.045454545454545456,0.05026223347498663
2021-03-31,equal_weight,PG,Consumer Staples,0.045454545454545456,0.04634547234281831
2021-03-31,equal_weight,KO,Consumer Staples,0.045454545454545456,0.04586171955238696
2021-03-31,equal_weight,CAT,Industrials,0.045454545454545456,0.045404312402707855
2021-03-31,equal_weight,UNP,Industrials,0.045454545454545456,0.0452390324246922
2021-03-31,equal_weight,XOM,Energy,0.045454545454545456,0.04340834008435214
2021-03-31,equal_weight,CVX,Energy,0.045454545454545456,0.04429805427816762
2021-03-31,equal_weight,NEE,Utilities,0.045454545454545456,0.043498572137087715
2021-03-31,equal_weight,DUK,Utilities,0.045454545454545456,0.04767648596431784
2021-03-31,equal_weight,AMT,Real Estate,0.045454545454545456,0.04675808462117324
2021-03-31,equal_weight,PLD,Real Estate,0.045454545454545456,0.04551101507390373
2021-03-31,equal_weight,APD,Materials,0.045454545454545456,0.046774886234031005
2021-03-31,equal_weight,NEM,Materials,0.045454545454545456,0.04730997338027399
2021-03-31,equal_weight,GOOGL,Communication Services,0.045454545454545456,0.04312222619712524
2021-03-31,equal_weight,META,Communication Services,0.045454545454545456,0.04832978312153031
2021-04-30,sample,AAPL,Information Technology,0.0,0.0
2021-04-30,sample,MSFT,Information Technology,1.0539395541437558e-17,0.0
2021-04-30,sample,JPM,Financials,0.0,0.0
2021-04-30,sample,BAC,Financials,5.098352063655665e-18,1.6725698207776136e-18
2021-04-30,sample,JNJ,Health Care,0.15,0.14324721370338264
2021-04-30,sample,UNH,Health Care,2.1998855638554328e-17,0.0
2021-04-30,sample,AMZN,Consumer Discretionary,0.15,0.16212999060394853
2021-04-30,sample,HD,Consumer Discretionary,4.690452465585414e-18,0.0
2021-04-30,sample,PG,Consumer Staples,0.14999999999999997,0.14343801556034547
2021-04-30,sample,KO,Consumer Staples,0.09999999999999998,0.09877271810982793
2021-04-30,sample,CAT,Industrials,0.06103706542691031,0.052376169758445085
2021-04-30,sample,UNP,Industrials,0.07961817964049983,0.07777075847163474
2021-04-30,sample,XOM,Energy,4.205923763509045e-18,2.5606779683922515e-17
2021-04-30,sample,CVX,Energy,5.700430472721902e-18,0.0
2021-04-30,sample,NEE,Utilities,5.646589414129012e-19,0.0
2021-04-30,sample,DUK,Utilities,0.08929402372115147,0.088370819186589
2021-04-30,sample,AMT,Real Estate,2.9598960512547547e-18,0.0
2021-04-30,sample,PLD,Real Estate,1.1804451168710534e-18,0.0
2021-04-30,sample,APD,Materials,1.0280550228018407e-17,0.0
2021-04-30,sample,NEM,Materials,0.15,0.14981020875784312
2021-04-30,sample,GOOGL,Communication Services,0.04959875579339394,0.05858719689352417
2021-04-30,sample,META,Communication Services,0.02045197541804463,0.02549690895445956
2021-04-30,ewma,AAPL,Information Technology,0.0,1.2073762049775485e-18
2021-04-30,ewma,MSFT,Information Technology,0.009587104065862455,0.0355237714451656
2021-04-30,ewma,JPM,Financials,4.923794298012637e-18,0.14440496441248912
2021-04-30,ewma,BAC,Financials,0.08633794425068225,0.05972884394012948
2021-04-30,ewma,JNJ,Health Care,0.13180132916169954,0.09684479384427264
2021-04-30,ewma,UNH,Health Care,0.002941577535967057,0.14898477880916164
2021-04-30,ewma,AMZN,Consumer Discretionary,0.12338773013388779,0.15922905947872165
2021-04-30,ewma,HD,Consumer Discretionary,7.977277748618894e-18,0.055754918522834894
2021-04-30,ewma,PG,Consumer Staples,0.006003263273618664,0.0
2021-04-30,ewma,KO,Consumer Staples,0.15,0.062054714778431525
2021-04-30,ewma,CAT,Industrials,0.15,0.018693353800861397
2021-04-30,ewma,UNP,Industrials,1.21078773821695e-17,3.930397415918854e-18
2021-04-30,ewma,XOM,Energy,0.0,0.0
2021-04-30,ewma,CVX,Energy,0.0,8.536001479957986e-18
2021-04-30,ewma,NEE,Utilities,0.09999999999999999,0.0
2021-04-30,ewma,DUK,Utilities,0.15,0.1482079441761823
2021-04-30,ewma,AMT,Real Estate,1.9618467991315653e-17,0.0
2021-04-30,ewma,PLD,Real Estate,0.08994105157828221,0.0
2021-04-30,ewma,APD,Materials,8.121779566459374e-18,1.2860744002162985e-17
2021-04-30,ewma,NEM,Materials,7.63715053724521e-18,3.135361941278158e-17
2021-04-30,ewma,GOOGL,Communication Services,0.0,0.07057285679174993
2021-04-30,ewma,META,Communication Services,4.5826957845443666e-18,0.0
2021-04-30,ledoit_wolf,AAPL,Information Technology,3.1559564320527097e-18,7.560907382614135e-18
2021-04-30,ledoit_wolf,MSFT,Information Technology,3.4181717413287415e-18,8.652647647970914e-18
2021-04-30,ledoit_wolf,JPM,Financials,7.850495828710443e-20,0.0
2021-04-30,ledoit_wolf,BAC,Financials,0.0,4.373888366213839e-18
2021-04-30,ledoit_wolf,JNJ,Health Care,0.15,0.14321710697000434
2021-04-30,ledoit_wolf,UNH,Health Care,0.0,1.764410279247644e-17
2021-04-30,ledoit_wolf,AMZN,Consumer Discretionary,0.15,0.1620959152158587
2021-04-30,ledoit_wolf,HD,Consumer Discretionary,0.0,2.6324188205358844e-17
2021-04-30,ledoit_wolf,PG,Consumer Staples,0.15,0.14340786872551978
2021-04-30,ledoit_wolf,KO,Consumer Staples,0.09999999999999999,0.09875195872601664
2021-04-30,ledoit_wolf,CAT,Industrials,0.06018451380076166,0.05221388252462412
2021-04-30,ledoit_wolf,UNP,Industrials,0.07660061857297122,0.07490972655990195
2021-04-30,ledoit_wolf,XOM,Energy,0.004400167326878577,0.003315321704043774
2021-04-30,ledoit_wolf,CVX,Energy,0.0,3.965183216877775e-18
2021-04-30,ledoit_wolf,NEE,Utilities,3.3918615300415053e-18,8.92479068335221e-18
2021-04-30,ledoit_wolf,DUK,Utilities,0.08571605567601207,0.08496882758942689
2021-04-30,ledoit_wolf,AMT,Real Estate,0.0,1.2999036922458104e-17
2021-04-30,ledoit_wolf,PLD,Real Estate,0.0,4.612041359314411e-18
2021-04-30,ledoit_wolf,APD,Materials,1.8524792505997374e-18,2.0155002808727588e-17
2021-04-30,ledoit_wolf,NEM,Materials,0.15,0.1497787226584223
2021-04-30,ledoit_wolf,GOOGL,Communication Services,0.049593917120931766,0.05791094233137198
2021-04-30,ledoit_wolf,META,Communication Services,0.02350472750244482,0.029429726994809793
2021-04-30,equal_weight,AAPL,Information Technology,0.045454545454545456,0.04675661474493497
2021-04-30,equal_weight,MSFT,Information Technology,0.045454545454545456,0.04646917026934763
2021-04-30,equal_weight,JPM,Financials,0.045454545454545456,0.044154773960511325
2021-04-30,equal_weight,BAC,Financials,0.045454545454545456,0.04551146848483437
2021-04-30,equal_weight,JNJ,Health Care,0.045454545454545456,0.04301705726430497
2021-04-30,equal_weight,UNH,Health Care,0.045454545454545456,0.04656647182245255
2021-04-30,equal_weight,AMZN,Consumer Discretionary,0.045454545454545456,0.0486875444887385
2021-04-30,equal_weight,HD,Consumer Discretionary,0.045454545454545456,0.04606698592941029
2021-04-30,equal_weight,PG,Consumer Staples,0.045454545454545456,0.04307435495404644
2021-04-30,equal_weight,KO,Consumer Staples,0.045454545454545456,0.04449208708393732
2021-04-30,equal_weight,CAT,Industrials,0.045454545454545456,0.04293400040531916
2021-04-30,equal_weight,UNP,Industrials,0.045454545454545456,0.0437764485760018
2021-04-30,equal_weight,XOM,Energy,0.045454545454545456,0.044542528437480626
2021-04-30,equal_weight,CVX,Energy,0.045454545454545456,0.042732217914592606
2021-04-30,equal_weight,NEE,Utilities,0.045454545454545456,0.04453705408841093
2021-04-30,equal_weight,DUK,Utilities,0.045454545454545456,0.045317612873463226
2021-04-30,equal_weight,AMT,Real Estate,0.045454545454545456,0.046540415661800456
2021-04-30,equal_weight,PLD,Real Estate,0.045454545454545456,0.04776115839297841
2021-04-30,equal_weight,APD,Materials,0.045454545454545456,0.04454788411776627
2021-04-30,equal_weight,NEM,Materials,0.045454545454545456,0.044987920967578546
2021-04-30,equal_weight,GOOGL,Communication Services,0.045454545454545456,0.049574574079024665
2021-04-30,equal_weight,META,Communication Services,0.045454545454545456,0.04795165548306477
2021-05-28,sample,AAPL,Information Technology,2.3331702740132874e-17,0.0
2021-05-28,sample,MSFT,Information Technology,6.290801916404765e-18,1.0128846469448872e-17
2021-05-28,sample,JPM,Financials,3.74468421487285e-17,0.0
2021-05-28,sample,BAC,Financials,0.0,5.163996095189787e-18
2021-05-28,sample,JNJ,Health Care,0.15,0.15202775959385717
2021-05-28,sample,UNH,Health Care,1.9449186792761965e-17,2.20052973260677e-17
2021-05-28,sample,AMZN,Consumer Discretionary,0.15,0.13502803862465373
2021-05-28,sample,HD,Consumer Discretionary,1.486999137771233e-17,4.4755851608002e-18
2021-05-28,sample,PG,Consumer Staples,0.14999999999999997,0.14682183245109073
2021-05-28,sample,KO,Consumer Staples,0.1,0.09919346301738301
2021-05-28,sample,CAT,Industrials,0.07125330834046027,0.06247121759494061
2021-05-28,sample,UNP,Industrials,0.07380239753500217,0.07839612667362623
2021-05-28,sample,XOM,Energy,2.1807937551560394e-17,4.214073471952163e-18
2021-05-28,sample,CVX,Energy,1.1051915630544483e-18,5.6270933766322286e-18
2021-05-28,sample,NEE,Utilities,7.981856482333503e-18,5.165681987281001e-19
2021-05-28,sample,DUK,Utilities,0.08442659588519773,0.08690006088481121
2021-05-28,sample,AMT,Real Estate,0.0,2.8742231226892467e-18
2021-05-28,sample,PLD,Real Estate,1.0965823098483916e-17,1.1560327372877354e-18
2021-05-28,sample,APD,Materials,0.0,1.0341866333448647e-17
2021-05-28,sample,NEM,Materials,0.15,0.17103133342511817
2021-05-28,sample,GOOGL,Communication Services,0.04781212160358162,0.04810142180333791
2021-05-28,sample,META,Communication Services,0.02270557663575811,0.02002874593118161
2021-05-28,ewma,AAPL,Information Technology,5.448506498260321e-17,0.0
2021-05-28,ewma,MSFT,Information Technology,1.1478614841136862e-17,0.009420965746836022
2021-05-28,ewma,JPM,Financials,0.0,5.206277817990895e-18
2021-05-28,ewma,BAC,Financials,0.0422785644816893,0.08941728631261443
2021-05-28,ewma,JNJ,Health Care,0.15,0.13658881117548158
2021-05-28,ewma,UNH,Health Care,0.09999999999999996,0.003008646408195409
2021-05-28,ewma,AMZN,Consumer Discretionary,0.15,0.11357124166245341
2021-05-28,ewma,HD,Consumer Discretionary,5.386878118657693e-17,7.783115911085216e-18
2021-05-28,ewma,PG,Consumer Staples,0.09999999999999995,0.006008284233132855
2021-05-28,ewma,KO,Consumer Staples,0.15,0.15213810774742703
2021-05-28,ewma,CAT,Industrials,0.14899038800206227,0.15697890062414285
2021-05-28,ewma,UNP,Industrials,0.0,1.2190291058532122e-17
2021-05-28,ewma,XOM,Energy,1.947698417049876e-18,0.0
2021-05-28,ewma,CVX,Energy,0.0,0.0
2021-05-28,ewma,NEE,Utilities,0.05615373397722674,0.09354167784145644
2021-05-28,ewma,DUK,Utilities,5.409316427166232e-18,0.14926316463796233
2021-05-28,ewma,AMT,Real Estate,0.05601237194472493,1.9479275886807508e-17
2021-05-28,ewma,PLD,Real Estate,3.998171254260491e-17,0.09006291361029767
2021-05-28,ewma,APD,Materials,0.046564941594296826,8.354057456892621e-18
2021-05-28,ewma,NEM,Materials,1.7849273554528986e-17,8.903883572266725e-18
2021-05-28,ewma,GOOGL,Communication Services,0.0,0.0
2021-05-28,ewma,META,Communication Services,1.6360909889808767e-17,4.588843244283291e-18
2021-05-28,ledoit_wolf,AAPL,Information Technology,2.571573563311433e-19,2.9017990771726218e-18
2021-05-28,ledoit_wolf,MSFT,Information Technology,1.3012951563224764e-17,3.284798695321881e-18
2021-05-28,ledoit_wolf,JPM,Financials,0.0,8.117670558264004e-20
2021-05-28,ledoit_wolf,BAC,Financials,9.635926762337147e-18,0.0
2021-05-28,ledoit_wolf,JNJ,Health Care,0.14999999999999997,0.15201746673722907
2021-05-28,ledoit_wolf,UNH,Health Care,3.740338243427472e-18,0.0
2021-05-28,ledoit_wolf,AMZN,Consumer Discretionary,0.15,0.13501889671368927
2021-05-28,ledoit_wolf,HD,Consumer Discretionary,8.960900813080835e-18,0.0
2021-05-28,ledoit_wolf,PG,Consumer Staples,0.1481188192227236,0.1468118920554991
2021-05-28,ledoit_wolf,KO,Consumer Staples,0.10188118077727634,0.09918674724326382
2021-05-28,ledoit_wolf,CAT,Industrials,0.07053900385526603,0.06159446360125817
2021-05-28,ledoit_wolf,UNP,Industrials,0.0736990600590781,0.07541977535469535
2021-05-28,ledoit_wolf,XOM,Energy,0.0,0.004408394930707089
2021-05-28,ledoit_wolf,CVX,Energy,0.0,0.0
2021-05-28,ledoit_wolf,NEE,Utilities,1.1975521837436454e-17,3.1027741645588556e-18
2021-05-28,ledoit_wolf,DUK,Utilities,0.08228946513926597,0.08341237004811547
2021-05-28,ledoit_wolf,AMT,Real Estate,0.0,0.0
2021-05-28,ledoit_wolf,PLD,Real Estate,1.9303171742955562e-18,0.0
2021-05-28,ledoit_wolf,APD,Materials,1.529800984287319e-17,1.863401792186931e-18
2021-05-28,ledoit_wolf,NEM,Materials,0.15,0.17101975395437832
2021-05-28,ledoit_wolf,GOOGL,Communication Services,0.04793338124874525,0.048093472874073194
2021-05-28,ledoit_wolf,META,Communication Services,0.02553908969764474,0.02301676648709128
2021-05-28,equal_weight,AAPL,Information Technology,0.045454545454545456,0.04237972187606942
2021-05-28,equal_weight,MSFT,Information Technology,0.045454545454545456,0.04429315775872579
2021-05-28,equal_weight,JPM,Financials,0.045454545454545456,0.047660226089895674
2021-05-28,equal_weight,BAC,Financials,0.045454545454545456,0.04668189117489354
2021-05-28,equal_weight,JNJ,Health Care,0.045454545454545456,0.04671151952828075
2021-05-28,equal_weight,UNH,Health Care,0.045454545454545456,0.046101972774564674
2021-05-28,equal_weight,AMZN,Consumer Discretionary,0.045454545454545456,0.041488244514890645
2021-05-28,equal_weight,HD,Consumer Discretionary,0.045454545454545456,0.04397718686589416
2021-05-28,equal_weight,PG,Consumer Staples,0.045454545454545456,0.04511196449937163
2021-05-28,equal_weight,KO,Consumer Staples,0.045454545454545456,0.045716756569911664
2021-05-28,equal_weight,CAT,Industrials,0.045454545454545456,0.04717139113075148
2021-05-28,equal_weight,UNP,Industrials,0.045454545454545456,0.0453810688935215
2021-05-28,equal_weight,XOM,Energy,0.045454545454545456,0.0461777816196108
2021-05-28,equal_weight,CVX,Energy,0.045454545454545456,0.0454955403696657
2021-05-28,equal_weight,NEE,Utilities,0.045454545454545456,0.04216322437227716
2021-05-28,equal_weight,DUK,Utilities,0.045454545454545456,0.044852850240105435
2021-05-28,equal_weight,AMT,Real Estate,0.045454545454545456,0.044754465871562975
2021-05-28,equal_weight,PLD,Real Estate,0.045454545454545456,0.045135337233339456
2021-05-28,equal_weight,APD,Materials,0.045454545454545456,0.046363361879307
2021-05-28,equal_weight,NEM,Materials,0.045454545454545456,0.05255049138774594
2021-05-28,equal_weight,GOOGL,Communication Services,0.045454545454545456,0.04469711479242328
2021-05-28,equal_weight,META,Communication Services,0.045454545454545456,0.045134730557191166
2021-06-30,sample,AAPL,Information Technology,1.1557633992410934e-17,2.6209876747844665e-17
2021-06-30,sample,MSFT,Information Technology,2.0734203519953407e-18,6.976038190126255e-18
2021-06-30,sample,JPM,Financials,8.036979651945762e-18,3.624564403401983e-17
2021-06-30,sample,BAC,Financials,5.137002416920691e-19,0.0
2021-06-30,sample,JNJ,Health Care,0.15,0.1492242568337083
2021-06-30,sample,UNH,Health Care,1.1233258330077364e-17,1.9395071606150067e-17
2021-06-30,sample,AMZN,Consumer Discretionary,0.15,0.16363560154907747
2021-06-30,sample,HD,Consumer Discretionary,5.778257330405708e-18,1.527680418979007e-17
2021-06-30,sample,PG,Consumer Staples,0.14999999999999997,0.15340036599219528
2021-06-30,sample,KO,Consumer Staples,0.10000000000000003,0.10077871308188133
2021-06-30,sample,CAT,Industrials,0.07236479641147292,0.06574159970769085
2021-06-30,sample,UNP,Industrials,0.07267373654012481,0.07381957230213725
2021-06-30,sample,XOM,Energy,2.875021083520819e-17,2.4087638018995707e-17
2021-06-30,sample,CVX,Energy,4.432028449289668e-18,1.1399144604487499e-18
2021-06-30,sample,NEE,Utilities,2.4022843219454652e-17,8.207800345179796e-18
2021-06-30,sample,DUK,Utilities,0.07895613523163213,0.08499780340958478
2021-06-30,sample,AMT,Real Estate,3.1796615193770065e-18,0.0
2021-06-30,sample,PLD,Real Estate,7.05445527194708e-18,1.1425555161050882e-17
2021-06-30,sample,APD,Materials,0.0,0.0
2021-06-30,sample,NEM,Materials,0.15,0.13322752926868164
2021-06-30,sample,GOOGL,Communication Services,0.04943077213611566,0.05062814870291126
2021-06-30,sample,META,Communication Services,0.026574559680654416,0.024546409152132007
2021-06-30,ewma,AAPL,Information Technology,0.0,6.058903380495406e-17
2021-06-30,ewma,MSFT,Information Technology,0.007991681278704076,1.2600574092552939e-17
2021-06-30,ewma,JPM,Financials,1.8207327181573015e-17,0.0
2021-06-30,ewma,BAC,Financials,0.0,0.041780172314932904
2021-06-30,ewma,JNJ,Health Care,0.15,0.1477193657963132
2021-06-30,ewma,UNH,Health Care,0.0,0.0987160910102115
2021-06-30,ewma,AMZN,Consumer Discretionary,0.15,0.1619853755376029
2021-06-30,ewma,HD,Consumer Discretionary,0.08933088289504189,5.478440567740042e-17
2021-06-30,ewma,PG,Consumer Staples,0.1461129979603213,0.10123557326001131
2021-06-30,ewma,KO,Consumer Staples,0.08526620653482042,0.1496435756970844
2021-06-30,ewma,CAT,Industrials,0.1466078984036986,0.13607912084759438
2021-06-30,ewma,UNP,Industrials,0.10339210159630141,0.0
2021-06-30,ewma,XOM,Energy,0.0,2.1296063950315896e-18
2021-06-30,ewma,CVX,Energy,4.2566071006987176e-18,0.0
2021-06-30,ewma,NEE,Utilities,4.200610018942189e-18,0.05716096064979564
2021-06-30,ewma,DUK,Utilities,0.0,5.390993652021183e-18
2021-06-30,ewma,AMT,Real Estate,0.11606509485098503,0.060214359567615484
2021-06-30,ewma,PLD,Real Estate,0.0,4.123779904507703e-17
2021-06-30,ewma,APD,Materials,1.1620592037157354e-18,0.04546540531883857
2021-06-30,ewma,NEM,Materials,0.005233136480127256,1.5693552698134998e-17
2021-06-30,ewma,GOOGL,Communication Services,3.703531917965971e-18,0.0
2021-06-30,ewma,META,Communication Services,0.0,1.7508981974156785e-17
2021-06-30,ledoit_wolf,AAPL,Information Technology,0.0,2.888079155998645e-19
2021-06-30,ledoit_wolf,MSFT,Information Technology,0.0,1.442680786620487e-17
2021-06-30,ledoit_wolf,JPM,Financials,0.0,0.0
2021-06-30,ledoit_wolf,BAC,Financials,0.0,9.616943627551408e-18
2021-06-30,ledoit_wolf,JNJ,Health Care,0.15,0.14918701358449396
2021-06-30,ledoit_wolf,UNH,Health Care,0.0,3.729000257967496e-18
2021-06-30,ledoit_wolf,AMZN,Consumer Discretionary,0.15,0.1635947615300475
2021-06-30,ledoit_wolf,HD,Consumer Discretionary,3.0371413500979136e-18,9.203755251233457e-18
2021-06-30,ledoit_wolf,PG,Consumer Staples,0.15,0.1514387351552643
2021-06-30,ledoit_wolf,KO,Consumer Staples,0.1,0.10264891744443969
2021-06-30,ledoit_wolf,CAT,Industrials,0.07159032488553779,0.06506630609209516
2021-06-30,ledoit_wolf,UNP,Industrials,0.07262924757851666,0.07369781275592518
2021-06-30,ledoit_wolf,XOM,Energy,1.0002125688533636e-18,0.0
2021-06-30,ledoit_wolf,CVX,Energy,0.0,0.0
2021-06-30,ledoit_wolf,NEE,Utilities,1.2982828902530431e-17,1.2311441666626063e-17
2021-06-30,ledoit_wolf,DUK,Utilities,0.07715996924546048,0.08282553673499367
2021-06-30,ledoit_wolf,AMT,Real Estate,1.9398293379012923e-17,0.0
2021-06-30,ledoit_wolf,PLD,Real Estate,0.0,2.0107419846883846e-18
2021-06-30,ledoit_wolf,APD,Materials,0.0,1.508518103738696e-17
2021-06-30,ledoit_wolf,NEM,Materials,0.15,0.13319427846763882
2021-06-30,ledoit_wolf,GOOGL,Communication Services,0.04954145137454427,0.050743882498228914
2021-06-30,ledoit_wolf,META,Communication Services,0.029079006915940887,0.02760275573687294
2021-06-30,equal_weight,AAPL,Information Technology,0.045454545454545456,0.049760001031522026
2021-06-30,equal_weight,MSFT,Information Technology,0.045454545454545456,0.049120714538142554
2021-06-30,equal_weight,JPM,Financials,0.045454545454545456,0.042874834592854516
2021-06-30,equal_weight,BAC,Financials,0.045454545454545456,0.044219499305719695
2021-06-30,equal_weight,JNJ,Health Care,0.045454545454545456,0.044066646559926585
2021-06-30,equal_weight,UNH,Health Care,0.045454545454545456,0.0441724793720287
2021-06-30,equal_weight,AMZN,Consumer Discretionary,0.045454545454545456,0.04832238652808155
2021-06-30,equal_weight,HD,Consumer Discretionary,0.045454545454545456,0.045507568557621184
2021-06-30,equal_weight,PG,Consumer Staples,0.045454545454545456,0.04529987184238047
2021-06-30,equal_weight,KO,Consumer Staples,0.045454545454545456,0.04464066390116881
2021-06-30,equal_weight,CAT,Industrials,0.045454545454545456,0.04086928788718301
2021-06-30,equal_weight,UNP,Industrials,0.045454545454545456,0.04430603546359814
2021-06-30,equal_weight,XOM,Energy,0.045454545454545456,0.04892619680065222
2021-06-30,equal_weight,CVX,Energy,0.045454545454545456,0.0456874099915272
2021-06-30,equal_weight,NEE,Utilities,0.045454545454545456,0.04554961448482639
2021-06-30,equal_weight,DUK,Utilities,0.045454545454545456,0.04459542019426599
2021-06-30,equal_weight,AMT,Real Estate,0.045454545454545456,0.048103860840684326
2021-06-30,equal_weight,PLD,Real Estate,0.045454545454545456,0.04615278496378632
2021-06-30,equal_weight,APD,Materials,0.045454545454545456,0.0436903809488484
2021-06-30,equal_weight,NEM,Materials,0.045454545454545456,0.03934273534950579
2021-06-30,equal_weight,GOOGL,Communication Services,0.045454545454545456,0.046904646611064714
2021-06-30,equal_weight,META,Communication Services,0.045454545454545456,0.047886960234611246
2021-07-30,sample,AAPL,Information Technology,1.3198818019333289e-17,1.2040026605665594e-17
2021-07-30,sample,MSFT,Information Technology,1.0606471137006077e-17,2.1330548841903067e-18
2021-07-30,sample,JPM,Financials,0.0,7.715728042480508e-18
2021-07-30,sample,BAC,Financials,1.217686027770973e-18,4.675102203966818e-19
2021-07-30,sample,JNJ,Health Care,0.14999999999999997,0.15337033898974425
2021-07-30,sample,UNH,Health Care,8.125996818800123e-18,1.1311321753808767e-17
2021-07-30,sample,AMZN,Consumer Discretionary,0.14999999999999997,0.14192485081978667
2021-07-30,sample,HD,Consumer Discretionary,1.9653772798968547e-17,5.8169773411416585e-18
2021-07-30,sample,PG,Consumer Staples,0.14999999999999997,0.15563703928223743
2021-07-30,sample,KO,Consumer Staples,0.09999999999999999,0.10309599206287677
2021-07-30,sample,CAT,Industrials,0.06763761334124369,0.06760743259760926
2021-07-30,sample,UNP,Industrials,0.07465225423763323,0.07070936894743027
2021-07-30,sample,XOM,Energy,5.669465364862787e-18,2.5666196966585026e-17
2021-07-30,sample,CVX,Energy,5.24224507305108e-20,4.214017748895818e-18
2021-07-30,sample,NEE,Utilities,2.5524339070029118e-17,2.4979999764730605e-17
2021-07-30,sample,DUK,Utilities,0.08441372822945926,0.08223198272504946
2021-07-30,sample,AMT,Real Estate,3.57991637563494e-18,3.256021864853291e-18
2021-07-30,sample,PLD,Real Estate,5.1884897524638435e-19,7.39176563657485e-18
2021-07-30,sample,APD,Materials,9.5030746854441e-18,0.0
2021-07-30,sample,NEM,Materials,0.15,0.14542967931373188
2021-07-30,sample,GOOGL,Communication Services,0.04757935717609859,0.05335659849128819
2021-07-30,sample,META,Communication Services,0.02571704701556534,0.026636716770245865
2021-07-30,ewma,AAPL,Information Technology,0.0,0.0
2021-07-30,ewma,MSFT,Information Technology,0.07784829140846723,0.008267422300389748
2021-07-30,ewma,JPM,Financials,0.0,1.7577112526493526e-17
2021-07-30,ewma,BAC,Financials,0.012015975730719742,0.0
2021-07-30,ewma,JNJ,Health Care,0.15,0.1542263822378075
2021-07-30,ewma,UNH,Health Care,1.993761106130889e-17,0.0
2021-07-30,ewma,AMZN,Consumer Discretionary,0.03913366789250263,0.14271701057555786
2021-07-30,ewma,HD,Consumer Discretionary,1.9213514968843086e-17,0.09043143308955474
2021-07-30,ewma,PG,Consumer Staples,0.14999999999999997,0.15245014682953248
2021-07-30,ewma,KO,Consumer Staples,0.09753072647878328,0.08839669293296008
2021-07-30,ewma,CAT,Industrials,0.059484957991756675,0.13773419061679906
2021-07-30,ewma,UNP,Industrials,0.0,0.10115890696234117
2021-07-30,ewma,XOM,Energy,9.384442602974552e-18,0.0
2021-07-30,ewma,CVX,Energy,0.03737997882049433,4.069815110704056e-18
2021-07-30,ewma,NEE,Utilities,0.11050750729018725,4.392357499339047e-18
2021-07-30,ewma,DUK,Utilities,1.4443971657933567e-17,0.0
2021-07-30,ewma,AMT,Real Estate,0.15,0.11951580637045084
2021-07-30,ewma,PLD,Real Estate,2.2119494314274074e-17,0.0
2021-07-30,ewma,APD,Materials,0.03741102306876582,1.1563512795383567e-18
2021-07-30,ewma,NEM,Materials,0.07868787131832312,0.005102008084606487
2021-07-30,ewma,GOOGL,Communication Services,0.0,4.019982166872604e-18
2021-07-30,ewma,META,Communication Services,0.0,0.0
2021-07-30,ledoit_wolf,AAPL,Information Technology,1.9359036937287658e-19,0.0
2021-07-30,ledoit_wolf,MSFT,Information Technology,1.0986345545855859e-17,0.0
2021-07-30,ledoit_wolf,JPM,Financials,0.0,0.0
2021-07-30,ledoit_wolf,BAC,Financials,0.0,0.0
2021-07-30,ledoit_wolf,JNJ,Health Care,0.15,0.15337152861983494
2021-07-30,ledoit_wolf,UNH,Health Care,5.02483372668376e-18,0.0
2021-07-30,ledoit_wolf,AMZN,Consumer Discretionary,0.15,0.14192595167197405
2021-07-30,ledoit_wolf,HD,Consumer Discretionary,9.168901877338178e-18,3.0575169018262776e-18
2021-07-30,ledoit_wolf,PG,Consumer Staples,0.14999999999999997,0.15563824649418198
2021-07-30,ledoit_wolf,KO,Consumer Staples,0.09999999999999999,0.10309679173571566
2021-07-30,ledoit_wolf,CAT,Industrials,0.06738988497021346,0.06688439471295003
2021-07-30,ledoit_wolf,UNP,Industrials,0.07439856076202973,0.07066663064779294
2021-07-30,ledoit_wolf,XOM,Energy,0.0,8.929274318074365e-19
2021-07-30,ledoit_wolf,CVX,Energy,1.362204671778292e-18,0.0
2021-07-30,ledoit_wolf,NEE,Utilities,0.0,1.3500216253106704e-17
2021-07-30,ledoit_wolf,DUK,Utilities,0.08204174755063481,0.08036191810946879
2021-07-30,ledoit_wolf,AMT,Real Estate,0.0,1.9864302194979418e-17
2021-07-30,ledoit_wolf,PLD,Real Estate,0.0,0.0
2021-07-30,ledoit_wolf,APD,Materials,2.1793231011409382e-18,0.0
2021-07-30,ledoit_wolf,NEM,Materials,0.15,0.14543080735141986
2021-07-30,ledoit_wolf,GOOGL,Communication Services,0.047789310450937116,0.05347648274360237
2021-07-30,ledoit_wolf,META,Communication Services,0.028380496266184826,0.029147247913059466
2021-07-30,equal_weight,AAPL,Information Technology,0.045454545454545456,0.04748939228507173
2021-07-30,equal_weight,MSFT,Information Technology,0.045454545454545456,0.04689783296837743
2021-07-30,equal_weight,JPM,Financials,0.045454545454545456,0.04376451755403801
2021-07-30,equal_weight,BAC,Financials,0.045454545454545456,0.041487707926902095
2021-07-30,equal_weight,JNJ,Health Care,0.045454545454545456,0.0466109785848118
2021-07-30,equal_weight,UNH,Health Care,0.045454545454545456,0.04590349068315268
2021-07-30,equal_weight,AMZN,Consumer Discretionary,0.045454545454545456,0.04313256543467667
2021-07-30,equal_weight,HD,Consumer Discretionary,0.045454545454545456,0.04589217020925535
2021-07-30,equal_weight,PG,Consumer Staples,0.045454545454545456,0.047299854409743325
2021-07-30,equal_weight,KO,Consumer Staples,0.045454545454545456,0.04699805493561576
2021-07-30,equal_weight,CAT,Industrials,0.045454545454545456,0.04258976087928746
2021-07-30,equal_weight,UNP,Industrials,0.045454545454545456,0.04435448833950352
2021-07-30,equal_weight,XOM,Energy,0.045454545454545456,0.04069664346477419
2021-07-30,equal_weight,CVX,Energy,0.045454545454545456,0.04334429300318834
2021-07-30,equal_weight,NEE,Utilities,0.045454545454545456,0.047403032492543025
2021-07-30,equal_weight,DUK,Utilities,0.045454545454545456,0.04747806187567259
2021-07-30,equal_weight,AMT,Real Estate,0.045454545454545456,0.04668147005871676
2021-07-30,equal_weight,PLD,Real Estate,0.045454545454545456,0.047766432537175385
2021-07-30,equal_weight,APD,Materials,0.045454545454545456,0.04511098803833058
2021-07-30,equal_weight,NEM,Materials,0.045454545454545456,0.044197722406688345
2021-07-30,equal_weight,GOOGL,Communication Services,0.045454545454545456,0.04920722152343276
2021-07-30,equal_weight,META,Communication Services,0.045454545454545456,0.045693320389042356
2021-08-31,sample,AAPL,Information Technology,0.0,1.3729524845016243e-17
2021-08-31,sample,MSFT,Information Technology,4.121682961894503e-18,1.1235106546778694e-17
2021-08-31,sample,JPM,Financials,4.7813201482175236e-18,0.0
2021-08-31,sample,BAC,Financials,2.0008638675625242e-19,1.3223976727406276e-18
2021-08-31,sample,JNJ,Health Care,0.15,0.1513743744160781
2021-08-31,sample,UNH,Health Care,3.2124058739992744e-18,8.187884225755304e-18
2021-08-31,sample,AMZN,Consumer Discretionary,0.15,0.15611288081038066
2021-08-31,sample,HD,Consumer Discretionary,1.2804955134580796e-18,1.9490673803194514e-17
2021-08-31,sample,PG,Consumer Staples,0.15,0.14984026131714578
2021-08-31,sample,KO,Consumer Staples,0.10000000000000007,0.0985215213544702
2021-08-31,sample,CAT,Industrials,0.06266420510452553,0.06883455560554327
2021-08-31,sample,UNP,Industrials,0.0842465480037382,0.07419368521359808
2021-08-31,sample,XOM,Energy,0.0,5.438446676642216e-18
2021-08-31,sample,CVX,Energy,1.1567997508722849e-18,5.038864266666759e-20
2021-08-31,sample,NEE,Utilities,0.0,2.7585200160221896e-17
2021-08-31,sample,DUK,Utilities,0.07316451508095154,0.08464667896025167
2021-08-31,sample,AMT,Real Estate,0.0,3.690437985937173e-18
2021-08-31,sample,PLD,Real Estate,0.0,5.444812561569772e-19
2021-08-31,sample,APD,Materials,0.0,8.781124768777034e-18
2021-08-31,sample,NEM,Materials,0.15,0.13816413867735264
2021-08-31,sample,GOOGL,Communication Services,0.04993511022725424,0.05098887948901312
2021-08-31,sample,META,Communication Services,0.029989621583530527,0.02732302415616674
2021-08-31,ewma,AAPL,Information Technology,2.629298715262215e-18,0.0
2021-08-31,ewma,MSFT,Information Technology,0.0,0.08155542656341373
2021-08-31,ewma,JPM,Financials,0.022305546361831772,0.0
2021-08-31,ewma,BAC,Financials,0.14999999999999997,0.012905751348250361
2021-08-31,ewma,JNJ,Health Care,0.07839248442358118,0.14970967197858762
2021-08-31,ewma,UNH,Health Care,0.03277061509226754,1.9868526610283185e-17
2021-08-31,ewma,AMZN,Consumer Discretionary,0.09651079306461263,0.04028056294512847
2021-08-31,ewma,HD,Consumer Discretionary,1.1973214381177775e-18,1.884452705995775e-17
2021-08-31,ewma,PG,Consumer Staples,0.15,0.14819242991099751
2021-08-31,ewma,KO,Consumer Staples,0.03961406257644477,0.09503204306850037
2021-08-31,ewma,CAT,Industrials,3.8076557607129836e-18,0.05987187994098561
2021-08-31,ewma,UNP,Industrials,0.0375959884225884,0.0
2021-08-31,ewma,XOM,Energy,6.0000290745207794e-18,8.903048680916443e-18
2021-08-31,ewma,CVX,Energy,0.0,0.035534637385583934
2021-08-31,ewma,NEE,Utilities,0.09464253081807111,0.11811659380171556
2021-08-31,ewma,DUK,Utilities,0.15,1.4324549312802682e-17
2021-08-31,ewma,AMT,Real Estate,0.10841875753913534,0.15293038660264274
2021-08-31,ewma,PLD,Real Estate,0.0,2.295697503500588e-17
2021-08-31,ewma,APD,Materials,2.8915973367929045e-18,0.03418873940073019
2021-08-31,ewma,NEM,Materials,8.720823903577664e-18,0.07168187705346395
2021-08-31,ewma,GOOGL,Communication Services,0.03974922170146745,0.0
2021-08-31,ewma,META,Communication Services,0.0,0.0
2021-08-31,ledoit_wolf,AAPL,Information Technology,0.0,2.013397486878438e-19
2021-08-31,ledoit_wolf,MSFT,Information Technology,0.0,1.1635494434025015e-17
2021-08-31,ledoit_wolf,JPM,Financials,0.0,0.0
2021-08-31,ledoit_wolf,BAC,Financials,1.9561488664153088e-18,0.0
2021-08-31,ledoit_wolf,JNJ,Health Care,0.15,0.15134834237368927
2021-08-31,ledoit_wolf,UNH,Health Care,4.393710442347095e-17,5.062232037886808e-18
2021-08-31,ledoit_wolf,AMZN,Consumer Discretionary,0.15,0.15608603388106154
2021-08-31,ledoit_wolf,HD,Consumer Discretionary,1.5707872031722736e-18,9.091249033903503e-18
2021-08-31,ledoit_wolf,PG,Consumer Staples,0.15,0.14981449309812445
2021-08-31,ledoit_wolf,KO,Consumer Staples,0.10000000000000006,0.09850457848398768
2021-08-31,ledoit_wolf,CAT,Industrials,0.06546490026281353,0.0685706491247394
2021-08-31,ledoit_wolf,UNP,Industrials,0.07932613844999092,0.07392883428803985
2021-08-31,ledoit_wolf,XOM,Energy,1.1673692280081433e-17,0.0
2021-08-31,ledoit_wolf,CVX,Energy,4.8982860295809615e-18,1.3091307148445866e-18
2021-08-31,ledoit_wolf,NEE,Utilities,8.94992961585441e-18,0.0
2021-08-31,ledoit_wolf,DUK,Utilities,0.07285735718763475,0.08225400473220107
2021-08-31,ledoit_wolf,AMT,Real Estate,0.0,0.0
2021-08-31,ledoit_wolf,PLD,Real Estate,0.0,0.0
2021-08-31,ledoit_wolf,APD,Materials,0.0,2.0134133107098383e-18
2021-08-31,ledoit_wolf,NEM,Materials,0.15,0.13814037841589122
2021-08-31,ledoit_wolf,GOOGL,Communication Services,0.04986709381212381,0.051205070636598966
2021-08-31,ledoit_wolf,META,Communication Services,0.032484510287437006,0.030147614965666647
2021-08-31,equal_weight,AAPL,Information Technology,0.045454545454545456,0.046551372179592515
2021-08-31,equal_weight,MSFT,Information Technology,0.045454545454545456,0.04740436153134192
2021-08-31,equal_weight,JPM,Financials,0.045454545454545456,0.047057700971697425
2021-08-31,equal_weight,BAC,Financials,0.045454545454545456,0.04860028031887073
2021-08-31,equal_weight,JNJ,Health Care,0.045454545454545456,0.045161995489129685
2021-08-31,equal_weight,UNH,Health Care,0.045454545454545456,0.04509278574575757
2021-08-31,equal_weight,AMZN,Consumer Discretionary,0.045454545454545456,0.04657571168270743
2021-08-31,equal_weight,HD,Consumer Discretionary,0.045454545454545456,0.044380576838566506
2021-08-31,equal_weight,PG,Consumer Staples,0.045454545454545456,0.04470429841113312
2021-08-31,equal_weight,KO,Consumer Staples,0.045454545454545456,0.04409030775674194
2021-08-31,equal_weight,CAT,Industrials,0.045454545454545456,0.04554390438188053
2021-08-31,equal_weight,UNP,Industrials,0.045454545454545456,0.04447705645662018
2021-08-31,equal_weight,XOM,Energy,0.045454545454545456,0.04292840858863555
2021-08-31,equal_weight,CVX,Energy,0.045454545454545456,0.043015736224245454
2021-08-31,equal_weight,NEE,Utilities,0.045454545454545456,0.0483652742891803
2021-08-31,equal_weight,DUK,Utilities,0.045454545454545456,0.044875454746883155
2021-08-31,equal_weight,AMT,Real Estate,0.045454545454545456,0.046133568650709715
2021-08-31,equal_weight,PLD,Real Estate,0.045454545454545456,0.046962800947534966
2021-08-31,equal_weight,APD,Materials,0.045454545454545456,0.041352143503935616
2021-08-31,equal_weight,NEM,Materials,0.045454545454545456,0.0412207695772537
2021-08-31,equal_weight,GOOGL,Communication Services,0.045454545454545456,0.04795886745990375
2021-08-31,equal_weight,META,Communication Services,0.045454545454545456,0.04754662424767794
2021-09-30,sample,AAPL,Information Technology,2.7969474261634444e-18,0.0
2021-09-30,sample,MSFT,Information Technology,0.0,4.098217020188702e-18
2021-09-30,sample,JPM,Financials,0.0,5.2097220970455655e-18
2021-09-30,sample,BAC,Financials,6.040113516097427e-18,2.177145145961691e-19
2021-09-30,sample,JNJ,Health Care,0.14999999999999997,0.14897735913037974
2021-09-30,sample,UNH,Health Care,2.0008413217586264e-18,3.2217633745988207e-18
2021-09-30,sample,AMZN,Consumer Discretionary,0.14999999999999997,0.1511584209143957
2021-09-30,sample,HD,Consumer Discretionary,0.0,1.3790180449351246e-18
2021-09-30,sample,PG,Consumer Staples,0.15,0.15680057136204245
2021-09-30,sample,KO,Consumer Staples,0.09999999999999995,0.09995849370021295
2021-09-30,sample,CAT,Industrials,0.06104832445659156,0.060738895673311984
2021-09-30,sample,UNP,Industrials,0.08296896055817782,0.08108113571346792
2021-09-30,sample,XOM,Energy,0.0,0.0
2021-09-30,sample,CVX,Energy,4.415376391304609e-18,1.291214434853866e-18
2021-09-30,sample,NEE,Utilities,0.0,0.0
2021-09-30,sample,DUK,Utilities,0.07331524456868413,0.07263632188306914
2021-09-30,sample,AMT,Real Estate,2.257774963089054e-17,0.0
2021-09-30,sample,PLD,Real Estate,5.699019947106843e-18,0.0
2021-09-30,sample,APD,Materials,1.5502088747835605e-17,0.0
2021-09-30,sample,NEM,Materials,0.15,0.15096796630089115
2021-09-30,sample,GOOGL,Communication Services,0.0466705260033383,0.04911648528630211
2021-09-30,sample,META,Communication Services,0.03599694441320845,0.02856435003592666
2021-09-30,ewma,AAPL,Information Technology,0.0,2.5687594865852765e-18
2021-09-30,ewma,MSFT,Information Technology,0.0,0.0
2021-09-30,ewma,JPM,Financials,0.0,0.023929603946160134
2021-09-30,ewma,BAC,Financials,0.07056344674549586,0.1607004205006952
2021-09-30,ewma,JNJ,Health Care,0.15,0.0766583298218244
2021-09-30,ewma,UNH,Health Care,0.018290890130133016,0.03235964390900612
2021-09-30,ewma,AMZN,Consumer Discretionary,0.03684010657184883,0.09575751868577463
2021-09-30,ewma,HD,Consumer Discretionary,0.0,1.2695755756532334e-18
2021-09-30,ewma,PG,Consumer Staples,0.14999999999999997,0.15438444932519815
2021-09-30,ewma,KO,Consumer Staples,0.0,0.0389874650518847
2021-09-30,ewma,CAT,Industrials,2.2431226867186915e-17,3.6337993829652564e-18
2021-09-30,ewma,UNP,Industrials,1.4516530351248045e-17,0.03562584121595231
2021-09-30,ewma,XOM,Energy,0.0,6.7858956972025245e-18
2021-09-30,ewma,CVX,Energy,0.0,0.0
2021-09-30,ewma,NEE,Utilities,0.10551698096630568,0.092752128301809
2021-09-30,ewma,DUK,Utilities,0.14448301903369432,0.1466224652275906
2021-09-30,ewma,AMT,Real Estate,2.6785025787360435e-17,0.10372700225290196
2021-09-30,ewma,PLD,Real Estate,0.0,0.0
2021-09-30,ewma,APD,Materials,0.11404091369715369,2.897242519118681e-18
2021-09-30,ewma,NEM,Materials,0.13595908630284634,8.64185499472858e-18
2021-09-30,ewma,GOOGL,Communication Services,1.375621954588324e-17,0.03849513176120315
2021-09-30,ewma,META,Communication Services,0.0743055565525224,0.0
2021-09-30,ledoit_wolf,AAPL,Information Technology,1.8492214387857543e-18,0.0
2021-09-30,ledoit_wolf,MSFT,Information Technology,1.7143572952832963e-17,0.0
2021-09-30,ledoit_wolf,JPM,Financials,4.148750371143126e-17,0.0
2021-09-30,ledoit_wolf,BAC,Financials,4.5179936771183494e-18,2.1285255709871043e-18
2021-09-30,ledoit_wolf,JNJ,Health Care,0.15,0.1489798041860619
2021-09-30,ledoit_wolf,UNH,Health Care,0.0,4.4065813165271426e-17
2021-09-30,ledoit_wolf,AMZN,Consumer Discretionary,0.14999999999999997,0.15116090176623861
2021-09-30,ledoit_wolf,HD,Consumer Discretionary,0.0,1.6916728145359592e-18
2021-09-30,ledoit_wolf,PG,Consumer Staples,0.15,0.1568031448143457
2021-09-30,ledoit_wolf,KO,Consumer Staples,0.10000000000000002,0.0999601342453563
2021-09-30,ledoit_wolf,CAT,Industrials,0.06342251474779066,0.06345458304650319
2021-09-30,ledoit_wolf,UNP,Industrials,0.07850217136423761,0.0763468546898418
2021-09-30,ledoit_wolf,XOM,Energy,0.0,1.3409521525193501e-17
2021-09-30,ledoit_wolf,CVX,Energy,1.4789885619595616e-18,5.467533534589364e-18
2021-09-30,ledoit_wolf,NEE,Utilities,3.5835866286493435e-19,8.908577737829379e-18
2021-09-30,ledoit_wolf,DUK,Utilities,0.07285802009821978,0.07233256856221291
2021-09-30,ledoit_wolf,AMT,Real Estate,3.0344577012701057e-17,0.0
2021-09-30,ledoit_wolf,PLD,Real Estate,0.0,0.0
2021-09-30,ledoit_wolf,APD,Materials,8.92585932318831e-18,0.0
2021-09-30,ledoit_wolf,NEM,Materials,0.14999999999999997,0.1509704440269427
2021-09-30,ledoit_wolf,GOOGL,Communication Services,0.04767071598969324,0.04905038893164805
2021-09-30,ledoit_wolf,META,Communication Services,0.03754657780005877,0.030941175730849115
2021-09-30,equal_weight,AAPL,Information Technology,0.045454545454545456,0.044291657378543264
2021-09-30,equal_weight,MSFT,Information Technology,0.045454545454545456,0.044382800242751104
2021-09-30,equal_weight,JPM,Financials,0.045454545454545456,0.04863635985513112
2021-09-30,equal_weight,BAC,Financials,0.045454545454545456,0.048569560315806844
2021-09-30,equal_weight,JNJ,Health Care,0.045454545454545456,0.04433261429331337
2021-09-30,equal_weight,UNH,Health Care,0.045454545454545456,0.0447669553727117
2021-09-30,equal_weight,AMZN,Consumer Discretionary,0.045454545454545456,0.04498165366000023
2021-09-30,equal_weight,HD,Consumer Discretionary,0.045454545454545456,0.04807133885221433
2021-09-30,equal_weight,PG,Consumer Staples,0.045454545454545456,0.04666064220591388
2021-09-30,equal_weight,KO,Consumer Staples,0.045454545454545456,0.04461840415637159
2021-09-30,equal_weight,CAT,Industrials,0.045454545454545456,0.04326549596495809
2021-09-30,equal_weight,UNP,Industrials,0.045454545454545456,0.04295977900475135
2021-09-30,equal_weight,XOM,Energy,0.045454545454545456,0.051273414879819304
2021-09-30,equal_weight,CVX,Energy,0.045454545454545456,0.04982353252763295
2021-09-30,equal_weight,NEE,Utilities,0.045454545454545456,0.04442996350038003
2021-09-30,equal_weight,DUK,Utilities,0.045454545454545456,0.04431468596246109
2021-09-30,equal_weight,AMT,Real Estate,0.045454545454545456,0.04337363481847644
2021-09-30,equal_weight,PLD,Real Estate,0.045454545454545456,0.044477818079822644
2021-09-30,equal_weight,APD,Materials,0.045454545454545456,0.04542400802691079
2021-09-30,equal_weight,NEM,Materials,0.045454545454545456,0.044924978263348236
2021-09-30,equal_weight,GOOGL,Communication Services,0.045454545454545456,0.04390516350506765
2021-09-30,equal_weight,META,Communication Services,0.045454545454545456,0.0425155391336139
2021-10-29,sample,AAPL,Information Technology,1.891984684557669e-17,2.829954425189693e-18
2021-10-29,sample,MSFT,Information Technology,2.2667886442682732e-18,0.0
2021-10-29,sample,JPM,Financials,0.0,0.0
2021-10-29,sample,BAC,Financials,0.0,6.4976025448044694e-18
2021-10-29,sample,JNJ,Health Care,0.15,0.1445860000219983
2021-10-29,sample,UNH,Health Care,5.676189066304743e-18,2.2535424714846686e-18
2021-10-29,sample,AMZN,Consumer Discretionary,0.15,0.14717472426353065
2021-10-29,sample,HD,Consumer Discretionary,0.0,0.0
2021-10-29,sample,PG,Consumer Staples,0.15,0.1475412560374208
2021-10-29,sample,KO,Consumer Staples,0.09999999999999999,0.10267781891976825
2021-10-29,sample,CAT,Industrials,0.057751868396598675,0.062348057332846624
2021-10-29,sample,UNP,Industrials,0.088458561419284,0.0976594512884975
2021-10-29,sample,XOM,Energy,0.0,0.0
2021-10-29,sample,CVX,Energy,5.536988405833291e-19,4.7623675283391985e-18
2021-10-29,sample,NEE,Utilities,0.0,0.0
2021-10-29,sample,DUK,Utilities,0.07213694539296014,0.07324389749264323
2021-10-29,sample,AMT,Real Estate,2.1436234455064596e-17,2.2924820064808063e-17
2021-10-29,sample,PLD,Real Estate,8.012371565988757e-18,6.294868502092048e-18
2021-10-29,sample,APD,Materials,2.623305795789189e-18,1.7344006900824127e-17
2021-10-29,sample,NEM,Materials,0.15,0.1425689019308286
2021-10-29,sample,GOOGL,Communication Services,0.042477526827604015,0.04939984461187101
2021-10-29,sample,META,Communication Services,0.03917509796355324,0.03280004810059465
2021-10-29,ewma,AAPL,Information Technology,2.996894494232155e-17,0.0
2021-10-29,ewma,MSFT,Information Technology,0.02956179690366007,0.0
2021-10-29,ewma,JPM,Financials,0.03488430451825738,0.0
2021-10-29,ewma,BAC,Financials,0.0,0.07566297186388064
2021-10-29,ewma,JNJ,Health Care,0.11595573164802349,0.14411918938654938
2021-10-29,ewma,UNH,Health Care,0.0,0.020534470474684003
2021-10-29,ewma,AMZN,Consumer Discretionary,0.05869851873685727,0.03602951509902747
2021-10-29,ewma,HD,Consumer Discretionary,0.11502141181276118,0.0
2021-10-29,ewma,PG,Consumer Staples,0.14525218399093578,0.14706490405676356
2021-10-29,ewma,KO,Consumer Staples,0.10474781600906423,0.0
2021-10-29,ewma,CAT,Industrials,0.0,2.2834829476824368e-17
2021-10-29,ewma,UNP,Industrials,1.944447100740111e-18,1.703166179877843e-17
2021-10-29,ewma,XOM,Energy,0.0034869957655587064,0.0
2021-10-29,ewma,CVX,Energy,0.057155672861971166,0.0
2021-10-29,ewma,NEE,Utilities,4.512226113967642e-18,0.10923929869206322
2021-10-29,ewma,DUK,Utilities,0.15,0.14387639050685125
2021-10-29,ewma,AMT,Real Estate,0.0,2.710896390358083e-17
2021-10-29,ewma,PLD,Real Estate,0.0200510616317631,0.0
2021-10-29,ewma,APD,Materials,3.0764950786899953e-19,0.12717902014889731
2021-10-29,ewma,NEM,Materials,0.09482092023676952,0.12880637276742718
2021-10-29,ewma,GOOGL,Communication Services,0.0006210945773260548,1.451368032678854e-17
2021-10-29,ewma,META,Communication Services,0.06974249130705219,0.06748786700385573
2021-10-29,ledoit_wolf,AAPL,Information Technology,0.0,1.8725779448985445e-18
2021-10-29,ledoit_wolf,MSFT,Information Technology,8.365964337979239e-18,1.928908421104799e-17
2021-10-29,ledoit_wolf,JPM,Financials,0.0,4.1435018974328565e-17
2021-10-29,ledoit_wolf,BAC,Financials,0.0,4.8641785261745185e-18
2021-10-29,ledoit_wolf,JNJ,Health Care,0.15,0.14470451731065237
2021-10-29,ledoit_wolf,UNH,Health Care,4.728378868861553e-18,0.0
2021-10-29,ledoit_wolf,AMZN,Consumer Discretionary,0.14999999999999997,0.1472953635320315
2021-10-29,ledoit_wolf,HD,Consumer Discretionary,0.0,0.0
2021-10-29,ledoit_wolf,PG,Consumer Staples,0.15,0.14766219575238293
2021-10-29,ledoit_wolf,KO,Consumer Staples,0.10000000000000002,0.10276198403050817
2021-10-29,ledoit_wolf,CAT,Industrials,0.05946726389481308,0.06482588900620544
2021-10-29,ledoit_wolf,UNP,Industrials,0.08332932837507505,0.09247751387081266
2021-10-29,ledoit_wolf,XOM,Energy,0.0006852764790027559,0.0
2021-10-29,ledoit_wolf,CVX,Energy,0.0,1.5965254218321267e-18
2021-10-29,ledoit_wolf,NEE,Utilities,0.0,3.725072521495634e-19
2021-10-29,ledoit_wolf,DUK,Utilities,0.07198722308867203,0.07284678164564234
2021-10-29,ledoit_wolf,AMT,Real Estate,0.0,3.0836296769886725e-17
2021-10-29,ledoit_wolf,PLD,Real Estate,5.3406426399458674e-18,0.0
2021-10-29,ledoit_wolf,APD,Materials,0.0,9.994592745849639e-18
2021-10-29,ledoit_wolf,NEM,Materials,0.15,0.14268576580216233
2021-10-29,ledoit_wolf,GOOGL,Communication Services,0.04450329045653589,0.05049988717553307
2021-10-29,ledoit_wolf,META,Communication Services,0.04002761770590131,0.03424010187406945
2021-10-29,equal_weight,AAPL,Information Technology,0.045454545454545456,0.04419351277163297
2021-10-29,equal_weight,MSFT,Information Technology,0.045454545454545456,0.04910410596981996
2021-10-29,equal_weight,JPM,Financials,0.045454545454545456,0.04358708012875173
2021-10-29,equal_weight,BAC,Financials,0.045454545454545456,0.04698631938376633
2021-10-29,equal_weight,JNJ,Health Care,0.045454545454545456,0.042101577525624954
2021-10-29,equal_weight,UNH,Health Care,0.045454545454545456,0.049194492466950734
2021-10-29,equal_weight,AMZN,Consumer Discretionary,0.045454545454545456,0.042855380620881414
2021-10-29,equal_weight,HD,Consumer Discretionary,0.045454545454545456,0.047274227798843826
2021-10-29,equal_weight,PG,Consumer Staples,0.045454545454545456,0.042962109943856644
2021-10-29,equal_weight,KO,Consumer Staples,0.045454545454545456,0.04484768393297055
2021-10-29,equal_weight,CAT,Industrials,0.045454545454545456,0.044607980502722376
2021-10-29,equal_weight,UNP,Industrials,0.045454545454545456,0.0514117060129727
2021-10-29,equal_weight,XOM,Energy,0.045454545454545456,0.04575469664571222
2021-10-29,equal_weight,CVX,Energy,0.045454545454545456,0.047110592041564446
2021-10-29,equal_weight,NEE,Utilities,0.045454545454545456,0.045365360235795994
2021-10-29,equal_weight,DUK,Utilities,0.045454545454545456,0.04363555894466178
2021-10-29,equal_weight,AMT,Real Estate,0.045454545454545456,0.04434949385451109
2021-10-29,equal_weight,PLD,Real Estate,0.045454545454545456,0.048244728874039265
2021-10-29,equal_weight,APD,Materials,0.045454545454545456,0.04886777928548349
2021-10-29,equal_weight,NEM,Materials,0.045454545454545456,0.041514224589315384
2021-10-29,equal_weight,GOOGL,Communication Services,0.045454545454545456,0.046232382233538656
2021-10-29,equal_weight,META,Communication Services,0.045454545454545456,0.03979900623658349
2021-11-30,sample,AAPL,Information Technology,0.0,2.1143336378939112e-17
2021-11-30,sample,MSFT,Information Technology,0.0,2.2893668588757256e-18
2021-11-30,sample,JPM,Financials,9.636734328148648e-18,0.0
2021-11-30,sample,BAC,Financials,3.4150750343678484e-18,0.0
2021-11-30,sample,JNJ,Health Care,0.15,0.14616719641443232
2021-11-30,sample,UNH,Health Care,0.0,5.537519541176247e-18
2021-11-30,sample,AMZN,Consumer Discretionary,0.15,0.15774451588693414
2021-11-30,sample,HD,Consumer Discretionary,0.0,0.0
2021-11-30,sample,PG,Consumer Staples,0.15,0.15337524084404694
2021-11-30,sample,KO,Consumer Staples,0.09999999999999998,0.09482304322926631
2021-11-30,sample,CAT,Industrials,0.059168539260505845,0.055350339252859454
2021-11-30,sample,UNP,Industrials,0.08898375487717469,0.08731991919891743
2021-11-30,sample,XOM,Energy,0.0,0.0
2021-11-30,sample,CVX,Energy,3.602687750541605e-19,5.583889893384402e-19
2021-11-30,sample,NEE,Utilities,0.0,0.0
2021-11-30,sample,DUK,Utilities,0.07609413325423145,0.07005012913597525
2021-11-30,sample,AMT,Real Estate,2.0295818967452638e-19,2.0179166945540304e-17
2021-11-30,sample,PLD,Real Estate,1.1489052838419698e-17,8.426198250541841e-18
2021-11-30,sample,APD,Materials,1.4518097716700082e-17,2.5433821983747453e-18
2021-11-30,sample,NEM,Materials,0.15,0.15427285923752815
2021-11-30,sample,GOOGL,Communication Services,0.037317735224664465,0.04117169745160039
2021-11-30,sample,META,Communication Services,0.03843583738342359,0.03972505934843951
2021-11-30,ewma,AAPL,Information Technology,0.15,3.324811229978917e-17
2021-11-30,ewma,MSFT,Information Technology,0.020686799560286472,0.029639769944121108
2021-11-30,ewma,JPM,Financials,0.001578918848012487,0.032741306613833954
2021-11-30,ewma,BAC,Financials,3.057587111154485e-18,0.0
2021-11-30,ewma,JNJ,Health Care,0.15,0.11217356297538603
2021-11-30,ewma,UNH,Health Care,0.0,0.0
2021-11-30,ewma,AMZN,Consumer Discretionary,0.0,0.06128155666139785
2021-11-30,ewma,HD,Consumer Discretionary,0.07591866479865399,0.12444066076249595
2021-11-30,ewma,PG,Consumer Staples,0.12436782446995354,0.14744372894174979
2021-11-30,ewma,KO,Consumer Staples,0.0,0.09860490118821365
2021-11-30,ewma,CAT,Industrials,6.002024180999429e-18,0.0
2021-11-30,ewma,UNP,Industrials,1.844062825714263e-17,1.90550117806542e-18
2021-11-30,ewma,XOM,Energy,3.0301961298846318e-18,0.003292942776813472
2021-11-30,ewma,CVX,Energy,0.09601309959493769,0.057221891545211734
2021-11-30,ewma,NEE,Utilities,0.0,4.627315543758234e-18
2021-11-30,ewma,DUK,Utilities,0.08413278036984885,0.1446045928844779
2021-11-30,ewma,AMT,Real Estate,0.04730191235830693,0.0
2021-11-30,ewma,PLD,Real Estate,1.593838157430775e-17,0.02093377731136913
2021-11-30,ewma,APD,Materials,0.10000000000000003,2.9611374666667786e-19
2021-11-30,ewma,NEM,Materials,0.15,0.09681487110662194
2021-11-30,ewma,GOOGL,Communication Services,0.0,0.0005976362383655656
2021-11-30,ewma,META,Communication Services,0.0,0.0702088010499423
2021-11-30,ledoit_wolf,AAPL,Information Technology,1.8954519747553933e-18,0.0
2021-11-30,ledoit_wolf,MSFT,Information Technology,0.0,8.450008697932577e-18
2021-11-30,ledoit_wolf,JPM,Financials,0.0,0.0
2021-11-30,ledoit_wolf,BAC,Financials,0.0,0.0
2021-11-30,ledoit_wolf,JNJ,Health Care,0.15,0.14617957695635764
2021-11-30,ledoit_wolf,UNH,Health Care,7.100379454169258e-18,4.6132550999401775e-18
2021-11-30,ledoit_wolf,AMZN,Consumer Discretionary,0.15,0.15775787704210675
2021-11-30,ledoit_wolf,HD,Consumer Discretionary,0.0,0.0
2021-11-30,ledoit_wolf,PG,Consumer Staples,0.15,0.15338823191623116
2021-11-30,ledoit_wolf,KO,Consumer Staples,0.09999999999999999,0.09483107485805164
2021-11-30,ledoit_wolf,CAT,Industrials,0.06111794060429085,0.056999229970158626
2021-11-30,ledoit_wolf,UNP,Industrials,0.08353321956292034,0.08226367709706874
2021-11-30,ledoit_wolf,XOM,Energy,0.0,0.0006519221498842232
2021-11-30,ledoit_wolf,CVX,Energy,1.7234217862599158e-18,0.0
2021-11-30,ledoit_wolf,NEE,Utilities,0.0,0.0
2021-11-30,ledoit_wolf,DUK,Utilities,0.0758855770564649,0.0699106590964166
2021-11-30,ledoit_wolf,AMT,Real Estate,0.0,0.0
2021-11-30,ledoit_wolf,PLD,Real Estate,0.0,5.616954351858296e-18
2021-11-30,ledoit_wolf,APD,Materials,5.734863463154113e-18,0.0
2021-11-30,ledoit_wolf,NEM,Materials,0.15,0.15428592633909813
2021-11-30,ledoit_wolf,GOOGL,Communication Services,0.04056839228036157,0.04313883936212876
2021-11-30,ledoit_wolf,META,Communication Services,0.03889487049596245,0.04059298521249802
2021-11-30,equal_weight,AAPL,Information Technology,0.045454545454545456,0.05088911933505998
2021-11-30,equal_weight,MSFT,Information Technology,0.045454545454545456,0.04599105751280347
2021-11-30,equal_weight,JPM,Financials,0.045454545454545456,0.04305219852640934
2021-11-30,equal_weight,BAC,Financials,0.045454545454545456,0.04285994252606572
2021-11-30,equal_weight,JNJ,Health Care,0.045454545454545456,0.0443739092061776
2021-11-30,equal_weight,UNH,Health Care,0.045454545454545456,0.04442500153683269
2021-11-30,equal_weight,AMZN,Consumer Discretionary,0.045454545454545456,0.04788858921459151
2021-11-30,equal_weight,HD,Consumer Discretionary,0.045454545454545456,0.04962642732178249
2021-11-30,equal_weight,PG,Consumer Staples,0.045454545454545456,0.04656215059631094
2021-11-30,equal_weight,KO,Consumer Staples,0.045454545454545456,0.043180028222393876
2021-11-30,equal_weight,CAT,Industrials,0.045454545454545456,0.043643872708840716
2021-11-30,equal_weight,UNP,Industrials,0.045454545454545456,0.044951323730541476
2021-11-30,equal_weight,XOM,Energy,0.045454545454545456,0.04331737792401907
2021-11-30,equal_weight,CVX,Energy,0.045454545454545456,0.04592321286096552
2021-11-30,equal_weight,NEE,Utilities,0.045454545454545456,0.047040037297808986
2021-11-30,equal_weight,DUK,Utilities,0.045454545454545456,0.0442201513180679
2021-11-30,equal_weight,AMT,Real Estate,0.045454545454545456,0.04286706677052883
2021-11-30,equal_weight,PLD,Real Estate,0.045454545454545456,0.04788942519667124
2021-11-30,equal_weight,APD,Materials,0.045454545454545456,0.04415010502183681
2021-11-30,equal_weight,NEM,Materials,0.045454545454545456,0.046834652485046646
2021-11-30,equal_weight,GOOGL,Communication Services,0.045454545454545456,0.04413758656882484
2021-11-30,equal_weight,META,Communication Services,0.045454545454545456,0.046176764118420234
2021-12-31,sample,AAPL,Information Technology,3.834425665013458e-17,0.0
2021-12-31,sample,MSFT,Information Technology,0.0,0.0
2021-12-31,sample,JPM,Financials,0.0,8.896637218842646e-18
2021-12-31,sample,BAC,Financials,2.3613607777599974e-18,3.1790055151091016e-18
2021-12-31,sample,JNJ,Health Care,0.15,0.15238630192330152
2021-12-31,sample,UNH,Health Care,0.0,0.0
2021-12-31,sample,AMZN,Consumer Discretionary,0.15,0.13205870846126624
2021-12-31,sample,HD,Consumer Discretionary,0.0,0.0
2021-12-31,sample,PG,Consumer Staples,0.15,0.15715331435831775
2021-12-31,sample,KO,Consumer Staples,0.10000000000000006,0.1045345644557401
2021-12-31,sample,CAT,Industrials,0.05367540285906432,0.058584332492016444
2021-12-31,sample,UNP,Industrials,0.09223474374300765,0.08851569893255053
2021-12-31,sample,XOM,Energy,2.603466444645546e-17,0.0
2021-12-31,sample,CVX,Energy,6.29054661928726e-18,3.4684985121051256e-19
2021-12-31,sample,NEE,Utilities,4.812137021808674e-18,0.0
2021-12-31,sample,DUK,Utilities,0.0756945351614325,0.07619397451965977
2021-12-31,sample,AMT,Real Estate,0.0,2.1047393682779108e-19
2021-12-31,sample,PLD,Real Estate,1.0302851767280863e-17,1.192887413367241e-17
2021-12-31,sample,APD,Materials,0.0,1.4301008954917356e-17
2021-12-31,sample,NEM,Materials,0.14999999999999997,0.15840162271697406
2021-12-31,sample,GOOGL,Communication Services,0.04609569025971711,0.035275675373988485
2021-12-31,sample,META,Communication Services,0.03229962797677822,0.03689580676618508
2021-12-31,ewma,AAPL,Information Technology,0.11497271957775865,0.14793649233941272
2021-12-31,ewma,MSFT,Information Technology,4.175898899743302e-18,0.019321619713918096
2021-12-31,ewma,JPM,Financials,0.057098473340603716,0.0014452158708773307
2021-12-31,ewma,BAC,Financials,1.168227840853131e-17,2.821933582651089e-18
2021-12-31,ewma,JNJ,Health Care,0.12671391728146766,0.15108552138233863
2021-12-31,ewma,UNH,Health Care,0.0,0.0
2021-12-31,ewma,AMZN,Consumer Discretionary,0.15,0.0
2021-12-31,ewma,HD,Consumer Discretionary,0.07920496317446371,0.0725045222661955
2021-12-31,ewma,PG,Consumer Staples,0.1024458612200469,0.12918653231772767
2021-12-31,ewma,KO,Consumer Staples,2.9002408113987244e-18,0.0
2021-12-31,ewma,CAT,Industrials,0.0,5.892034713829692e-18
2021-12-31,ewma,UNP,Industrials,5.3939058081153846e-18,1.8187047703409795e-17
2021-12-31,ewma,XOM,Energy,4.797594613248357e-18,2.844768108886354e-18
2021-12-31,ewma,CVX,Energy,0.0,0.091647853493001
2021-12-31,ewma,NEE,Utilities,2.0674380176582963e-17,0.0
2021-12-31,ewma,DUK,Utilities,0.15,0.08352406314036753
2021-12-31,ewma,AMT,Real Estate,5.2244992186645245e-18,0.0486348253756308
2021-12-31,ewma,PLD,Real Estate,1.0001765041178778e-17,1.6407271592454355e-17
2021-12-31,ewma,APD,Materials,0.06956406540565944,0.09766385913970443
2021-12-31,ewma,NEM,Materials,0.14999999999999997,0.15704949496082637
2021-12-31,ewma,GOOGL,Communication Services,1.894643296418419e-17,0.0
2021-12-31,ewma,META,Communication Services,1.3633842319005218e-17,0.0
2021-12-31,ledoit_wolf,AAPL,Information Technology,0.0,1.885824177136563e-18
2021-12-31,ledoit_wolf,MSFT,Information Technology,0.0,0.0
2021-12-31,ledoit_wolf,JPM,Financials,2.1886467084004535e-17,0.0
2021-12-31,ledoit_wolf,BAC,Financials,0.0,0.0
2021-12-31,ledoit_wolf,JNJ,Health Care,0.15,0.1524148221752953
2021-12-31,ledoit_wolf,UNH,Health Care,0.0,7.457855217628438e-18
2021-12-31,ledoit_wolf,AMZN,Consumer Discretionary,0.15,0.13208342424999378
2021-12-31,ledoit_wolf,HD,Consumer Discretionary,0.0,0.0
2021-12-31,ledoit_wolf,PG,Consumer Staples,0.15,0.15718272679283832
2021-12-31,ledoit_wolf,KO,Consumer Staples,0.09999999999999998,0.10455412889219347
2021-12-31,ledoit_wolf,CAT,Industrials,0.05651602834826216,0.06052581196248747
2021-12-31,ledoit_wolf,UNP,Industrials,0.0864118012007139,0.08310938516050173
2021-12-31,ledoit_wolf,XOM,Energy,7.320232768636095e-19,0.0
2021-12-31,ledoit_wolf,CVX,Energy,8.723484236618822e-20,1.659540066918152e-18
2021-12-31,ledoit_wolf,NEE,Utilities,4.933858764084271e-18,0.0
2021-12-31,ledoit_wolf,DUK,Utilities,0.07572059752068429,0.07599936587641185
2021-12-31,ledoit_wolf,AMT,Real Estate,2.996384100576215e-17,0.0
2021-12-31,ledoit_wolf,PLD,Real Estate,7.397869740842171e-18,0.0
2021-12-31,ledoit_wolf,APD,Materials,1.0181717785296955e-17,5.650167463188723e-18
2021-12-31,ledoit_wolf,NEM,Materials,0.15,0.1584312687818702
2021-12-31,ledoit_wolf,GOOGL,Communication Services,0.04713963306731199,0.03835563077191109
2021-12-31,ledoit_wolf,META,Communication Services,0.03421193986302773,0.037343435336496776
2021-12-31,equal_weight,AAPL,Information Technology,0.045454545454545456,0.0458250750755945
2021-12-31,equal_weight,MSFT,Information Technology,0.045454545454545456,0.04339796355101775
2021-12-31,equal_weight,JPM,Financials,0.045454545454545456,0.04252967267417278
2021-12-31,equal_weight,BAC,Financials,0.045454545454545456,0.04288318918816064
2021-12-31,equal_weight,JNJ,Health Care,0.045454545454545456,0.04680052399982767
2021-12-31,equal_weight,UNH,Health Care,0.045454545454545456,0.048377916469798096
2021-12-31,equal_weight,AMZN,Consumer Discretionary,0.045454545454545456,0.040557561124086046
2021-12-31,equal_weight,HD,Consumer Discretionary,0.045454545454545456,0.04437472360158643
2021-12-31,equal_weight,PG,Consumer Staples,0.045454545454545456,0.04826455768957973
2021-12-31,equal_weight,KO,Consumer Staples,0.045454545454545456,0.04815661576082564
2021-12-31,equal_weight,CAT,Industrials,0.045454545454545456,0.045612794792254344
2021-12-31,equal_weight,UNP,Industrials,0.045454545454545456,0.04582533199132527
2021-12-31,equal_weight,XOM,Energy,0.045454545454545456,0.04362096395576746
2021-12-31,equal_weight,CVX,Energy,0.045454545454545456,0.04435176776233237
2021-12-31,equal_weight,NEE,Utilities,0.045454545454545456,0.04589311889594471
2021-12-31,equal_weight,DUK,Utilities,0.045454545454545456,0.04612809278792595
2021-12-31,equal_weight,AMT,Real Estate,0.045454545454545456,0.04777358018947192
2021-12-31,equal_weight,PLD,Real Estate,0.045454545454545456,0.047831199738416555
2021-12-31,equal_weight,APD,Materials,0.045454545454545456,0.04537880011695641
2021-12-31,equal_weight,NEM,Materials,0.045454545454545456,0.04864793522785672
2021-12-31,equal_weight,GOOGL,Communication Services,0.045454545454545456,0.04354678561037188
2021-12-31,equal_weight,META,Communication Services,0.045454545454545456,0.04422182979672737
2022-01-31,sample,AAPL,Information Technology,4.900436812782235e-18,3.8684904549560145e-17
2022-01-31,sample,MSFT,Information Technology,1.890136864399743e-17,0.0
2022-01-31,sample,JPM,Financials,1.864349557662102e-17,0.0
2022-01-31,sample,BAC,Financials,0.0,2.5101324748838545e-18
2022-01-31,sample,JNJ,Health Care,0.15,0.15484476632637167
2022-01-31,sample,UNH,Health Care,9.242833339468094e-18,0.0
2022-01-31,sample,AMZN,Consumer Discretionary,0.15,0.13793839574863936
2022-01-31,sample,HD,Consumer Discretionary,4.8638545488125356e-18,0.0
2022-01-31,sample,PG,Consumer Staples,0.14999999999999997,0.15162074593360364
2022-01-31,sample,KO,Consumer Staples,0.10000000000000002,0.1056148622110253
2022-01-31,sample,CAT,Industrials,0.058576638984255275,0.05389847911714359
2022-01-31,sample,UNP,Industrials,0.09460748865382,0.09177015992485177
2022-01-31,sample,XOM,Energy,0.0,3.312650700301901e-17
2022-01-31,sample,CVX,Energy,0.0,7.215863518884469e-18
2022-01-31,sample,NEE,Utilities,0.0,4.127229417918815e-18
2022-01-31,sample,DUK,Utilities,0.07630078809677157,0.07770436020228255
2022-01-31,sample,AMT,Real Estate,3.0775569884571275e-18,0.0
2022-01-31,sample,PLD,Real Estate,2.860294487667172e-18,9.836466823078839e-18
2022-01-31,sample,APD,Materials,5.609234053313562e-18,0.0
2022-01-31,sample,NEM,Materials,0.15,0.15164114710492338
2022-01-31,sample,GOOGL,Communication Services,0.04704302388704389,0.044133063617709675
2022-01-31,sample,META,Communication Services,0.02347206037810937,0.03083401981344905
2022-01-31,ewma,AAPL,Information Technology,0.0,0.11751366827003536
2022-01-31,ewma,MSFT,Information Technology,0.04836378567095259,4.0096029208789405e-18
2022-01-31,ewma,JPM,Financials,0.0,0.05597473713904928
2022-01-31,ewma,BAC,Financials,0.0,1.258097273877235e-17
2022-01-31,ewma,JNJ,Health Care,0.14034725461989206,0.13252016294298546
2022-01-31,ewma,UNH,Health Care,0.07858217693991959,0.0
2022-01-31,ewma,AMZN,Consumer Discretionary,2.284632759849164e-18,0.13974540701945123
2022-01-31,ewma,HD,Consumer Discretionary,0.04236770882269305,0.07272900441709693
2022-01-31,ewma,PG,Consumer Staples,0.06640467285797186,0.10490934119754465
2022-01-31,ewma,KO,Consumer Staples,0.0,3.103212160731544e-18
2022-01-31,ewma,CAT,Industrials,0.12843254221819847,0.0
2022-01-31,ewma,UNP,Industrials,0.062026037712852915,5.437041820073894e-18
2022-01-31,ewma,XOM,Energy,0.08249710026544642,6.184428605905365e-18
2022-01-31,ewma,CVX,Energy,0.04513004260270545,0.0
2022-01-31,ewma,NEE,Utilities,3.836531836967637e-18,1.796410131382343e-17
2022-01-31,ewma,DUK,Utilities,0.15,0.15599996245630465
2022-01-31,ewma,AMT,Real Estate,3.678586042142192e-18,4.664749791987631e-18
2022-01-31,ewma,PLD,Real Estate,0.10223609773513365,9.674102849060125e-18
2022-01-31,ewma,APD,Materials,2.442713484293145e-18,0.06698005032245463
2022-01-31,ewma,NEM,Materials,0.05361258055423389,0.15362766623507756
2022-01-31,ewma,GOOGL,Communication Services,0.0,1.837737948027151e-17
2022-01-31,ewma,META,Communication Services,0.0,1.3185702293087106e-17
2022-01-31,ledoit_wolf,AAPL,Information Technology,0.0,0.0
2022-01-31,ledoit_wolf,MSFT,Information Technology,0.0,0.0
2022-01-31,ledoit_wolf,JPM,Financials,0.0,2.118018171315873e-17
2022-01-31,ledoit_wolf,BAC,Financials,9.675537478113119e-18,0.0
2022-01-31,ledoit_wolf,JNJ,Health Care,0.15,0.15485860950539612
2022-01-31,ledoit_wolf,UNH,Health Care,0.0,0.0
2022-01-31,ledoit_wolf,AMZN,Consumer Discretionary,0.15,0.13795072749192003
2022-01-31,ledoit_wolf,HD,Consumer Discretionary,0.0,0.0
2022-01-31,ledoit_wolf,PG,Consumer Staples,0.15,0.1516343008840198
2022-01-31,ledoit_wolf,KO,Consumer Staples,0.1,0.1056243042185267
2022-01-31,ledoit_wolf,CAT,Industrials,0.060968202567458975,0.056755983866057465
2022-01-31,ledoit_wolf,UNP,Industrials,0.09055700952429717,0.08598423371581727
2022-01-31,ledoit_wolf,XOM,Energy,8.209945560993157e-19,9.315096862584799e-19
2022-01-31,ledoit_wolf,CVX,Energy,1.4495433539667894e-17,1.0007572155123424e-19
2022-01-31,ledoit_wolf,NEE,Utilities,1.1341964770465645e-17,4.2320049111877645e-18
2022-01-31,ledoit_wolf,DUK,Utilities,0.07477394648453124,0.07773806375391269
2022-01-31,ledoit_wolf,AMT,Real Estate,0.0,2.6409952588504644e-17
2022-01-31,ledoit_wolf,PLD,Real Estate,2.708576147439586e-18,7.06361767377836e-18
2022-01-31,ledoit_wolf,APD,Materials,1.340369833835131e-17,9.677607898412392e-18
2022-01-31,ledoit_wolf,NEM,Materials,0.14999999999999997,0.15165470387921196
2022-01-31,ledoit_wolf,GOOGL,Communication Services,0.047462010430531214,0.04513659310329242
2022-01-31,ledoit_wolf,META,Communication Services,0.02623883099318142,0.032662479581845524
2022-01-31,equal_weight,AAPL,Information Technology,0.045454545454545456,0.046090059357560394
2022-01-31,equal_weight,MSFT,Information Technology,0.045454545454545456,0.043297725075935725
2022-01-31,equal_weight,JPM,Financials,0.045454545454545456,0.04420600360159897
2022-01-31,equal_weight,BAC,Financials,0.045454545454545456,0.04856242414605892
2022-01-31,equal_weight,JNJ,Health Care,0.045454545454545456,0.04715973245749345
2022-01-31,equal_weight,UNH,Health Care,0.045454545454545456,0.044068327984704364
2022-01-31,equal_weight,AMZN,Consumer Discretionary,0.045454545454545456,0.042010705259553784
2022-01-31,equal_weight,HD,Consumer Discretionary,0.045454545454545456,0.04140653933673085
2022-01-31,equal_weight,PG,Consumer Staples,0.045454545454545456,0.046177820425413664
2022-01-31,equal_weight,KO,Consumer Staples,0.045454545454545456,0.04824930893927187
2022-01-31,equal_weight,CAT,Industrials,0.045454545454545456,0.04587406848520475
2022-01-31,equal_weight,UNP,Industrials,0.045454545454545456,0.04545409378751947
2022-01-31,equal_weight,XOM,Energy,0.045454545454545456,0.05812858089994277
2022-01-31,equal_weight,CVX,Energy,0.045454545454545456,0.05240418676455319
2022-01-31,equal_weight,NEE,Utilities,0.045454545454545456,0.03918200773872692
2022-01-31,equal_weight,DUK,Utilities,0.045454545454545456,0.04689720101027054
2022-01-31,equal_weight,AMT,Real Estate,0.045454545454545456,0.04026218814144642
2022-01-31,equal_weight,PLD,Real Estate,0.045454545454545456,0.04361619147540666
2022-01-31,equal_weight,APD,Materials,0.045454545454545456,0.043418438778799175
2022-01-31,equal_weight,NEM,Materials,0.045454545454545456,0.04618403383387484
2022-01-31,equal_weight,GOOGL,Communication Services,0.045454545454545456,0.043739097149777334
2022-01-31,equal_weight,META,Communication Services,0.045454545454545456,0.04361126535015594
2022-02-28,sample,AAPL,Information Technology,2.473363755156018e-18,4.659543362023609e-18
2022-02-28,sample,MSFT,Information Technology,3.2856605106879985e-17,1.8292433733317145e-17
2022-02-28,sample,JPM,Financials,2.3740057262384865e-17,1.7882675592047397e-17
2022-02-28,sample,BAC,Financials,4.8240783622836485e-18,0.0
2022-02-28,sample,JNJ,Health Care,0.14999999999999997,0.14494669058877752
2022-02-28,sample,UNH,Health Care,1.2622517600912363e-18,9.35567019982961e-18
2022-02-28,sample,AMZN,Consumer Discretionary,0.14999999999999997,0.15479994814654363
2022-02-28,sample,HD,Consumer Discretionary,1.628991464602324e-17,4.207645764447884e-18
2022-02-28,sample,PG,Consumer Staples,0.14999999999999997,0.14649318031868724
2022-02-28,sample,KO,Consumer Staples,0.10000000000000005,0.10254541601001
2022-02-28,sample,CAT,Industrials,0.06607235554496964,0.054796680125453016
2022-02-28,sample,UNP,Industrials,0.08723023078895677,0.09611125963878882
2022-02-28,sample,XOM,Energy,0.0004295265128251331,0.0
2022-02-28,sample,CVX,Energy,6.291841940537015e-18,0.0
2022-02-28,sample,NEE,Utilities,1.565587921114562e-17,0.0
2022-02-28,sample,DUK,Utilities,0.07564344381077338,0.07403491376668818
2022-02-28,sample,AMT,Real Estate,0.0,2.7905691031549935e-18
2022-02-28,sample,PLD,Real Estate,9.30840149914986e-18,2.674012640645051e-18
2022-02-28,sample,APD,Materials,1.7482067375292298e-17,4.72259755282931e-18
2022-02-28,sample,NEM,Materials,0.15,0.163176764010094
2022-02-28,sample,GOOGL,Communication Services,0.07062444334247493,0.04720097066751247
2022-02-28,sample,META,Communication Services,1.0636601555258704e-17,0.01589417672744526
2022-02-28,ewma,AAPL,Information Technology,0.0,0.0
2022-02-28,ewma,MSFT,Information Technology,0.1471571299149408,0.047620216484537646
2022-02-28,ewma,JPM,Financials,1.1314107222322999e-17,0.0
2022-02-28,ewma,BAC,Financials,0.0,0.0
2022-02-28,ewma,JNJ,Health Care,0.0,0.13797925834344013
2022-02-28,ewma,UNH,Health Care,4.394518535461153e-18,0.08092573957726595
2022-02-28,ewma,AMZN,Consumer Discretionary,1.1789641112407908e-17,2.3987710086242956e-18
2022-02-28,ewma,HD,Consumer Discretionary,5.940951833051232e-18,0.037289487045679796
2022-02-28,ewma,PG,Consumer Staples,2.545054253689037e-18,0.06598080798631975
2022-02-28,ewma,KO,Consumer Staples,0.14999999999999997,0.0
2022-02-28,ewma,CAT,Industrials,0.15,0.1222356023769861
2022-02-28,ewma,UNP,Industrials,0.06891514566942261,0.06410850263380687
2022-02-28,ewma,XOM,Energy,0.09398049336397496,0.08806614014011017
2022-02-28,ewma,CVX,Energy,0.09525874191949815,0.05113763886658374
2022-02-28,ewma,NEE,Utilities,0.007099149433592341,3.952856232584013e-18
2022-02-28,ewma,DUK,Utilities,0.0,0.14807837838419152
2022-02-28,ewma,AMT,Real Estate,0.15,3.393598318620968e-18
2022-02-28,ewma,PLD,Real Estate,0.0,0.09724108833102131
2022-02-28,ewma,APD,Materials,9.838222188445258e-18,2.0923905271471433e-18
2022-02-28,ewma,NEM,Materials,0.13758933969857132,0.059337139830057145
2022-02-28,ewma,GOOGL,Communication Services,1.0374017800717659e-17,0.0
2022-02-28,ewma,META,Communication Services,0.0,0.0
2022-02-28,ledoit_wolf,AAPL,Information Technology,0.0,0.0
2022-02-28,ledoit_wolf,MSFT,Information Technology,0.0,0.0
2022-02-28,ledoit_wolf,JPM,Financials,0.0,0.0
2022-02-28,ledoit_wolf,BAC,Financials,1.5983844077450462e-17,9.32674793436375e-18
2022-02-28,ledoit_wolf,JNJ,Health Care,0.15,0.14510125308518584
2022-02-28,ledoit_wolf,UNH,Health Care,1.2561250594726109e-17,0.0
2022-02-28,ledoit_wolf,AMZN,Consumer Discretionary,0.15,0.15496501756849584
2022-02-28,ledoit_wolf,HD,Consumer Discretionary,6.927655428979757e-18,0.0
2022-02-28,ledoit_wolf,PG,Consumer Staples,0.15,0.1466493918994061
2022-02-28,ledoit_wolf,KO,Consumer Staples,0.10000000000000005,0.10265476431889055
2022-02-28,ledoit_wolf,CAT,Industrials,0.0651748205264519,0.057094733332329645
2022-02-28,ledoit_wolf,UNP,Industrials,0.08439027411409011,0.0920944982544975
2022-02-28,ledoit_wolf,XOM,Energy,0.005514335670837134,8.623440580435312e-19
2022-02-28,ledoit_wolf,CVX,Energy,0.0,1.6161294966062718e-17
2022-02-28,ledoit_wolf,NEE,Utilities,3.7214796375446625e-18,1.1498217672068415e-17
2022-02-28,ledoit_wolf,DUK,Utilities,0.07424906663176445,0.07263078079486757
2022-02-28,ledoit_wolf,AMT,Real Estate,1.0829759631198255e-17,0.0
2022-02-28,ledoit_wolf,PLD,Real Estate,0.0,2.5348753919541914e-18
2022-02-28,ledoit_wolf,APD,Materials,4.0824857370644045e-18,1.1297045550400766e-17
2022-02-28,ledoit_wolf,NEM,Materials,0.14999999999999997,0.16335076596832268
2022-02-28,ledoit_wolf,GOOGL,Communication Services,0.06714441738951363,0.04767214453594629
2022-02-28,ledoit_wolf,META,Communication Services,0.0035270856673428,0.017786650242058194
2022-02-28,equal_weight,AAPL,Information Technology,0.045454545454545456,0.04470833634728805
2022-02-28,equal_weight,MSFT,Information Technology,0.045454545454545456,0.045504902009944434
2022-02-28,equal_weight,JPM,Financials,0.045454545454545456,0.045100888704081486
2022-02-28,equal_weight,BAC,Financials,0.045454545454545456,0.04527643530223132
2022-02-28,equal_weight,JNJ,Health Care,0.045454545454545456,0.04543567564239307
2022-02-28,equal_weight,UNH,Health Care,0.045454545454545456,0.04759372833111417
2022-02-28,equal_weight,AMZN,Consumer Discretionary,0.045454545454545456,0.04852432439040578
2022-02-28,equal_weight,HD,Consumer Discretionary,0.045454545454545456,0.04067602789809893
2022-02-28,equal_weight,PG,Consumer Staples,0.045454545454545456,0.04592044563242903
2022-02-28,equal_weight,KO,Consumer Staples,0.045454545454545456,0.04821655715131394
2022-02-28,equal_weight,CAT,Industrials,0.045454545454545456,0.04398552134670004
2022-02-28,equal_weight,UNP,Industrials,0.045454545454545456,0.04776708073784517
2022-02-28,equal_weight,XOM,Energy,0.045454545454545456,0.049335255810727986
2022-02-28,equal_weight,CVX,Energy,0.045454545454545456,0.052367523266461276
2022-02-28,equal_weight,NEE,Utilities,0.045454545454545456,0.047616702695060915
2022-02-28,equal_weight,DUK,Utilities,0.045454545454545456,0.045623384195757705
2022-02-28,equal_weight,AMT,Real Estate,0.045454545454545456,0.04263503494936093
2022-02-28,equal_weight,PLD,Real Estate,0.045454545454545456,0.04395746635400936
2022-02-28,equal_weight,APD,Materials,0.045454545454545456,0.03958743117604249
2022-02-28,equal_weight,NEM,Materials,0.045454545454545456,0.05115016073717776
2022-02-28,equal_weight,GOOGL,Communication Services,0.045454545454545456,0.04717757843090554
2022-02-28,equal_weight,META,Communication Services,0.045454545454545456,0.031839538890650644
2022-03-31,sample,AAPL,Information Technology,0.0,2.4169802555214847e-18
2022-03-31,sample,MSFT,Information Technology,0.0029649244528513015,3.132996968652764e-17
2022-03-31,sample,JPM,Financials,0.00747143340118396,2.1090200586307804e-17
2022-03-31,sample,BAC,Financials,0.0,4.177669068638742e-18
2022-03-31,sample,JNJ,Health Care,0.15,0.14927724263673187
2022-03-31,sample,UNH,Health Care,0.027647981660830614,1.2537220450385348e-18
2022-03-31,sample,AMZN,Consumer Discretionary,0.13228004544107158,0.14713002022426147
2022-03-31,sample,HD,Consumer Discretionary,0.07689498148972826,1.4353057724018294e-17
2022-03-31,sample,PG,Consumer Staples,0.15,0.13586635895459254
2022-03-31,sample,KO,Consumer Staples,0.1,0.09275762208234317
2022-03-31,sample,CAT,Industrials,0.04969905287434051,0.07252758405900275
2022-03-31,sample,UNP,Industrials,0.03289961808785234,0.08954315231175623
2022-03-31,sample,XOM,Energy,0.017172524373295646,0.00041802901018988696
2022-03-31,sample,CVX,Energy,0.0,6.5745406626419444e-18
2022-03-31,sample,NEE,Utilities,0.004832355526673022,1.565786667618346e-17
2022-03-31,sample,DUK,Utilities,0.15,0.07773340965216301
2022-03-31,sample,AMT,Real Estate,0.0,0.0
2022-03-31,sample,PLD,Real Estate,0.0,9.572566590819724e-18
2022-03-31,sample,APD,Materials,0.006957605017837424,1.7195566143726857e-17
2022-03-31,sample,NEM,Materials,0.09117947767433539,0.1675450298881617
2022-03-31,sample,GOOGL,Communication Services,1.5751061072869228e-17,0.06720155118079721
2022-03-31,sample,META,Communication Services,0.0,1.0356930246776804e-17
2022-03-31,ewma,AAPL,Information Technology,1.2242514265895847e-17,0.0
2022-03-31,ewma,MSFT,Information Technology,0.1299276747945521,0.1375506094391852
2022-03-31,ewma,JPM,Financials,1.028028589231745e-17,9.852879280080934e-18
2022-03-31,ewma,BAC,Financials,0.0,0.0
2022-03-31,ewma,JNJ,Health Care,1.0783001263493982e-17,0.0
2022-03-31,ewma,UNH,Health Care,0.0,4.278686841807144e-18
2022-03-31,ewma,AMZN,Consumer Discretionary,4.293265272134254e-18,1.1335861836890574e-17
2022-03-31,ewma,HD,Consumer Discretionary,0.0008976996869877199,5.131278391840634e-18
2022-03-31,ewma,PG,Consumer Staples,0.06903041633904844,2.259756509824724e-18
2022-03-31,ewma,KO,Consumer Staples,0.14999999999999997,0.1363907096698943
2022-03-31,ewma,CAT,Industrials,0.1320771465118997,0.16140560181219815
2022-03-31,ewma,UNP,Industrials,4.0107979866153104e-18,0.06934640630151523
2022-03-31,ewma,XOM,Energy,2.3482361215695476e-17,0.08965986687456676
2022-03-31,ewma,CVX,Energy,0.14631136871244527,0.09757450947438287
2022-03-31,ewma,NEE,Utilities,0.07309123341117858,0.006959937989625051
2022-03-31,ewma,DUK,Utilities,0.15,0.0
2022-03-31,ewma,AMT,Real Estate,0.06963644392785275,0.15046240556889728
2022-03-31,ewma,PLD,Real Estate,7.481590613223846e-18,0.0
2022-03-31,ewma,APD,Materials,5.695185458817042e-19,9.48602444218041e-18
2022-03-31,ewma,NEM,Materials,0.07902801661603548,0.15064995286973545
2022-03-31,ewma,GOOGL,Communication Services,1.1194638654234799e-17,9.67643029150429e-18
2022-03-31,ewma,META,Communication Services,1.1766034591655889e-17,0.0
2022-03-31,ledoit_wolf,AAPL,Information Technology,5.330812609772702e-18,0.0
2022-03-31,ledoit_wolf,MSFT,Information Technology,0.008202509562969884,0.0
2022-03-31,ledoit_wolf,JPM,Financials,0.009253275204498283,0.0
2022-03-31,ledoit_wolf,BAC,Financials,1.2230668734798267e-17,1.3845689410850373e-17
2022-03-31,ledoit_wolf,JNJ,Health Care,0.15,0.1493163188298569
2022-03-31,ledoit_wolf,UNH,Health Care,0.028534915416216226,1.2479633387820364e-17
2022-03-31,ledoit_wolf,AMZN,Consumer Discretionary,0.12696187366926215,0.14716853434056743
2022-03-31,ledoit_wolf,HD,Consumer Discretionary,0.07358641782517591,6.105560952171004e-18
2022-03-31,ledoit_wolf,PG,Consumer Staples,0.15,0.13590192459063935
2022-03-31,ledoit_wolf,KO,Consumer Staples,0.1,0.09278190317630156
2022-03-31,ledoit_wolf,CAT,Industrials,0.04721322429624323,0.07156108801164278
2022-03-31,ledoit_wolf,UNP,Industrials,0.03224765816210824,0.08665057031601713
2022-03-31,ledoit_wolf,XOM,Energy,0.017805205037906693,0.005368133587780081
2022-03-31,ledoit_wolf,CVX,Energy,8.309728753742945e-19,0.0
2022-03-31,ledoit_wolf,NEE,Utilities,0.008207784462747034,3.722926360411172e-18
2022-03-31,ledoit_wolf,DUK,Utilities,0.15,0.07632048011114052
2022-03-31,ledoit_wolf,AMT,Real Estate,4.078139390643622e-18,1.1084734770449212e-17
2022-03-31,ledoit_wolf,PLD,Real Estate,0.0,0.0
2022-03-31,ledoit_wolf,APD,Materials,0.008883110386414051,4.016631922765453e-18
2022-03-31,ledoit_wolf,NEM,Materials,0.08910402597645842,0.16758888802641095
2022-03-31,ledoit_wolf,GOOGL,Communication Services,0.0,0.06390691304177142
2022-03-31,ledoit_wolf,META,Communication Services,4.794190523390382e-18,0.0034352459678718616
2022-03-31,equal_weight,AAPL,Information Technology,0.045454545454545456,0.04520643041140509
2022-03-31,equal_weight,MSFT,Information Technology,0.045454545454545456,0.044111557463709504
2022-03-31,equal_weight,JPM,Financials,0.045454545454545456,0.04109737218311675
2022-03-31,equal_weight,BAC,Financials,0.045454545454545456,0.04006219920485927
2022-03-31,equal_weight,JNJ,Health Care,0.045454545454545456,0.046038106231066876
2022-03-31,equal_weight,UNH,Health Care,0.045454545454545456,0.0459483989065163
2022-03-31,equal_weight,AMZN,Consumer Discretionary,0.045454545454545456,0.04537588838874238
2022-03-31,equal_weight,HD,Consumer Discretionary,0.045454545454545456,0.0407606149979056
2022-03-31,equal_weight,PG,Consumer Staples,0.045454545454545456,0.04190209945129743
2022-03-31,equal_weight,KO,Consumer Staples,0.045454545454545456,0.0429106123318486
2022-03-31,equal_weight,CAT,Industrials,0.045454545454545456,0.05078068164844182
2022-03-31,equal_weight,UNP,Industrials,0.045454545454545456,0.047487626471169796
2022-03-31,equal_weight,XOM,Energy,0.045454545454545456,0.04502270155622405
2022-03-31,equal_weight,CVX,Energy,0.045454545454545456,0.04833956267541078
2022-03-31,equal_weight,NEE,Utilities,0.045454545454545456,0.04626688215676298
2022-03-31,equal_weight,DUK,Utilities,0.045454545454545456,0.047539162927727176
2022-03-31,equal_weight,AMT,Real Estate,0.045454545454545456,0.04733778401410771
2022-03-31,equal_weight,PLD,Real Estate,0.045454545454545456,0.047573860421816966
2022-03-31,equal_weight,APD,Materials,0.045454545454545456,0.045502870516937945
2022-03-31,equal_weight,NEM,Materials,0.045454545454545456,0.05167201475746214
2022-03-31,equal_weight,GOOGL,Communication Services,0.045454545454545456,0.04401891821252416
2022-03-31,equal_weight,META,Communication Services,0.045454545454545456,0.045044655070946286
2022-04-29,sample,AAPL,Information Technology,4.032081890601434e-18,0.0
2022-04-29,sample,MSFT,Information Technology,0.040481346665433834,0.0027639675537259284
2022-04-29,sample,JPM,Financials,0.028154050241256168,0.006825321524679374
2022-04-29,sample,BAC,Financials,1.92727316069366e-18,0.0
2022-04-29,sample,JNJ,Health Care,0.15,0.15817859729596132
2022-04-29,sample,UNH,Health Care,0.011349771751229792,0.028553884301675495
2022-04-29,sample,AMZN,Consumer Discretionary,0.05999210296595154,0.10445581545089462
2022-04-29,sample,HD,Consumer Discretionary,0.07567952187182489,0.07992091272837816
2022-04-29,sample,PG,Consumer Staples,0.15,0.16414241486419878
2022-04-29,sample,KO,Consumer Staples,0.10000000000000002,0.10792468059583149
2022-04-29,sample,CAT,Industrials,0.03845453185656339,0.048867368802478106
2022-04-29,sample,UNP,Industrials,0.015942308361612475,0.02921869412267283
2022-04-29,sample,XOM,Energy,0.008851143531969433,0.018357510127049798
2022-04-29,sample,CVX,Energy,0.01738126445076115,0.0
2022-04-29,sample,NEE,Utilities,0.010528019383396195,0.00419582663423026
2022-04-29,sample,DUK,Utilities,0.15,0.1532605096393202
2022-04-29,sample,AMT,Real Estate,0.04021717927630049,0.0
2022-04-29,sample,PLD,Real Estate,1.7590010989640573e-18,0.0
2022-04-29,sample,APD,Materials,0.011391612596850238,0.006748925441542536
2022-04-29,sample,NEM,Materials,0.09157714704685045,0.08658557091736115
2022-04-29,sample,GOOGL,Communication Services,9.75294206065407e-18,1.338500574464444e-17
2022-04-29,sample,META,Communication Services,2.582767024424199e-18,0.0
2022-04-29,ewma,AAPL,Information Technology,3.627643444321862e-20,1.1487952618484448e-17
2022-04-29,ewma,MSFT,Information Technology,0.0,0.12155012829719254
2022-04-29,ewma,JPM,Financials,0.030087551788091606,9.42451096920586e-18
2022-04-29,ewma,BAC,Financials,0.0199228482787282,0.0
2022-04-29,ewma,JNJ,Health Care,0.15,1.141118020053276e-17
2022-04-29,ewma,UNH,Health Care,0.0,0.0
2022-04-29,ewma,AMZN,Consumer Discretionary,0.0,3.40220484312144e-18
2022-04-29,ewma,HD,Consumer Discretionary,0.0,0.0009363278877928493
2022-04-29,ewma,PG,Consumer Staples,0.10000000000000005,0.07580616017070557
2022-04-29,ewma,KO,Consumer Staples,0.14999999999999997,0.16246001077379466
2022-04-29,ewma,CAT,Industrials,0.040766701907537416,0.130326570607322
2022-04-29,ewma,UNP,Industrials,0.09366076961595123,3.574663619416321e-18
2022-04-29,ewma,XOM,Energy,0.04776304104046188,2.519160545666693e-17
2022-04-29,ewma,CVX,Energy,2.5324750887775973e-17,0.14631091845755592
2022-04-29,ewma,NEE,Utilities,7.095720966646938e-18,0.06368811482946794
2022-04-29,ewma,DUK,Utilities,0.15,0.1538029664746453
2022-04-29,ewma,AMT,Real Estate,3.5163853374022946e-18,0.06980684186040415
2022-04-29,ewma,PLD,Real Estate,3.469692565156334e-18,7.718427608046742e-18
2022-04-29,ewma,APD,Materials,0.09269178486167941,5.54392284717165e-19
2022-04-29,ewma,NEM,Materials,0.12510730250755034,0.07531196064111914
2022-04-29,ewma,GOOGL,Communication Services,0.0,9.546699946648191e-18
2022-04-29,ewma,META,Communication Services,0.0,1.102478299634886e-17
2022-04-29,ledoit_wolf,AAPL,Information Technology,0.0,4.98326812576087e-18
2022-04-29,ledoit_wolf,MSFT,Information Technology,0.04063272787733962,0.00764450418036469
2022-04-29,ledoit_wolf,JPM,Financials,0.02710658549418112,0.008450802117852263
2022-04-29,ledoit_wolf,BAC,Financials,0.0,1.096132467839064e-17
2022-04-29,ledoit_wolf,JNJ,Health Care,0.15,0.15813608708226862
2022-04-29,ledoit_wolf,UNH,Health Care,0.013143691667869417,0.02946195899456463
2022-04-29,ledoit_wolf,AMZN,Consumer Discretionary,0.05950190176534637,0.10022934213302476
2022-04-29,ledoit_wolf,HD,Consumer Discretionary,0.0718026292273981,0.07646159774979576
2022-04-29,ledoit_wolf,PG,Consumer Staples,0.15,0.16409830188525476
2022-04-29,ledoit_wolf,KO,Consumer Staples,0.10000000000000003,0.1078956760319191
2022-04-29,ledoit_wolf,CAT,Industrials,0.037809197772437596,0.04641066295103198
2022-04-29,ledoit_wolf,UNP,Industrials,0.017183944447774206,0.028631980884347468
2022-04-29,ledoit_wolf,XOM,Energy,0.008913593955832466,0.019028733450203356
2022-04-29,ledoit_wolf,CVX,Energy,0.01845951429919623,8.278169853606014e-19
2022-04-29,ledoit_wolf,NEE,Utilities,0.012553960374950488,0.00712472110086997
2022-04-29,ledoit_wolf,DUK,Utilities,0.15,0.15321932115284476
2022-04-29,ledoit_wolf,AMT,Real Estate,0.03998881347016409,4.072605026733753e-18
2022-04-29,ledoit_wolf,PLD,Real Estate,3.851636429734471e-18,0.0
2022-04-29,ledoit_wolf,APD,Materials,0.013420137620333924,0.008614363374883097
2022-04-29,ledoit_wolf,NEM,Materials,0.0894833020271764,0.08459194691077558
2022-04-29,ledoit_wolf,GOOGL,Communication Services,1.6238695598280382e-18,0.0
2022-04-29,ledoit_wolf,META,Communication Services,7.372250862249561e-18,4.475113349570871e-18
2022-04-29,equal_weight,AAPL,Information Technology,0.045454545454545456,0.0438499520500692
2022-04-29,equal_weight,MSFT,Information Technology,0.045454545454545456,0.04371705128980699
2022-04-29,equal_weight,JPM,Financials,0.045454545454545456,0.04284012582133922
2022-04-29,equal_weight,BAC,Financials,0.045454545454545456,0.04203984657508269
2022-04-29,equal_weight,JNJ,Health Care,0.045454545454545456,0.04945247287523993
2022-04-29,equal_weight,UNH,Health Care,0.045454545454545456,0.04843210166256423
2022-04-29,equal_weight,AMZN,Consumer Discretionary,0.045454545454545456,0.0370313752457253
2022-04-29,equal_weight,HD,Consumer Discretionary,0.045454545454545456,0.048740950130001
2022-04-29,equal_weight,PG,Consumer Staples,0.045454545454545456,0.05131698255965901
2022-04-29,equal_weight,KO,Consumer Staples,0.045454545454545456,0.050611863086775774
2022-04-29,equal_weight,CAT,Industrials,0.045454545454545456,0.04611077225757575
2022-04-29,equal_weight,UNP,Industrials,0.045454545454545456,0.041648704592077326
2022-04-29,equal_weight,XOM,Energy,0.045454545454545456,0.05013155633614028
2022-04-29,equal_weight,CVX,Energy,0.045454545454545456,0.04672999874927794
2022-04-29,equal_weight,NEE,Utilities,0.045454545454545456,0.04071835357224326
2022-04-29,equal_weight,DUK,Utilities,0.045454545454545456,0.04791489699205623
2022-04-29,equal_weight,AMT,Real Estate,0.045454545454545456,0.04684448957302949
2022-04-29,equal_weight,PLD,Real Estate,0.045454545454545456,0.04820943046392954
2022-04-29,equal_weight,APD,Materials,0.045454545454545456,0.045489002392989114
2022-04-29,equal_weight,NEM,Materials,0.045454545454545456,0.04453279745065045
2022-04-29,equal_weight,GOOGL,Communication Services,0.045454545454545456,0.039851098657127194
2022-04-29,equal_weight,META,Communication Services,0.045454545454545456,0.04378617766664027
2022-05-31,sample,AAPL,Information Technology,1.3222301102499234e-17,3.8402428425229026e-18
2022-05-31,sample,MSFT,Information Technology,0.0271950518847932,0.04004039874904392
2022-05-31,sample,JPM,Financials,0.03233345727962767,0.031417978097326646
2022-05-31,sample,BAC,Financials,6.421768179553338e-18,2.0240791498764573e-18
2022-05-31,sample,JNJ,Health Care,0.14999999999999997,0.15128480417162393
2022-05-31,sample,UNH,Health Care,0.007171112033090736,0.011168212143066214
2022-05-31,sample,AMZN,Consumer Discretionary,0.04933893385437758,0.05845107367221604
2022-05-31,sample,HD,Consumer Discretionary,0.06778932139419794,0.07682961277248275
2022-05-31,sample,PG,Consumer Staples,0.14999999999999997,0.1391734659748806
2022-05-31,sample,KO,Consumer Staples,0.09792748324344329,0.09881402011485502
2022-05-31,sample,CAT,Industrials,0.04901319294121462,0.039712858624499324
2022-05-31,sample,UNP,Industrials,0.013210803881570622,0.015153418851039496
2022-05-31,sample,XOM,Energy,0.022006582292547646,0.010143044333628263
2022-05-31,sample,CVX,Energy,0.010168437266017146,0.01967946012109255
2022-05-31,sample,NEE,Utilities,0.023713200151884627,0.011366774974611077
2022-05-31,sample,DUK,Utilities,0.15,0.15573014522897893
2022-05-31,sample,AMT,Real Estate,0.05304052998060666,0.04305116981515924
2022-05-31,sample,PLD,Real Estate,7.608614339282633e-18,1.4091843694029861e-18
2022-05-31,sample,APD,Materials,0.013398314435715833,0.012067659109774006
2022-05-31,sample,NEM,Materials,0.08369357936091248,0.08591590324572246
2022-05-31,sample,GOOGL,Communication Services,2.004799215981106e-18,9.79438680016872e-18
2022-05-31,sample,META,Communication Services,6.575326792159335e-20,2.5130262589552938e-18
2022-05-31,ewma,AAPL,Information Technology,1.2633667752278156e-17,3.441471546951056e-20
2022-05-31,ewma,MSFT,Information Technology,0.0,0.0
2022-05-31,ewma,JPM,Financials,0.04618237907818653,0.03344370982781232
2022-05-31,ewma,BAC,Financials,6.982093455069665e-19,0.020841352059818675
2022-05-31,ewma,JNJ,Health Care,0.15,0.1506903882907007
2022-05-31,ewma,UNH,Health Care,0.0009367788466806557,0.0
2022-05-31,ewma,AMZN,Consumer Discretionary,0.0,0.0
2022-05-31,ewma,HD,Consumer Discretionary,1.3981439640557545e-17,0.0
2022-05-31,ewma,PG,Consumer Staples,0.14999999999999997,0.0924177579823801
2022-05-31,ewma,KO,Consumer Staples,5.334087510692531e-17,0.14763865222161102
2022-05-31,ewma,CAT,Industrials,0.012159015184352924,0.041935269978089836
2022-05-31,ewma,UNP,Industrials,0.14999999999999997,0.08867626428353625
2022-05-31,ewma,XOM,Energy,0.07701871709134235,0.05451941097116677
2022-05-31,ewma,CVX,Energy,1.5482388644276364e-17,2.856059423960426e-17
2022-05-31,ewma,NEE,Utilities,1.3333120797982009e-17,7.63092807235423e-18
2022-05-31,ewma,DUK,Utilities,0.15,0.1551182630774999
2022-05-31,ewma,AMT,Real Estate,0.0,3.749385148407463e-18
2022-05-31,ewma,PLD,Real Estate,8.404180676397099e-19,2.7687449190069195e-18
2022-05-31,ewma,APD,Materials,0.09999999999999996,0.09780685987158792
2022-05-31,ewma,NEM,Materials,0.15,0.11691207143579666
2022-05-31,ewma,GOOGL,Communication Services,0.013703109799437615,0.0
2022-05-31,ewma,META,Communication Services,0.0,0.0
2022-05-31,ledoit_wolf,AAPL,Information Technology,5.967600329000296e-18,0.0
2022-05-31,ledoit_wolf,MSFT,Information Technology,0.027986214092128165,0.04017943689907804
2022-05-31,ledoit_wolf,JPM,Financials,0.03263099197801805,0.030241030763813643
2022-05-31,ledoit_wolf,BAC,Financials,0.0,0.0
2022-05-31,ledoit_wolf,JNJ,Health Care,0.15,0.15124454905431878
2022-05-31,ledoit_wolf,UNH,Health Care,0.010101725832102604,0.012929993712207622
2022-05-31,ledoit_wolf,AMZN,Consumer Discretionary,0.04888652369534007,0.057958038308145395
2022-05-31,ledoit_wolf,HD,Consumer Discretionary,0.06524493792576619,0.07287440735472968
2022-05-31,ledoit_wolf,PG,Consumer Staples,0.15,0.13913643354304267
2022-05-31,ledoit_wolf,KO,Consumer Staples,0.08980050088863054,0.09878772685960772
2022-05-31,ledoit_wolf,CAT,Industrials,0.047905804244044975,0.03903601783103786
2022-05-31,ledoit_wolf,UNP,Industrials,0.015979919506788377,0.01632926760828106
2022-05-31,ledoit_wolf,XOM,Energy,0.021700791525049643,0.010211891947669872
2022-05-31,ledoit_wolf,CVX,Energy,0.012325694587029036,0.020894717629089198
2022-05-31,ledoit_wolf,NEE,Utilities,0.02500939911651968,0.013550513838031894
2022-05-31,ledoit_wolf,DUK,Utilities,0.15,0.15568870725840098
2022-05-31,ledoit_wolf,AMT,Real Estate,0.0534167995095388,0.042795321353055665
2022-05-31,ledoit_wolf,PLD,Real Estate,0.0,3.084831281905826e-18
2022-05-31,ledoit_wolf,APD,Materials,0.01609178263664421,0.014212786093709356
2022-05-31,ledoit_wolf,NEM,Materials,0.08291891446239956,0.08392915994578094
2022-05-31,ledoit_wolf,GOOGL,Communication Services,1.2179777732873882e-17,1.6303362000967685e-18
2022-05-31,ledoit_wolf,META,Communication Services,1.9998748868005404e-18,7.171274103202129e-18
2022-05-31,equal_weight,AAPL,Information Technology,0.045454545454545456,0.04284130981662904
2022-05-31,equal_weight,MSFT,Information Technology,0.045454545454545456,0.04449147852139309
2022-05-31,equal_weight,JPM,Financials,0.045454545454545456,0.05019618915862288
2022-05-31,equal_weight,BAC,Financials,0.045454545454545456,0.047240840258516596
2022-05-31,equal_weight,JNJ,Health Care,0.045454545454545456,0.04536672660519807
2022-05-31,equal_weight,UNH,Health Care,0.045454545454545456,0.04426188678891786
2022-05-31,equal_weight,AMZN,Consumer Discretionary,0.045454545454545456,0.04382599682450935
2022-05-31,equal_weight,HD,Consumer Discretionary,0.045454545454545456,0.045665020883800374
2022-05-31,equal_weight,PG,Consumer Staples,0.045454545454545456,0.04173482337603153
2022-05-31,equal_weight,KO,Consumer Staples,0.045454545454545456,0.044447973408739835
2022-05-31,equal_weight,CAT,Industrials,0.045454545454545456,0.04645334766992781
2022-05-31,equal_weight,UNP,Industrials,0.045454545454545456,0.042755581587756504
2022-05-31,equal_weight,XOM,Energy,0.045454545454545456,0.05154687436452283
2022-05-31,equal_weight,CVX,Energy,0.045454545454545456,0.05092900701230453
2022-05-31,equal_weight,NEE,Utilities,0.045454545454545456,0.0485650659120717
2022-05-31,equal_weight,DUK,Utilities,0.045454545454545456,0.04669977901267648
2022-05-31,equal_weight,AMT,Real Estate,0.045454545454545456,0.048151159069576774
2022-05-31,equal_weight,PLD,Real Estate,0.045454545454545456,0.03603587754667449
2022-05-31,equal_weight,APD,Materials,0.045454545454545456,0.04765091257649657
2022-05-31,equal_weight,NEM,Materials,0.045454545454545456,0.04220071863017518
2022-05-31,equal_weight,GOOGL,Communication Services,0.045454545454545456,0.0451725911491387
2022-05-31,equal_weight,META,Communication Services,0.045454545454545456,0.04376683982631993
2022-06-30,sample,AAPL,Information Technology,0.0,1.2819748755070994e-17
2022-06-30,sample,MSFT,Information Technology,0.04206664117677905,0.027116543487899922
2022-06-30,sample,JPM,Financials,0.029072597739121853,0.029064248950112278
2022-06-30,sample,BAC,Financials,6.754633583941732e-18,5.7048603002470085e-18
2022-06-30,sample,JNJ,Health Care,0.15,0.15654418311772808
2022-06-30,sample,UNH,Health Care,0.022599995873461662,0.007853782115697016
2022-06-30,sample,AMZN,Consumer Discretionary,0.020511557791760098,0.04601255878289123
2022-06-30,sample,HD,Consumer Discretionary,0.07811297888921756,0.06523033043316405
2022-06-30,sample,PG,Consumer Staples,0.15,0.15394674692712426
2022-06-30,sample,KO,Consumer Staples,0.09999999999999996,0.103337628997968
2022-06-30,sample,CAT,Industrials,0.05712948434959063,0.04284412536614491
2022-06-30,sample,UNP,Industrials,0.030114705917395023,0.013531664866038741
2022-06-30,sample,XOM,Energy,0.03598119455601998,0.02072135044275376
2022-06-30,sample,CVX,Energy,0.010761296998612658,0.008896709750716311
2022-06-30,sample,NEE,Utilities,0.0,0.02561469456169254
2022-06-30,sample,DUK,Utilities,0.15,0.15085401326543876
2022-06-30,sample,AMT,Real Estate,0.05622081593517796,0.05619939538660744
2022-06-30,sample,PLD,Real Estate,0.0,7.464951965958469e-18
2022-06-30,sample,APD,Materials,0.0,0.01390833269405297
2022-06-30,sample,NEM,Materials,0.06742873077286367,0.07832369085396974
2022-06-30,sample,GOOGL,Communication Services,7.750269738289056e-18,2.0268083796868986e-18
2022-06-30,sample,META,Communication Services,0.0,5.779390498722205e-20
2022-06-30,ewma,AAPL,Information Technology,2.4380337879270015e-18,1.2264831035936968e-17
2022-06-30,ewma,MSFT,Information Technology,4.497185893696597e-18,0.0
2022-06-30,ewma,JPM,Financials,0.0,0.04156644755616676
2022-06-30,ewma,BAC,Financials,0.03583442417336227,6.210630544195914e-19
2022-06-30,ewma,JNJ,Health Care,0.15,0.1567460415195103
2022-06-30,ewma,UNH,Health Care,0.028842666103426146,0.0010272805460479501
2022-06-30,ewma,AMZN,Consumer Discretionary,1.813505809849509e-18,0.0
2022-06-30,ewma,HD,Consumer Discretionary,0.10208596293763682,1.3470999854488007e-17
2022-06-30,ewma,PG,Consumer Staples,1.623345096150988e-17,0.1541452560232489
2022-06-30,ewma,KO,Consumer Staples,0.15,5.636035023257665e-17
2022-06-30,ewma,CAT,Industrials,0.022080864685158543,0.010642320507227928
2022-06-30,ewma,UNP,Industrials,0.15,0.15384128334599162
2022-06-30,ewma,XOM,Energy,6.161635462303274e-19,0.07261417089166149
2022-06-30,ewma,CVX,Energy,0.06115608210041638,1.356353276749996e-17
2022-06-30,ewma,NEE,Utilities,0.0,1.4420837253278303e-17
2022-06-30,ewma,DUK,Utilities,0.15,0.15104853438665666
2022-06-30,ewma,AMT,Real Estate,0.0,0.0
2022-06-30,ewma,PLD,Real Estate,0.0,8.256129071407491e-19
2022-06-30,ewma,APD,Materials,3.0023196260975745e-17,0.10394044029202014
2022-06-30,ewma,NEM,Materials,0.15,0.14055681544973633
2022-06-30,ewma,GOOGL,Communication Services,0.0,0.013871409481731907
2022-06-30,ewma,META,Communication Services,0.0,0.0
2022-06-30,ledoit_wolf,AAPL,Information Technology,6.663809120765312e-21,5.785006116261514e-18
2022-06-30,ledoit_wolf,MSFT,Information Technology,0.040327577533535094,0.02790102847614878
2022-06-30,ledoit_wolf,JPM,Financials,0.02887462463852312,0.02932708238289296
2022-06-30,ledoit_wolf,BAC,Financials,3.9418454006184005e-19,0.0
2022-06-30,ledoit_wolf,JNJ,Health Care,0.15,0.15651953785416414
2022-06-30,ledoit_wolf,UNH,Health Care,0.022625008792021315,0.011061640519179891
2022-06-30,ledoit_wolf,AMZN,Consumer Discretionary,0.022344895792341002,0.045583472119356976
2022-06-30,ledoit_wolf,HD,Consumer Discretionary,0.07421538491067788,0.06277211136653044
2022-06-30,ledoit_wolf,PG,Consumer Staples,0.15,0.1539225105864486
2022-06-30,ledoit_wolf,KO,Consumer Staples,0.10000000000000002,0.09474674108464827
2022-06-30,ledoit_wolf,CAT,Industrials,0.0564455237316634,0.041869525950895777
2022-06-30,ledoit_wolf,UNP,Industrials,0.030949506302157193,0.016365459264947754
2022-06-30,ledoit_wolf,XOM,Energy,0.03281166127449547,0.020430201615317074
2022-06-30,ledoit_wolf,CVX,Energy,0.01563377451727681,0.010782469371670302
2022-06-30,ledoit_wolf,NEE,Utilities,0.0027349357932360784,0.027010579019441722
2022-06-30,ledoit_wolf,DUK,Utilities,0.15,0.1508302638239549
2022-06-30,ledoit_wolf,AMT,Real Estate,0.055203286167711245,0.05658916348709843
2022-06-30,ledoit_wolf,PLD,Real Estate,0.0,0.0
2022-06-30,ledoit_wolf,APD,Materials,0.001736799776612071,0.01670170024028233
2022-06-30,ledoit_wolf,NEM,Materials,0.06609702076974935,0.07758651283702174
2022-06-30,ledoit_wolf,GOOGL,Communication Services,0.0,1.2311551683188652e-17
2022-06-30,ledoit_wolf,META,Communication Services,0.0,1.757515430300367e-18
2022-06-30,equal_weight,AAPL,Information Technology,0.045454545454545456,0.04493990405146368
2022-06-30,equal_weight,MSFT,Information Technology,0.045454545454545456,0.04621725076078979
2022-06-30,equal_weight,JPM,Financials,0.045454545454545456,0.04166454373791568
2022-06-30,equal_weight,BAC,Financials,0.045454545454545456,0.041176559835047914
2022-06-30,equal_weight,JNJ,Health Care,0.045454545454545456,0.04837325876012114
2022-06-30,equal_weight,UNH,Health Care,0.045454545454545456,0.050763552971130894
2022-06-30,equal_weight,AMZN,Consumer Discretionary,0.045454545454545456,0.04322612394017094
2022-06-30,equal_weight,HD,Consumer Discretionary,0.045454545454545456,0.04460134565803252
2022-06-30,equal_weight,PG,Consumer Staples,0.045454545454545456,0.04757063262315066
2022-06-30,equal_weight,KO,Consumer Staples,0.045454545454545456,0.048911791424488586
2022-06-30,equal_weight,CAT,Industrials,0.045454545454545456,0.04051706292732948
2022-06-30,equal_weight,UNP,Industrials,0.045454545454545456,0.047476823881121656
2022-06-30,equal_weight,XOM,Energy,0.045454545454545456,0.04364405810583217
2022-06-30,equal_weight,CVX,Energy,0.045454545454545456,0.0405541103399955
2022-06-30,equal_weight,NEE,Utilities,0.045454545454545456,0.050067820252732764
2022-06-30,equal_weight,DUK,Utilities,0.045454545454545456,0.046614956067731556
2022-06-30,equal_weight,AMT,Real Estate,0.045454545454545456,0.04911152933002322
2022-06-30,equal_weight,PLD,Real Estate,0.045454545454545456,0.0454758804362843
2022-06-30,equal_weight,APD,Materials,0.045454545454545456,0.04811545253531315
2022-06-30,equal_weight,NEM,Materials,0.045454545454545456,0.04337711586421395
2022-06-30,equal_weight,GOOGL,Communication Services,0.045454545454545456,0.04685991291938261
2022-06-30,equal_weight,META,Communication Services,0.045454545454545456,0.040740313577727796
2022-07-29,sample,AAPL,Information Technology,0.0,0.0
2022-07-29,sample,MSFT,Information Technology,0.03752155831507047,0.04506681960045107
2022-07-29,sample,JPM,Financials,0.02915129925295363,0.02944742932993969
2022-07-29,sample,BAC,Financials,1.4046363272135344e-18,7.189990468462682e-18
2022-07-29,sample,JNJ,Health Care,0.15,0.1445353984024711
2022-07-29,sample,UNH,Health Care,0.018819972427365463,0.023387837689800135
2022-07-29,sample,AMZN,Consumer Discretionary,0.01779772461692488,0.025542688686234827
2022-07-29,sample,HD,Consumer Discretionary,0.0971932988291998,0.08400116579986618
2022-07-29,sample,PG,Consumer Staples,0.15,0.14294426726543275
2022-07-29,sample,KO,Consumer Staples,0.10000000000000002,0.09997072317632673
2022-07-29,sample,CAT,Industrials,0.05663556781691408,0.06252847861840075
2022-07-29,sample,UNP,Industrials,0.02350557885340023,0.03145490646746033
2022-07-29,sample,XOM,Energy,0.029102100356309463,0.03991329394575195
2022-07-29,sample,CVX,Energy,0.026898283336467606,0.011931013955672086
2022-07-29,sample,NEE,Utilities,0.003844985935752427,0.0
2022-07-29,sample,DUK,Utilities,0.15,0.15074148701612744
2022-07-29,sample,AMT,Real Estate,0.04521395128807792,0.05838624237771879
2022-07-29,sample,PLD,Real Estate,4.400880832528506e-18,0.0
2022-07-29,sample,APD,Materials,0.0,0.0
2022-07-29,sample,NEM,Materials,0.06431567897156411,0.05014824766834635
2022-07-29,sample,GOOGL,Communication Services,0.0,8.10872692182743e-18
2022-07-29,sample,META,Communication Services,0.0,0.0
2022-07-29,ewma,AAPL,Information Technology,0.0,2.8886923413057477e-18
2022-07-29,ewma,MSFT,Information Technology,1.6152089629739568e-17,4.900191137995071e-18
2022-07-29,ewma,JPM,Financials,5.526072100398826e-17,0.0
2022-07-29,ewma,BAC,Financials,1.0673532034017657e-17,0.03879538418539413
2022-07-29,ewma,JNJ,Health Care,0.15,0.14700338359469167
2022-07-29,ewma,UNH,Health Care,0.0,0.030357794788454007
2022-07-29,ewma,AMZN,Consumer Discretionary,4.513513226748188e-18,2.2968890834825897e-18
2022-07-29,ewma,HD,Consumer Discretionary,0.15,0.11165579034695328
2022-07-29,ewma,PG,Consumer Staples,0.14999999999999997,1.5734010814588372e-17
2022-07-29,ewma,KO,Consumer Staples,0.09999999999999996,0.15251662979894315
2022-07-29,ewma,CAT,Industrials,0.0,0.02458027522411757
2022-07-29,ewma,UNP,Industrials,0.06891273782034403,0.15935075955265846
2022-07-29,ewma,XOM,Energy,0.012926000187069433,6.951701264478214e-19
2022-07-29,ewma,CVX,Energy,0.10156604060089555,0.06896130928728783
2022-07-29,ewma,NEE,Utilities,1.6142436167989904e-17,0.0
2022-07-29,ewma,DUK,Utilities,0.14999999999999997,0.15331544302912556
2022-07-29,ewma,AMT,Real Estate,1.186409586496165e-17,0.0
2022-07-29,ewma,PLD,Real Estate,0.0,0.0
2022-07-29,ewma,APD,Materials,4.149577784114284e-18,3.089198801808933e-17
2022-07-29,ewma,NEM,Materials,0.0736544860724466,0.11346323019237474
2022-07-29,ewma,GOOGL,Communication Services,0.0,0.0
2022-07-29,ewma,META,Communication Services,0.04294073531924428,0.0
2022-07-29,ledoit_wolf,AAPL,Information Technology,8.127613458674483e-18,7.757617864553061e-21
2022-07-29,ledoit_wolf,MSFT,Information Technology,0.037263596730876515,0.0431736314494692
2022-07-29,ledoit_wolf,JPM,Financials,0.029272096202384988,0.029226530805664664
2022-07-29,ledoit_wolf,BAC,Financials,1.1725654643011774e-18,4.192986636670119e-19
2022-07-29,ledoit_wolf,JNJ,Health Care,0.15,0.14443471715444894
2022-07-29,ledoit_wolf,UNH,Health Care,0.02017271642607173,0.023397412908045354
2022-07-29,ledoit_wolf,AMZN,Consumer Discretionary,0.019026387358290806,0.027806329851606297
2022-07-29,ledoit_wolf,HD,Consumer Discretionary,0.09291763003946227,0.07975417534211177
2022-07-29,ledoit_wolf,PG,Consumer Staples,0.15,0.14284469437612696
2022-07-29,ledoit_wolf,KO,Consumer Staples,0.09999999999999999,0.099901085030334
2022-07-29,ledoit_wolf,CAT,Industrials,0.05563539338360249,0.06173684567056122
2022-07-29,ledoit_wolf,UNP,Industrials,0.025112686064999543,0.03230433971698128
2022-07-29,ledoit_wolf,XOM,Energy,0.028935519540796928,0.036372033620480165
2022-07-29,ledoit_wolf,CVX,Energy,0.027470829229951917,0.017321039474781724
2022-07-29,ledoit_wolf,NEE,Utilities,0.005709985860810486,0.0029216811920055367
2022-07-29,ledoit_wolf,DUK,Utilities,0.15,0.15063648269739827
2022-07-29,ledoit_wolf,AMT,Real Estate,0.04448717803565702,0.05728958606509745
2022-07-29,ledoit_wolf,PLD,Real Estate,7.325987922124492e-18,0.0
2022-07-29,ledoit_wolf,APD,Materials,2.152873672514119e-18,0.0017558319656985084
2022-07-29,ledoit_wolf,NEM,Materials,0.0639959811270954,0.04912358267918891
2022-07-29,ledoit_wolf,GOOGL,Communication Services,1.316618479202606e-17,0.0
2022-07-29,ledoit_wolf,META,Communication Services,0.0,0.0
2022-07-29,equal_weight,AAPL,Information Technology,0.045454545454545456,0.05080967252535378
2022-07-29,equal_weight,MSFT,Information Technology,0.045454545454545456,0.046725828078664336
2022-07-29,equal_weight,JPM,Financials,0.045454545454545456,0.044177535246116846
2022-07-29,equal_weight,BAC,Financials,0.045454545454545456,0.04642634055067011
2022-07-29,equal_weight,JNJ,Health Care,0.045454545454545456,0.04202627499232851
2022-07-29,equal_weight,UNH,Health Care,0.045454545454545456,0.045135644107935836
2022-07-29,equal_weight,AMZN,Consumer Discretionary,0.045454545454545456,0.054313263434020966
2022-07-29,equal_weight,HD,Consumer Discretionary,0.045454545454545456,0.04690293783775914
2022-07-29,equal_weight,PG,Consumer Staples,0.045454545454545456,0.04156362490485424
2022-07-29,equal_weight,KO,Consumer Staples,0.045454545454545456,0.043602437359577924
2022-07-29,equal_weight,CAT,Industrials,0.045454545454545456,0.047737040488616184
2022-07-29,equal_weight,UNP,Industrials,0.045454545454545456,0.04555622243132005
2022-07-29,equal_weight,XOM,Energy,0.045454545454545456,0.0483815665179076
2022-07-29,equal_weight,CVX,Energy,0.045454545454545456,0.04835603343888981
2022-07-29,equal_weight,NEE,Utilities,0.045454545454545456,0.04662579517059836
2022-07-29,equal_weight,DUK,Utilities,0.045454545454545456,0.0438308072355511
2022-07-29,equal_weight,AMT,Real Estate,0.045454545454545456,0.04529510957986612
2022-07-29,equal_weight,PLD,Real Estate,0.045454545454545456,0.04816359515262518
2022-07-29,equal_weight,APD,Materials,0.045454545454545456,0.04412388646084486
2022-07-29,equal_weight,NEM,Materials,0.045454545454545456,0.032437599713553804
2022-07-29,equal_weight,GOOGL,Communication Services,0.045454545454545456,0.0456324503719617
2022-07-29,equal_weight,META,Communication Services,0.045454545454545456,0.04217633440098366
2022-08-31,sample,AAPL,Information Technology,3.3611968191883553e-18,0.0
2022-08-31,sample,MSFT,Information Technology,0.032051785337446986,0.03645883459445904
2022-08-31,sample,JPM,Financials,0.021879209900357265,0.02991997924689455
2022-08-31,sample,BAC,Financials,0.0,1.4536869431275199e-18
2022-08-31,sample,JNJ,Health Care,0.15,0.14533823078083968
2022-08-31,sample,UNH,Health Care,0.018299212275296066,0.01876179185382165
2022-08-31,sample,AMZN,Consumer Discretionary,0.012439536202894138,0.017405705276709416
2022-08-31,sample,HD,Consumer Discretionary,0.09150927899655026,0.09760897421987146
2022-08-31,sample,PG,Consumer Staples,0.15,0.15507135254760854
2022-08-31,sample,KO,Consumer Staples,0.1,0.10011683147875317
2022-08-31,sample,CAT,Industrials,0.04347819847575673,0.05493512668704459
2022-08-31,sample,UNP,Industrials,0.022577364191894204,0.024306744697882035
2022-08-31,sample,XOM,Energy,0.02949863123436549,0.030169039106887896
2022-08-31,sample,CVX,Energy,0.044711821833889685,0.02727077575488058
2022-08-31,sample,NEE,Utilities,0.014523790756929446,0.004049481481870201
2022-08-31,sample,DUK,Utilities,0.15,0.15327127448200598
2022-08-31,sample,AMT,Real Estate,0.05253066209428839,0.044154852405543385
2022-08-31,sample,PLD,Real Estate,4.29572425055001e-18,4.303431678906758e-18
2022-08-31,sample,APD,Materials,0.00035859824091701736,0.0
2022-08-31,sample,NEM,Materials,0.06614191045941427,0.06116100538492784
2022-08-31,sample,GOOGL,Communication Services,0.0,0.0
2022-08-31,sample,META,Communication Services,2.296058038830125e-18,0.0
2022-08-31,ewma,AAPL,Information Technology,1.2915655986519219e-17,0.0
2022-08-31,ewma,MSFT,Information Technology,1.083105707660413e-17,1.5571662812099005e-17
2022-08-31,ewma,JPM,Financials,9.74672758406914e-18,5.627354552410801e-17
2022-08-31,ewma,BAC,Financials,1.0946914799348867e-17,1.0959721315018521e-17
2022-08-31,ewma,JNJ,Health Care,0.14999999999999997,0.14419965746766694
2022-08-31,ewma,UNH,Health Care,0.08150816634609462,0.0
2022-08-31,ewma,AMZN,Consumer Discretionary,0.0,4.3795170548836415e-18
2022-08-31,ewma,HD,Consumer Discretionary,5.774990371575923e-18,0.14946139955908308
2022-08-31,ewma,PG,Consumer Staples,0.15,0.15385653038622876
2022-08-31,ewma,KO,Consumer Staples,0.10000000000000002,0.09933252062049724
2022-08-31,ewma,CAT,Industrials,0.0,0.0
2022-08-31,ewma,UNP,Industrials,2.182051659799324e-17,0.0707033045799681
2022-08-31,ewma,XOM,Energy,0.010434408003624676,0.01329491795054826
2022-08-31,ewma,CVX,Energy,0.14999999999999994,0.10216586357579943
2022-08-31,ewma,NEE,Utilities,0.09999999999999999,1.6867786642276235e-17
2022-08-31,ewma,DUK,Utilities,0.14999999999999997,0.15207055405308909
2022-08-31,ewma,AMT,Real Estate,7.464125079936835e-18,1.1495423672783047e-17
2022-08-31,ewma,PLD,Real Estate,1.7388247302050688e-17,0.0
2022-08-31,ewma,APD,Materials,0.01076617149224204,4.359060533373492e-18
2022-08-31,ewma,NEM,Materials,0.06080632938737917,0.06949304156087834
2022-08-31,ewma,GOOGL,Communication Services,2.2176512014362432e-18,0.0
2022-08-31,ewma,META,Communication Services,0.03648492477065949,0.04542221024624041
2022-08-31,ledoit_wolf,AAPL,Information Technology,0.0,8.195949107965408e-18
2022-08-31,ledoit_wolf,MSFT,Information Technology,0.03178083783398315,0.036201681657408315
2022-08-31,ledoit_wolf,JPM,Financials,0.022381982011347803,0.030038570020599585
2022-08-31,ledoit_wolf,BAC,Financials,0.0,1.2132942812346444e-18
2022-08-31,ledoit_wolf,JNJ,Health Care,0.15,0.1453121496533704
2022-08-31,ledoit_wolf,UNH,Health Care,0.019825256210844536,0.02010674511482411
2022-08-31,ledoit_wolf,AMZN,Consumer Discretionary,0.013571568350530867,0.018603965928730256
2022-08-31,ledoit_wolf,HD,Consumer Discretionary,0.08726709609653478,0.09329827379283863
2022-08-31,ledoit_wolf,PG,Consumer Staples,0.15,0.1550435247992528
2022-08-31,ledoit_wolf,KO,Consumer Staples,0.10000000000000002,0.1000988653880034
2022-08-31,ledoit_wolf,CAT,Industrials,0.042708017985885444,0.053955297669484356
2022-08-31,ledoit_wolf,UNP,Industrials,0.023691249977318727,0.025963968564634357
2022-08-31,ledoit_wolf,XOM,Energy,0.029970111418837354,0.029990968236794004
2022-08-31,ledoit_wolf,CVX,Energy,0.043530226998542046,0.027846252428382137
2022-08-31,ledoit_wolf,NEE,Utilities,0.015977645275474572,0.006012592252102678
2022-08-31,ledoit_wolf,DUK,Utilities,0.15,0.1532437697599126
2022-08-31,ledoit_wolf,AMT,Real Estate,0.050935290250793505,0.04343730692876671
2022-08-31,ledoit_wolf,PLD,Real Estate,0.0,7.162482276448405e-18
2022-08-31,ledoit_wolf,APD,Materials,0.003056910293370441,2.2790047778989102e-18
2022-08-31,ledoit_wolf,NEM,Materials,0.06530380729653693,0.06084606780489565
2022-08-31,ledoit_wolf,GOOGL,Communication Services,1.0139036853108383e-17,1.2750250188977946e-17
2022-08-31,ledoit_wolf,META,Communication Services,0.0,0.0
2022-08-31,equal_weight,AAPL,Information Technology,0.045454545454545456,0.04552819557283974
2022-08-31,equal_weight,MSFT,Information Technology,0.045454545454545456,0.04386197669065265
2022-08-31,equal_weight,JPM,Financials,0.045454545454545456,0.04633078476881349
2022-08-31,equal_weight,BAC,Financials,0.045454545454545456,0.04671682054083469
2022-08-31,equal_weight,JNJ,Health Care,0.045454545454545456,0.04373759455700825
2022-08-31,equal_weight,UNH,Health Care,0.045454545454545456,0.04500094304425078
2022-08-31,equal_weight,AMZN,Consumer Discretionary,0.045454545454545456,0.04414621023118403
2022-08-31,equal_weight,HD,Consumer Discretionary,0.045454545454545456,0.045333548016949755
2022-08-31,equal_weight,PG,Consumer Staples,0.045454545454545456,0.04666664723173682
2022-08-31,equal_weight,KO,Consumer Staples,0.045454545454545456,0.04519322988890382
2022-08-31,equal_weight,CAT,Industrials,0.045454545454545456,0.04378518163634661
2022-08-31,equal_weight,UNP,Industrials,0.045454545454545456,0.04667906335505681
2022-08-31,equal_weight,XOM,Energy,0.045454545454545456,0.04679542848318243
2022-08-31,equal_weight,CVX,Energy,0.045454545454545456,0.04576560548800953
2022-08-31,equal_weight,NEE,Utilities,0.045454545454545456,0.047541288267542454
2022-08-31,equal_weight,DUK,Utilities,0.045454545454545456,0.046124937839918105
2022-08-31,equal_weight,AMT,Real Estate,0.045454545454545456,0.04408311343445751
2022-08-31,equal_weight,PLD,Real Estate,0.045454545454545456,0.04414094107088042
2022-08-31,equal_weight,APD,Materials,0.045454545454545456,0.04779372879365912
2022-08-31,equal_weight,NEM,Materials,0.045454545454545456,0.04292635781911461
2022-08-31,equal_weight,GOOGL,Communication Services,0.045454545454545456,0.04372229864775385
2022-08-31,equal_weight,META,Communication Services,0.045454545454545456,0.048126104620905066
2022-09-30,sample,AAPL,Information Technology,0.0,3.1828196260530723e-18
2022-09-30,sample,MSFT,Information Technology,0.05591374391742091,0.030755139105565852
2022-09-30,sample,JPM,Financials,0.017398891203291918,0.021656614050038877
2022-09-30,sample,BAC,Financials,4.7336941109523345e-18,0.0
2022-09-30,sample,JNJ,Health Care,0.15,0.16361104321332853
2022-09-30,sample,UNH,Health Care,0.030808018944102136,0.01923061193413801
2022-09-30,sample,AMZN,Consumer Discretionary,0.0021587223403546755,0.011944937896775436
2022-09-30,sample,HD,Consumer Discretionary,0.07955667841868476,0.09431314426829351
2022-09-30,sample,PG,Consumer Staples,0.15,0.14789386459002563
2022-09-30,sample,KO,Consumer Staples,0.10000000000000002,0.09850542352699068
2022-09-30,sample,CAT,Industrials,0.03327969444255686,0.04160587311511712
2022-09-30,sample,UNP,Industrials,0.017747352274770152,0.02110517127811318
2022-09-30,sample,XOM,Energy,0.004531433471790096,0.029024928784038413
2022-09-30,sample,CVX,Energy,0.07496028006800985,0.04378086024479441
2022-09-30,sample,NEE,Utilities,0.003810588855653156,0.014422611613634824
2022-09-30,sample,DUK,Utilities,0.15,0.1405940884713791
2022-09-30,sample,AMT,Real Estate,0.04435996714232217,0.04782373534073908
2022-09-30,sample,PLD,Real Estate,0.0,3.800102273660911e-18
2022-09-30,sample,APD,Materials,0.01527041981832605,0.00035863215479419255
2022-09-30,sample,NEM,Materials,0.07020420910271735,0.07337332041223314
2022-09-30,sample,GOOGL,Communication Services,0.0,0.0
2022-09-30,sample,META,Communication Services,1.1350951294436364e-18,2.0597538702847322e-18
2022-09-30,ewma,AAPL,Information Technology,4.3308994462946125e-17,1.218563113829322e-17
2022-09-30,ewma,MSFT,Information Technology,0.0,1.0354992533960167e-17
2022-09-30,ewma,JPM,Financials,0.0,9.61238651469476e-18
2022-09-30,ewma,BAC,Financials,0.0008462837800130784,1.0627068076099866e-17
2022-09-30,ewma,JNJ,Health Care,0.15,0.16301444481024158
2022-09-30,ewma,UNH,Health Care,0.09999999999999988,0.08534445463159905
2022-09-30,ewma,AMZN,Consumer Discretionary,0.0,0.0
2022-09-30,ewma,HD,Consumer Discretionary,0.0,5.930233996873702e-18
2022-09-30,ewma,PG,Consumer Staples,0.15,0.14735457798865784
2022-09-30,ewma,KO,Consumer Staples,0.10000000000000002,0.09814622907888133
2022-09-30,ewma,CAT,Industrials,4.376824408378036e-18,0.0
2022-09-30,ewma,UNP,Industrials,0.15,2.0323296167241386e-17
2022-09-30,ewma,XOM,Energy,0.12758952989050326,0.010229410051325168
2022-09-30,ewma,CVX,Energy,5.884816706229549e-18,0.1463412159075076
2022-09-30,ewma,NEE,Utilities,0.041017529554433774,0.09894125175511478
2022-09-30,ewma,DUK,Utilities,0.0,0.14008142009021057
2022-09-30,ewma,AMT,Real Estate,0.030546656775050224,6.770535249860819e-18
2022-09-30,ewma,PLD,Real Estate,1.3305311876635804e-17,1.5325977134151797e-17
2022-09-30,ewma,APD,Materials,0.14999999999999994,0.010727927738955027
2022-09-30,ewma,NEM,Materials,2.2982656908271603e-18,0.06720842237765812
2022-09-30,ewma,GOOGL,Communication Services,1.0027796945718757e-17,2.1037876658288216e-18
2022-09-30,ewma,META,Communication Services,0.0,0.03261064556984864
2022-09-30,ledoit_wolf,AAPL,Information Technology,0.0,0.0
2022-09-30,ledoit_wolf,MSFT,Information Technology,0.05270555093611871,0.030497362563370024
2022-09-30,ledoit_wolf,JPM,Financials,0.017849757715596094,0.022155876457558277
2022-09-30,ledoit_wolf,BAC,Financials,0.0,0.0
2022-09-30,ledoit_wolf,JNJ,Health Care,0.15,0.16362289940931343
2022-09-30,ledoit_wolf,UNH,Health Care,0.03184375378915066,0.02083583875882643
2022-09-30,ledoit_wolf,AMZN,Consumer Discretionary,0.004565193879672031,0.013032904603361695
2022-09-30,ledoit_wolf,HD,Consumer Discretionary,0.07634405552767427,0.08994749755243832
2022-09-30,ledoit_wolf,PG,Consumer Staples,0.15,0.14790458182896696
2022-09-30,ledoit_wolf,KO,Consumer Staples,0.10000000000000003,0.09851256179580173
2022-09-30,ledoit_wolf,CAT,Industrials,0.03399647348260345,0.040871820919802015
2022-09-30,ledoit_wolf,UNP,Industrials,0.01968652369912352,0.022148029227748427
2022-09-30,ledoit_wolf,XOM,Energy,0.009912171469811758,0.029490974655622858
2022-09-30,ledoit_wolf,CVX,Energy,0.06744209765094003,0.042626956608374816
2022-09-30,ledoit_wolf,NEE,Utilities,0.005748825331898333,0.015867487705248172
2022-09-30,ledoit_wolf,DUK,Utilities,0.15,0.14060427672661255
2022-09-30,ledoit_wolf,AMT,Real Estate,0.04379218675105345,0.046374674595552584
2022-09-30,ledoit_wolf,PLD,Real Estate,1.3785006752998723e-17,0.0
2022-09-30,ledoit_wolf,APD,Materials,0.01694142107314822,0.003057420938189466
2022-09-30,ledoit_wolf,NEM,Materials,0.06917198869320954,0.07244883565321283
2022-09-30,ledoit_wolf,GOOGL,Communication Services,1.6964824745721644e-17,9.654357152088624e-18
2022-09-30,ledoit_wolf,META,Communication Services,0.0,0.0
2022-09-30,equal_weight,AAPL,Information Technology,0.045454545454545456,0.0440166542420581
2022-09-30,equal_weight,MSFT,Information Technology,0.045454545454545456,0.04460303539336187
2022-09-30,equal_weight,JPM,Financials,0.045454545454545456,0.04601059684164634
2022-09-30,equal_weight,BAC,Financials,0.045454545454545456,0.04529050821473862
2022-09-30,equal_weight,JNJ,Health Care,0.045454545454545456,0.05070144062331078
2022-09-30,equal_weight,UNH,Health Care,0.045454545454545456,0.04884944723385398
2022-09-30,equal_weight,AMZN,Consumer Discretionary,0.045454545454545456,0.04463531998503073
2022-09-30,equal_weight,HD,Consumer Discretionary,0.045454545454545456,0.04790777873479292
2022-09-30,equal_weight,PG,Consumer Staples,0.045454545454545456,0.04583084275238148
2022-09-30,equal_weight,KO,Consumer Staples,0.045454545454545456,0.045788781587766336
2022-09-30,equal_weight,CAT,Industrials,0.045454545454545456,0.044481768371956464
2022-09-30,equal_weight,UNP,Industrials,0.045454545454545456,0.04345248188453872
2022-09-30,equal_weight,XOM,Energy,0.045454545454545456,0.04573705982212694
2022-09-30,equal_weight,CVX,Energy,0.045454545454545456,0.04551566260103256
2022-09-30,equal_weight,NEE,Utilities,0.045454545454545456,0.04615968854996981
2022-09-30,equal_weight,DUK,Utilities,0.045454545454545456,0.043568714486623514
2022-09-30,equal_weight,AMT,Real Estate,0.045454545454545456,0.04231843167959021
2022-09-30,equal_weight,PLD,Real Estate,0.045454545454545456,0.04112044769407731
2022-09-30,equal_weight,APD,Materials,0.045454545454545456,0.04648790934726825
2022-09-30,equal_weight,NEM,Materials,0.045454545454545456,0.05156563648056931
2022-09-30,equal_weight,GOOGL,Communication Services,0.045454545454545456,0.04425823941921617
2022-09-30,equal_weight,META,Communication Services,0.045454545454545456,0.04169955405408982
2022-10-31,sample,AAPL,Information Technology,2.4169103113327396e-18,0.0
2022-10-31,sample,MSFT,Information Technology,0.04621786456004163,0.05196900174142191
2022-10-31,sample,JPM,Financials,0.0012498646730062517,0.01971943004179798
2022-10-31,sample,BAC,Financials,3.8168044103634414e-18,5.267955133438194e-18
2022-10-31,sample,JNJ,Health Care,0.15,0.1489648831984004
2022-10-31,sample,UNH,Health Care,0.06534232746003203,0.03158001894143927
2022-10-31,sample,AMZN,Consumer Discretionary,0.016388658070515153,0.0018249539500927111
2022-10-31,sample,HD,Consumer Discretionary,0.07808262938609338,0.07961746273529201
2022-10-31,sample,PG,Consumer Staples,0.1412401485836349,0.1502678209748591
2022-10-31,sample,KO,Consumer Staples,0.10875985141636511,0.09962883183106659
2022-10-31,sample,CAT,Industrials,0.032381408806501866,0.041215592489530696
2022-10-31,sample,UNP,Industrials,0.019881685422949418,0.016747065765715254
2022-10-31,sample,XOM,Energy,0.029731165885441883,0.005363084106534942
2022-10-31,sample,CVX,Energy,0.05414091156772723,0.08801721086404911
2022-10-31,sample,NEE,Utilities,1.3281618473527798e-18,0.003512256770921598
2022-10-31,sample,DUK,Utilities,0.15,0.14012043115184206
2022-10-31,sample,AMT,Real Estate,0.018822622274763914,0.04021121118734679
2022-10-31,sample,PLD,Real Estate,0.0,0.0
2022-10-31,sample,APD,Materials,0.009899974674566457,0.015321347980116147
2022-10-31,sample,NEM,Materials,0.07786088721836085,0.0659193962695735
2022-10-31,sample,GOOGL,Communication Services,5.842295916369815e-19,0.0
2022-10-31,sample,META,Communication Services,1.2287348939702071e-18,7.26791677084006e-19
2022-10-31,ewma,AAPL,Information Technology,2.572435438434168e-18,4.433019784554838e-17
2022-10-31,ewma,MSFT,Information Technology,8.900940806579443e-18,0.0
2022-10-31,ewma,JPM,Financials,0.0,0.0
2022-10-31,ewma,BAC,Financials,7.507029126081799e-18,0.000931682966220634
2022-10-31,ewma,JNJ,Health Care,0.15,0.14736493666375258
2022-10-31,ewma,UNH,Health Care,0.09999999999999998,0.10140488452968051
2022-10-31,ewma,AMZN,Consumer Discretionary,0.03250461463573441,0.0
2022-10-31,ewma,HD,Consumer Discretionary,0.00467609264655739,0.0
2022-10-31,ewma,PG,Consumer Staples,0.15,0.1486538803314284
2022-10-31,ewma,KO,Consumer Staples,0.10000000000000003,0.09855877558145489
2022-10-31,ewma,CAT,Industrials,0.0,5.3623061100919424e-18
2022-10-31,ewma,UNP,Industrials,0.06271434697393126,0.14002535304516886
2022-10-31,ewma,XOM,Energy,0.15,0.1493840735989186
2022-10-31,ewma,CVX,Energy,0.06644089439233371,6.835646628695326e-18
2022-10-31,ewma,NEE,Utilities,0.0,0.03740020015772767
2022-10-31,ewma,DUK,Utilities,0.028007037234779646,0.0
2022-10-31,ewma,AMT,Real Estate,0.005657014116663689,0.02739238740989405
2022-10-31,ewma,PLD,Real Estate,3.819219971365256e-18,1.3379793900641928e-17
2022-10-31,ewma,APD,Materials,0.0,0.14888382571575365
2022-10-31,ewma,NEM,Materials,0.15,2.13481657109366e-18
2022-10-31,ewma,GOOGL,Communication Services,0.0,9.140555527910087e-18
2022-10-31,ewma,META,Communication Services,1.1042604620762827e-18,0.0
2022-10-31,ledoit_wolf,AAPL,Information Technology,3.4575845833690683e-18,0.0
2022-10-31,ledoit_wolf,MSFT,Information Technology,0.04471800276613285,0.04900442606226258
2022-10-31,ledoit_wolf,JPM,Financials,0.0027708448143259476,0.02023756513106367
2022-10-31,ledoit_wolf,BAC,Financials,5.978388356758392e-18,0.0
2022-10-31,ledoit_wolf,JNJ,Health Care,0.15,0.14901742292951803
2022-10-31,ledoit_wolf,UNH,Health Care,0.06381041127075006,0.032653220345955414
2022-10-31,ledoit_wolf,AMZN,Consumer Discretionary,0.017573990945707198,0.0038607128281576693
2022-10-31,ledoit_wolf,HD,Consumer Discretionary,0.07593474404522074,0.07642933230600439
2022-10-31,ledoit_wolf,PG,Consumer Staples,0.1397376493007718,0.15032082025052834
2022-10-31,ledoit_wolf,KO,Consumer Staples,0.11026235069922823,0.09966397079753699
2022-10-31,ledoit_wolf,CAT,Industrials,0.03181386651056685,0.04211814491609566
2022-10-31,ledoit_wolf,UNP,Industrials,0.021762633728133637,0.018583492555422524
2022-10-31,ledoit_wolf,XOM,Energy,0.031061292682757383,0.01173548260200908
2022-10-31,ledoit_wolf,CVX,Energy,0.051864782354557756,0.07921740643993294
2022-10-31,ledoit_wolf,NEE,Utilities,4.3594014800453306e-18,0.005300617024426863
2022-10-31,ledoit_wolf,DUK,Utilities,0.15,0.1401698514555992
2022-10-31,ledoit_wolf,AMT,Real Estate,0.020119560041725146,0.03971053324767252
2022-10-31,ledoit_wolf,PLD,Real Estate,0.0,1.401761845595442e-17
2022-10-31,ledoit_wolf,APD,Materials,0.01169529983271395,0.017003917313904236
2022-10-31,ledoit_wolf,NEM,Materials,0.0768745710074085,0.06497308379390983
2022-10-31,ledoit_wolf,GOOGL,Communication Services,1.1705855181500862e-18,1.5637212007395176e-17
2022-10-31,ledoit_wolf,META,Communication Services,3.404642626071092e-18,0.0
2022-10-31,equal_weight,AAPL,Information Technology,0.045454545454545456,0.04725611652663417
2022-10-31,equal_weight,MSFT,Information Technology,0.045454545454545456,0.04244949447433791
2022-10-31,equal_weight,JPM,Financials,0.045454545454545456,0.05176300813753564
2022-10-31,equal_weight,BAC,Financials,0.045454545454545456,0.05082631198432195
2022-10-31,equal_weight,JNJ,Health Care,0.045454545454545456,0.045356482059514036
2022-10-31,equal_weight,UNH,Health Care,0.045454545454545456,0.046816111044231154
2022-10-31,equal_weight,AMZN,Consumer Discretionary,0.045454545454545456,0.03861018168321507
2022-10-31,equal_weight,HD,Consumer Discretionary,0.045454545454545456,0.045706546894527654
2022-10-31,equal_weight,PG,Consumer Staples,0.045454545454545456,0.0457531975310652
2022-10-31,equal_weight,KO,Consumer Staples,0.045454545454545456,0.04550213338741404
2022-10-31,equal_weight,CAT,Industrials,0.045454545454545456,0.05656254450620899
2022-10-31,equal_weight,UNP,Industrials,0.045454545454545456,0.04309748001834205
2022-10-31,equal_weight,XOM,Energy,0.045454545454545456,0.05405373655002142
2022-10-31,equal_weight,CVX,Energy,0.045454545454545456,0.053626953139421264
2022-10-31,equal_weight,NEE,Utilities,0.045454545454545456,0.04209600540223017
2022-10-31,equal_weight,DUK,Utilities,0.045454545454545456,0.04266354381821276
2022-10-31,equal_weight,AMT,Real Estate,0.045454545454545456,0.041400221033466855
2022-10-31,equal_weight,PLD,Real Estate,0.045454545454545456,0.04642595269443394
2022-10-31,equal_weight,APD,Materials,0.045454545454545456,0.04582397090453473
2022-10-31,equal_weight,NEM,Materials,0.045454545454545456,0.04288414849194795
2022-10-31,equal_weight,GOOGL,Communication Services,0.045454545454545456,0.042082692597670134
2022-10-31,equal_weight,META,Communication Services,0.045454545454545456,0.029243167120712423
2022-11-30,sample,AAPL,Information Technology,7.490363820699285e-18,2.1833380914787177e-18
2022-11-30,sample,MSFT,Information Technology,0.02432849439677702,0.04759108389295295
2022-11-30,sample,JPM,Financials,0.04185158987605142,0.0012817334073826187
2022-11-30,sample,BAC,Financials,0.0,3.744787611580867e-18
2022-11-30,sample,JNJ,Health Care,0.15,0.1443037004947699
2022-11-30,sample,UNH,Health Care,0.0933116993746218,0.060231101902180756
2022-11-30,sample,AMZN,Consumer Discretionary,0.0,0.014428708695781504
2022-11-30,sample,HD,Consumer Discretionary,0.058721552174477686,0.08029146832874685
2022-11-30,sample,PG,Consumer Staples,0.10000000000000003,0.14614571395965772
2022-11-30,sample,KO,Consumer Staples,0.15,0.10875404498694598
2022-11-30,sample,CAT,Industrials,0.011011467393149885,0.03303925149153613
2022-11-30,sample,UNP,Industrials,0.01909543591694053,0.02048539093287411
2022-11-30,sample,XOM,Energy,0.022643861098199495,0.02813278237056179
2022-11-30,sample,CVX,Energy,0.09561685465148481,0.051649487244121474
2022-11-30,sample,NEE,Utilities,0.009333045656316484,1.3629474528677861e-18
2022-11-30,sample,DUK,Utilities,0.15,0.15184145751456293
2022-11-30,sample,AMT,Real Estate,0.001599320037058815,0.018777638608892925
2022-11-30,sample,PLD,Real Estate,0.0,0.0
2022-11-30,sample,APD,Materials,0.020440921752458027,0.011455970709331673
2022-11-30,sample,NEM,Materials,0.052045757672464055,0.08159046545970113
2022-11-30,sample,GOOGL,Communication Services,1.3089159129475016e-17,5.832173785251449e-19
2022-11-30,sample,META,Communication Services,0.0,1.455207517301431e-18
2022-11-30,ewma,AAPL,Information Technology,0.0,2.356281438721134e-18
2022-11-30,ewma,MSFT,Information Technology,1.0372265793208227e-17,9.293383400930302e-18
2022-11-30,ewma,JPM,Financials,0.0724432357780739,0.0
2022-11-30,ewma,BAC,Financials,7.065254308585746e-18,7.468228684157192e-18
2022-11-30,ewma,JNJ,Health Care,0.15,0.14631865128229987
2022-11-30,ewma,UNH,Health Care,0.09999999999999994,0.09346487507206713
2022-11-30,ewma,AMZN,Consumer Discretionary,3.8412743237773814e-18,0.029016920094853106
2022-11-30,ewma,HD,Consumer Discretionary,2.8352637909767444e-18,0.004875512776954104
2022-11-30,ewma,PG,Consumer Staples,0.12671503279989257,0.15737704904206865
2022-11-30,ewma,KO,Consumer Staples,0.12328496720010744,0.10139091317572811
2022-11-30,ewma,CAT,Industrials,0.01618410535613077,0.0
2022-11-30,ewma,UNP,Industrials,0.012924712053743329,0.06552094972194464
2022-11-30,ewma,XOM,Energy,0.15,0.1439177056060947
2022-11-30,ewma,CVX,Energy,0.09844794681205216,0.06426849675523495
2022-11-30,ewma,NEE,Utilities,1.0820339186128696e-18,0.0
2022-11-30,ewma,DUK,Utilities,0.15,0.028746732962260987
2022-11-30,ewma,AMT,Real Estate,0.0,0.005722296184013233
2022-11-30,ewma,PLD,Real Estate,0.0,3.84775964293515e-18
2022-11-30,ewma,APD,Materials,0.0,0.0
2022-11-30,ewma,NEM,Materials,0.0,0.15937989732648086
2022-11-30,ewma,GOOGL,Communication Services,4.675203819090915e-18,0.0
2022-11-30,ewma,META,Communication Services,1.7229516606744063e-18,1.32605177607003e-18
2022-11-30,ledoit_wolf,AAPL,Information Technology,0.0,3.122910113921627e-18
2022-11-30,ledoit_wolf,MSFT,Information Technology,0.025045709638569603,0.04603883579022981
2022-11-30,ledoit_wolf,JPM,Financials,0.04129171934790264,0.002841012391478641
2022-11-30,ledoit_wolf,BAC,Financials,1.0623493941005141e-17,5.864589565952627e-18
2022-11-30,ledoit_wolf,JNJ,Health Care,0.15,0.14427918555849714
2022-11-30,ledoit_wolf,UNH,Health Care,0.08945470866231774,0.05880902325492852
2022-11-30,ledoit_wolf,AMZN,Consumer Discretionary,0.0,0.015469656961558626
2022-11-30,ledoit_wolf,HD,Consumer Discretionary,0.05691995991451128,0.07806955752783895
2022-11-30,ledoit_wolf,PG,Consumer Staples,0.10269009027526876,0.14456646598934525
2022-11-30,ledoit_wolf,KO,Consumer Staples,0.1473099097247312,0.11023773321034563
2022-11-30,ledoit_wolf,CAT,Industrials,0.012943429977996487,0.032454664846539166
2022-11-30,ledoit_wolf,UNP,Industrials,0.02057396366126309,0.022419644663342723
2022-11-30,ledoit_wolf,XOM,Energy,0.02730465350356894,0.02938640680097737
2022-11-30,ledoit_wolf,CVX,Energy,0.08956572485929493,0.049469694040297524
2022-11-30,ledoit_wolf,NEE,Utilities,0.010275447821212029,4.472817649776992e-18
2022-11-30,ledoit_wolf,DUK,Utilities,0.15,0.15181566203155195
2022-11-30,ledoit_wolf,AMT,Real Estate,0.0038021896987122696,0.020068067030821528
2022-11-30,ledoit_wolf,PLD,Real Estate,5.513314593474456e-19,0.0
2022-11-30,ledoit_wolf,APD,Materials,0.02144723343255993,0.013531171083818409
2022-11-30,ledoit_wolf,NEM,Materials,0.05137525948209109,0.08054321881842898
2022-11-30,ledoit_wolf,GOOGL,Communication Services,0.0,1.1683588883400278e-18
2022-11-30,ledoit_wolf,META,Communication Services,0.0,4.03147976195193e-18
2022-11-30,equal_weight,AAPL,Information Technology,0.045454545454545456,0.040811145557405885
2022-11-30,equal_weight,MSFT,Information Technology,0.045454545454545456,0.04651939401503781
2022-11-30,equal_weight,JPM,Financials,0.045454545454545456,0.04632901206393718
2022-11-30,equal_weight,BAC,Financials,0.045454545454545456,0.04432468055043786
2022-11-30,equal_weight,JNJ,Health Care,0.045454545454545456,0.04346148261239388
2022-11-30,equal_weight,UNH,Health Care,0.045454545454545456,0.041643242408416124
2022-11-30,equal_weight,AMZN,Consumer Discretionary,0.045454545454545456,0.03977428665866459
2022-11-30,equal_weight,HD,Consumer Discretionary,0.045454545454545456,0.046455089264553835
2022-11-30,equal_weight,PG,Consumer Staples,0.045454545454545456,0.046746192782595244
2022-11-30,equal_weight,KO,Consumer Staples,0.045454545454545456,0.045174685914167234
2022-11-30,equal_weight,CAT,Industrials,0.045454545454545456,0.04609489059545118
2022-11-30,equal_weight,UNP,Industrials,0.045454545454545456,0.04654889614234878
2022-11-30,equal_weight,XOM,Energy,0.045454545454545456,0.04274832227469795
2022-11-30,equal_weight,CVX,Energy,0.045454545454545456,0.04309816494757111
2022-11-30,equal_weight,NEE,Utilities,0.045454545454545456,0.04636032160786583
2022-11-30,equal_weight,DUK,Utilities,0.045454545454545456,0.04573170918682644
2022-11-30,equal_weight,AMT,Real Estate,0.045454545454545456,0.04506913031168022
2022-11-30,equal_weight,PLD,Real Estate,0.045454545454545456,0.04488790843146503
2022-11-30,equal_weight,APD,Materials,0.045454545454545456,0.05227765992112797
2022-11-30,equal_weight,NEM,Materials,0.045454545454545456,0.04734110501781196
2022-11-30,equal_weight,GOOGL,Communication Services,0.045454545454545456,0.04509882575676265
2022-11-30,equal_weight,META,Communication Services,0.045454545454545456,0.05350385397878123
2022-12-30,sample,AAPL,Information Technology,2.5367051727651867e-18,6.604603616359047e-18
2022-12-30,sample,MSFT,Information Technology,0.01073488033907506,0.022972405605539734
2022-12-30,sample,JPM,Financials,0.042268104177747755,0.040801857477871115
2022-12-30,sample,BAC,Financials,0.0,0.0
2022-12-30,sample,JNJ,Health Care,0.15,0.14954405029693293
2022-12-30,sample,UNH,Health Care,0.10000000000000005,0.09101022503604689
2022-12-30,sample,AMZN,Consumer Discretionary,0.0,0.0
2022-12-30,sample,HD,Consumer Discretionary,0.0495417806832629,0.057510213170405465
2022-12-30,sample,PG,Consumer Staples,0.09999999999999998,0.10207433042167068
2022-12-30,sample,KO,Consumer Staples,0.15,0.15068691079471846
2022-12-30,sample,CAT,Industrials,0.008285111344562437,0.011209286708126516
2022-12-30,sample,UNP,Industrials,0.02534095181025827,0.01838141784195848
2022-12-30,sample,XOM,Energy,0.03060530173351458,0.022535076748521926
2022-12-30,sample,CVX,Energy,0.08823383149391084,0.09405305948069337
2022-12-30,sample,NEE,Utilities,0.007555818654321442,0.009254023218261038
2022-12-30,sample,DUK,Utilities,0.15,0.15530115870322422
2022-12-30,sample,AMT,Real Estate,0.009246469510767312,0.0015498372047568225
2022-12-30,sample,PLD,Real Estate,0.0,0.0
2022-12-30,sample,APD,Materials,0.026314571177560826,0.020515463718830746
2022-12-30,sample,NEM,Materials,0.05187317907501861,0.05260068357244164
2022-12-30,sample,GOOGL,Communication Services,1.7053498195993225e-18,1.1487722059126378e-17
2022-12-30,sample,META,Communication Services,0.0,0.0
2022-12-30,ewma,AAPL,Information Technology,0.0,0.0
2022-12-30,ewma,MSFT,Information Technology,3.0373784305599948e-18,9.7820608373322e-18
2022-12-30,ewma,JPM,Financials,0.14999999999999997,0.07053932403763842
2022-12-30,ewma,BAC,Financials,0.05338666694354394,6.239268582675059e-18
2022-12-30,ewma,JNJ,Health Care,0.15,0.14936010783458734
2022-12-30,ewma,UNH,Health Care,0.09999999999999998,0.09741359451387724
2022-12-30,ewma,AMZN,Consumer Discretionary,1.9012943138000522e-18,3.35349034849795e-18
2022-12-30,ewma,HD,Consumer Discretionary,7.123677503371808e-18,2.773360985143047e-18
2022-12-30,ewma,PG,Consumer Staples,0.15,0.1291844259055731
2022-12-30,ewma,KO,Consumer Staples,0.09999999999999999,0.12369720138224162
2022-12-30,ewma,CAT,Industrials,1.514614478050555e-17,0.016454585887779063
2022-12-30,ewma,UNP,Industrials,0.0,0.012426126949503387
2022-12-30,ewma,XOM,Energy,0.08716354247755134,0.14909576162059054
2022-12-30,ewma,CVX,Energy,1.1886119500450513e-17,0.09671873699696182
2022-12-30,ewma,NEE,Utilities,0.0,1.0715527341227118e-18
2022-12-30,ewma,DUK,Utilities,0.15,0.15511013487124783
2022-12-30,ewma,AMT,Real Estate,5.154078632164784e-18,0.0
2022-12-30,ewma,PLD,Real Estate,0.0,0.0
2022-12-30,ewma,APD,Materials,0.059449790578904774,0.0
2022-12-30,ewma,NEM,Materials,9.752049403686733e-18,0.0
2022-12-30,ewma,GOOGL,Communication Services,5.587783033409621e-18,4.0981533023630265e-18
2022-12-30,ewma,META,Communication Services,0.0,1.7615014152083175e-18
2022-12-30,ledoit_wolf,AAPL,Information Technology,1.1126127957631428e-18,0.0
2022-12-30,ledoit_wolf,MSFT,Information Technology,0.011797880199495162,0.023646657985756464
2022-12-30,ledoit_wolf,JPM,Financials,0.041549220222727744,0.040250949195167945
2022-12-30,ledoit_wolf,BAC,Financials,0.0,9.391889266066551e-18
2022-12-30,ledoit_wolf,JNJ,Health Care,0.15,0.14952517686843292
2022-12-30,ledoit_wolf,UNH,Health Care,0.09969176629271276,0.08723735326307473
2022-12-30,ledoit_wolf,AMZN,Consumer Discretionary,2.0739933775235278e-19,0.0
2022-12-30,ledoit_wolf,HD,Consumer Discretionary,0.04779079905410462,0.05573874962189465
2022-12-30,ledoit_wolf,PG,Consumer Staples,0.10107969946769287,0.10480699306641567
2022-12-30,ledoit_wolf,KO,Consumer Staples,0.14892030053230718,0.1479658249024572
2022-12-30,ledoit_wolf,CAT,Industrials,0.010095736955296223,0.01317429381197334
2022-12-30,ledoit_wolf,UNP,Industrials,0.025307264707884355,0.01980216088148719
2022-12-30,ledoit_wolf,XOM,Energy,0.03302716183810665,0.027170048571019283
2022-12-30,ledoit_wolf,CVX,Energy,0.08435511452962824,0.0880897758423078
2022-12-30,ledoit_wolf,NEE,Utilities,0.008402982632213582,0.010187160262484804
2022-12-30,ledoit_wolf,DUK,Utilities,0.15,0.15528155869032528
2022-12-30,ledoit_wolf,AMT,Real Estate,0.010104016585559608,0.0036840852435224957
2022-12-30,ledoit_wolf,PLD,Real Estate,0.0,5.335513087809108e-19
2022-12-30,ledoit_wolf,APD,Materials,0.026495439150168658,0.02152272846784043
2022-12-30,ledoit_wolf,NEM,Materials,0.05138261783210235,0.0519164833258396
2022-12-30,ledoit_wolf,GOOGL,Communication Services,0.0,0.0
2022-12-30,ledoit_wolf,META,Communication Services,2.2904937520093094e-19,0.0
2022-12-30,equal_weight,AAPL,Information Technology,0.045454545454545456,0.041251311467641216
2022-12-30,equal_weight,MSFT,Information Technology,0.045454545454545456,0.04417587473205663
2022-12-30,equal_weight,JPM,Financials,0.045454545454545456,0.045610190761787725
2022-12-30,equal_weight,BAC,Financials,0.045454545454545456,0.04136512281319998
2022-12-30,equal_weight,JNJ,Health Care,0.045454545454545456,0.04664142331447147
2022-12-30,equal_weight,UNH,Health Care,0.045454545454545456,0.045629741075219214
2022-12-30,equal_weight,AMZN,Consumer Discretionary,0.045454545454545456,0.04089311303070015
2022-12-30,equal_weight,HD,Consumer Discretionary,0.045454545454545456,0.045818552586285595
2022-12-30,equal_weight,PG,Consumer Staples,0.045454545454545456,0.04775407692868957
2022-12-30,equal_weight,KO,Consumer Staples,0.045454545454545456,0.0469978710645542
2022-12-30,equal_weight,CAT,Industrials,0.045454545454545456,0.04762409056374809
2022-12-30,equal_weight,UNP,Industrials,0.045454545454545456,0.045034292613129134
2022-12-30,equal_weight,XOM,Energy,0.045454545454545456,0.04655887460821145
2022-12-30,equal_weight,CVX,Energy,0.045454545454545456,0.04601849264108108
2022-12-30,equal_weight,NEE,Utilities,0.045454545454545456,0.04638751517146839
2022-12-30,equal_weight,DUK,Utilities,0.045454545454545456,0.04843701283951084
2022-12-30,equal_weight,AMT,Real Estate,0.045454545454545456,0.045336148146555
2022-12-30,equal_weight,PLD,Real Estate,0.045454545454545456,0.04528059702698686
2022-12-30,equal_weight,APD,Materials,0.045454545454545456,0.046954235855614944
2022-12-30,equal_weight,NEM,Materials,0.045454545454545456,0.047282449536678185
2022-12-30,equal_weight,GOOGL,Communication Services,0.045454545454545456,0.04105972977000443
2022-12-30,equal_weight,META,Communication Services,0.045454545454545456,0.047889283452405854
2023-01-31,sample,AAPL,Information Technology,1.88852224398302e-17,2.871154896991546e-18
2023-01-31,sample,MSFT,Information Technology,0.0,0.011305513019693935
2023-01-31,sample,JPM,Financials,0.044405877184022405,0.0452943362133641
2023-01-31,sample,BAC,Financials,0.0,0.0
2023-01-31,sample,JNJ,Health Care,0.15,0.1414303212214928
2023-01-31,sample,UNH,Health Care,0.09879570801759645,0.09596264540980755
2023-01-31,sample,AMZN,Consumer Discretionary,4.724478186759867e-18,0.0
2023-01-31,sample,HD,Consumer Discretionary,0.040216184515732896,0.05182143970474842
2023-01-31,sample,PG,Consumer Staples,0.11129285036626901,0.09634756728303344
2023-01-31,sample,KO,Consumer Staples,0.138707149633731,0.14737636660155712
2023-01-31,sample,CAT,Industrials,0.013044299198765168,0.008935319167130489
2023-01-31,sample,UNP,Industrials,0.02002846301945791,0.025468298849482734
2023-01-31,sample,XOM,Energy,0.016083311999035024,0.03280774273105545
2023-01-31,sample,CVX,Energy,0.10399033286999192,0.08718738934304827
2023-01-31,sample,NEE,Utilities,0.034956883754313814,0.006874615380277549
2023-01-31,sample,DUK,Utilities,0.15,0.15207851408932382
2023-01-31,sample,AMT,Real Estate,0.0,0.009936888997067898
2023-01-31,sample,PLD,Real Estate,0.0,0.0
2023-01-31,sample,APD,Materials,0.031775750719096545,0.02788562724238866
2023-01-31,sample,NEM,Materials,0.0458625507643637,0.059287414746527885
2023-01-31,sample,GOOGL,Communication Services,0.0008406379576240245,1.9471062973449685e-18
2023-01-31,sample,META,Communication Services,9.167624244344363e-19,0.0
2023-01-31,ewma,AAPL,Information Technology,4.163161284054506e-18,0.0
2023-01-31,ewma,MSFT,Information Technology,1.1342028948998913e-17,3.174370318033023e-18
2023-01-31,ewma,JPM,Financials,0.0,0.15951003404338826
2023-01-31,ewma,BAC,Financials,0.08568753929314842,0.057843091780416245
2023-01-31,ewma,JNJ,Health Care,0.11793031145247428,0.14034861980157784
2023-01-31,ewma,UNH,Health Care,0.1320696885475257,0.09522869438076301
2023-01-31,ewma,AMZN,Consumer Discretionary,0.0,2.3609153917998306e-18
2023-01-31,ewma,HD,Consumer Discretionary,4.8891941324672316e-17,7.394481565791046e-18
2023-01-31,ewma,PG,Consumer Staples,0.13445080516011523,0.14341600838447133
2023-01-31,ewma,KO,Consumer Staples,0.11554919483988473,0.09749945869814211
2023-01-31,ewma,CAT,Industrials,0.11614337842129423,1.620986667807745e-17
2023-01-31,ewma,UNP,Industrials,2.1803515784151523e-18,0.0
2023-01-31,ewma,XOM,Energy,0.0,0.09272144174323513
2023-01-31,ewma,CVX,Energy,0.04431588951045574,1.1655321182894123e-17
2023-01-31,ewma,NEE,Utilities,0.06353744075443321,0.0
2023-01-31,ewma,DUK,Utilities,0.14999999999999997,0.15091537210386957
2023-01-31,ewma,AMT,Real Estate,0.0,5.4965623003505025e-18
2023-01-31,ewma,PLD,Real Estate,8.474035828972068e-18,0.0
2023-01-31,ewma,APD,Materials,2.517840691760203e-18,0.06251727906413655
2023-01-31,ewma,NEM,Materials,0.02964101953944583,1.1060662979065346e-17
2023-01-31,ewma,GOOGL,Communication Services,0.010674732481222563,6.33113151037845e-18
2023-01-31,ewma,META,Communication Services,0.0,0.0
2023-01-31,ledoit_wolf,AAPL,Information Technology,0.0,1.259043771997155e-18
2023-01-31,ledoit_wolf,MSFT,Information Technology,0.0,0.01242244832436205
2023-01-31,ledoit_wolf,JPM,Financials,0.04347351810465393,0.044514772492809974
2023-01-31,ledoit_wolf,BAC,Financials,0.0,0.0
2023-01-31,ledoit_wolf,JNJ,Health Care,0.15,0.14140106419461793
2023-01-31,ledoit_wolf,UNH,Health Care,0.09501833302384347,0.09564706603663621
2023-01-31,ledoit_wolf,AMZN,Consumer Discretionary,1.1228500211137398e-18,2.594675023963412e-19
2023-01-31,ledoit_wolf,HD,Consumer Discretionary,0.039961851584895264,0.049979545695260384
2023-01-31,ledoit_wolf,PG,Consumer Staples,0.11410106637327218,0.0973676852904327
2023-01-31,ledoit_wolf,KO,Consumer Staples,0.1358989336267278,0.1462852844261062
2023-01-31,ledoit_wolf,CAT,Industrials,0.014843108384167528,0.010885788631650116
2023-01-31,ledoit_wolf,UNP,Industrials,0.021501164631800445,0.02542918095402151
2023-01-31,ledoit_wolf,XOM,Energy,0.023550430272861855,0.03539656265923375
2023-01-31,ledoit_wolf,CVX,Energy,0.09495014938288289,0.08333743028427075
2023-01-31,ledoit_wolf,NEE,Utilities,0.0356895168940517,0.00764382077457198
2023-01-31,ledoit_wolf,DUK,Utilities,0.15,0.15204705432075796
2023-01-31,ledoit_wolf,AMT,Real Estate,1.3491867411781585e-18,0.010856221536894
2023-01-31,ledoit_wolf,PLD,Real Estate,0.0,0.0
2023-01-31,ledoit_wolf,APD,Materials,0.03288629590418602,0.028071485338507313
2023-01-31,ledoit_wolf,NEM,Materials,0.045709382379157525,0.05871458903986694
2023-01-31,ledoit_wolf,GOOGL,Communication Services,0.002416249437499377,0.0
2023-01-31,ledoit_wolf,META,Communication Services,6.111540950578466e-19,2.8892676250094207e-19
2023-01-31,equal_weight,AAPL,Information Technology,0.045454545454545456,0.04834645427060671
2023-01-31,equal_weight,MSFT,Information Technology,0.045454545454545456,0.044985346150491226
2023-01-31,equal_weight,JPM,Financials,0.045454545454545456,0.04577297394940813
2023-01-31,equal_weight,BAC,Financials,0.045454545454545456,0.046637050081044004
2023-01-31,equal_weight,JNJ,Health Care,0.045454545454545456,0.04027441757216081
2023-01-31,equal_weight,UNH,Health Care,0.045454545454545456,0.04099021644564208
2023-01-31,equal_weight,AMZN,Consumer Discretionary,0.045454545454545456,0.05344947647049791
2023-01-31,equal_weight,HD,Consumer Discretionary,0.045454545454545456,0.04468027751234274
2023-01-31,equal_weight,PG,Consumer Staples,0.045454545454545456,0.041154634911085786
2023-01-31,equal_weight,KO,Consumer Staples,0.045454545454545456,0.04196764369560776
2023-01-31,equal_weight,CAT,Industrials,0.045454545454545456,0.046066977697590085
2023-01-31,equal_weight,UNP,Industrials,0.045454545454545456,0.04292941932896773
2023-01-31,equal_weight,XOM,Energy,0.045454545454545456,0.04578863373980128
2023-01-31,equal_weight,CVX,Energy,0.045454545454545456,0.04220817116695562
2023-01-31,equal_weight,NEE,Utilities,0.045454545454545456,0.03886376570604674
2023-01-31,equal_weight,DUK,Utilities,0.045454545454545456,0.04330665112889799
2023-01-31,equal_weight,AMT,Real Estate,0.045454545454545456,0.04590420774512782
2023-01-31,equal_weight,PLD,Real Estate,0.045454545454545456,0.04992630464125825
2023-01-31,equal_weight,APD,Materials,0.045454545454545456,0.045264957864610475
2023-01-31,equal_weight,NEM,Materials,0.045454545454545456,0.04881998574526436
2023-01-31,equal_weight,GOOGL,Communication Services,0.045454545454545456,0.04877016014455037
2023-01-31,equal_weight,META,Communication Services,0.045454545454545456,0.053892274032042026
2023-02-28,sample,AAPL,Information Technology,1.0015321912533025e-17,2.0442669131154197e-17
2023-02-28,sample,MSFT,Information Technology,0.0,0.0
2023-02-28,sample,JPM,Financials,0.05934001873939319,0.04811676614775481
2023-02-28,sample,BAC,Financials,4.752945904495032e-18,0.0
2023-02-28,sample,JNJ,Health Care,0.15,0.14989584253870836
2023-02-28,sample,UNH,Health Care,0.08854895746159036,0.09965214710749969
2023-02-28,sample,AMZN,Consumer Discretionary,0.0,4.566886832842614e-18
2023-02-28,sample,HD,Consumer Discretionary,0.034576180314316335,0.0389200614033302
2023-02-28,sample,PG,Consumer Staples,0.11142677749056863,0.11375557391946836
2023-02-28,sample,KO,Consumer Staples,0.13857322250943138,0.14241271831719843
2023-02-28,sample,CAT,Industrials,0.00773299761834784,0.013103251206421302
2023-02-28,sample,UNP,Industrials,0.013124381522940846,0.02165471500896505
2023-02-28,sample,XOM,Energy,0.027356718282366316,0.01624458290495466
2023-02-28,sample,CVX,Energy,0.10001098600082345,0.10253766805047389
2023-02-28,sample,NEE,Utilities,0.038434374644570064,0.035425785952657655
2023-02-28,sample,DUK,Utilities,0.15,0.14749883123517643
2023-02-28,sample,AMT,Real Estate,2.22715553686381e-18,0.0
2023-02-28,sample,PLD,Real Estate,0.0,0.0
2023-02-28,sample,APD,Materials,0.029881336858494145,0.02999522389229513
2023-02-28,sample,NEM,Materials,0.04640480141804934,0.0399764863780692
2023-02-28,sample,GOOGL,Communication Services,0.0029566479942393933,0.0008103459370266407
2023-02-28,sample,META,Communication Services,0.0016325991448687153,1.1389623043591254e-18
2023-02-28,ewma,AAPL,Information Technology,5.349739834237207e-18,4.4923728861540256e-18
2023-02-28,ewma,MSFT,Information Technology,0.0,1.2069490365366904e-17
2023-02-28,ewma,JPM,Financials,0.06653805824609597,0.0
2023-02-28,ewma,BAC,Financials,0.08666950987550232,0.08736296040971661
2023-02-28,ewma,JNJ,Health Care,0.15,0.11747916208620013
2023-02-28,ewma,UNH,Health Care,0.018071714969723655,0.1327971646283663
2023-02-28,ewma,AMZN,Consumer Discretionary,0.0,0.0
2023-02-28,ewma,HD,Consumer Discretionary,5.87485246464835e-18,4.71679498526275e-17
2023-02-28,ewma,PG,Consumer Staples,0.10379015259427182,0.13699537138322154
2023-02-28,ewma,KO,Consumer Staples,0.14620984740572818,0.11826436894563971
2023-02-28,ewma,CAT,Industrials,0.014306964310710614,0.11630271052987161
2023-02-28,ewma,UNP,Industrials,0.0,2.3500031501431283e-18
2023-02-28,ewma,XOM,Energy,0.1062999767691516,0.0
2023-02-28,ewma,CVX,Energy,0.013031191282805228,0.04355991314384505
2023-02-28,ewma,NEE,Utilities,0.0,0.06418795920440655
2023-02-28,ewma,DUK,Utilities,0.15,0.14703666552343309
2023-02-28,ewma,AMT,Real Estate,0.0,0.0
2023-02-28,ewma,PLD,Real Estate,0.0,8.530479573914477e-18
2023-02-28,ewma,APD,Materials,0.10348606698896373,2.3693084455713673e-18
2023-02-28,ewma,NEM,Materials,0.0,0.02575589339156332
2023-02-28,ewma,GOOGL,Communication Services,0.0,0.01025783075373614
2023-02-28,ewma,META,Communication Services,0.041596517557046936,0.0
2023-02-28,ledoit_wolf,AAPL,Information Technology,1.2411815379662456e-18,0.0
2023-02-28,ledoit_wolf,MSFT,Information Technology,0.0,0.0
2023-02-28,ledoit_wolf,JPM,Financials,0.05684622346737363,0.04710065147675663
2023-02-28,ledoit_wolf,BAC,Financials,1.9156275804207024e-18,0.0
2023-02-28,ledoit_wolf,JNJ,Health Care,0.15,0.149877257198075
2023-02-28,ledoit_wolf,UNH,Health Care,0.0864596431884613,0.09583014355279862
2023-02-28,ledoit_wolf,AMZN,Consumer Discretionary,8.608953915121225e-19,1.0852612649401182e-18
2023-02-28,ledoit_wolf,HD,Consumer Discretionary,0.03445652605520494,0.03866913022451519
2023-02-28,ledoit_wolf,PG,Consumer Staples,0.11430982616349279,0.11661147076385217
2023-02-28,ledoit_wolf,KO,Consumer Staples,0.13569017383650722,0.13951218064182289
2023-02-28,ledoit_wolf,CAT,Industrials,0.010302653852255525,0.014908341185068251
2023-02-28,ledoit_wolf,UNP,Industrials,0.01512817802365806,0.023244113281652937
2023-02-28,ledoit_wolf,XOM,Energy,0.033772392438463375,0.02378362635698191
2023-02-28,ledoit_wolf,CVX,Energy,0.09168030809448124,0.09361216070252464
2023-02-28,ledoit_wolf,NEE,Utilities,0.038132515258639796,0.03616376199369168
2023-02-28,ledoit_wolf,DUK,Utilities,0.15,0.14748054309605868
2023-02-28,ledoit_wolf,AMT,Real Estate,2.3243581822236646e-18,1.265038488565605e-18
2023-02-28,ledoit_wolf,PLD,Real Estate,1.1780882101757578e-17,0.0
2023-02-28,ledoit_wolf,APD,Materials,0.030665030248978566,0.031039691596433227
2023-02-28,ledoit_wolf,NEM,Materials,0.046303103954170435,0.039838035773754235
2023-02-28,ledoit_wolf,GOOGL,Communication Services,0.004551212598657341,0.0023288921560135753
2023-02-28,ledoit_wolf,META,Communication Services,0.0017022128196556954,7.59188151553973e-19
2023-02-28,equal_weight,AAPL,Information Technology,0.045454545454545456,0.048550881495034934
2023-02-28,equal_weight,MSFT,Information Technology,0.045454545454545456,0.047878742901246475
2023-02-28,equal_weight,JPM,Financials,0.045454545454545456,0.0486001491814367
2023-02-28,equal_weight,BAC,Financials,0.045454545454545456,0.045872692214247515
2023-02-28,equal_weight,JNJ,Health Care,0.045454545454545456,0.04482083601672228
2023-02-28,equal_weight,UNH,Health Care,0.045454545454545456,0.04524079280192624
2023-02-28,equal_weight,AMZN,Consumer Discretionary,0.045454545454545456,0.043355882057501044
2023-02-28,equal_weight,HD,Consumer Discretionary,0.045454545454545456,0.043406450788030106
2023-02-28,equal_weight,PG,Consumer Staples,0.045454545454545456,0.04584447934726297
2023-02-28,equal_weight,KO,Consumer Staples,0.045454545454545456,0.04605020345321774
2023-02-28,equal_weight,CAT,Industrials,0.045454545454545456,0.045054683144416144
2023-02-28,equal_weight,UNP,Industrials,0.045454545454545456,0.04849382869687804
2023-02-28,equal_weight,XOM,Energy,0.045454545454545456,0.04530172114340761
2023-02-28,equal_weight,CVX,Energy,0.045454545454545456,0.04422543286674196
2023-02-28,equal_weight,NEE,Utilities,0.045454545454545456,0.04545361282634569
2023-02-28,equal_weight,DUK,Utilities,0.045454545454545456,0.04410409798886077
2023-02-28,equal_weight,AMT,Real Estate,0.045454545454545456,0.04205979481016828
2023-02-28,equal_weight,PLD,Real Estate,0.045454545454545456,0.04529264774101268
2023-02-28,equal_weight,APD,Materials,0.045454545454545456,0.04233873837283165
2023-02-28,equal_weight,NEM,Materials,0.045454545454545456,0.03909561410168556
2023-02-28,equal_weight,GOOGL,Communication Services,0.045454545454545456,0.04323575900201274
2023-02-28,equal_weight,META,Communication Services,0.045454545454545456,0.055722959049012796
2023-03-31,sample,AAPL,Information Technology,6.204008692181222e-18,1.090991126281634e-17
2023-03-31,sample,MSFT,Information Technology,0.0,0.0
2023-03-31,sample,JPM,Financials,0.03640074885345053,0.05252791095371678
2023-03-31,sample,BAC,Financials,2.9529920107941937e-18,3.884231695923563e-18
2023-03-31,sample,JNJ,Health Care,0.15,0.14772591446730501
2023-03-31,sample,UNH,Health Care,0.09291070895823873,0.08592554919878896
2023-03-31,sample,AMZN,Consumer Discretionary,0.0,0.0
2023-03-31,sample,HD,Consumer Discretionary,0.03939714315286603,0.033751137747225046
2023-03-31,sample,PG,Consumer Staples,0.10968150136265852,0.11728480669727581
2023-03-31,sample,KO,Consumer Staples,0.14031849863734147,0.14173340266534454
2023-03-31,sample,CAT,Industrials,0.005845812124305067,0.007193599326333044
2023-03-31,sample,UNP,Industrials,0.030289369406794133,0.012409133826893511
2023-03-31,sample,XOM,Energy,0.02542896402924665,0.026578934288599868
2023-03-31,sample,CVX,Energy,0.10677869779216637,0.09883686618948863
2023-03-31,sample,NEE,Utilities,0.026921038332631483,0.040614610585645576
2023-03-31,sample,DUK,Utilities,0.15,0.149492223052956
2023-03-31,sample,AMT,Real Estate,0.0,2.2380994216691816e-18
2023-03-31,sample,PLD,Real Estate,3.13936158386404e-17,0.0
2023-03-31,sample,APD,Materials,0.03582005496598608,0.02940708913714795
2023-03-31,sample,NEM,Materials,0.04987507839923837,0.05127662544121736
2023-03-31,sample,GOOGL,Communication Services,0.00033238398507656226,0.003316153683222773
2023-03-31,sample,META,Communication Services,0.0,0.0019260427388392153
2023-03-31,ewma,AAPL,Information Technology,6.800230934948767e-18,5.924423021897803e-18
2023-03-31,ewma,MSFT,Information Technology,0.0705502922794318,0.0
2023-03-31,ewma,JPM,Financials,0.0439089928025586,0.05987832820559398
2023-03-31,ewma,BAC,Financials,0.0,0.07200550332917441
2023-03-31,ewma,JNJ,Health Care,0.14485898303546285,0.15018058114763283
2023-03-31,ewma,UNH,Health Care,0.10514101696453715,0.017827700357077036
2023-03-31,ewma,AMZN,Consumer Discretionary,0.0,0.0
2023-03-31,ewma,HD,Consumer Discretionary,0.015375831461157015,5.82995847164062e-18
2023-03-31,ewma,PG,Consumer Staples,0.09999999999999998,0.11106198457296482
2023-03-31,ewma,KO,Consumer Staples,0.14999999999999997,0.1520290614350904
2023-03-31,ewma,CAT,Industrials,0.0,0.01353016071845122
2023-03-31,ewma,UNP,Industrials,0.017908578026973692,0.0
2023-03-31,ewma,XOM,Energy,0.11892624500356308,0.10499384210870538
2023-03-31,ewma,CVX,Energy,0.03139196096709716,0.013092195177336804
2023-03-31,ewma,NEE,Utilities,0.07432537876189187,0.0
2023-03-31,ewma,DUK,Utilities,2.105461192197607e-17,0.15197623934907734
2023-03-31,ewma,AMT,Real Estate,4.618176590918841e-18,0.0
2023-03-31,ewma,PLD,Real Estate,0.0,0.0
2023-03-31,ewma,APD,Materials,6.835801353339125e-18,0.10353590638998571
2023-03-31,ewma,NEM,Materials,0.12761272069732696,0.0
2023-03-31,ewma,GOOGL,Communication Services,3.717056093818295e-18,0.0
2023-03-31,ewma,META,Communication Services,1.106668691299056e-17,0.04988849720890979
2023-03-31,ledoit_wolf,AAPL,Information Technology,0.0,1.3517355873540647e-18
2023-03-31,ledoit_wolf,MSFT,Information Technology,7.850415021120452e-18,0.0
2023-03-31,ledoit_wolf,JPM,Financials,0.03617582949598539,0.050308828387285065
2023-03-31,ledoit_wolf,BAC,Financials,1.1157889954509011e-18,1.565141017264114e-18
2023-03-31,ledoit_wolf,JNJ,Health Care,0.15,0.14769194928061716
2023-03-31,ledoit_wolf,UNH,Health Care,0.08995647998976505,0.08387884440739836
2023-03-31,ledoit_wolf,AMZN,Consumer Discretionary,0.0,9.187177930507377e-19
2023-03-31,ledoit_wolf,HD,Consumer Discretionary,0.03936747953041019,0.0336266054114853
2023-03-31,ledoit_wolf,PG,Consumer Staples,0.11323068238593854,0.1202917617309888
2023-03-31,ledoit_wolf,KO,Consumer Staples,0.13676931761406141,0.1387526962984702
2023-03-31,ledoit_wolf,CAT,Industrials,0.007425164699685719,0.009581811264794255
2023-03-31,ledoit_wolf,UNP,Industrials,0.03031694803570167,0.014300439448641409
2023-03-31,ledoit_wolf,XOM,Energy,0.033945472605567156,0.032804659016577815
2023-03-31,ledoit_wolf,CVX,Energy,0.09683029435236029,0.09058315798184219
2023-03-31,ledoit_wolf,NEE,Utilities,0.027745034095156745,0.040286363081581435
2023-03-31,ledoit_wolf,DUK,Utilities,0.15,0.1494578517560669
2023-03-31,ledoit_wolf,AMT,Real Estate,4.8416065836171455e-18,2.3352426620529865e-18
2023-03-31,ledoit_wolf,PLD,Real Estate,8.447005989831771e-18,1.1681410416893804e-17
2023-03-31,ledoit_wolf,APD,Materials,0.03624684474876693,0.030171405888928738
2023-03-31,ledoit_wolf,NEM,Materials,0.049944594817221806,0.05115248753411325
2023-03-31,ledoit_wolf,GOOGL,Communication Services,0.0020458576293790032,0.005103431444910334
2023-03-31,ledoit_wolf,META,Communication Services,9.02778717241958e-19,0.002007707066298638
2023-03-31,equal_weight,AAPL,Information Technology,0.045454545454545456,0.04891974504238573
2023-03-31,equal_weight,MSFT,Information Technology,0.045454545454545456,0.0505479747745616
2023-03-31,equal_weight,JPM,Financials,0.045454545454545456,0.039753038536733225
2023-03-31,equal_weight,BAC,Financials,0.045454545454545456,0.03670034409268752
2023-03-31,equal_weight,JNJ,Health Care,0.045454545454545456,0.04422759333618093
2023-03-31,equal_weight,UNH,Health Care,0.045454545454545456,0.04357794475296377
2023-03-31,equal_weight,AMZN,Consumer Discretionary,0.045454545454545456,0.047935745819965285
2023-03-31,equal_weight,HD,Consumer Discretionary,0.045454545454545456,0.043836844284461975
2023-03-31,equal_weight,PG,Consumer Staples,0.045454545454545456,0.047269397344883016
2023-03-31,equal_weight,KO,Consumer Staples,0.045454545454545456,0.045932573291301154
2023-03-31,equal_weight,CAT,Industrials,0.045454545454545456,0.04177594164159465
2023-03-31,equal_weight,UNP,Industrials,0.045454545454545456,0.04246102768409662
2023-03-31,equal_weight,XOM,Energy,0.045454545454545456,0.043631630727587724
2023-03-31,equal_weight,CVX,Energy,0.045454545454545456,0.044381209892051604
2023-03-31,equal_weight,NEE,Utilities,0.045454545454545456,0.047455915282962856
2023-03-31,equal_weight,DUK,Utilities,0.045454545454545456,0.044756407648240334
2023-03-31,equal_weight,AMT,Real Estate,0.045454545454545456,0.04512910357403419
2023-03-31,equal_weight,PLD,Real Estate,0.045454545454545456,0.04453948768767049
2023-03-31,equal_weight,APD,Materials,0.045454545454545456,0.044195687510449444
2023-03-31,equal_weight,NEM,Materials,0.045454545454545456,0.049623157788804426
2023-03-31,equal_weight,GOOGL,Communication Services,0.045454545454545456,0.0503689510360403
2023-03-31,equal_weight,META,Communication Services,0.045454545454545456,0.05298027825034289
2023-04-28,sample,AAPL,Information Technology,0.0,6.173768209789835e-18
2023-04-28,sample,MSFT,Information Technology,0.011748619814490477,0.0
2023-04-28,sample,JPM,Financials,0.03873538180053263,0.03763823952219173
2023-04-28,sample,BAC,Financials,2.4134649978259386e-17,2.9237165730947072e-18
2023-04-28,sample,JNJ,Health Care,0.15,0.15320618848336306
2023-04-28,sample,UNH,Health Care,0.08663641088527278,0.09356076948348829
2023-04-28,sample,AMZN,Consumer Discretionary,6.022911705365585e-18,0.0
2023-04-28,sample,HD,Consumer Discretionary,0.03890535563348362,0.038800423468099865
2023-04-28,sample,PG,Consumer Staples,0.11078003470846007,0.1122564580364042
2023-04-28,sample,KO,Consumer Staples,0.13921996529153996,0.14033880547855826
2023-04-28,sample,CAT,Industrials,0.012504465112140078,0.005434744455369375
2023-04-28,sample,UNP,Industrials,0.03567706900475127,0.028483376189588152
2023-04-28,sample,XOM,Energy,0.018781411188220687,0.026538712702980197
2023-04-28,sample,CVX,Energy,0.10436702771080487,0.10669521670783683
2023-04-28,sample,NEE,Utilities,0.01409974896764556,0.025883131657726984
2023-04-28,sample,DUK,Utilities,0.15,0.14868782494745292
2023-04-28,sample,AMT,Real Estate,6.9226312733117675e-18,0.0
2023-04-28,sample,PLD,Real Estate,0.0,3.047732458520838e-17
2023-04-28,sample,APD,Materials,0.036624328124308485,0.03550368400087365
2023-04-28,sample,NEM,Materials,0.051920181758349414,0.04663979197550155
2023-04-28,sample,GOOGL,Communication Services,0.0,0.0003326328905649245
2023-04-28,sample,META,Communication Services,0.0,0.0
2023-04-28,ewma,AAPL,Information Technology,5.178546961792133e-18,6.74966453350238e-18
2023-04-28,ewma,MSFT,Information Technology,0.12365012205966464,0.07252850968345707
2023-04-28,ewma,JPM,Financials,0.08278691582727774,0.04528486350148023
2023-04-28,ewma,BAC,Financials,0.0,0.0
2023-04-28,ewma,JNJ,Health Care,0.14402742790176368,0.14757442013764852
2023-04-28,ewma,UNH,Health Care,0.01937190907235224,0.10560410219064417
2023-04-28,ewma,AMZN,Consumer Discretionary,0.0,0.0
2023-04-28,ewma,HD,Consumer Discretionary,0.0,0.015103964258990325
2023-04-28,ewma,PG,Consumer Staples,0.10000000000000003,0.10208420542338845
2023-04-28,ewma,KO,Consumer Staples,0.15,0.14963552433635077
2023-04-28,ewma,CAT,Industrials,0.1347774803640514,0.0
2023-04-28,ewma,UNP,Industrials,0.0,0.016797433936772504
2023-04-28,ewma,XOM,Energy,0.019867236481302675,0.12379682213041791
2023-04-28,ewma,CVX,Energy,6.165431898279719e-18,0.03128667275846526
2023-04-28,ewma,NEE,Utilities,1.37658952209033e-18,0.0712759066543957
2023-04-28,ewma,DUK,Utilities,0.15,2.0816705334661565e-17
2023-04-28,ewma,AMT,Real Estate,0.0,4.488943890776035e-18
2023-04-28,ewma,PLD,Real Estate,3.0646886454687888e-18,0.0
2023-04-28,ewma,APD,Materials,0.0,6.7579847844169034e-18
2023-04-28,ewma,NEM,Materials,0.07551890829358764,0.11902757498798934
2023-04-28,ewma,GOOGL,Communication Services,0.0,3.7102640536050515e-18
2023-04-28,ewma,META,Communication Services,1.070478899614072e-17,1.2104396973265324e-17
2023-04-28,ledoit_wolf,AAPL,Information Technology,6.1333008102944574e-18,0.0
2023-04-28,ledoit_wolf,MSFT,Information Technology,0.01345304425705097,8.089079310666903e-18
2023-04-28,ledoit_wolf,JPM,Financials,0.03860148783398141,0.03739509374070565
2023-04-28,ledoit_wolf,BAC,Financials,0.0,1.104414795442252e-18
2023-04-28,ledoit_wolf,JNJ,Health Care,0.15,0.15316285491602172
2023-04-28,ledoit_wolf,UNH,Health Care,0.08358631432386125,0.09056024917146734
2023-04-28,ledoit_wolf,AMZN,Consumer Discretionary,0.0,0.0
2023-04-28,ledoit_wolf,HD,Consumer Discretionary,0.03778508346117761,0.03876024290554141
2023-04-28,ledoit_wolf,PG,Consumer Staples,0.11356744446829216,0.11585618343434427
2023-04-28,ledoit_wolf,KO,Consumer Staples,0.13643255553170786,0.13675042073613494
2023-04-28,ledoit_wolf,CAT,Industrials,0.015354474832291458,0.006901087127437356
2023-04-28,ledoit_wolf,UNP,Industrials,0.03561493834372067,0.02850124674322474
2023-04-28,ledoit_wolf,XOM,Energy,0.02616689723851906,0.035416871009557316
2023-04-28,ledoit_wolf,CVX,Energy,0.09468427474139036,0.09672722454052418
2023-04-28,ledoit_wolf,NEE,Utilities,0.01589547626748525,0.026667814317457763
2023-04-28,ledoit_wolf,DUK,Utilities,0.15,0.1486457693755534
2023-04-28,ledoit_wolf,AMT,Real Estate,0.0,4.716932687293704e-18
2023-04-28,ledoit_wolf,PLD,Real Estate,8.4443708687378535e-19,8.198142211058559e-18
2023-04-28,ledoit_wolf,APD,Materials,0.037092845573522264,0.03591654259813326
2023-04-28,ledoit_wolf,NEM,Materials,0.051765163126999615,0.04669158880906078
2023-04-28,ledoit_wolf,GOOGL,Communication Services,6.782315440012532e-18,0.0020468105748357095
2023-04-28,ledoit_wolf,META,Communication Services,0.0,9.89699583007045e-19
2023-04-28,equal_weight,AAPL,Information Technology,0.045454545454545456,0.045421573063557714
2023-04-28,equal_weight,MSFT,Information Technology,0.045454545454545456,0.04704501164241276
2023-04-28,equal_weight,JPM,Financials,0.045454545454545456,0.04719578692699516
2023-04-28,equal_weight,BAC,Financials,0.045454545454545456,0.045191550901699164
2023-04-28,equal_weight,JNJ,Health Care,0.045454545454545456,0.04661968099624694
2023-04-28,equal_weight,UNH,Health Care,0.045454545454545456,0.04596341190890578
2023-04-28,equal_weight,AMZN,Consumer Discretionary,0.045454545454545456,0.0450651150414422
2023-04-28,equal_weight,HD,Consumer Discretionary,0.045454545454545456,0.04495272084589313
2023-04-28,equal_weight,PG,Consumer Staples,0.045454545454545456,0.04671562857137774
2023-04-28,equal_weight,KO,Consumer Staples,0.045454545454545456,0.04565066356731923
2023-04-28,equal_weight,CAT,Industrials,0.045454545454545456,0.042434444647130753
2023-04-28,equal_weight,UNP,Industrials,0.045454545454545456,0.042922546742156904
2023-04-28,equal_weight,XOM,Energy,0.045454545454545456,0.047636016152037546
2023-04-28,equal_weight,CVX,Energy,0.045454545454545456,0.04560837281109734
2023-04-28,equal_weight,NEE,Utilities,0.045454545454545456,0.04388430889596015
2023-04-28,equal_weight,DUK,Utilities,0.045454545454545456,0.04524477134831142
2023-04-28,equal_weight,AMT,Real Estate,0.045454545454545456,0.0444812809591422
2023-04-28,equal_weight,PLD,Real Estate,0.045454545454545456,0.044311836440721813
2023-04-28,equal_weight,APD,Materials,0.045454545454545456,0.045240919156629346
2023-04-28,equal_weight,NEM,Materials,0.045454545454545456,0.042683228523147605
2023-04-28,equal_weight,GOOGL,Communication Services,0.045454545454545456,0.04567823849340102
2023-04-28,equal_weight,META,Communication Services,0.045454545454545456,0.05005289236441366
2023-05-31,sample,AAPL,Information Technology,0.0,0.0
2023-05-31,sample,MSFT,Information Technology,0.016603538834081794,0.0134829080367365
2023-05-31,sample,JPM,Financials,0.042581433935922154,0.04074275102360556
2023-05-31,sample,BAC,Financials,1.141285053980123e-17,2.4542723378988205e-17
2023-05-31,sample,JNJ,Health Care,0.15,0.15338080967446072
2023-05-31,sample,UNH,Health Care,0.08904433820400419,0.09191009368826104
2023-05-31,sample,AMZN,Consumer Discretionary,0.0,7.379035229475248e-18
2023-05-31,sample,HD,Consumer Discretionary,0.045222095845143744,0.039597094486249276
2023-05-31,sample,PG,Consumer Staples,0.11561698603361127,0.10815822744129999
2023-05-31,sample,KO,Consumer Staples,0.13438301396638871,0.1387242731532342
2023-05-31,sample,CAT,Industrials,0.009779743417307146,0.012598593287642724
2023-05-31,sample,UNP,Industrials,0.037464098016283545,0.037859277153620696
2023-05-31,sample,XOM,Energy,0.0203093220666577,0.017525857817196223
2023-05-31,sample,CVX,Energy,0.10190652398297048,0.10088727297799621
2023-05-31,sample,NEE,Utilities,0.008835175661853458,0.014574920954840597
2023-05-31,sample,DUK,Utilities,0.15,0.14661387074875118
2023-05-31,sample,AMT,Real Estate,1.6826311607740722e-17,6.693159055977779e-18
2023-05-31,sample,PLD,Real Estate,0.0,0.0
2023-05-31,sample,APD,Materials,0.02629132558575941,0.035878435732846825
2023-05-31,sample,NEM,Materials,0.051962404450016354,0.04806561382325822
2023-05-31,sample,GOOGL,Communication Services,9.242657458461374e-18,0.0
2023-05-31,sample,META,Communication Services,2.654812296269801e-19,0.0
2023-05-31,ewma,AAPL,Information Technology,0.0,5.719581549519365e-18
2023-05-31,ewma,MSFT,Information Technology,0.10695787051776376,0.13983868762665502
2023-05-31,ewma,JPM,Financials,0.003299350623029238,0.08581046997105322
2023-05-31,ewma,BAC,Financials,0.008106340066974228,0.0
2023-05-31,ewma,JNJ,Health Care,0.15,0.14513128479617293
2023-05-31,ewma,UNH,Health Care,0.1,0.02025215517612045
2023-05-31,ewma,AMZN,Consumer Discretionary,0.028548665629805525,0.0
2023-05-31,ewma,HD,Consumer Discretionary,1.0144899276731648e-18,0.0
2023-05-31,ewma,PG,Consumer Staples,0.09999999999999999,0.09621308325704718
2023-05-31,ewma,KO,Consumer Staples,0.15,0.1472916963435567
2023-05-31,ewma,CAT,Industrials,0.03647878218088226,0.1338167068681984
2023-05-31,ewma,UNP,Industrials,0.10319626587983466,0.0
2023-05-31,ewma,XOM,Energy,0.017804100479832097,0.01826941294782502
2023-05-31,ewma,CVX,Energy,0.04386728093292589,5.873170933564332e-18
2023-05-31,ewma,NEE,Utilities,0.0,1.4022819864752014e-18
2023-05-31,ewma,DUK,Utilities,0.09578846602307402,0.14448112935944638
2023-05-31,ewma,AMT,Real Estate,1.0370795813612265e-17,0.0
2023-05-31,ewma,PLD,Real Estate,1.5699389278530105e-18,3.2177537825383146e-18
2023-05-31,ewma,APD,Materials,5.0490608982900104e-18,0.0
2023-05-31,ewma,NEM,Materials,0.019184691918948574,0.06889537365392451
2023-05-31,ewma,GOOGL,Communication Services,0.03676818574692983,0.0
2023-05-31,ewma,META,Communication Services,1.4443805431921407e-18,1.245017290964327e-17
2023-05-31,ledoit_wolf,AAPL,Information Technology,0.0,6.874819776368367e-18
2023-05-31,ledoit_wolf,MSFT,Information Technology,0.016819154756192195,0.015440596563228288
2023-05-31,ledoit_wolf,JPM,Financials,0.04215029793801543,0.040606292245495
2023-05-31,ledoit_wolf,BAC,Financials,0.0,0.0
2023-05-31,ledoit_wolf,JNJ,Health Care,0.15,0.15339733293878124
2023-05-31,ledoit_wolf,UNH,Health Care,0.0859411235439673,0.08868388599261431
2023-05-31,ledoit_wolf,AMZN,Consumer Discretionary,3.812810867551227e-18,0.0
2023-05-31,ledoit_wolf,HD,Consumer Discretionary,0.044412631657712066,0.03846104667714059
2023-05-31,ledoit_wolf,PG,Consumer Staples,0.11768602690332557,0.1108916129146775
2023-05-31,ledoit_wolf,KO,Consumer Staples,0.13231397309667448,0.13596143310322248
2023-05-31,ledoit_wolf,CAT,Industrials,0.01197847723660117,0.015471723185357425
2023-05-31,ledoit_wolf,UNP,Industrials,0.03708621297976789,0.03779741760172372
2023-05-31,ledoit_wolf,XOM,Energy,0.02792064002968287,0.024420248258559082
2023-05-31,ledoit_wolf,CVX,Energy,0.09239188745987584,0.09153721762739825
2023-05-31,ledoit_wolf,NEE,Utilities,0.01091859476485351,0.01643293567643041
2023-05-31,ledoit_wolf,DUK,Utilities,0.15,0.1466296650306081
2023-05-31,ledoit_wolf,AMT,Real Estate,0.0,0.0
2023-05-31,ledoit_wolf,PLD,Real Estate,0.0,8.997968403205868e-19
2023-05-31,ledoit_wolf,APD,Materials,0.02736998608453255,0.03634132586138305
2023-05-31,ledoit_wolf,NEM,Materials,0.051736720670449314,0.047927266323380124
2023-05-31,ledoit_wolf,GOOGL,Communication Services,0.001274272878349768,8.319044175906305e-18
2023-05-31,ledoit_wolf,META,Communication Services,0.0,0.0
2023-05-31,equal_weight,AAPL,Information Technology,0.045454545454545456,0.04881396202157477
2023-05-31,equal_weight,MSFT,Information Technology,0.045454545454545456,0.049982791963051734
2023-05-31,equal_weight,JPM,Financials,0.045454545454545456,0.045810633593586135
2023-05-31,equal_weight,BAC,Financials,0.045454545454545456,0.04428998541016823
2023-05-31,equal_weight,JNJ,Health Care,0.045454545454545456,0.04453521531932883
2023-05-31,equal_weight,UNH,Health Care,0.045454545454545456,0.04620474161089443
2023-05-31,equal_weight,AMZN,Consumer Discretionary,0.045454545454545456,0.05336012971670569
2023-05-31,equal_weight,HD,Consumer Discretionary,0.045454545454545456,0.044327957398314244
2023-05-31,equal_weight,PG,Consumer Staples,0.045454545454545456,0.04252279999468051
2023-05-31,equal_weight,KO,Consumer Staples,0.045454545454545456,0.04339850071991481
2023-05-31,equal_weight,CAT,Industrials,0.045454545454545456,0.0438814254028567
2023-05-31,equal_weight,UNP,Industrials,0.045454545454545456,0.04621755202849648
2023-05-31,equal_weight,XOM,Energy,0.045454545454545456,0.04064197950689729
2023-05-31,equal_weight,CVX,Energy,0.045454545454545456,0.04210143097263253
2023-05-31,equal_weight,NEE,Utilities,0.045454545454545456,0.045021360727225054
2023-05-31,equal_weight,DUK,Utilities,0.045454545454545456,0.04257038619403698
2023-05-31,equal_weight,AMT,Real Estate,0.045454545454545456,0.04210985394700681
2023-05-31,equal_weight,PLD,Real Estate,0.045454545454545456,0.04640386681158977
2023-05-31,equal_weight,APD,Materials,0.045454545454545456,0.04266655940108342
2023-05-31,equal_weight,NEM,Materials,0.045454545454545456,0.04032014433925552
2023-05-31,equal_weight,GOOGL,Communication Services,0.045454545454545456,0.053416133985430804
2023-05-31,equal_weight,META,Communication Services,0.045454545454545456,0.05140258893526937
2023-06-30,sample,AAPL,Information Technology,9.326643109216384e-19,0.0
2023-06-30,sample,MSFT,Information Technology,0.005057979612496608,0.01649861788256339
2023-06-30,sample,JPM,Financials,0.04315907394901208,0.0437281557690238
2023-06-30,sample,BAC,Financials,1.702930805605404e-18,1.1380379611886809e-17
2023-06-30,sample,JNJ,Health Care,0.15,0.15343018926805524
2023-06-30,sample,UNH,Health Care,0.09341459095717497,0.08451450694099047
2023-06-30,sample,AMZN,Consumer Discretionary,2.0635334283173848e-19,0.0
2023-06-30,sample,HD,Consumer Discretionary,0.039378140972944994,0.04748979941739186
2023-06-30,sample,PG,Consumer Staples,0.10740090085963805,0.1179710965975596
2023-06-30,sample,KO,Consumer Staples,0.14259909914036198,0.1309681575211277
2023-06-30,sample,CAT,Industrials,7.413312194887058e-19,0.011206752508024581
2023-06-30,sample,UNP,Industrials,0.03963006906483109,0.0381554215910689
2023-06-30,sample,XOM,Energy,0.01953275760627787,0.020426577621597643
2023-06-30,sample,CVX,Energy,0.10954858189940252,0.10201284179023126
2023-06-30,sample,NEE,Utilities,0.00826757435427891,0.008551395559943834
2023-06-30,sample,DUK,Utilities,0.15,0.14445854385713341
2023-06-30,sample,AMT,Real Estate,6.0913652546783136e-18,1.7092943434889796e-17
2023-06-30,sample,PLD,Real Estate,0.0,0.0
2023-06-30,sample,APD,Materials,0.025085779902784038,0.028205224359451764
2023-06-30,sample,NEM,Materials,0.05177176051029716,0.0523827193158367
2023-06-30,sample,GOOGL,Communication Services,0.015153691170499577,8.628075300262653e-18
2023-06-30,sample,META,Communication Services,1.3114259209590464e-18,2.7578300894567036e-19
2023-06-30,ewma,AAPL,Information Technology,0.06143721925084429,0.0
2023-06-30,ewma,MSFT,Information Technology,0.0,0.10643835848486717
2023-06-30,ewma,JPM,Financials,5.692061405548898e-19,0.003393187576717048
2023-06-30,ewma,BAC,Financials,0.045207655394392046,0.008095169681501535
2023-06-30,ewma,JNJ,Health Care,0.15,0.15365593488231444
2023-06-30,ewma,UNH,Health Care,0.08097611143763124,0.09505248387777791
2023-06-30,ewma,AMZN,Consumer Discretionary,0.0,0.029618442058069815
2023-06-30,ewma,HD,Consumer Discretionary,0.0013141662247408657,1.0669299518024419e-18
2023-06-30,ewma,PG,Consumer Staples,0.008065506237364038,0.10218625690655583
2023-06-30,ewma,KO,Consumer Staples,0.15,0.14640338498580402
2023-06-30,ewma,CAT,Industrials,0.0,0.041863079275697615
2023-06-30,ewma,UNP,Industrials,0.07035578445873393,0.10525517966191235
2023-06-30,ewma,XOM,Energy,0.033850521349482146,0.017933239028171902
2023-06-30,ewma,CVX,Energy,0.04513927556441913,0.04397765746794981
2023-06-30,ewma,NEE,Utilities,1.7076184216646695e-18,0.0
2023-06-30,ewma,DUK,Utilities,0.1371961418095953,0.09238547812621191
2023-06-30,ewma,AMT,Real Estate,0.0076491068543832735,1.0550633334458674e-17
2023-06-30,ewma,PLD,Real Estate,0.04906369727784104,1.4939785375621836e-18
2023-06-30,ewma,APD,Materials,0.0,5.424581052799143e-18
2023-06-30,ewma,NEM,Materials,0.009744814140572702,0.01936832879230643
2023-06-30,ewma,GOOGL,Communication Services,0.15,0.034373819194141945
2023-06-30,ewma,META,Communication Services,4.912791094074942e-18,1.5026361517771008e-18
2023-06-30,ledoit_wolf,AAPL,Information Technology,0.0,0.0
2023-06-30,ledoit_wolf,MSFT,Information Technology,0.006801811321606408,0.016704987776736395
2023-06-30,ledoit_wolf,JPM,Financials,0.04377155847918902,0.043264991387880494
2023-06-30,ledoit_wolf,BAC,Financials,0.0,0.0
2023-06-30,ledoit_wolf,JNJ,Health Care,0.15,0.1533578158060285
2023-06-30,ledoit_wolf,UNH,Health Care,0.08939834949878121,0.08153068148449752
2023-06-30,ledoit_wolf,AMZN,Consumer Discretionary,0.0,3.9480099152028844e-18
2023-06-30,ledoit_wolf,HD,Consumer Discretionary,0.03800245724018859,0.04661774380259724
2023-06-30,ledoit_wolf,PG,Consumer Staples,0.11060624483658275,0.12002562265045708
2023-06-30,ledoit_wolf,KO,Consumer Staples,0.13939375516341726,0.1288908669285725
2023-06-30,ledoit_wolf,CAT,Industrials,6.307241220560912e-18,0.013719839342811823
2023-06-30,ledoit_wolf,UNP,Industrials,0.03972548931314505,0.037752746972827385
2023-06-30,ledoit_wolf,XOM,Energy,0.028005295894012225,0.02806859312594883
2023-06-30,ledoit_wolf,CVX,Energy,0.09998821701420044,0.09244465177797208
2023-06-30,ledoit_wolf,NEE,Utilities,0.010396827276972238,0.010562911687734424
2023-06-30,ledoit_wolf,DUK,Utilities,0.15,0.14439040234607783
2023-06-30,ledoit_wolf,AMT,Real Estate,0.0,0.0
2023-06-30,ledoit_wolf,PLD,Real Estate,6.823331269428186e-18,0.0
2023-06-30,ledoit_wolf,APD,Materials,0.027133652100910517,0.029348556508814096
2023-06-30,ledoit_wolf,NEM,Materials,0.05152232874776008,0.05213060825663997
2023-06-30,ledoit_wolf,GOOGL,Communication Services,0.015254013113234289,0.001188980144403989
2023-06-30,ledoit_wolf,META,Communication Services,1.923502189429312e-18,0.0
2023-06-30,equal_weight,AAPL,Information Technology,0.045454545454545456,0.04714837205176929
2023-06-30,equal_weight,MSFT,Information Technology,0.045454545454545456,0.044678277233635606
2023-06-30,equal_weight,JPM,Financials,0.045454545454545456,0.04617324484903664
2023-06-30,equal_weight,BAC,Financials,0.045454545454545456,0.044834479870281885
2023-06-30,equal_weight,JNJ,Health Care,0.045454545454545456,0.04599060031929935
2023-06-30,equal_weight,UNH,Health Care,0.045454545454545456,0.04267509223182
2023-06-30,equal_weight,AMZN,Consumer Discretionary,0.045454545454545456,0.04657870338794886
2023-06-30,equal_weight,HD,Consumer Discretionary,0.045454545454545456,0.04721708434827945
2023-06-30,equal_weight,PG,Consumer Staples,0.045454545454545456,0.045877895667818774
2023-06-30,equal_weight,KO,Consumer Staples,0.045454545454545456,0.043819847046139775
2023-06-30,equal_weight,CAT,Industrials,0.045454545454545456,0.051523082398081295
2023-06-30,equal_weight,UNP,Industrials,0.045454545454545456,0.045792092814334266
2023-06-30,equal_weight,XOM,Energy,0.045454545454545456,0.04522199303340984
2023-06-30,equal_weight,CVX,Energy,0.045454545454545456,0.04500931201295285
2023-06-30,equal_weight,NEE,Utilities,0.045454545454545456,0.04351824011642826
2023-06-30,equal_weight,DUK,Utilities,0.045454545454545456,0.043301355391240776
2023-06-30,equal_weight,AMT,Real Estate,0.045454545454545456,0.04567488313414714
2023-06-30,equal_weight,PLD,Real Estate,0.045454545454545456,0.04272406808008895
2023-06-30,equal_weight,APD,Materials,0.045454545454545456,0.04823547860346016
2023-06-30,equal_weight,NEM,Materials,0.045454545454545456,0.04532609636970016
2023-06-30,equal_weight,GOOGL,Communication Services,0.045454545454545456,0.041972668907813274
2023-06-30,equal_weight,META,Communication Services,0.045454545454545456,0.046707132132313325
2023-07-31,sample,AAPL,Information Technology,0.0,9.080503658509543e-19
2023-07-31,sample,MSFT,Information Technology,0.013878499918799539,0.004796362484539915
2023-07-31,sample,JPM,Financials,0.052335030722479976,0.04537064435636871
2023-07-31,sample,BAC,Financials,6.69442880340335e-18,1.825927840314507e-18
2023-07-31,sample,JNJ,Health Care,0.15,0.14594877216658944
2023-07-31,sample,UNH,Health Care,0.09253029883381636,0.09460844968962864
2023-07-31,sample,AMZN,Consumer Discretionary,2.036022341893744e-19,2.0342331137660094e-19
2023-07-31,sample,HD,Consumer Discretionary,0.0373621112087528,0.04068209857137556
2023-07-31,sample,PG,Consumer Staples,0.10000000000000002,0.10701920366316554
2023-07-31,sample,KO,Consumer Staples,0.15,0.14097571609958062
2023-07-31,sample,CAT,Industrials,1.018616900070379e-18,7.718375392085156e-19
2023-07-31,sample,UNP,Industrials,0.03228163181639782,0.04319856950944475
2023-07-31,sample,XOM,Energy,0.02383384333293753,0.01877544262673069
2023-07-31,sample,CVX,Energy,0.10442644540203659,0.10953419665649052
2023-07-31,sample,NEE,Utilities,2.181399821676963e-18,0.0078513664077807
2023-07-31,sample,DUK,Utilities,0.15,0.15043227670706555
2023-07-31,sample,AMT,Real Estate,4.7896213197809e-19,5.746138284267677e-18
2023-07-31,sample,PLD,Real Estate,0.0,0.0
2023-07-31,sample,APD,Materials,0.028057009835033883,0.024582382727636905
2023-07-31,sample,NEM,Materials,0.05427197013536609,0.05007246294175786
2023-07-31,sample,GOOGL,Communication Services,0.011023158794379467,0.016152055391844528
2023-07-31,sample,META,Communication Services,1.6963810284139067e-18,1.3996036685080315e-18
2023-07-31,ewma,AAPL,Information Technology,0.15,0.05920053181804848
2023-07-31,ewma,MSFT,Information Technology,0.019754921611195367,0.0
2023-07-31,ewma,JPM,Financials,0.026486286597272805,5.922183834468936e-19
2023-07-31,ewma,BAC,Financials,2.5232158502487945e-18,0.0479742363864892
2023-07-31,ewma,JNJ,Health Care,0.101752053092768,0.1444474648331283
2023-07-31,ewma,UNH,Health Care,0.10893910138290812,0.08116739454279616
2023-07-31,ewma,AMZN,Consumer Discretionary,0.012414658819181154,0.0
2023-07-31,ewma,HD,Consumer Discretionary,2.9601843350706994e-18,0.0013437173286897552
2023-07-31,ewma,PG,Consumer Staples,0.0,0.007954170584227514
2023-07-31,ewma,KO,Consumer Staples,0.11108764088620013,0.14676694852421754
2023-07-31,ewma,CAT,Industrials,0.0066885034723786095,0.0
2023-07-31,ewma,UNP,Industrials,0.0,0.07590210572656017
2023-07-31,ewma,XOM,Energy,0.08060486380713525,0.032203380515957614
2023-07-31,ewma,CVX,Energy,0.06648041925811965,0.04466908233242687
2023-07-31,ewma,NEE,Utilities,0.0,1.6049719463769811e-18
2023-07-31,ewma,DUK,Utilities,0.07461705006275501,0.13617617963160633
2023-07-31,ewma,AMT,Real Estate,0.06892373713638363,0.00714137169305571
2023-07-31,ewma,PLD,Real Estate,0.007507282808409107,0.047487654332226244
2023-07-31,ewma,APD,Materials,0.06436207118626655,0.0
2023-07-31,ewma,NEM,Materials,0.009079285475777686,0.009328011202759818
2023-07-31,ewma,GOOGL,Communication Services,0.02009889358168419,0.15823775054781028
2023-07-31,ewma,META,Communication Services,0.07120323082156484,5.1891841642904734e-18
2023-07-31,ledoit_wolf,AAPL,Information Technology,0.0,0.0
2023-07-31,ledoit_wolf,MSFT,Information Technology,0.014981229088961592,0.006453757671648934
2023-07-31,ledoit_wolf,JPM,Financials,0.051804278720124844,0.0460413437292534
2023-07-31,ledoit_wolf,BAC,Financials,0.0,0.0
2023-07-31,ledoit_wolf,JNJ,Health Care,0.15,0.1460338706480337
2023-07-31,ledoit_wolf,UNH,Health Care,0.08955128131122539,0.0905936715463031
2023-07-31,ledoit_wolf,AMZN,Consumer Discretionary,1.928787084489729e-18,0.0
2023-07-31,ledoit_wolf,HD,Consumer Discretionary,0.03707881272231969,0.039283752667804706
2023-07-31,ledoit_wolf,PG,Consumer Staples,0.10248484759529398,0.11027741809859529
2023-07-31,ledoit_wolf,KO,Consumer Staples,0.147515152404706,0.1378872137137659
2023-07-31,ledoit_wolf,CAT,Industrials,2.291686526716294e-18,6.5706176948539016e-18
2023-07-31,ledoit_wolf,UNP,Industrials,0.03316350320977204,0.04332783037545776
2023-07-31,ledoit_wolf,XOM,Energy,0.029501025696413385,0.02693518357625811
2023-07-31,ledoit_wolf,CVX,Energy,0.09823740209263274,0.10003337974305392
2023-07-31,ledoit_wolf,NEE,Utilities,0.0002770772246238276,0.009879184945828276
2023-07-31,ledoit_wolf,DUK,Utilities,0.15,0.15051998938952219
2023-07-31,ledoit_wolf,AMT,Real Estate,2.0581880940105035e-18,0.0
2023-07-31,ledoit_wolf,PLD,Real Estate,4.22800610391103e-18,6.6766801995199056e-18
2023-07-31,ledoit_wolf,APD,Materials,0.02958080424846368,0.026604663572101356
2023-07-31,ledoit_wolf,NEM,Materials,0.05411141124614545,0.04986027337769069
2023-07-31,ledoit_wolf,GOOGL,Communication Services,0.011713174439317534,0.01626846694468236
2023-07-31,ledoit_wolf,META,Communication Services,1.8511011622596704e-19,2.0540317120179913e-18
2023-07-31,equal_weight,AAPL,Information Technology,0.045454545454545456,0.044091757359669394
2023-07-31,equal_weight,MSFT,Information Technology,0.045454545454545456,0.042944519959466104
2023-07-31,equal_weight,JPM,Financials,0.045454545454545456,0.04760753102905848
2023-07-31,equal_weight,BAC,Financials,0.045454545454545456,0.04855784876603535
2023-07-31,equal_weight,JNJ,Health Care,0.045454545454545456,0.044063806984163574
2023-07-31,equal_weight,UNH,Health Care,0.045454545454545456,0.045865701367291525
2023-07-31,equal_weight,AMZN,Consumer Discretionary,0.045454545454545456,0.044643891141311114
2023-07-31,equal_weight,HD,Consumer Discretionary,0.045454545454545456,0.04678654418459227
2023-07-31,equal_weight,PG,Consumer Staples,0.045454545454545456,0.04512597728162419
2023-07-31,equal_weight,KO,Consumer Staples,0.045454545454545456,0.044771367215733895
2023-07-31,equal_weight,CAT,Industrials,0.045454545454545456,0.047150514587792285
2023-07-31,equal_weight,UNP,Industrials,0.045454545454545456,0.049364798206368785
2023-07-31,equal_weight,XOM,Energy,0.045454545454545456,0.043531081100525344
2023-07-31,equal_weight,CVX,Energy,0.045454545454545456,0.045280977849196956
2023-07-31,equal_weight,NEE,Utilities,0.045454545454545456,0.043007080875125864
2023-07-31,equal_weight,DUK,Utilities,0.045454545454545456,0.04541743453273015
2023-07-31,equal_weight,AMT,Real Estate,0.045454545454545456,0.04272029678382072
2023-07-31,equal_weight,PLD,Real Estate,0.045454545454545456,0.04428776837926788
2023-07-31,equal_weight,APD,Materials,0.045454545454545456,0.04437815043331925
2023-07-31,equal_weight,NEM,Materials,0.045454545454545456,0.04380047797966295
2023-07-31,equal_weight,GOOGL,Communication Services,0.045454545454545456,0.048270543936523386
2023-07-31,equal_weight,META,Communication Services,0.045454545454545456,0.048331930046720505
2023-08-31,sample,AAPL,Information Technology,0.0,0.0
2023-08-31,sample,MSFT,Information Technology,0.018877407509105305,0.014024852512382568
2023-08-31,sample,JPM,Financials,0.048291821575238175,0.05010670450653867
2023-08-31,sample,BAC,Financials,1.9312061556733557e-18,6.2504676955720056e-18
2023-08-31,sample,JNJ,Health Care,0.15,0.1507002471000016
2023-08-31,sample,UNH,Health Care,0.08816085181383351,0.09000548332013793
2023-08-31,sample,AMZN,Consumer Discretionary,1.9526798568529698e-18,2.172420188735468e-19
2023-08-31,sample,HD,Consumer Discretionary,0.039963177622964294,0.03844884201337309
2023-08-31,sample,PG,Consumer Staples,0.1,0.10205554761275054
2023-08-31,sample,KO,Consumer Staples,0.15,0.14977052004646912
2023-08-31,sample,CAT,Industrials,0.0,1.1161200188985755e-18
2023-08-31,sample,UNP,Industrials,0.030278319661610282,0.03190272638230154
2023-08-31,sample,XOM,Energy,0.0217018430664878,0.025749321123703796
2023-08-31,sample,CVX,Energy,0.10811863682250532,0.10725918950974632
2023-08-31,sample,NEE,Utilities,1.4575860300724782e-17,2.068823112585239e-18
2023-08-31,sample,DUK,Utilities,0.15,0.1487080680752546
2023-08-31,sample,AMT,Real Estate,6.134911784422302e-18,4.716311177839157e-19
2023-08-31,sample,PLD,Real Estate,6.5945206421491604e-18,0.0
2023-08-31,sample,APD,Materials,0.03274311528856601,0.028062852403729313
2023-08-31,sample,NEM,Materials,0.055796351533068,0.05151688803786234
2023-08-31,sample,GOOGL,Communication Services,0.006068475106621259,0.01168875735574894
2023-08-31,sample,META,Communication Services,0.0,1.6282652255413322e-18
2023-08-31,ewma,AAPL,Information Technology,1.772084233502896e-18,0.14830098008634088
2023-08-31,ewma,MSFT,Information Technology,0.08945001726389108,0.019942303707620394
2023-08-31,ewma,JPM,Financials,0.01101671058497195,0.025331952825111262
2023-08-31,ewma,BAC,Financials,0.0,2.353410200940366e-18
2023-08-31,ewma,JNJ,Health Care,0.1475564509690649,0.10211984005264971
2023-08-31,ewma,UNH,Health Care,0.031105745932455055,0.10585540345949149
2023-08-31,ewma,AMZN,Consumer Discretionary,0.046697960162452076,0.013232451751938152
2023-08-31,ewma,HD,Consumer Discretionary,0.15,3.043090381401358e-18
2023-08-31,ewma,PG,Consumer Staples,0.09999999999999999,0.0
2023-08-31,ewma,KO,Consumer Staples,0.15,0.1108013526713487
2023-08-31,ewma,CAT,Industrials,0.0,0.007321047369880801
2023-08-31,ewma,UNP,Industrials,0.01796540240957384,0.0
2023-08-31,ewma,XOM,Energy,0.0,0.0869915744786788
2023-08-31,ewma,CVX,Energy,0.0947330140879279,0.06821219187727563
2023-08-31,ewma,NEE,Utilities,0.016832530975462914,0.0
2023-08-31,ewma,DUK,Utilities,0.025549498242270333,0.07389679240394077
2023-08-31,ewma,AMT,Real Estate,0.05329216321834085,0.06779760158360283
2023-08-31,ewma,PLD,Real Estate,0.0,0.007716586310267069
2023-08-31,ewma,APD,Materials,0.026891877508281186,0.06430795196347451
2023-08-31,ewma,NEM,Materials,0.03890862864530797,0.008609341696146664
2023-08-31,ewma,GOOGL,Communication Services,0.0,0.021290147484200522
2023-08-31,ewma,META,Communication Services,2.0836737735686918e-18,0.06827248027803182
2023-08-31,ledoit_wolf,AAPL,Information Technology,0.0,0.0
2023-08-31,ledoit_wolf,MSFT,Information Technology,0.01955133945598064,0.015132019438298297
2023-08-31,ledoit_wolf,JPM,Financials,0.0482494594562553,0.049574992583201985
2023-08-31,ledoit_wolf,BAC,Financials,3.953192437617465e-19,0.0
2023-08-31,ledoit_wolf,JNJ,Health Care,0.15,0.1506286674554688
2023-08-31,ledoit_wolf,UNH,Health Care,0.08572260161625514,0.08706637789319836
2023-08-31,ledoit_wolf,AMZN,Consumer Discretionary,2.853048255717792e-19,2.0570234834846496e-18
2023-08-31,ledoit_wolf,HD,Consumer Discretionary,0.039749879131193946,0.03813917941613862
2023-08-31,ledoit_wolf,PG,Consumer Staples,0.10485522650559705,0.1045417935473233
2023-08-31,ledoit_wolf,KO,Consumer Staples,0.14514477349440294,0.14721951434134944
2023-08-31,ledoit_wolf,CAT,Industrials,1.5076989694739262e-18,2.509856557567715e-18
2023-08-31,ledoit_wolf,UNP,Industrials,0.030285864360474816,0.03275867969548282
2023-08-31,ledoit_wolf,XOM,Energy,0.02976159623364769,0.03185682491937684
2023-08-31,ledoit_wolf,CVX,Energy,0.09973068194602827,0.10085433134154802
2023-08-31,ledoit_wolf,NEE,Utilities,3.630548562218242e-18,0.0002626531324510702
2023-08-31,ledoit_wolf,DUK,Utilities,0.15,0.14863743467645898
2023-08-31,ledoit_wolf,AMT,Real Estate,0.0,2.02572274637392e-18
2023-08-31,ledoit_wolf,PLD,Real Estate,3.2969929165573385e-18,4.3483798766440265e-18
2023-08-31,ledoit_wolf,APD,Materials,0.033833473905298325,0.02957291090655197
2023-08-31,ledoit_wolf,NEM,Materials,0.055705363939420806,0.05134008270403207
2023-08-31,ledoit_wolf,GOOGL,Communication Services,0.007409739955445051,0.01241453794911976
2023-08-31,ledoit_wolf,META,Communication Services,1.4260452401629583e-18,1.7759288572139076e-19
2023-08-31,equal_weight,AAPL,Information Technology,0.045454545454545456,0.04478649777584193
2023-08-31,equal_weight,MSFT,Information Technology,0.045454545454545456,0.04572927919059044
2023-08-31,equal_weight,JPM,Financials,0.045454545454545456,0.04332533576395747
2023-08-31,equal_weight,BAC,Financials,0.045454545454545456,0.042251056009940065
2023-08-31,equal_weight,JNJ,Health Care,0.045454545454545456,0.045463334475610545
2023-08-31,equal_weight,UNH,Health Care,0.045454545454545456,0.044017318668989856
2023-08-31,equal_weight,AMZN,Consumer Discretionary,0.045454545454545456,0.048283625303573545
2023-08-31,equal_weight,HD,Consumer Discretionary,0.045454545454545456,0.04656830555165769
2023-08-31,equal_weight,PG,Consumer Staples,0.045454545454545456,0.04618226166342518
2023-08-31,equal_weight,KO,Consumer Staples,0.045454545454545456,0.04518285390030182
2023-08-31,equal_weight,CAT,Industrials,0.045454545454545456,0.0495836622511571
2023-08-31,equal_weight,UNP,Industrials,0.045454545454545456,0.04472093751741322
2023-08-31,equal_weight,XOM,Energy,0.045454545454545456,0.04888890198377856
2023-08-31,equal_weight,CVX,Energy,0.045454545454545456,0.04647962291059175
2023-08-31,equal_weight,NEE,Utilities,0.045454545454545456,0.04291673419558252
2023-08-31,equal_weight,DUK,Utilities,0.045454545454545456,0.04486233279790744
2023-08-31,equal_weight,AMT,Real Estate,0.045454545454545456,0.044559453278924736
2023-08-31,equal_weight,PLD,Real Estate,0.045454545454545456,0.04656255275689229
2023-08-31,equal_weight,APD,Materials,0.045454545454545456,0.04526150679721682
2023-08-31,equal_weight,NEM,Materials,0.045454545454545456,0.04295489025772826
2023-08-31,equal_weight,GOOGL,Communication Services,0.045454545454545456,0.047984487406327894
2023-08-31,equal_weight,META,Communication Services,0.045454545454545456,0.04343504954259085
2023-09-29,sample,AAPL,Information Technology,5.5308320322070264e-18,0.0
2023-09-29,sample,MSFT,Information Technology,0.02456834923209327,0.01855440115961301
2023-09-29,sample,JPM,Financials,0.05046481589716619,0.04882983235651192
2023-09-29,sample,BAC,Financials,0.0,1.88170519608197e-18
2023-09-29,sample,JNJ,Health Care,0.15,0.14742806994586993
2023-09-29,sample,UNH,Health Care,0.09058051254148046,0.09552977189873912
2023-09-29,sample,AMZN,Consumer Discretionary,0.0,1.8350656995540944e-18
2023-09-29,sample,HD,Consumer Discretionary,0.034343185979199595,0.037299727573960384
2023-09-29,sample,PG,Consumer Staples,0.10000000000000002,0.0964217358695169
2023-09-29,sample,KO,Consumer Staples,0.15,0.14432924519899984
2023-09-29,sample,CAT,Industrials,0.0,0.0
2023-09-29,sample,UNP,Industrials,0.03185539828398896,0.028519658880264986
2023-09-29,sample,XOM,Energy,0.023517924724415894,0.023414319932026573
2023-09-29,sample,CVX,Energy,0.11354828353990003,0.11545993534249084
2023-09-29,sample,NEE,Utilities,0.0,1.275421777905324e-17
2023-09-29,sample,DUK,Utilities,0.15,0.1521105682070802
2023-09-29,sample,AMT,Real Estate,3.6305481524249025e-18,5.676931665898546e-18
2023-09-29,sample,PLD,Real Estate,0.0,6.121530860799157e-18
2023-09-29,sample,APD,Materials,0.024403661159833577,0.03223677949602777
2023-09-29,sample,NEM,Materials,0.053157344874347846,0.053915882186471496
2023-09-29,sample,GOOGL,Communication Services,0.003560523767574142,0.0059500719524268235
2023-09-29,sample,META,Communication Services,1.6743223598689546e-18,0.0
2023-09-29,ewma,AAPL,Information Technology,2.046927931223168e-18,1.6907235247642712e-18
2023-09-29,ewma,MSFT,Information Technology,0.13985682002889435,0.09021614102330512
2023-09-29,ewma,JPM,Financials,7.215298839585631e-19,0.011430436435013151
2023-09-29,ewma,BAC,Financials,1.5214959618317058e-17,0.0
2023-09-29,ewma,JNJ,Health Care,0.1156730846725731,0.14881487658632866
2023-09-29,ewma,UNH,Health Care,0.13432691532742688,0.034586196934549035
2023-09-29,ewma,AMZN,Consumer Discretionary,0.0,0.045031634243759
2023-09-29,ewma,HD,Consumer Discretionary,0.052360628127359546,0.14366008933103475
2023-09-29,ewma,PG,Consumer Staples,0.10000000000000002,0.09894051630349425
2023-09-29,ewma,KO,Consumer Staples,0.14999999999999997,0.14809949135335154
2023-09-29,ewma,CAT,Industrials,1.819147085661051e-18,0.0
2023-09-29,ewma,UNP,Industrials,0.0300858000664531,0.017363958251721687
2023-09-29,ewma,XOM,Energy,0.07262237782807726,0.0
2023-09-29,ewma,CVX,Energy,0.15,0.10380812108362926
2023-09-29,ewma,NEE,Utilities,0.0,0.015113612391199871
2023-09-29,ewma,DUK,Utilities,1.3686677393534294e-17,0.02658579990323447
2023-09-29,ewma,AMT,Real Estate,0.0,0.05060202772136875
2023-09-29,ewma,PLD,Real Estate,0.0,0.0
2023-09-29,ewma,APD,Materials,0.0,0.027167645539468776
2023-09-29,ewma,NEM,Materials,0.05507437394921582,0.03857945289854172
2023-09-29,ewma,GOOGL,Communication Services,6.331588192963671e-18,0.0
2023-09-29,ewma,META,Communication Services,2.2773144032659897e-18,2.213303030535683e-18
2023-09-29,ledoit_wolf,AAPL,Information Technology,4.383928729692549e-18,0.0
2023-09-29,ledoit_wolf,MSFT,Information Technology,0.024817025616867914,0.019219986927204807
2023-09-29,ledoit_wolf,JPM,Financials,0.04889829582810376,0.04879508500754155
2023-09-29,ledoit_wolf,BAC,Financials,0.0,3.852502096948809e-19
2023-09-29,ledoit_wolf,JNJ,Health Care,0.15,0.1474525069765853
2023-09-29,ledoit_wolf,UNH,Health Care,0.08867878993309013,0.09290311735023525
2023-09-29,ledoit_wolf,AMZN,Consumer Discretionary,2.080782225165156e-18,2.6816473747777295e-19
2023-09-29,ledoit_wolf,HD,Consumer Discretionary,0.033677241857014956,0.03710679455596223
2023-09-29,ledoit_wolf,PG,Consumer Staples,0.1,0.10111998797481722
2023-09-29,ledoit_wolf,KO,Consumer Staples,0.15,0.13968071971366183
2023-09-29,ledoit_wolf,CAT,Industrials,0.0014324140844199286,1.4940296158075476e-18
2023-09-29,ledoit_wolf,UNP,Industrials,0.03254082258861157,0.028531493830701155
2023-09-29,ledoit_wolf,XOM,Energy,0.03324965079964289,0.032115384862036744
2023-09-29,ledoit_wolf,CVX,Energy,0.1020545831148783,0.10652008836456739
2023-09-29,ledoit_wolf,NEE,Utilities,1.735611988644062e-18,3.1773412578275505e-18
2023-09-29,ledoit_wolf,DUK,Utilities,0.14999999999999997,0.15213578138818448
2023-09-29,ledoit_wolf,AMT,Real Estate,4.504599903330399e-19,0.0
2023-09-29,ledoit_wolf,PLD,Real Estate,0.0,3.061024503299752e-18
2023-09-29,ledoit_wolf,APD,Materials,0.025898981622371642,0.03331579829723989
2023-09-29,ledoit_wolf,NEM,Materials,0.053311790695533205,0.053836883377381975
2023-09-29,ledoit_wolf,GOOGL,Communication Services,0.005440403859465836,0.0072663713738799415
2023-09-29,ledoit_wolf,META,Communication Services,0.0,1.4764447872237026e-18
2023-09-29,equal_weight,AAPL,Information Technology,0.045454545454545456,0.04314036357266286
2023-09-29,equal_weight,MSFT,Information Technology,0.045454545454545456,0.045603626972254986
2023-09-29,equal_weight,JPM,Financials,0.045454545454545456,0.04691442949580597
2023-09-29,equal_weight,BAC,Financials,0.045454545454545456,0.045208254655395616
2023-09-29,equal_weight,JNJ,Health Care,0.045454545454545456,0.045601981546304925
2023-09-29,equal_weight,UNH,Health Care,0.045454545454545456,0.0502756572276175
2023-09-29,equal_weight,AMZN,Consumer Discretionary,0.045454545454545456,0.043602898998984584
2023-09-29,equal_weight,HD,Consumer Discretionary,0.045454545454545456,0.04330523902974132
2023-09-29,equal_weight,PG,Consumer Staples,0.045454545454545456,0.044737296853294105
2023-09-29,equal_weight,KO,Consumer Staples,0.045454545454545456,0.04464346293465998
2023-09-29,equal_weight,CAT,Industrials,0.045454545454545456,0.04596924609221599
2023-09-29,equal_weight,UNP,Industrials,0.045454545454545456,0.043702607575957154
2023-09-29,equal_weight,XOM,Energy,0.045454545454545456,0.05005871799982825
2023-09-29,equal_weight,CVX,Energy,0.045454545454545456,0.04954793305091
2023-09-29,equal_weight,NEE,Utilities,0.045454545454545456,0.040598914752315314
2023-09-29,equal_weight,DUK,Utilities,0.045454545454545456,0.04705035701087361
2023-09-29,equal_weight,AMT,Real Estate,0.045454545454545456,0.04293387997678001
2023-09-29,equal_weight,PLD,Real Estate,0.045454545454545456,0.04306967600846909
2023-09-29,equal_weight,APD,Materials,0.045454545454545456,0.045680036778725466
2023-09-29,equal_weight,NEM,Materials,0.045454545454545456,0.044833816236485836
2023-09-29,equal_weight,GOOGL,Communication Services,0.045454545454545456,0.04549225201275685
2023-09-29,equal_weight,META,Communication Services,0.045454545454545456,0.04802935121796053
2023-10-31,sample,AAPL,Information Technology,1.674664455380526e-17,5.595938754719075e-18
2023-10-31,sample,MSFT,Information Technology,0.02613551953027766,0.02668644049850042
2023-10-31,sample,JPM,Financials,0.04545711146036605,0.049448811025631006
2023-10-31,sample,BAC,Financials,2.081949763767396e-18,0.0
2023-10-31,sample,JNJ,Health Care,0.15,0.14491774305205363
2023-10-31,sample,UNH,Health Care,0.1,0.09759977077568859
2023-10-31,sample,AMZN,Consumer Discretionary,7.12942032301535e-19,0.0
2023-10-31,sample,HD,Consumer Discretionary,0.02761639399570486,0.03282281383714023
2023-10-31,sample,PG,Consumer Staples,0.11095366354074711,0.10499639581504053
2023-10-31,sample,KO,Consumer Staples,0.1390463364592529,0.15354295742987936
2023-10-31,sample,CAT,Industrials,0.003836239417277629,0.0
2023-10-31,sample,UNP,Industrials,0.0452456417272545,0.03294500176016978
2023-10-31,sample,XOM,Energy,0.03880201339494264,0.021476147278493465
2023-10-31,sample,CVX,Energy,0.08905736702076288,0.09954523505312203
2023-10-31,sample,NEE,Utilities,0.0,0.0
2023-10-31,sample,DUK,Utilities,0.15,0.15324286782565544
2023-10-31,sample,AMT,Real Estate,0.0,4.030749976845344e-18
2023-10-31,sample,PLD,Real Estate,2.989993217152862e-18,0.0
2023-10-31,sample,APD,Materials,0.016948664054867012,0.02467069965709181
2023-10-31,sample,NEM,Materials,0.05292690217151265,0.05468052499734628
2023-10-31,sample,GOOGL,Communication Services,0.003974147227034234,0.0034245909941866544
2023-10-31,sample,META,Communication Services,0.0,1.7043934578635113e-18
2023-10-31,ewma,AAPL,Information Technology,0.1457234519425409,2.0657091713599615e-18
2023-10-31,ewma,MSFT,Information Technology,0.07008018599804705,0.1515243623808858
2023-10-31,ewma,JPM,Financials,0.0,7.051891568952535e-19
2023-10-31,ewma,BAC,Financials,4.395992470153452e-17,1.4809392823089384e-17
2023-10-31,ewma,JNJ,Health Care,0.15,0.11146711532065663
2023-10-31,ewma,UNH,Health Care,0.1,0.14436476490531455
2023-10-31,ewma,AMZN,Consumer Discretionary,1.0503208545953324e-18,0.0
2023-10-31,ewma,HD,Consumer Discretionary,3.8285889215894375e-19,0.04991421184473151
2023-10-31,ewma,PG,Consumer Staples,0.15,0.10472696883003615
2023-10-31,ewma,KO,Consumer Staples,0.027144612168773355,0.15314895708569737
2023-10-31,ewma,CAT,Industrials,0.0,1.5319061833037581e-18
2023-10-31,ewma,UNP,Industrials,0.024268430126338548,0.03103503239807147
2023-10-31,ewma,XOM,Energy,0.1451322528977534,0.06614727908845017
2023-10-31,ewma,CVX,Energy,4.330032426363983e-18,0.13116419681768676
2023-10-31,ewma,NEE,Utilities,0.0,0.0
2023-10-31,ewma,DUK,Utilities,3.018084270185479e-18,1.3946691190539987e-17
2023-10-31,ewma,AMT,Real Estate,0.0609884517332632,0.0
2023-10-31,ewma,PLD,Real Estate,5.421010862427522e-19,0.0
2023-10-31,ewma,APD,Materials,1.461301240603119e-17,0.0
2023-10-31,ewma,NEM,Materials,0.12666261513328364,0.056507111328469396
2023-10-31,ewma,GOOGL,Communication Services,0.0,6.0742354762139525e-18
2023-10-31,ewma,META,Communication Services,3.3203691532368573e-19,2.3122666568502128e-18
2023-10-31,ledoit_wolf,AAPL,Information Technology,2.882034634522354e-18,4.4343948251485515e-18
2023-10-31,ledoit_wolf,MSFT,Information Technology,0.026595137920857718,0.02694962912826067
2023-10-31,ledoit_wolf,JPM,Financials,0.04274907104697361,0.04790151778173443
2023-10-31,ledoit_wolf,BAC,Financials,6.882926731437002e-18,0.0
2023-10-31,ledoit_wolf,JNJ,Health Care,0.15,0.1448805053386837
2023-10-31,ledoit_wolf,UNH,Health Care,0.09999999999999999,0.0955261275505663
2023-10-31,ledoit_wolf,AMZN,Consumer Discretionary,0.0,2.2092584790380133e-18
2023-10-31,ledoit_wolf,HD,Consumer Discretionary,0.027802572439893734,0.032178080520591575
2023-10-31,ledoit_wolf,PG,Consumer Staples,0.1134375452878513,0.10496941619467184
2023-10-31,ledoit_wolf,KO,Consumer Staples,0.1365624547121487,0.15350350340224744
2023-10-31,ledoit_wolf,CAT,Industrials,0.006798384780722876,0.0012090302995358454
2023-10-31,ledoit_wolf,UNP,Industrials,0.044127020641400866,0.03364522316149938
2023-10-31,ledoit_wolf,XOM,Energy,0.043264913547322904,0.030355183081154632
2023-10-31,ledoit_wolf,CVX,Energy,0.0830266939788051,0.08944597578651436
2023-10-31,ledoit_wolf,NEE,Utilities,0.0,1.7911447989324096e-18
2023-10-31,ledoit_wolf,DUK,Utilities,0.14831919538121213,0.15320349090832366
2023-10-31,ledoit_wolf,AMT,Real Estate,1.8926709144621907e-17,4.999864934069464e-19
2023-10-31,ledoit_wolf,PLD,Real Estate,1.8056918958557909e-19,0.0
2023-10-31,ledoit_wolf,APD,Materials,0.019096366471375914,0.02617565498986306
2023-10-31,ledoit_wolf,NEM,Materials,0.05311180292530307,0.05482530493799634
2023-10-31,ledoit_wolf,GOOGL,Communication Services,0.0051088408661319725,0.00523135691835655
2023-10-31,ledoit_wolf,META,Communication Services,0.0,0.0
2023-10-31,equal_weight,AAPL,Information Technology,0.045454545454545456,0.04609176655363868
2023-10-31,equal_weight,MSFT,Information Technology,0.045454545454545456,0.04948294556430318
2023-10-31,equal_weight,JPM,Financials,0.045454545454545456,0.044638339484475924
2023-10-31,equal_weight,BAC,Financials,0.045454545454545456,0.044455262301519555
2023-10-31,equal_weight,JNJ,Health Care,0.045454545454545456,0.044012006964912725
2023-10-31,equal_weight,UNH,Health Care,0.045454545454545456,0.04908568932068414
2023-10-31,equal_weight,AMZN,Consumer Discretionary,0.045454545454545456,0.048380726005137986
2023-10-31,equal_weight,HD,Consumer Discretionary,0.045454545454545456,0.04353876422861211
2023-10-31,equal_weight,PG,Consumer Staples,0.045454545454545456,0.04783163889989396
2023-10-31,equal_weight,KO,Consumer Staples,0.045454545454545456,0.046631513640050366
2023-10-31,equal_weight,CAT,Industrials,0.045454545454545456,0.03846104519458453
2023-10-31,equal_weight,UNP,Industrials,0.045454545454545456,0.04711371669037119
2023-10-31,equal_weight,XOM,Energy,0.045454545454545456,0.04160047102512259
2023-10-31,equal_weight,CVX,Energy,0.045454545454545456,0.039937490593342145
2023-10-31,equal_weight,NEE,Utilities,0.045454545454545456,0.047025187400108664
2023-10-31,equal_weight,DUK,Utilities,0.045454545454545456,0.04654037541588925
2023-10-31,equal_weight,AMT,Real Estate,0.045454545454545456,0.05057717048324537
2023-10-31,equal_weight,PLD,Real Estate,0.045454545454545456,0.04149104102666082
2023-10-31,equal_weight,APD,Materials,0.045454545454545456,0.04605399932622199
2023-10-31,equal_weight,NEM,Materials,0.045454545454545456,0.04686086117897153
2023-10-31,equal_weight,GOOGL,Communication Services,0.045454545454545456,0.04381629899178107
2023-10-31,equal_weight,META,Communication Services,0.045454545454545456,0.04637368971047201
2023-11-30,sample,AAPL,Information Technology,0.0,1.7835707566415737e-17
2023-11-30,sample,MSFT,Information Technology,0.03043729100648379,0.02806421230721342
2023-11-30,sample,JPM,Financials,0.05264678353751611,0.04878766490203567
2023-11-30,sample,BAC,Financials,0.0,2.3228844035483202e-18
2023-11-30,sample,JNJ,Health Care,0.14999999999999997,0.15074332594970133
2023-11-30,sample,UNH,Health Care,0.10000000000000006,0.09873165458087951
2023-11-30,sample,AMZN,Consumer Discretionary,0.0,7.483286982447071e-19
2023-11-30,sample,HD,Consumer Discretionary,0.014699712194992701,0.0292744018503771
2023-11-30,sample,PG,Consumer Staples,0.10032916055380899,0.10856546132577939
2023-11-30,sample,KO,Consumer Staples,0.149670839446191,0.13864548515229846
2023-11-30,sample,CAT,Industrials,0.0037329309745001158,0.00406867737206594
2023-11-30,sample,UNP,Industrials,0.04648337131101425,0.04694560790058227
2023-11-30,sample,XOM,Energy,0.049719707427556895,0.03634288278868052
2023-11-30,sample,CVX,Energy,0.08325016512512574,0.08479440552257808
2023-11-30,sample,NEE,Utilities,1.3608185392041548e-17,0.0
2023-11-30,sample,DUK,Utilities,0.15,0.1506278479356227
2023-11-30,sample,AMT,Real Estate,1.9637073675028276e-18,0.0
2023-11-30,sample,PLD,Real Estate,0.0,3.2615316997314383e-18
2023-11-30,sample,APD,Materials,0.01295950816453754,0.015524579998645642
2023-11-30,sample,NEM,Materials,0.04675335213822475,0.05482478732005452
2023-11-30,sample,GOOGL,Communication Services,0.009317178120048012,0.004059005093486031
2023-11-30,sample,META,Communication Services,2.3360784720010577e-18,0.0
2023-11-30,ewma,AAPL,Information Technology,0.14999999999999997,0.15299475813552335
2023-11-30,ewma,MSFT,Information Technology,0.029856188000921224,0.07418251035827174
2023-11-30,ewma,JPM,Financials,0.0632555557040122,0.0
2023-11-30,ewma,BAC,Financials,0.0,4.835026428966181e-17
2023-11-30,ewma,JNJ,Health Care,0.15,0.14860131536503235
2023-11-30,ewma,UNH,Health Care,0.08604673181462645,0.09732871187796545
2023-11-30,ewma,AMZN,Consumer Discretionary,0.03635912617130908,1.0867877387738143e-18
2023-11-30,ewma,HD,Consumer Discretionary,3.7350411174470943e-19,4.0007771294294445e-19
2023-11-30,ewma,PG,Consumer Staples,0.11819467468942856,0.1446857817186734
2023-11-30,ewma,KO,Consumer Staples,0.13180532531057143,0.0266817544191056
2023-11-30,ewma,CAT,Industrials,0.0,0.0
2023-11-30,ewma,UNP,Industrials,1.3252931635089891e-18,0.024822439393408773
2023-11-30,ewma,XOM,Energy,0.12605403817120917,0.13400271869040467
2023-11-30,ewma,CVX,Energy,0.0,4.064181155934761e-18
2023-11-30,ewma,NEE,Utilities,8.864775303570668e-18,0.0
2023-11-30,ewma,DUK,Utilities,0.0,2.9876514829121227e-18
2023-11-30,ewma,AMT,Real Estate,0.0344126797347219,0.06735982105569659
2023-11-30,ewma,PLD,Real Estate,0.0,5.829297748908135e-19
2023-11-30,ewma,APD,Materials,0.007810665453981466,1.319497894710013e-17
2023-11-30,ewma,NEM,Materials,0.028195801977383767,0.12934018898591823
2023-11-30,ewma,GOOGL,Communication Services,0.0013221830017542992,0.0
2023-11-30,ewma,META,Communication Services,0.036687029970080526,3.3987960267447405e-19
2023-11-30,ledoit_wolf,AAPL,Information Technology,0.0,3.0701121459408142e-18
2023-11-30,ledoit_wolf,MSFT,Information Technology,0.02906209612918496,0.02856383200668093
2023-11-30,ledoit_wolf,JPM,Financials,0.050797391261766064,0.04589098530703964
2023-11-30,ledoit_wolf,BAC,Financials,0.0,7.681092624936594e-18
2023-11-30,ledoit_wolf,JNJ,Health Care,0.14999999999999997,0.1507754373418762
2023-11-30,ledoit_wolf,UNH,Health Care,0.10000000000000003,0.09875268642995368
2023-11-30,ledoit_wolf,AMZN,Consumer Discretionary,6.3827088564561385e-19,0.0
2023-11-30,ledoit_wolf,HD,Consumer Discretionary,0.015469455717284199,0.029478035989481732
2023-11-30,ledoit_wolf,PG,Consumer Staples,0.10593143747025974,0.11101952358424957
2023-11-30,ledoit_wolf,KO,Consumer Staples,0.14406856252974026,0.13619777080612208
2023-11-30,ledoit_wolf,CAT,Industrials,0.006780817623412916,0.007211835224363279
2023-11-30,ledoit_wolf,UNP,Industrials,0.04536280105476751,0.04579471118599289
2023-11-30,ledoit_wolf,XOM,Energy,0.05251904590949236,0.040531572757079776
2023-11-30,ledoit_wolf,CVX,Energy,0.07847166518750968,0.0790692460322089
2023-11-30,ledoit_wolf,NEE,Utilities,6.48316380143009e-18,0.0
2023-11-30,ledoit_wolf,DUK,Utilities,0.15,0.14897173530091243
2023-11-30,ledoit_wolf,AMT,Real Estate,2.3964078564963758e-18,2.1209789961193206e-17
2023-11-30,ledoit_wolf,PLD,Real Estate,1.9207839316938584e-18,1.9700967445793768e-19
2023-11-30,ledoit_wolf,APD,Materials,0.01432386390632611,0.01749555131115266
2023-11-30,ledoit_wolf,NEM,Materials,0.04633439068969002,0.05502803795185807
2023-11-30,ledoit_wolf,GOOGL,Communication Services,0.010878472520566215,0.005219038771027597
2023-11-30,ledoit_wolf,META,Communication Services,9.420604115879312e-19,0.0
2023-11-30,equal_weight,AAPL,Information Technology,0.045454545454545456,0.04715301765064839
2023-11-30,equal_weight,MSFT,Information Technology,0.045454545454545456,0.04754103918245141
2023-11-30,equal_weight,JPM,Financials,0.045454545454545456,0.04751767117406921
2023-11-30,equal_weight,BAC,Financials,0.045454545454545456,0.049397424143895606
2023-11-30,equal_weight,JNJ,Health Care,0.045454545454545456,0.044493214680194
2023-11-30,equal_weight,UNH,Health Care,0.045454545454545456,0.043712270596281064
2023-11-30,equal_weight,AMZN,Consumer Discretionary,0.045454545454545456,0.04647133318514798
2023-11-30,equal_weight,HD,Consumer Discretionary,0.045454545454545456,0.04693188642973904
2023-11-30,equal_weight,PG,Consumer Staples,0.045454545454545456,0.04332085171229547
2023-11-30,equal_weight,KO,Consumer Staples,0.045454545454545456,0.04414618023632012
2023-11-30,equal_weight,CAT,Industrials,0.045454545454545456,0.046956368394946935
2023-11-30,equal_weight,UNP,Industrials,0.045454545454545456,0.045937268291825636
2023-11-30,equal_weight,XOM,Energy,0.045454545454545456,0.04146790196699478
2023-11-30,equal_weight,CVX,Energy,0.045454545454545456,0.04215453467503281
2023-11-30,equal_weight,NEE,Utilities,0.045454545454545456,0.04283426394398184
2023-11-30,equal_weight,DUK,Utilities,0.045454545454545456,0.04445913033159099
2023-11-30,equal_weight,AMT,Real Estate,0.045454545454545456,0.04960388670140071
2023-11-30,equal_weight,PLD,Real Estate,0.045454545454545456,0.048294575357627635
2023-11-30,equal_weight,APD,Materials,0.045454545454545456,0.040553779841333876
2023-11-30,equal_weight,NEM,Materials,0.045454545454545456,0.04586141299485532
2023-11-30,equal_weight,GOOGL,Communication Services,0.045454545454545456,0.045219170902642644
2023-11-30,equal_weight,META,Communication Services,0.045454545454545456,0.045972817606724586
2023-12-29,sample,AAPL,Information Technology,0.0,0.0
2023-12-29,sample,MSFT,Information Technology,0.03034415462627396,0.02969571614607107
2023-12-29,sample,JPM,Financials,0.053238072499927125,0.05640514988623182
2023-12-29,sample,BAC,Financials,2.2937337121109384e-18,0.0
2023-12-29,sample,JNJ,Health Care,0.15,0.14944555629993955
2023-12-29,sample,UNH,Health Care,0.10000000000000003,0.09391630472494121
2023-12-29,sample,AMZN,Consumer Discretionary,2.2880442362418526e-18,0.0
2023-12-29,sample,HD,Consumer Discretionary,0.013490832817320818,0.015975003515061006
2023-12-29,sample,PG,Consumer Staples,0.09999999999999998,0.09414737476643108
2023-12-29,sample,KO,Consumer Staples,0.15,0.148372455164557
2023-12-29,sample,CAT,Industrials,0.0049698300309356305,0.004327709088523319
2023-12-29,sample,UNP,Industrials,0.044957607473189255,0.050104649719644546
2023-12-29,sample,XOM,Energy,0.05392427240424926,0.047565495084395615
2023-12-29,sample,CVX,Energy,0.08043149517948964,0.08501055999568043
2023-12-29,sample,NEE,Utilities,0.0,1.3887844489025122e-17
2023-12-29,sample,DUK,Utilities,0.15,0.15506877417474646
2023-12-29,sample,AMT,Real Estate,0.0,2.011952916871571e-18
2023-12-29,sample,PLD,Real Estate,0.0,0.0
2023-12-29,sample,APD,Materials,0.010989875645742126,0.012976110341972689
2023-12-29,sample,NEM,Materials,0.043282581921937104,0.04733473909494401
2023-12-29,sample,GOOGL,Communication Services,0.014371277400935113,0.00965440199685991
2023-12-29,sample,META,Communication Services,2.2433203527311705e-18,2.4847601955454392e-18
2023-12-29,ewma,AAPL,Information Technology,0.03132982617765338,0.15128340515042157
2023-12-29,ewma,MSFT,Information Technology,0.1492593778952241,0.029483101865890267
2023-12-29,ewma,JPM,Financials,0.15,0.06859565374150917
2023-12-29,ewma,BAC,Financials,0.0,0.0
2023-12-29,ewma,JNJ,Health Care,0.03057505953393072,0.15126345486658624
2023-12-29,ewma,UNH,Health Care,0.15,0.08179493009513329
2023-12-29,ewma,AMZN,Consumer Discretionary,0.0,0.03762755060588297
2023-12-29,ewma,HD,Consumer Discretionary,0.03437468884722093,4.1084549310405746e-19
2023-12-29,ewma,PG,Consumer Staples,0.01674234533582325,0.11226127105401847
2023-12-29,ewma,KO,Consumer Staples,0.12394446638585785,0.13225133221142588
2023-12-29,ewma,CAT,Industrials,0.015976350114556927,0.0
2023-12-29,ewma,UNP,Industrials,8.419507495707745e-19,1.4459170496929202e-18
2023-12-29,ewma,XOM,Energy,0.04208894953236999,0.12205939963580027
2023-12-29,ewma,CVX,Energy,0.09421277904013435,0.0
2023-12-29,ewma,NEE,Utilities,0.0,9.157003263180901e-18
2023-12-29,ewma,DUK,Utilities,0.0364001580189221,0.0
2023-12-29,ewma,AMT,Real Estate,0.03538648464187641,0.03568704150180314
2023-12-29,ewma,PLD,Real Estate,0.0,0.0
2023-12-29,ewma,APD,Materials,0.0,0.007915804437260348
2023-12-29,ewma,NEM,Materials,3.6253010142484055e-18,0.028893669075541216
2023-12-29,ewma,GOOGL,Communication Services,0.08970951447642998,0.0013867033321913248
2023-12-29,ewma,META,Communication Services,0.0,0.0394966824265359
2023-12-29,ledoit_wolf,AAPL,Information Technology,2.0804175547039497e-18,0.0
2023-12-29,ledoit_wolf,MSFT,Information Technology,0.029812357726220103,0.02835684182109392
2023-12-29,ledoit_wolf,JPM,Financials,0.051717094728803266,0.054429136305535177
2023-12-29,ledoit_wolf,BAC,Financials,4.131052380608204e-18,0.0
2023-12-29,ledoit_wolf,JNJ,Health Care,0.15,0.14946039475609238
2023-12-29,ledoit_wolf,UNH,Health Care,0.10000000000000003,0.09392562967915324
2023-12-29,ledoit_wolf,AMZN,Consumer Discretionary,2.7985188659421034e-18,6.526639959992303e-19
2023-12-29,ledoit_wolf,HD,Consumer Discretionary,0.01458480929341227,0.016813196285415312
2023-12-29,ledoit_wolf,PG,Consumer Staples,0.10000000000000002,0.09941433701016715
2023-12-29,ledoit_wolf,KO,Consumer Staples,0.15,0.14283295809966384
2023-12-29,ledoit_wolf,CAT,Industrials,0.007115349676564108,0.007862004404490537
2023-12-29,ledoit_wolf,UNP,Industrials,0.04395514295857315,0.048901636609405025
2023-12-29,ledoit_wolf,XOM,Energy,0.054241459914289886,0.05024853494150247
2023-12-29,ledoit_wolf,CVX,Energy,0.0780850357051315,0.08013897086365708
2023-12-29,ledoit_wolf,NEE,Utilities,1.061974638246096e-17,6.617054946842001e-18
2023-12-29,ledoit_wolf,DUK,Utilities,0.15,0.15508417096046045
2023-12-29,ledoit_wolf,AMT,Real Estate,1.1401613425263845e-18,2.4555280382669873e-18
2023-12-29,ledoit_wolf,PLD,Real Estate,0.0,2.2043096142945955e-18
2023-12-29,ledoit_wolf,APD,Materials,0.012429535686727403,0.014343637972823663
2023-12-29,ledoit_wolf,NEM,Materials,0.04300767743628739,0.046915225532372436
2023-12-29,ledoit_wolf,GOOGL,Communication Services,0.015051536873990794,0.01127332475816761
2023-12-29,ledoit_wolf,META,Communication Services,0.0,1.0021181472009714e-18
2023-12-29,equal_weight,AAPL,Information Technology,0.045454545454545456,0.04397626743737748
2023-12-29,equal_weight,MSFT,Information Technology,0.045454545454545456,0.04305832674956448
2023-12-29,equal_weight,JPM,Financials,0.045454545454545456,0.04728422300998206
2023-12-29,equal_weight,BAC,Financials,0.045454545454545456,0.047912057509490284
2023-12-29,equal_weight,JNJ,Health Care,0.045454545454545456,0.04397046812967066
2023-12-29,equal_weight,UNH,Health Care,0.045454545454545456,0.04144864510534262
2023-12-29,equal_weight,AMZN,Consumer Discretionary,0.045454545454545456,0.0451243380676593
2023-12-29,equal_weight,HD,Consumer Discretionary,0.045454545454545456,0.04796246253694951
2023-12-29,equal_weight,PG,Consumer Staples,0.045454545454545456,0.04141430507438858
2023-12-29,equal_weight,KO,Consumer Staples,0.045454545454545456,0.04375074282160331
2023-12-29,equal_weight,CAT,Industrials,0.045454545454545456,0.051165525910774896
2023-12-29,equal_weight,UNP,Industrials,0.045454545454545456,0.04757181858343982
2023-12-29,equal_weight,XOM,Energy,0.045454545454545456,0.04222141649425598
2023-12-29,equal_weight,CVX,Energy,0.045454545454545456,0.04506684089191802
2023-12-29,equal_weight,NEE,Utilities,0.045454545454545456,0.045040579531932017
2023-12-29,equal_weight,DUK,Utilities,0.045454545454545456,0.04562495373949462
2023-12-29,equal_weight,AMT,Real Estate,0.045454545454545456,0.045217899694946474
2023-12-29,equal_weight,PLD,Real Estate,0.045454545454545456,0.050643102583267256
2023-12-29,equal_weight,APD,Materials,0.045454545454545456,0.04419013747552712
2023-12-29,equal_weight,NEM,Materials,0.045454545454545456,0.04468240858630569
2023-12-29,equal_weight,GOOGL,Communication Services,0.045454545454545456,0.045730960446136816
2023-12-29,equal_weight,META,Communication Services,0.045454545454545456,0.04694251961997302
2024-01-31,sample,AAPL,Information Technology,0.0,0.0
2024-01-31,sample,MSFT,Information Technology,0.03641330167932081,0.0319895476407757
2024-01-31,sample,JPM,Financials,0.059461316476512,0.054749129667266604
2024-01-31,sample,BAC,Financials,7.066342300379008e-18,2.310197444560514e-18
2024-01-31,sample,JNJ,Health Care,0.15,0.15162744520430685
2024-01-31,sample,UNH,Health Care,0.1,0.09692109402917834
2024-01-31,sample,AMZN,Consumer Discretionary,7.725600041020437e-19,2.3303790999322464e-18
2024-01-31,sample,HD,Consumer Discretionary,0.011190688922007726,0.013700640391198459
2024-01-31,sample,PG,Consumer Staples,0.1,0.10759876110401599
2024-01-31,sample,KO,Consumer Staples,0.15,0.15098763724256742
2024-01-31,sample,CAT,Industrials,0.002756635463725287,0.00505654775583095
2024-01-31,sample,UNP,Industrials,0.048527170696803686,0.04451919049380707
2024-01-31,sample,XOM,Energy,0.04449275607457759,0.05529031085954701
2024-01-31,sample,CVX,Energy,0.08736635719486655,0.07926876990322569
2024-01-31,sample,NEE,Utilities,0.0,0.0
2024-01-31,sample,DUK,Utilities,0.15,0.14770139406977967
2024-01-31,sample,AMT,Real Estate,0.0,0.0
2024-01-31,sample,PLD,Real Estate,4.149006672802156e-18,0.0
2024-01-31,sample,APD,Materials,0.008528709998839106,0.010234101833920041
2024-01-31,sample,NEM,Materials,0.04218706559732473,0.03598364677474481
2024-01-31,sample,GOOGL,Communication Services,0.00907599789602269,0.014371783029835775
2024-01-31,sample,META,Communication Services,0.0,2.4654727818448556e-18
2024-01-31,ewma,AAPL,Information Technology,0.0928225354777928,0.02976244049520462
2024-01-31,ewma,MSFT,Information Technology,0.11014422445672001,0.15652375329925944
2024-01-31,ewma,JPM,Financials,0.15,0.15344464102483618
2024-01-31,ewma,BAC,Financials,0.0,0.0
2024-01-31,ewma,JNJ,Health Care,0.09999999999999999,0.030743934055645416
2024-01-31,ewma,UNH,Health Care,0.15,0.14461559770503848
2024-01-31,ewma,AMZN,Consumer Discretionary,0.0,0.0
2024-01-31,ewma,HD,Consumer Discretionary,0.03798751670962028,0.03472533568460258
2024-01-31,ewma,PG,Consumer Staples,0.04787137805007053,0.017919634060564963
2024-01-31,ewma,KO,Consumer Staples,0.08068351884558267,0.1241031606256285
2024-01-31,ewma,CAT,Industrials,0.0,0.01616946745724585
2024-01-31,ewma,UNP,Industrials,0.0,8.293470910116817e-19
2024-01-31,ewma,XOM,Energy,0.0,0.04292777652883684
2024-01-31,ewma,CVX,Energy,0.061258776767574484,0.09236158165524375
2024-01-31,ewma,NEE,Utilities,0.0,0.0
2024-01-31,ewma,DUK,Utilities,0.15,0.0356535003876266
2024-01-31,ewma,AMT,Real Estate,0.019232049692639364,0.03180921928224096
2024-01-31,ewma,PLD,Real Estate,4.916179225863959e-18,0.0
2024-01-31,ewma,APD,Materials,0.0,0.0
2024-01-31,ewma,NEM,Materials,0.0,2.998069235081016e-18
2024-01-31,ewma,GOOGL,Communication Services,0.0,0.08923995773802584
2024-01-31,ewma,META,Communication Services,0.0,0.0
2024-01-31,ledoit_wolf,AAPL,Information Technology,3.870692601443995e-18,1.9868427967485024e-18
2024-01-31,ledoit_wolf,MSFT,Information Technology,0.035059576825497665,0.03142949418206211
2024-01-31,ledoit_wolf,JPM,Financials,0.057809334545810574,0.053185963111073736
2024-01-31,ledoit_wolf,BAC,Financials,4.4630035703390845e-18,4.16078059174122e-18
2024-01-31,ledoit_wolf,JNJ,Health Care,0.15,0.15163024242103515
2024-01-31,ledoit_wolf,UNH,Health Care,0.09999999999999999,0.09692288202544222
2024-01-31,ledoit_wolf,AMZN,Consumer Discretionary,0.0,2.8503514412178282e-18
2024-01-31,ledoit_wolf,HD,Consumer Discretionary,0.012177754791088086,0.014811903483103635
2024-01-31,ledoit_wolf,PG,Consumer Staples,0.1,0.10760074608143286
2024-01-31,ledoit_wolf,KO,Consumer Staples,0.14999999999999997,0.15099042265614523
2024-01-31,ledoit_wolf,CAT,Industrials,0.005007649452469414,0.0072396377654855345
2024-01-31,ledoit_wolf,UNP,Industrials,0.046894544177816515,0.0435273047739563
2024-01-31,ledoit_wolf,XOM,Energy,0.0444810404110552,0.05561655952594044
2024-01-31,ledoit_wolf,CVX,Energy,0.08540891819948077,0.07695765075353227
2024-01-31,ledoit_wolf,NEE,Utilities,7.711851776650528e-18,1.0221387735214993e-17
2024-01-31,ledoit_wolf,DUK,Utilities,0.15,0.14770411885888174
2024-01-31,ledoit_wolf,AMT,Real Estate,1.1022177742067912e-17,1.0303489730599964e-18
2024-01-31,ledoit_wolf,PLD,Real Estate,2.9528619129299706e-18,0.0
2024-01-31,ledoit_wolf,APD,Materials,0.010645040491931095,0.0115749699761666
2024-01-31,ledoit_wolf,NEM,Materials,0.04204801157872019,0.035755760269192305
2024-01-31,ledoit_wolf,GOOGL,Communication Services,0.010468129526130647,0.01505234411654976
2024-01-31,ledoit_wolf,META,Communication Services,2.3446093592493016e-18,0.0
2024-01-31,equal_weight,AAPL,Information Technology,0.045454545454545456,0.043766966432112975
2024-01-31,equal_weight,MSFT,Information Technology,0.045454545454545456,0.048314169358786095
2024-01-31,equal_weight,JPM,Financials,0.045454545454545456,0.04712988256607035
2024-01-31,equal_weight,BAC,Financials,0.045454545454545456,0.04615806163204263
2024-01-31,equal_weight,JNJ,Health Care,0.045454545454545456,0.046326343146117166
2024-01-31,equal_weight,UNH,Health Care,0.045454545454545456,0.04441807867345046
2024-01-31,equal_weight,AMZN,Consumer Discretionary,0.045454545454545456,0.04667707369647961
2024-01-31,equal_weight,HD,Consumer Discretionary,0.045454545454545456,0.04654184206967544
2024-01-31,equal_weight,PG,Consumer Staples,0.045454545454545456,0.04931155888980326
2024-01-31,equal_weight,KO,Consumer Staples,0.045454545454545456,0.04613086426600267
2024-01-31,equal_weight,CAT,Industrials,0.045454545454545456,0.0466287784712864
2024-01-31,equal_weight,UNP,Industrials,0.045454545454545456,0.045382198276021544
2024-01-31,equal_weight,XOM,Energy,0.045454545454545456,0.04699008158192481
2024-01-31,equal_weight,CVX,Energy,0.045454545454545456,0.04516660400867635
2024-01-31,equal_weight,NEE,Utilities,0.045454545454545456,0.044109198595160395
2024-01-31,equal_weight,DUK,Utilities,0.045454545454545456,0.045126826846002506
2024-01-31,equal_weight,AMT,Real Estate,0.045454545454545456,0.04141441012742684
2024-01-31,equal_weight,PLD,Real Estate,0.045454545454545456,0.04343064569119986
2024-01-31,equal_weight,APD,Materials,0.045454545454545456,0.04267744556547264
2024-01-31,equal_weight,NEM,Materials,0.045454545454545456,0.03810074577293925
2024-01-31,equal_weight,GOOGL,Communication Services,0.045454545454545456,0.04583072642005973
2024-01-31,equal_weight,META,Communication Services,0.045454545454545456,0.05036749791328931
2024-02-29,sample,AAPL,Information Technology,0.0,0.0
2024-02-29,sample,MSFT,Information Technology,0.026635570116848445,0.03769915524210353
2024-02-29,sample,JPM,Financials,0.06068438172980431,0.06302484425844888
2024-02-29,sample,BAC,Financials,1.1991506895531552e-18,7.174283851119921e-18
2024-02-29,sample,JNJ,Health Care,0.15,0.15246606181577535
2024-02-29,sample,UNH,Health Care,0.1,0.09580693886304602
2024-02-29,sample,AMZN,Consumer Discretionary,7.910389515940084e-18,8.73968100101289e-19
2024-02-29,sample,HD,Consumer Discretionary,0.020343494668846166,0.01198623201481402
2024-02-29,sample,PG,Consumer Staples,0.115941216489422,0.10046565052681522
2024-02-29,sample,KO,Consumer Staples,0.13405878351057798,0.15031918114862097
2024-02-29,sample,CAT,Industrials,2.550802954754153e-18,0.0030449139857490416
2024-02-29,sample,UNP,Industrials,0.055370747283208364,0.05038820908146484
2024-02-29,sample,XOM,Energy,0.03732874658091068,0.045346317000648236
2024-02-29,sample,CVX,Energy,0.09794070153224385,0.09045132580916243
2024-02-29,sample,NEE,Utilities,0.0,0.0
2024-02-29,sample,DUK,Utilities,0.15,0.14439313547998864
2024-02-29,sample,AMT,Real Estate,0.0,0.0
2024-02-29,sample,PLD,Real Estate,0.0,4.335161100663621e-18
2024-02-29,sample,APD,Materials,0.0,0.007753481143941125
2024-02-29,sample,NEM,Materials,0.03464919700612095,0.03794508684669019
2024-02-29,sample,GOOGL,Communication Services,0.017047161082017308,0.008909466782731076
2024-02-29,sample,META,Communication Services,0.0,0.0
2024-02-29,ewma,AAPL,Information Technology,0.14999999999999997,0.08997298100706844
2024-02-29,ewma,MSFT,Information Technology,0.05654006929388596,0.11338341410191116
2024-02-29,ewma,JPM,Financials,0.15,0.15808285147919235
2024-02-29,ewma,BAC,Financials,0.013770179622627485,0.0
2024-02-29,ewma,JNJ,Health Care,0.10421384383987636,0.10106439132256953
2024-02-29,ewma,UNH,Health Care,0.14578615616012366,0.1428908647082185
2024-02-29,ewma,AMZN,Consumer Discretionary,0.0007062331479009403,0.0
2024-02-29,ewma,HD,Consumer Discretionary,0.00782718910209573,0.040456005699854546
2024-02-29,ewma,PG,Consumer Staples,0.10535761204406398,0.047820021970125096
2024-02-29,ewma,KO,Consumer Staples,0.14464238795593604,0.08039410675490355
2024-02-29,ewma,CAT,Industrials,3.9871200847187844e-18,0.0
2024-02-29,ewma,UNP,Industrials,1.1068306662924302e-17,0.0
2024-02-29,ewma,XOM,Energy,0.07290986946296243,0.0
2024-02-29,ewma,CVX,Energy,4.873606413678234e-18,0.06306018938666212
2024-02-29,ewma,NEE,Utilities,4.151277768714988e-18,0.0
2024-02-29,ewma,DUK,Utilities,2.2988285352070533e-18,0.14356969847566892
2024-02-29,ewma,AMT,Real Estate,0.04824645937052746,0.019305475093825727
2024-02-29,ewma,PLD,Real Estate,5.067508308522506e-18,5.107460966184151e-18
2024-02-29,ewma,APD,Materials,0.0,0.0
2024-02-29,ewma,NEM,Materials,0.0,0.0
2024-02-29,ewma,GOOGL,Communication Services,1.2416700242139386e-17,0.0
2024-02-29,ewma,META,Communication Services,0.0,0.0
2024-02-29,ledoit_wolf,AAPL,Information Technology,0.0,3.774053498528493e-18
2024-02-29,ledoit_wolf,MSFT,Information Technology,0.02670199052609574,0.036304056753516736
2024-02-29,ledoit_wolf,JPM,Financials,0.059396946493403574,0.061284713370417236
2024-02-29,ledoit_wolf,BAC,Financials,0.0,4.531980648820735e-18
2024-02-29,ledoit_wolf,JNJ,Health Care,0.15,0.15249307108825935
2024-02-29,ledoit_wolf,UNH,Health Care,0.09999999999999998,0.09582391100548078
2024-02-29,ledoit_wolf,AMZN,Consumer Discretionary,6.4345307809173524e-18,0.0
2024-02-29,ledoit_wolf,HD,Consumer Discretionary,0.022433422005593787,0.01304577877609317
2024-02-29,ledoit_wolf,PG,Consumer Staples,0.11742101203790413,0.10048344795725998
2024-02-29,ledoit_wolf,KO,Consumer Staples,0.13257898796209586,0.15034581010246725
2024-02-29,ledoit_wolf,CAT,Industrials,8.154159672459204e-18,0.0055323103848606585
2024-02-29,ledoit_wolf,UNP,Industrials,0.054532870675149205,0.04870159654677567
2024-02-29,ledoit_wolf,XOM,Energy,0.04231740720934729,0.04534240753864663
2024-02-29,ledoit_wolf,CVX,Energy,0.09104730555066783,0.08844043263688943
2024-02-29,ledoit_wolf,NEE,Utilities,0.0,7.27786857902267e-18
2024-02-29,ledoit_wolf,DUK,Utilities,0.15,0.14441871463835704
2024-02-29,ledoit_wolf,AMT,Real Estate,0.0,1.1129688733096795e-17
2024-02-29,ledoit_wolf,PLD,Real Estate,0.0,3.0858952089567018e-18
2024-02-29,ledoit_wolf,APD,Materials,0.0005511005217295729,0.009679159212446217
2024-02-29,ledoit_wolf,NEM,Materials,0.03537931074611303,0.03782671473132431
2024-02-29,ledoit_wolf,GOOGL,Communication Services,0.017639646271900098,0.010277875257205651
2024-02-29,ledoit_wolf,META,Communication Services,3.8907975336632245e-18,2.9293408793414588e-18
2024-02-29,equal_weight,AAPL,Information Technology,0.045454545454545456,0.04339184313960033
2024-02-29,equal_weight,MSFT,Information Technology,0.045454545454545456,0.046082625634240475
2024-02-29,equal_weight,JPM,Financials,0.045454545454545456,0.04717836838345365
2024-02-29,equal_weight,BAC,Financials,0.045454545454545456,0.04519074911929757
2024-02-29,equal_weight,JNJ,Health Care,0.045454545454545456,0.04524260259399452
2024-02-29,equal_weight,UNH,Health Care,0.045454545454545456,0.04264446010908338
2024-02-29,equal_weight,AMZN,Consumer Discretionary,0.045454545454545456,0.05035342505433464
2024-02-29,equal_weight,HD,Consumer Discretionary,0.045454545454545456,0.04767508904285567
2024-02-29,equal_weight,PG,Consumer Staples,0.045454545454545456,0.044718091164025295
2024-02-29,equal_weight,KO,Consumer Staples,0.045454545454545456,0.04460553971138294
2024-02-29,equal_weight,CAT,Industrials,0.045454545454545456,0.049165600312835095
2024-02-29,equal_weight,UNP,Industrials,0.045454545454545456,0.04621783607259104
2024-02-29,equal_weight,XOM,Energy,0.045454545454545456,0.04536473385649602
2024-02-29,equal_weight,CVX,Energy,0.045454545454545456,0.04608253540586093
2024-02-29,equal_weight,NEE,Utilities,0.045454545454545456,0.041998546779940055
2024-02-29,equal_weight,DUK,Utilities,0.045454545454545456,0.04284705178333667
2024-02-29,equal_weight,AMT,Real Estate,0.045454545454545456,0.04493702700169682
2024-02-29,equal_weight,PLD,Real Estate,0.045454545454545456,0.04650790365224276
2024-02-29,equal_weight,APD,Materials,0.045454545454545456,0.04046495334107718
2024-02-29,equal_weight,NEM,Materials,0.045454545454545456,0.04003518956358115
2024-02-29,equal_weight,GOOGL,Communication Services,0.045454545454545456,0.04369411855766747
2024-02-29,equal_weight,META,Communication Services,0.045454545454545456,0.05560170972040602
2024-03-28,sample,AAPL,Information Technology,1.5682624367839478e-18,0.0
2024-03-28,sample,MSFT,Information Technology,0.03193789502981618,0.026296593936219723
2024-03-28,sample,JPM,Financials,0.061780891385586255,0.06341204078514125
2024-03-28,sample,BAC,Financials,0.0,1.278610112561778e-18
2024-03-28,sample,JNJ,Health Care,0.15,0.14272088884765735
2024-03-28,sample,UNH,Health Care,0.09999999999999998,0.09766574480046745
2024-03-28,sample,AMZN,Consumer Discretionary,0.0,7.835544801212978e-18
2024-03-28,sample,HD,Consumer Discretionary,0.011544659047928082,0.02002075914128747
2024-03-28,sample,PG,Consumer Staples,0.12493898139644478,0.11488313100551294
2024-03-28,sample,KO,Consumer Staples,0.1250610186035552,0.1337012895148081
2024-03-28,sample,CAT,Industrials,1.0753144699096499e-17,2.7166918058326873e-18
2024-03-28,sample,UNP,Industrials,0.07283139451103433,0.052102128112452406
2024-03-28,sample,XOM,Energy,0.06197113019572317,0.0402964237433904
2024-03-28,sample,CVX,Energy,0.0622000850888147,0.09865064232327794
2024-03-28,sample,NEE,Utilities,0.0,0.0
2024-03-28,sample,DUK,Utilities,0.15,0.15333629125936574
2024-03-28,sample,AMT,Real Estate,3.662679888320323e-18,0.0
2024-03-28,sample,PLD,Real Estate,4.310370529147312e-18,0.0
2024-03-28,sample,APD,Materials,0.0019474993703049788,0.0
2024-03-28,sample,NEM,Materials,0.03256032557914775,0.03887682013202279
2024-03-28,sample,GOOGL,Communication Services,0.01322611979164463,0.018037246398396427
2024-03-28,sample,META,Communication Services,0.0,0.0
2024-03-28,ewma,AAPL,Information Technology,0.0,0.1396383144513157
2024-03-28,ewma,MSFT,Information Technology,0.055152167456974856,0.05642937496717814
2024-03-28,ewma,JPM,Financials,0.09240388019446577,0.1584519025050478
2024-03-28,ewma,BAC,Financials,0.0,0.014842784399657501
2024-03-28,ewma,JNJ,Health Care,0.10218854250742616,0.10023816271651172
2024-03-28,ewma,UNH,Health Care,0.14711502459665446,0.14393617320624894
2024-03-28,ewma,AMZN,Consumer Discretionary,0.0,0.0007071813960862125
2024-03-28,ewma,HD,Consumer Discretionary,0.0,0.007787036459516486
2024-03-28,ewma,PG,Consumer Staples,0.10000000000000002,0.10553480922882857
2024-03-28,ewma,KO,Consumer Staples,0.15,0.14583014419139753
2024-03-28,ewma,CAT,Industrials,9.879976274257676e-18,4.292735972622306e-18
2024-03-28,ewma,UNP,Industrials,3.075683652552341e-18,1.0528528117966512e-17
2024-03-28,ewma,XOM,Energy,0.15,0.07956477120232112
2024-03-28,ewma,CVX,Energy,0.0177792793584042,4.962477610571757e-18
2024-03-28,ewma,NEE,Utilities,0.0,4.7170296598628e-18
2024-03-28,ewma,DUK,Utilities,0.0,2.3755910225316128e-18
2024-03-28,ewma,AMT,Real Estate,0.11972119663335672,0.04703934527589084
2024-03-28,ewma,PLD,Real Estate,0.0,4.894615698473688e-18
2024-03-28,ewma,APD,Materials,0.0,0.0
2024-03-28,ewma,NEM,Materials,0.0,0.0
2024-03-28,ewma,GOOGL,Communication Services,0.030712937803247912,1.32811527032339e-17
2024-03-28,ewma,META,Communication Services,0.0349269714494701,0.0
2024-03-28,ledoit_wolf,AAPL,Information Technology,6.781581349177097e-18,0.0
2024-03-28,ledoit_wolf,MSFT,Information Technology,0.03140121381291245,0.026350973400934705
2024-03-28,ledoit_wolf,JPM,Financials,0.0607973568033509,0.06204037865395344
2024-03-28,ledoit_wolf,BAC,Financials,1.1357100147987196e-17,0.0
2024-03-28,ledoit_wolf,JNJ,Health Care,0.15,0.14266027725953492
2024-03-28,ledoit_wolf,UNH,Health Care,0.1,0.09762426750905406
2024-03-28,ledoit_wolf,AMZN,Consumer Discretionary,0.0,6.3709432078667856e-18
2024-03-28,ledoit_wolf,HD,Consumer Discretionary,0.013855740660937858,0.022068155198415318
2024-03-28,ledoit_wolf,PG,Consumer Staples,0.1244709269620568,0.11630000987325
2024-03-28,ledoit_wolf,KO,Consumer Staples,0.1255290730379432,0.1321692858147384
2024-03-28,ledoit_wolf,CAT,Industrials,2.2750388161479458e-18,8.68076890548267e-18
2024-03-28,ledoit_wolf,UNP,Industrials,0.07063442337108229,0.05129192040678806
2024-03-28,ledoit_wolf,XOM,Energy,0.061752782505137827,0.04566228809776856
2024-03-28,ledoit_wolf,CVX,Energy,0.06209395077624134,0.09166833150797167
2024-03-28,ledoit_wolf,NEE,Utilities,0.0,0.0
2024-03-28,ledoit_wolf,DUK,Utilities,0.15,0.15327117145661598
2024-03-28,ledoit_wolf,AMT,Real Estate,0.0,0.0
2024-03-28,ledoit_wolf,PLD,Real Estate,5.834176511154415e-18,0.0
2024-03-28,ledoit_wolf,APD,Materials,0.0035486516064641566,0.000557566303823352
2024-03-28,ledoit_wolf,NEM,Materials,0.03183250767883226,0.039679158271964096
2024-03-28,ledoit_wolf,GOOGL,Communication Services,0.014083372785040972,0.01865621624518748
2024-03-28,ledoit_wolf,META,Communication Services,0.0,3.739990980322189e-18
2024-03-28,equal_weight,AAPL,Information Technology,0.045454545454545456,0.041437643662448294
2024-03-28,equal_weight,MSFT,Information Technology,0.045454545454545456,0.044425325250060585
2024-03-28,equal_weight,JPM,Financials,0.045454545454545456,0.047020572394049734
2024-03-28,equal_weight,BAC,Financials,0.045454545454545456,0.047979695380901966
2024-03-28,equal_weight,JNJ,Health Care,0.045454545454545456,0.04281435400210316
2024-03-28,equal_weight,UNH,Health Care,0.045454545454545456,0.04394762188136675
2024-03-28,equal_weight,AMZN,Consumer Discretionary,0.045454545454545456,0.04457223810730938
2024-03-28,equal_weight,HD,Consumer Discretionary,0.045454545454545456,0.0442841276904936
2024-03-28,equal_weight,PG,Consumer Staples,0.045454545454545456,0.044587335836774024
2024-03-28,equal_weight,KO,Consumer Staples,0.045454545454545456,0.04487799384722875
2024-03-28,equal_weight,CAT,Industrials,0.045454545454545456,0.04792438786190208
2024-03-28,equal_weight,UNP,Industrials,0.045454545454545456,0.04234169022971628
2024-03-28,equal_weight,XOM,Energy,0.045454545454545456,0.04857538038591937
2024-03-28,equal_weight,CVX,Energy,0.045454545454545456,0.04532416582046498
2024-03-28,equal_weight,NEE,Utilities,0.045454545454545456,0.0505788005342972
2024-03-28,equal_weight,DUK,Utilities,0.045454545454545456,0.045998832464921556
2024-03-28,equal_weight,AMT,Real Estate,0.045454545454545456,0.04339878122678008
2024-03-28,equal_weight,PLD,Real Estate,0.045454545454545456,0.04299380099977248
2024-03-28,equal_weight,APD,Materials,0.045454545454545456,0.045545270769883586
2024-03-28,equal_weight,NEM,Materials,0.045454545454545456,0.050488291413128314
2024-03-28,equal_weight,GOOGL,Communication Services,0.045454545454545456,0.04761143662058817
2024-03-28,equal_weight,META,Communication Services,0.045454545454545456,0.043272253619889844
2024-04-30,sample,AAPL,Information Technology,0.0,1.5749151955703485e-18
2024-04-30,sample,MSFT,Information Technology,0.03553985089657972,0.029880766699263546
2024-04-30,sample,JPM,Financials,0.046773969890737,0.060141272036576335
2024-04-30,sample,BAC,Financials,0.0,0.0
2024-04-30,sample,JNJ,Health Care,0.15,0.13861528977103596
2024-04-30,sample,UNH,Health Care,0.09999999999999999,0.09885414855341566
2024-04-30,sample,AMZN,Consumer Discretionary,0.0,0.0
2024-04-30,sample,HD,Consumer Discretionary,0.019495245988961463,0.01016940827452965
2024-04-30,sample,PG,Consumer Staples,0.1399062962681933,0.12787609488145188
2024-04-30,sample,KO,Consumer Staples,0.11009370373180671,0.1276588250536332
2024-04-30,sample,CAT,Industrials,0.004974768749596128,9.962595046575951e-18
2024-04-30,sample,UNP,Industrials,0.06385926855477408,0.07100832978752983
2024-04-30,sample,XOM,Energy,0.06686585257070927,0.06374838085257024
2024-04-30,sample,CVX,Energy,0.063050263018505,0.0642929574143182
2024-04-30,sample,NEE,Utilities,0.0,0.0
2024-04-30,sample,DUK,Utilities,0.15,0.15408394589193736
2024-04-30,sample,AMT,Real Estate,0.0,3.2441026733504578e-18
2024-04-30,sample,PLD,Real Estate,0.0,3.415156661159389e-18
2024-04-30,sample,APD,Materials,0.0009049146492980855,0.0019207713189785965
2024-04-30,sample,NEM,Materials,0.029162218257945852,0.037328035452853896
2024-04-30,sample,GOOGL,Communication Services,0.019373647422893506,0.014421774011905687
2024-04-30,sample,META,Communication Services,0.0,0.0
2024-04-30,ewma,AAPL,Information Technology,0.09915328846552177,0.0
2024-04-30,ewma,MSFT,Information Technology,2.7223638924753213e-18,0.05263296457480563
2024-04-30,ewma,JPM,Financials,8.526233647061787e-18,0.09175261444913127
2024-04-30,ewma,BAC,Financials,5.844527336054672e-18,0.0
2024-04-30,ewma,JNJ,Health Care,0.05501415224846367,0.09632341765046087
2024-04-30,ewma,UNH,Health Care,0.11971627566774921,0.14834117982828732
2024-04-30,ewma,AMZN,Consumer Discretionary,0.0,0.0
2024-04-30,ewma,HD,Consumer Discretionary,0.022953364250382132,0.0
2024-04-30,ewma,PG,Consumer Staples,0.15,0.10440016969804991
2024-04-30,ewma,KO,Consumer Staples,0.1,0.15618162627308016
2024-04-30,ewma,CAT,Industrials,5.083891749420311e-18,9.336899621043835e-18
2024-04-30,ewma,UNP,Industrials,0.13814898919066118,3.058737001079068e-18
2024-04-30,ewma,XOM,Energy,0.15,0.15739132855251442
2024-04-30,ewma,CVX,Energy,0.0,0.018745471938026687
2024-04-30,ewma,NEE,Utilities,1.2168475320255279e-17,0.0
2024-04-30,ewma,DUK,Utilities,0.040524100577912975,0.0
2024-04-30,ewma,AMT,Real Estate,4.545178794966576e-18,0.10816244015394179
2024-04-30,ewma,PLD,Real Estate,0.0,0.0
2024-04-30,ewma,APD,Materials,0.0,0.0
2024-04-30,ewma,NEM,Materials,6.420509740187597e-19,0.0
2024-04-30,ewma,GOOGL,Communication Services,0.04516385576863623,0.03415996323577058
2024-04-30,ewma,META,Communication Services,0.07932597383067297,0.03190882364593211
2024-04-30,ledoit_wolf,AAPL,Information Technology,4.068684382611507e-18,6.8118605563902334e-18
2024-04-30,ledoit_wolf,MSFT,Information Technology,0.034092304407030254,0.0293851711043919
2024-04-30,ledoit_wolf,JPM,Financials,0.04539458189034559,0.05919697005043351
2024-04-30,ledoit_wolf,BAC,Financials,0.0,1.1209217432219512e-17
2024-04-30,ledoit_wolf,JNJ,Health Care,0.15,0.13864604245819095
2024-04-30,ledoit_wolf,UNH,Health Care,0.09999999999999999,0.0988760799774992
2024-04-30,ledoit_wolf,AMZN,Consumer Discretionary,0.0,0.0
2024-04-30,ledoit_wolf,HD,Consumer Discretionary,0.021038592867997655,0.012207891436706832
2024-04-30,ledoit_wolf,PG,Consumer Staples,0.13697193683942632,0.12742530109013397
2024-04-30,ledoit_wolf,KO,Consumer Staples,0.11302806316057368,0.12816502998396329
2024-04-30,ledoit_wolf,CAT,Industrials,0.0066544299010101865,2.1082501458238876e-18
2024-04-30,ledoit_wolf,UNP,Industrials,0.06099586438981193,0.06888163013832108
2024-04-30,ledoit_wolf,XOM,Energy,0.06629252511909717,0.06353786439114692
2024-04-30,ledoit_wolf,CVX,Energy,0.06266964805681362,0.06419749142034281
2024-04-30,ledoit_wolf,NEE,Utilities,0.0,0.0
2024-04-30,ledoit_wolf,DUK,Utilities,0.15,0.15411813039922692
2024-04-30,ledoit_wolf,AMT,Real Estate,1.0219769846355365e-18,0.0
2024-04-30,ledoit_wolf,PLD,Real Estate,0.0,4.6235113768904764e-18
2024-04-30,ledoit_wolf,APD,Materials,0.0026364446563366486,0.0035007253592509334
2024-04-30,ledoit_wolf,NEM,Materials,0.029369959028679716,0.03650174172966647
2024-04-30,ledoit_wolf,GOOGL,Communication Services,0.020855649682877255,0.015359930460725545
2024-04-30,ledoit_wolf,META,Communication Services,0.0,0.0
2024-04-30,equal_weight,AAPL,Information Technology,0.045454545454545456,0.04656611893127777
2024-04-30,equal_weight,MSFT,Information Technology,0.045454545454545456,0.04338274794099307
2024-04-30,equal_weight,JPM,Financials,0.045454545454545456,0.045138804173392805
2024-04-30,equal_weight,BAC,Financials,0.045454545454545456,0.04575547916597241
2024-04-30,equal_weight,JNJ,Health Care,0.045454545454545456,0.04285006530554949
2024-04-30,equal_weight,UNH,Health Care,0.045454545454545456,0.04583808966783391
2024-04-30,equal_weight,AMZN,Consumer Discretionary,0.045454545454545456,0.04548225627203494
2024-04-30,equal_weight,HD,Consumer Discretionary,0.045454545454545456,0.0408456848509384
2024-04-30,equal_weight,PG,Consumer Staples,0.045454545454545456,0.0474594842440249
2024-04-30,equal_weight,KO,Consumer Staples,0.045454545454545456,0.047332614194986855
2024-04-30,equal_weight,CAT,Industrials,0.045454545454545456,0.04296042784378198
2024-04-30,equal_weight,UNP,Industrials,0.045454545454545456,0.04520872740099679
2024-04-30,equal_weight,XOM,Energy,0.045454545454545456,0.047699228198500594
2024-04-30,equal_weight,CVX,Energy,0.045454545454545456,0.047929625383349085
2024-04-30,equal_weight,NEE,Utilities,0.045454545454545456,0.04912513822372716
2024-04-30,equal_weight,DUK,Utilities,0.045454545454545456,0.0476318821315618
2024-04-30,equal_weight,AMT,Real Estate,0.045454545454545456,0.04107023965739291
2024-04-30,equal_weight,PLD,Real Estate,0.045454545454545456,0.03673902578777911
2024-04-30,equal_weight,APD,Materials,0.045454545454545456,0.04573302685978737
2024-04-30,equal_weight,NEM,Materials,0.045454545454545456,0.05315914718565867
2024-04-30,equal_weight,GOOGL,Communication Services,0.045454545454545456,0.05056125486768185
2024-04-30,equal_weight,META,Communication Services,0.045454545454545456,0.04153093171277817
2024-05-31,sample,AAPL,Information Technology,0.0,0.0
2024-05-31,sample,MSFT,Information Technology,0.051870537107571196,0.03698600291512334
2024-05-31,sample,JPM,Financials,0.04707081939578487,0.04815797275846696
2024-05-31,sample,BAC,Financials,8.984036725670591e-18,0.0
2024-05-31,sample,JNJ,Health Care,0.15,0.14943891827622754
2024-05-31,sample,UNH,Health Care,0.10000000000000003,0.09977609163944282
2024-05-31,sample,AMZN,Consumer Discretionary,0.0,0.0
2024-05-31,sample,HD,Consumer Discretionary,0.026533360681968855,0.019162581888065574
2024-05-31,sample,PG,Consumer Staples,0.12701623244806376,0.13742364992856998
2024-05-31,sample,KO,Consumer Staples,0.12298376755193621,0.10927367384010311
2024-05-31,sample,CAT,Industrials,0.0,0.004903917278506625
2024-05-31,sample,UNP,Industrials,0.05502661851524782,0.06142504919015987
2024-05-31,sample,XOM,Energy,0.06871559601716953,0.0651127240865765
2024-05-31,sample,CVX,Energy,0.07306407479672919,0.062443650336849704
2024-05-31,sample,NEE,Utilities,0.0,0.0
2024-05-31,sample,DUK,Utilities,0.13159516693628254,0.15557866216299804
2024-05-31,sample,AMT,Real Estate,3.800786672107744e-19,0.0
2024-05-31,sample,PLD,Real Estate,0.0,0.0
2024-05-31,sample,APD,Materials,0.0,0.0009948698399273304
2024-05-31,sample,NEM,Materials,0.02468710167024953,0.02932028852544518
2024-05-31,sample,GOOGL,Communication Services,0.014859594300000528,0.02000194733353748
2024-05-31,sample,META,Communication Services,0.006577130578996007,0.0
2024-05-31,ewma,AAPL,Information Technology,0.0338857121816043,0.10873744103525944
2024-05-31,ewma,MSFT,Information Technology,0.15,2.8216501931101616e-18
2024-05-31,ewma,JPM,Financials,0.009799332073221695,8.742917749127694e-18
2024-05-31,ewma,BAC,Financials,0.0,6.127592395989273e-18
2024-05-31,ewma,JNJ,Health Care,0.09060237143219205,0.05458610161230073
2024-05-31,ewma,UNH,Health Care,9.793818452627848e-19,0.11896381523885236
2024-05-31,ewma,AMZN,Consumer Discretionary,0.15,0.0
2024-05-31,ewma,HD,Consumer Discretionary,0.0,0.02247019550478946
2024-05-31,ewma,PG,Consumer Staples,0.15,0.14674073044973596
2024-05-31,ewma,KO,Consumer Staples,0.10000000000000003,0.09885263728594626
2024-05-31,ewma,CAT,Industrials,0.0,4.991162744366033e-18
2024-05-31,ewma,UNP,Industrials,0.10606934750580599,0.1323440689133442
2024-05-31,ewma,XOM,Energy,0.03420896659103946,0.1454748559530187
2024-05-31,ewma,CVX,Energy,0.08779999709709072,0.0
2024-05-31,ewma,NEE,Utilities,2.5825187528836363e-17,1.410790359168509e-17
2024-05-31,ewma,DUK,Utilities,0.07661000762357041,0.04186078384670026
2024-05-31,ewma,AMT,Real Estate,0.0,5.031792262525225e-18
2024-05-31,ewma,PLD,Real Estate,0.0,0.0
2024-05-31,ewma,APD,Materials,3.90397485389507e-18,0.0
2024-05-31,ewma,NEM,Materials,0.0,6.429132715581023e-19
2024-05-31,ewma,GOOGL,Communication Services,0.0,0.04643945320189174
2024-05-31,ewma,META,Communication Services,0.011024265495475397,0.08352991695816137
2024-05-31,ledoit_wolf,AAPL,Information Technology,6.0310984756960616e-18,4.479104298326526e-18
2024-05-31,ledoit_wolf,MSFT,Information Technology,0.05056860079916822,0.0354714172767422
2024-05-31,ledoit_wolf,JPM,Financials,0.04847616360566393,0.04672705076893074
2024-05-31,ledoit_wolf,BAC,Financials,4.7980772618391165e-18,0.0
2024-05-31,ledoit_wolf,JNJ,Health Care,0.14999999999999997,0.14940464529827258
2024-05-31,ledoit_wolf,UNH,Health Care,0.1,0.0997532085523017
2024-05-31,ledoit_wolf,AMZN,Consumer Discretionary,0.0,0.0
2024-05-31,ledoit_wolf,HD,Consumer Discretionary,0.028871028403562995,0.020674850567003102
2024-05-31,ledoit_wolf,PG,Consumer Staples,0.12618258876926547,0.1345105045922808
2024-05-31,ledoit_wolf,KO,Consumer Staples,0.12381741123073456,0.11216044750365899
2024-05-31,ledoit_wolf,CAT,Industrials,1.7502276519231318e-19,0.006558152000360186
2024-05-31,ledoit_wolf,UNP,Industrials,0.055239888083073,0.05865733787196874
2024-05-31,ledoit_wolf,XOM,Energy,0.06875147605619435,0.06453962327710912
2024-05-31,ledoit_wolf,CVX,Energy,0.07339487738072353,0.062052462659535616
2024-05-31,ledoit_wolf,NEE,Utilities,3.3831149447059663e-18,0.0
2024-05-31,ledoit_wolf,DUK,Utilities,0.12454571616550908,0.1555429810692102
2024-05-31,ledoit_wolf,AMT,Real Estate,0.0,1.135737678646261e-18
2024-05-31,ledoit_wolf,PLD,Real Estate,3.57240650295336e-18,0.0
2024-05-31,ledoit_wolf,APD,Materials,0.0014935550154007119,0.002897861940276015
2024-05-31,ledoit_wolf,NEM,Materials,0.025777978089232483,0.029522382983638122
2024-05-31,ledoit_wolf,GOOGL,Communication Services,0.016148202501192064,0.021527073638711758
2024-05-31,ledoit_wolf,META,Communication Services,0.0067325139002797135,0.0
2024-05-31,equal_weight,AAPL,Information Technology,0.045454545454545456,0.0486530921650588
2024-05-31,equal_weight,MSFT,Information Technology,0.045454545454545456,0.045982804717120296
2024-05-31,equal_weight,JPM,Financials,0.045454545454545456,0.04549227170683451
2024-05-31,equal_weight,BAC,Financials,0.045454545454545456,0.046513490945137514
2024-05-31,equal_weight,JNJ,Health Care,0.045454545454545456,0.04401960240083964
2024-05-31,equal_weight,UNH,Health Care,0.045454545454545456,0.04408594428152422
2024-05-31,equal_weight,AMZN,Consumer Discretionary,0.045454545454545456,0.043401581731824505
2024-05-31,equal_weight,HD,Consumer Discretionary,0.045454545454545456,0.04343091345364556
2024-05-31,equal_weight,PG,Consumer Staples,0.045454545454545456,0.04340081438080167
2024-05-31,equal_weight,KO,Consumer Staples,0.045454545454545456,0.04385576808243075
2024-05-31,equal_weight,CAT,Industrials,0.045454545454545456,0.04355558965124981
2024-05-31,equal_weight,UNP,Industrials,0.045454545454545456,0.04250061676172164
2024-05-31,equal_weight,XOM,Energy,0.045454545454545456,0.043026412645897995
2024-05-31,equal_weight,CVX,Energy,0.045454545454545456,0.04375977093122414
2024-05-31,equal_weight,NEE,Utilities,0.045454545454545456,0.051435714708777724
2024-05-31,equal_weight,DUK,Utilities,0.045454545454545456,0.04582816129470852
2024-05-31,equal_weight,AMT,Real Estate,0.045454545454545456,0.049114552608221826
2024-05-31,equal_weight,PLD,Real Estate,0.045454545454545456,0.04660757738161465
2024-05-31,equal_weight,APD,Materials,0.045454545454545456,0.0485771806820378
2024-05-31,equal_weight,NEM,Materials,0.045454545454545456,0.044424376689633976
2024-05-31,equal_weight,GOOGL,Communication Services,0.045454545454545456,0.04561782207288065
2024-05-31,equal_weight,META,Communication Services,0.045454545454545456,0.04671594070681365
2024-06-28,sample,AAPL,Information Technology,0.014840115915874856,0.0
2024-06-28,sample,MSFT,Information Technology,0.05109220000037248,0.05574549028431005
2024-06-28,sample,JPM,Financials,0.048267553971555646,0.04689992340796005
2024-06-28,sample,BAC,Financials,6.018169090241804e-19,8.972703489576008e-18
2024-06-28,sample,JNJ,Health Care,0.15,0.14920818912974612
2024-06-28,sample,UNH,Health Care,0.1,0.10305346400299108
2024-06-28,sample,AMZN,Consumer Discretionary,0.004351440217782681,0.0
2024-06-28,sample,HD,Consumer Discretionary,0.0053162290193077754,0.027226486424118585
2024-06-28,sample,PG,Consumer Staples,0.15,0.12707944039735009
2024-06-28,sample,KO,Consumer Staples,0.10000000000000003,0.1251294178251331
2024-06-28,sample,CAT,Industrials,0.0,0.0
2024-06-28,sample,UNP,Industrials,0.04764200991539734,0.05337950165766679
2024-06-28,sample,XOM,Energy,0.09457352672967548,0.06733957762822437
2024-06-28,sample,CVX,Energy,0.05481632074381059,0.07028970425476717
2024-06-28,sample,NEE,Utilities,0.0,0.0
2024-06-28,sample,DUK,Utilities,0.132725669361263,0.12712116729053125
2024-06-28,sample,AMT,Real Estate,0.0,3.798829311671111e-19
2024-06-28,sample,PLD,Real Estate,1.534400183951165e-18,0.0
2024-06-28,sample,APD,Materials,0.002724185639096126,0.0
2024-06-28,sample,NEM,Materials,0.017415509926316113,0.02474904425002094
2024-06-28,sample,GOOGL,Communication Services,0.01667900263763874,0.015680479372988474
2024-06-28,sample,META,Communication Services,0.009556235921909326,0.00709811407419209
2024-06-28,ewma,AAPL,Information Technology,0.06041184674026149,0.036303158012104424
2024-06-28,ewma,MSFT,Information Technology,0.15,0.1579285437888155
2024-06-28,ewma,JPM,Financials,0.12613676344271707,0.009565269868344148
2024-06-28,ewma,BAC,Financials,0.0,0.0
2024-06-28,ewma,JNJ,Health Care,0.07161834981107883,0.08829199764124931
2024-06-28,ewma,UNH,Health Care,0.03969741317224879,9.887694083635816e-19
2024-06-28,ewma,AMZN,Consumer Discretionary,0.024217929153467016,0.16066018297654783
2024-06-28,ewma,HD,Consumer Discretionary,9.760360651211303e-18,0.0
2024-06-28,ewma,PG,Consumer Staples,0.14470329638084867,0.1470238203887823
2024-06-28,ewma,KO,Consumer Staples,0.10529670361915133,0.09967632284541804
2024-06-28,ewma,CAT,Industrials,0.03572407470894159,0.0
2024-06-28,ewma,UNP,Industrials,0.13470398679261453,0.10080265342902339
2024-06-28,ewma,XOM,Energy,0.0,0.03284243904903704
2024-06-28,ewma,CVX,Energy,2.9929909191230702e-18,0.08274899077957713
2024-06-28,ewma,NEE,Utilities,9.497356921088843e-18,2.249252341649715e-17
2024-06-28,ewma,DUK,Utilities,2.318752693108647e-18,0.07250096977793917
2024-06-28,ewma,AMT,Real Estate,0.0,0.0
2024-06-28,ewma,PLD,Real Estate,0.0,0.0
2024-06-28,ewma,APD,Materials,0.03552723821378595,3.693876855114997e-18
2024-06-28,ewma,NEM,Materials,0.0007572397245347449,0.0
2024-06-28,ewma,GOOGL,Communication Services,0.05400059051468642,0.0
2024-06-28,ewma,META,Communication Services,0.01720456772566363,0.011655651443161427
2024-06-28,ledoit_wolf,AAPL,Information Technology,0.017498146424295757,6.593937334516435e-18
2024-06-28,ledoit_wolf,MSFT,Information Technology,0.04869708706571606,0.054333904685120636
2024-06-28,ledoit_wolf,JPM,Financials,0.04857610158645991,0.0482891546328193
2024-06-28,ledoit_wolf,BAC,Financials,6.2968693996680704e-18,4.790932143383448e-18
2024-06-28,ledoit_wolf,JNJ,Health Care,0.15,0.14917417496181617
2024-06-28,ledoit_wolf,UNH,Health Care,0.09999999999999999,0.10302997147318554
2024-06-28,ledoit_wolf,AMZN,Consumer Discretionary,0.0042332545391836705,0.0
2024-06-28,ledoit_wolf,HD,Consumer Discretionary,0.009608677035783676,0.029618467079897688
2024-06-28,ledoit_wolf,PG,Consumer Staples,0.14454940600190638,0.12621660240338567
2024-06-28,ledoit_wolf,KO,Consumer Staples,0.1054505939980936,0.12594888734312049
2024-06-28,ledoit_wolf,CAT,Industrials,1.2522852729562797e-19,1.7186994409000042e-19
2024-06-28,ledoit_wolf,UNP,Industrials,0.04696986159237193,0.053574171614621975
2024-06-28,ledoit_wolf,XOM,Energy,0.08922657757560998,0.06735938012774158
2024-06-28,ledoit_wolf,CVX,Energy,0.05841198559534609,0.07059184958288457
2024-06-28,ledoit_wolf,NEE,Utilities,1.1880431178629613e-18,3.006990518245836e-18
2024-06-28,ledoit_wolf,DUK,Utilities,0.12432227812994215,0.1202839584790995
2024-06-28,ledoit_wolf,AMT,Real Estate,6.791139594170556e-18,0.0
2024-06-28,ledoit_wolf,PLD,Real Estate,1.2173451638820398e-18,3.6551088801160434e-18
2024-06-28,ledoit_wolf,APD,Materials,0.0070424157529960785,0.001442172578143042
2024-06-28,ledoit_wolf,NEM,Materials,0.018502888861000044,0.025836766586505685
2024-06-28,ledoit_wolf,GOOGL,Communication Services,0.017622955277469772,0.017036389276715885
2024-06-28,ledoit_wolf,META,Communication Services,0.00928777056382505,0.0072641491749427835
2024-06-28,equal_weight,AAPL,Information Technology,0.045454545454545456,0.04925787850964447
2024-06-28,equal_weight,MSFT,Information Technology,0.045454545454545456,0.04840801637562882
2024-06-28,equal_weight,JPM,Financials,0.045454545454545456,0.04487956795764363
2024-06-28,equal_weight,BAC,Financials,0.045454545454545456,0.044986280845721476
2024-06-28,equal_weight,JNJ,Health Care,0.045454545454545456,0.04480533130035688
2024-06-28,equal_weight,UNH,Health Care,0.045454545454545456,0.04641847699413136
2024-06-28,equal_weight,AMZN,Consumer Discretionary,0.045454545454545456,0.04924531425326191
2024-06-28,equal_weight,HD,Consumer Discretionary,0.045454545454545456,0.04621975414824972
2024-06-28,equal_weight,PG,Consumer Staples,0.045454545454545456,0.045065517190513826
2024-06-28,equal_weight,KO,Consumer Staples,0.045454545454545456,0.04582895168414617
2024-06-28,equal_weight,CAT,Industrials,0.045454545454545456,0.04424179123652098
2024-06-28,equal_weight,UNP,Industrials,0.045454545454545456,0.04369482274847167
2024-06-28,equal_weight,XOM,Energy,0.045454545454545456,0.04414112145349359
2024-06-28,equal_weight,CVX,Energy,0.045454545454545456,0.043332736822544536
2024-06-28,equal_weight,NEE,Utilities,0.045454545454545456,0.04004447575761817
2024-06-28,equal_weight,DUK,Utilities,0.045454545454545456,0.043511717404821355
2024-06-28,equal_weight,AMT,Real Estate,0.045454545454545456,0.045019905418260925
2024-06-28,equal_weight,PLD,Real Estate,0.045454545454545456,0.046096372944749324
2024-06-28,equal_weight,APD,Materials,0.045454545454545456,0.043503411609137094
2024-06-28,equal_weight,NEM,Materials,0.045454545454545456,0.04515612004914122
2024-06-28,equal_weight,GOOGL,Communication Services,0.045454545454545456,0.04753140758065699
2024-06-28,equal_weight,META,Communication Services,0.045454545454545456,0.048611027715285964
2024-07-31,sample,AAPL,Information Technology,0.008129373951806032,0.014906076960564922
2024-07-31,sample,MSFT,Information Technology,0.06252822369075312,0.04555662681193351
2024-07-31,sample,JPM,Financials,0.049082936451416155,0.0486444129573463
2024-07-31,sample,BAC,Financials,0.0,5.810823659136362e-19
2024-07-31,sample,JNJ,Health Care,0.15,0.15432046209862976
2024-07-31,sample,UNH,Health Care,0.09999999999999999,0.10777542170951872
2024-07-31,sample,AMZN,Consumer Discretionary,0.008798366364159566,0.00401074293366735
2024-07-31,sample,HD,Consumer Discretionary,1.213480576060192e-18,0.005416205604488764
2024-07-31,sample,PG,Consumer Staples,0.15,0.14012519931720563
2024-07-31,sample,KO,Consumer Staples,0.1,0.09988584548889806
2024-07-31,sample,CAT,Industrials,1.6723606752352092e-18,0.0
2024-07-31,sample,UNP,Industrials,0.04929278423422002,0.04949033820822786
2024-07-31,sample,XOM,Energy,0.10744711382002241,0.09280749069030265
2024-07-31,sample,CVX,Energy,0.04184472042616453,0.05357073455089022
2024-07-31,sample,NEE,Utilities,5.132596143887433e-18,0.0
2024-07-31,sample,DUK,Utilities,0.13026759824869222,0.13783969548114866
2024-07-31,sample,AMT,Real Estate,4.935343346295588e-18,0.0
2024-07-31,sample,PLD,Real Estate,5.243557459977746e-18,1.6405114984363032e-18
2024-07-31,sample,APD,Materials,0.0019262089978581108,0.0026717464357349837
2024-07-31,sample,NEM,Materials,0.009733467410164376,0.019443098751956458
2024-07-31,sample,GOOGL,Communication Services,0.024410108325985915,0.014963132298718523
2024-07-31,sample,META,Communication Services,0.006539098078757686,0.008572769700767596
2024-07-31,ewma,AAPL,Information Technology,0.06919398517384398,0.0621914606611627
2024-07-31,ewma,MSFT,Information Technology,0.01051708500941464,0.13707895795475236
2024-07-31,ewma,JPM,Financials,0.011490348636841993,0.1302872561951173
2024-07-31,ewma,BAC,Financials,0.0,0.0
2024-07-31,ewma,JNJ,Health Care,0.07540759395608458,0.07551602910085628
2024-07-31,ewma,UNH,Health Care,0.0,0.04384948705614154
2024-07-31,ewma,AMZN,Consumer Discretionary,0.08325740992849683,0.022877648820208436
2024-07-31,ewma,HD,Consumer Discretionary,0.0,1.0191542150030469e-17
2024-07-31,ewma,PG,Consumer Staples,0.1253481023311358,0.13854344673310479
2024-07-31,ewma,KO,Consumer Staples,0.12465189766886418,0.10779566714282966
2024-07-31,ewma,CAT,Industrials,1.043544591017298e-18,0.03639798205886673
2024-07-31,ewma,UNP,Industrials,2.1616280813929745e-18,0.14341460306569948
2024-07-31,ewma,XOM,Energy,0.15,0.0
2024-07-31,ewma,CVX,Energy,0.04882829864703703,2.9978209974357646e-18
2024-07-31,ewma,NEE,Utilities,0.014497266194870618,1.0003302315585337e-17
2024-07-31,ewma,DUK,Utilities,0.15,2.468063851608646e-18
2024-07-31,ewma,AMT,Real Estate,4.277648732532225e-19,0.0
2024-07-31,ewma,PLD,Real Estate,0.0,0.0
2024-07-31,ewma,APD,Materials,0.02779839832682305,0.035711045626237066
2024-07-31,ewma,NEM,Materials,5.891961181100913e-18,0.0008664534888036299
2024-07-31,ewma,GOOGL,Communication Services,0.07464663893095863,0.04965163184798437
2024-07-31,ewma,META,Communication Services,0.03436297519562862,0.015818330248235993
2024-07-31,ledoit_wolf,AAPL,Information Technology,0.012387394110288132,0.01756962190846786
2024-07-31,ledoit_wolf,MSFT,Information Technology,0.05966593975782558,0.043405448017606374
2024-07-31,ledoit_wolf,JPM,Financials,0.049495037259943565,0.048937822040103544
2024-07-31,ledoit_wolf,BAC,Financials,0.0,6.077742550010022e-18
2024-07-31,ledoit_wolf,JNJ,Health Care,0.15,0.15426514741148464
2024-07-31,ledoit_wolf,UNH,Health Care,0.1,0.10773679064496172
2024-07-31,ledoit_wolf,AMZN,Consumer Discretionary,0.009066314012141662,0.0039004120707892714
2024-07-31,ledoit_wolf,HD,Consumer Discretionary,2.930733997499879e-19,0.009785868152891477
2024-07-31,ledoit_wolf,PG,Consumer Staples,0.14566521472417085,0.1349850274126462
2024-07-31,ledoit_wolf,KO,Consumer Staples,0.10433478527582919,0.10529246278350299
2024-07-31,ledoit_wolf,CAT,Industrials,0.00033301674070126383,1.244461069838258e-19
2024-07-31,ledoit_wolf,UNP,Industrials,0.0478622984523869,0.04877462402942247
2024-07-31,ledoit_wolf,XOM,Energy,0.09719339460812551,0.08752900358848789
2024-07-31,ledoit_wolf,CVX,Energy,0.050686906868387546,0.05706423398144139
2024-07-31,ledoit_wolf,NEE,Utilities,1.3188302988749456e-18,1.2204909450049639e-18
2024-07-31,ledoit_wolf,DUK,Utilities,0.12220812932441226,0.12906623572875223
2024-07-31,ledoit_wolf,AMT,Real Estate,0.0,7.332687012528684e-18
2024-07-31,ledoit_wolf,PLD,Real Estate,0.0,1.3010640442372477e-18
2024-07-31,ledoit_wolf,APD,Materials,0.006697597695104439,0.006904377096863019
2024-07-31,ledoit_wolf,NEM,Materials,0.012632197060832798,0.020649670704909338
2024-07-31,ledoit_wolf,GOOGL,Communication Services,0.024957564763888215,0.015804307861676855
2024-07-31,ledoit_wolf,META,Communication Services,0.006814209345962024,0.008328946565992543
2024-07-31,equal_weight,AAPL,Information Technology,0.045454545454545456,0.04576488040196374
2024-07-31,equal_weight,MSFT,Information Technology,0.045454545454545456,0.04062592121902812
2024-07-31,equal_weight,JPM,Financials,0.045454545454545456,0.045918103392478565
2024-07-31,equal_weight,BAC,Financials,0.045454545454545456,0.043992594552645536
2024-07-31,equal_weight,JNJ,Health Care,0.045454545454545456,0.04687470222261938
2024-07-31,equal_weight,UNH,Health Care,0.045454545454545456,0.04910503180377441
2024-07-31,equal_weight,AMZN,Consumer Discretionary,0.045454545454545456,0.0419950469815557
2024-07-31,equal_weight,HD,Consumer Discretionary,0.045454545454545456,0.04641920799714312
2024-07-31,equal_weight,PG,Consumer Staples,0.045454545454545456,0.042562903859640046
2024-07-31,equal_weight,KO,Consumer Staples,0.045454545454545456,0.04551035423177596
2024-07-31,equal_weight,CAT,Industrials,0.045454545454545456,0.04529392997911565
2024-07-31,equal_weight,UNP,Industrials,0.045454545454545456,0.047330011757083075
2024-07-31,equal_weight,XOM,Energy,0.045454545454545456,0.044711548562429905
2024-07-31,equal_weight,CVX,Energy,0.045454545454545456,0.044527056299750685
2024-07-31,equal_weight,NEE,Utilities,0.045454545454545456,0.04682354826241711
2024-07-31,equal_weight,DUK,Utilities,0.045454545454545456,0.0473179200942772
2024-07-31,equal_weight,AMT,Real Estate,0.045454545454545456,0.04921329604912886
2024-07-31,equal_weight,PLD,Real Estate,0.045454545454545456,0.04871322726229402
2024-07-31,equal_weight,APD,Materials,0.045454545454545456,0.04468531310399579
2024-07-31,equal_weight,NEM,Materials,0.045454545454545456,0.050866932978874735
2024-07-31,equal_weight,GOOGL,Communication Services,0.045454545454545456,0.040875088339303464
2024-07-31,equal_weight,META,Communication Services,0.045454545454545456,0.04087338064870441
2024-08-30,sample,AAPL,Information Technology,0.006962385361718883,0.008074850374794888
2024-08-30,sample,MSFT,Information Technology,0.06326968686054724,0.06009651497333192
2024-08-30,sample,JPM,Financials,0.06224607651660994,0.049888926255793935
2024-08-30,sample,BAC,Financials,0.0,0.0
2024-08-30,sample,JNJ,Health Care,0.15,0.1527992342152705
2024-08-30,sample,UNH,Health Care,0.1,0.09856098620823145
2024-08-30,sample,AMZN,Consumer Discretionary,0.013681611214891596,0.008081539526761144
2024-08-30,sample,HD,Consumer Discretionary,5.549759870410176e-18,1.175743419086101e-18
2024-08-30,sample,PG,Consumer Staples,0.14088647016495837,0.15400244114267936
2024-08-30,sample,KO,Consumer Staples,0.10911352983504165,0.10447709455558303
2024-08-30,sample,CAT,Industrials,0.006712266820198446,1.6550984779109189e-18
2024-08-30,sample,UNP,Industrials,0.04666358124187501,0.0494888623447291
2024-08-30,sample,XOM,Energy,0.09845441867387687,0.10364282906536237
2024-08-30,sample,CVX,Energy,0.0413438414854088,0.03753569322140523
2024-08-30,sample,NEE,Utilities,0.0,5.238455031818172e-18
2024-08-30,sample,DUK,Utilities,0.12155819187748622,0.13192580831475315
2024-08-30,sample,AMT,Real Estate,0.0,4.827464229841568e-18
2024-08-30,sample,PLD,Real Estate,0.0,5.116004599166741e-18
2024-08-30,sample,APD,Materials,0.0,0.0019586912644326757
2024-08-30,sample,NEM,Materials,0.008329107784379335,0.010189678106779957
2024-08-30,sample,GOOGL,Communication Services,0.02558474100551993,0.022369288760263065
2024-08-30,sample,META,Communication Services,0.0051940911574877,0.006907561669828596
2024-08-30,ewma,AAPL,Information Technology,0.05842720683364663,0.0693611910083936
2024-08-30,ewma,MSFT,Information Technology,0.024119339698570115,0.010200921283746594
2024-08-30,ewma,JPM,Financials,0.10377658981741689,0.011786304080410178
2024-08-30,ewma,BAC,Financials,0.0,0.0
2024-08-30,ewma,JNJ,Health Care,0.13568862315275093,0.07752036664190738
2024-08-30,ewma,UNH,Health Care,0.0,0.0
2024-08-30,ewma,AMZN,Consumer Discretionary,4.5163796747599294e-18,0.07717662296494344
2024-08-30,ewma,HD,Consumer Discretionary,0.05079746985182683,0.0
2024-08-30,ewma,PG,Consumer Staples,0.14193678827304346,0.1298748099418896
2024-08-30,ewma,KO,Consumer Staples,0.1080632117269566,0.13142887688332147
2024-08-30,ewma,CAT,Industrials,1.8410261108572218e-18,1.04225915705783e-18
2024-08-30,ewma,UNP,Industrials,0.009172638910928595,2.190160338539955e-18
2024-08-30,ewma,XOM,Energy,0.03655991833398652,0.14601806181824495
2024-08-30,ewma,CVX,Energy,0.09385578650324976,0.044202433364394056
2024-08-30,ewma,NEE,Utilities,0.0,0.014932174474594008
2024-08-30,ewma,DUK,Utilities,0.15,0.15330468683260368
2024-08-30,ewma,AMT,Real Estate,0.021153161031608192,4.222577481715837e-19
2024-08-30,ewma,PLD,Real Estate,0.0,0.0
2024-08-30,ewma,APD,Materials,0.005590419994020905,0.028526807299434385
2024-08-30,ewma,NEM,Materials,7.285753895807864e-18,6.224773853775415e-18
2024-08-30,ewma,GOOGL,Communication Services,1.4289445820180047e-18,0.06903408014521013
2024-08-30,ewma,META,Communication Services,0.06085884587199466,0.03663266326090591
2024-08-30,ledoit_wolf,AAPL,Information Technology,0.011525489128559985,0.012308337577416343
2024-08-30,ledoit_wolf,MSFT,Information Technology,0.060290851529304655,0.0573643059641044
2024-08-30,ledoit_wolf,JPM,Financials,0.060916238195922595,0.0503242530091757
2024-08-30,ledoit_wolf,BAC,Financials,3.1996669582531195e-19,0.0
2024-08-30,ledoit_wolf,JNJ,Health Care,0.15,0.15284922446448343
2024-08-30,ledoit_wolf,UNH,Health Care,0.09999999999999999,0.09859323171187244
2024-08-30,ledoit_wolf,AMZN,Consumer Discretionary,0.013816758719909634,0.00833038125190397
2024-08-30,ledoit_wolf,HD,Consumer Discretionary,6.919465085679583e-18,2.840522224989684e-19
2024-08-30,ledoit_wolf,PG,Consumer Staples,0.1362488620344937,0.14960091891883703
2024-08-30,ledoit_wolf,KO,Consumer Staples,0.1137511379655063,0.1090416149766097
2024-08-30,ledoit_wolf,CAT,Industrials,0.010223552391453101,0.00032968715004154365
2024-08-30,ledoit_wolf,UNP,Industrials,0.04566088164271288,0.04806840739852865
2024-08-30,ledoit_wolf,XOM,Energy,0.0885845337594646,0.09378282643615753
2024-08-30,ledoit_wolf,CVX,Energy,0.049870253141906365,0.0454822165616984
2024-08-30,ledoit_wolf,NEE,Utilities,1.0823492879133857e-18,1.3464713120579395e-18
2024-08-30,ledoit_wolf,DUK,Utilities,0.11559275239338962,0.12380423923269111
2024-08-30,ledoit_wolf,AMT,Real Estate,3.5599735981914175e-18,0.0
2024-08-30,ledoit_wolf,PLD,Real Estate,0.0,0.0
2024-08-30,ledoit_wolf,APD,Materials,0.00042593354433688105,0.006812769542900347
2024-08-30,ledoit_wolf,NEM,Materials,0.011377583596039574,0.013228598625132459
2024-08-30,ledoit_wolf,GOOGL,Communication Services,0.025964802842457918,0.022878457358988743
2024-08-30,ledoit_wolf,META,Communication Services,0.005750369114542066,0.007200529819458388
2024-08-30,equal_weight,AAPL,Information Technology,0.045454545454545456,0.04559409314055038
2024-08-30,equal_weight,MSFT,Information Technology,0.045454545454545456,0.044116839912903084
2024-08-30,equal_weight,JPM,Financials,0.045454545454545456,0.046655711816386364
2024-08-30,equal_weight,BAC,Financials,0.045454545454545456,0.044647280800910814
2024-08-30,equal_weight,JNJ,Health Care,0.045454545454545456,0.04675855899472714
2024-08-30,equal_weight,UNH,Health Care,0.045454545454545456,0.045241421318610656
2024-08-30,equal_weight,AMZN,Consumer Discretionary,0.045454545454545456,0.04216219954294649
2024-08-30,equal_weight,HD,Consumer Discretionary,0.045454545454545456,0.04447448496878816
2024-08-30,equal_weight,PG,Consumer Staples,0.045454545454545456,0.047126756010812
2024-08-30,equal_weight,KO,Consumer Staples,0.045454545454545456,0.04795703081691264
2024-08-30,equal_weight,CAT,Industrials,0.045454545454545456,0.045428154327403804
2024-08-30,equal_weight,UNP,Industrials,0.045454545454545456,0.04608454679734283
2024-08-30,equal_weight,XOM,Energy,0.045454545454545456,0.04427674689486556
2024-08-30,equal_weight,CVX,Energy,0.045454545454545456,0.04117512917880965
2024-08-30,equal_weight,NEE,Utilities,0.045454545454545456,0.04684867655062015
2024-08-30,equal_weight,DUK,Utilities,0.045454545454545456,0.04648625472876728
2024-08-30,equal_weight,AMT,Real Estate,0.045454545454545456,0.044898609685493564
2024-08-30,equal_weight,PLD,Real Estate,0.045454545454545456,0.04478536259623264
2024-08-30,equal_weight,APD,Materials,0.045454545454545456,0.04667601590466671
2024-08-30,equal_weight,NEM,Materials,0.045454545454545456,0.04805339604404694
2024-08-30,equal_weight,GOOGL,Communication Services,0.045454545454545456,0.04206430028010003
2024-08-30,equal_weight,META,Communication Services,0.045454545454545456,0.04848842968810316
2024-09-30,sample,AAPL,Information Technology,0.016370156860948865,0.0071083938976447235
2024-09-30,sample,MSFT,Information Technology,0.055881411853980115,0.06549046494059758
2024-09-30,sample,JPM,Financials,0.05370036499545783,0.058587225816599385
2024-09-30,sample,BAC,Financials,4.798018129721984e-18,0.0
2024-09-30,sample,JNJ,Health Care,0.15,0.1470681104771965
2024-09-30,sample,UNH,Health Care,0.09999999999999999,0.09975836989511372
2024-09-30,sample,AMZN,Consumer Discretionary,0.023754120391085806,0.014330944398720236
2024-09-30,sample,HD,Consumer Discretionary,0.0,6.1234918399716235e-18
2024-09-30,sample,PG,Consumer Staples,0.13205054946668052,0.14273972689116377
2024-09-30,sample,KO,Consumer Staples,0.1179494505333195,0.10931196725456323
2024-09-30,sample,CAT,Industrials,0.02014997043888287,0.007397759540669248
2024-09-30,sample,UNP,Industrials,0.03335982797263463,0.04506715332036114
2024-09-30,sample,XOM,Energy,0.09065544714090917,0.09819033777138082
2024-09-30,sample,CVX,Energy,0.039765737223014075,0.041295538179082866
2024-09-30,sample,NEE,Utilities,0.0,0.0
2024-09-30,sample,DUK,Utilities,0.1279174703260902,0.12342191607730485
2024-09-30,sample,AMT,Real Estate,0.0,0.0
2024-09-30,sample,PLD,Real Estate,0.0,0.0
2024-09-30,sample,APD,Materials,3.441071348220595e-19,0.0
2024-09-30,sample,NEM,Materials,0.006789278790373521,0.008407909987817505
2024-09-30,sample,GOOGL,Communication Services,0.021894906612137742,0.026095554936985055
2024-09-30,sample,META,Communication Services,0.00976130739448528,0.005728626614799349
2024-09-30,ewma,AAPL,Information Technology,0.15,0.05906459141856972
2024-09-30,ewma,MSFT,Information Technology,0.09208659851372593,0.024719885452674735
2024-09-30,ewma,JPM,Financials,0.05283895727945116,0.09671392263983898
2024-09-30,ewma,BAC,Financials,6.3276338859722405e-18,0.0
2024-09-30,ewma,JNJ,Health Care,0.053833245429290834,0.1317253436993926
2024-09-30,ewma,UNH,Health Care,0.0772095771320121,0.0
2024-09-30,ewma,AMZN,Consumer Discretionary,0.01261149946922108,4.68410542710397e-18
2024-09-30,ewma,HD,Consumer Discretionary,3.060979599859299e-18,0.05549651140485054
2024-09-30,ewma,PG,Consumer Staples,0.13344807561322306,0.14238662571638433
2024-09-30,ewma,KO,Consumer Staples,0.11655192438677696,0.10719280285045375
2024-09-30,ewma,CAT,Industrials,0.046122095359657465,2.0090446928230696e-18
2024-09-30,ewma,UNP,Industrials,0.0057492482608630605,0.008771523053154824
2024-09-30,ewma,XOM,Energy,2.713467942965058e-18,0.03610251107358545
2024-09-30,ewma,CVX,Energy,0.0,0.09282223217361253
2024-09-30,ewma,NEE,Utilities,0.02242820169331738,0.0
2024-09-30,ewma,DUK,Utilities,0.15,0.15079882689921323
2024-09-30,ewma,AMT,Real Estate,0.055525923683198315,0.02181411532453849
2024-09-30,ewma,PLD,Real Estate,2.9184077449482945e-18,0.0
2024-09-30,ewma,APD,Materials,0.027984276106346743,0.005930652970869609
2024-09-30,ewma,NEM,Materials,0.0,7.282201969721134e-18
2024-09-30,ewma,GOOGL,Communication Services,2.4626258645837182e-18,1.4431103753963674e-18
2024-09-30,ewma,META,Communication Services,0.0036103770729159763,0.06646045532286146
2024-09-30,ledoit_wolf,AAPL,Information Technology,0.020211140281063716,0.0117617193023253
2024-09-30,ledoit_wolf,MSFT,Information Technology,0.05293313201553715,0.062378054230982645
2024-09-30,ledoit_wolf,JPM,Financials,0.05367002102714602,0.057308896389865395
2024-09-30,ledoit_wolf,BAC,Financials,0.0,3.145300185752271e-19
2024-09-30,ledoit_wolf,JNJ,Health Care,0.15,0.1469997275729115
2024-09-30,ledoit_wolf,UNH,Health Care,0.10000000000000003,0.09971198480838053
2024-09-30,ledoit_wolf,AMZN,Consumer Discretionary,0.02384528219142109,0.01446577669840166
2024-09-30,ledoit_wolf,HD,Consumer Discretionary,0.0,7.631246651110483e-18
2024-09-30,ledoit_wolf,PG,Consumer Staples,0.1305857294298487,0.1379769288927454
2024-09-30,ledoit_wolf,KO,Consumer Staples,0.11941427057015132,0.11390502193480788
2024-09-30,ledoit_wolf,CAT,Industrials,0.02231136891514832,0.011262397281413716
2024-09-30,ledoit_wolf,UNP,Industrials,0.03430189527129792,0.04407825271735812
2024-09-30,ledoit_wolf,XOM,Energy,0.08106622580900223,0.08830584745210455
2024-09-30,ledoit_wolf,CVX,Energy,0.049072225172034065,0.04978882686291781
2024-09-30,ledoit_wolf,NEE,Utilities,0.0,1.1397758046218973e-18
2024-09-30,ledoit_wolf,DUK,Utilities,0.1204195207402214,0.11731044304377782
2024-09-30,ledoit_wolf,AMT,Real Estate,0.0,3.706026090663352e-18
2024-09-30,ledoit_wolf,PLD,Real Estate,1.4718044491490723e-17,0.0
2024-09-30,ledoit_wolf,APD,Materials,0.0,0.0004561411845120126
2024-09-30,ledoit_wolf,NEM,Materials,0.009855608635867165,0.011479887280856901
2024-09-30,ledoit_wolf,GOOGL,Communication Services,0.021902451841722962,0.026470890913109293
2024-09-30,ledoit_wolf,META,Communication Services,0.010411128099537937,0.00633920343352946
2024-09-30,equal_weight,AAPL,Information Technology,0.045454545454545456,0.0453733679153121
2024-09-30,equal_weight,MSFT,Information Technology,0.045454545454545456,0.04600128647816344
2024-09-30,equal_weight,JPM,Financials,0.045454545454545456,0.04182910194720698
2024-09-30,equal_weight,BAC,Financials,0.045454545454545456,0.043706587136439504
2024-09-30,equal_weight,JNJ,Health Care,0.045454545454545456,0.0435727371582462
2024-09-30,equal_weight,UNH,Health Care,0.045454545454545456,0.044334001606509424
2024-09-30,equal_weight,AMZN,Consumer Discretionary,0.045454545454545456,0.04655058624115781
2024-09-30,equal_weight,HD,Consumer Discretionary,0.045454545454545456,0.049035718128472086
2024-09-30,equal_weight,PG,Consumer Staples,0.045454545454545456,0.04502597874247404
2024-09-30,equal_weight,KO,Consumer Staples,0.045454545454545456,0.04452220792362947
2024-09-30,equal_weight,CAT,Industrials,0.045454545454545456,0.04897997821710201
2024-09-30,equal_weight,UNP,Industrials,0.045454545454545456,0.04292098195324148
2024-09-30,equal_weight,XOM,Energy,0.045454545454545456,0.044322181772440364
2024-09-30,equal_weight,CVX,Energy,0.045454545454545456,0.044389463108626626
2024-09-30,equal_weight,NEE,Utilities,0.045454545454545456,0.046821095317127345
2024-09-30,equal_weight,DUK,Utilities,0.045454545454545456,0.045122758500259125
2024-09-30,equal_weight,AMT,Real Estate,0.045454545454545456,0.046286172212151
2024-09-30,equal_weight,PLD,Real Estate,0.045454545454545456,0.04438496403177635
2024-09-30,equal_weight,APD,Materials,0.045454545454545456,0.04761535354365482
2024-09-30,equal_weight,NEM,Materials,0.045454545454545456,0.044861848065826035
2024-09-30,equal_weight,GOOGL,Communication Services,0.045454545454545456,0.04532868295270793
2024-09-30,equal_weight,META,Communication Services,0.045454545454545456,0.0490149470474755
2024-10-31,sample,AAPL,Information Technology,0.036479510242613145,0.016279998450982613
2024-10-31,sample,MSFT,Information Technology,0.07327221313732071,0.05412754312992931
2024-10-31,sample,JPM,Financials,0.06672498510947464,0.058324994325634
2024-10-31,sample,BAC,Financials,1.2197274440461925e-18,5.186761784980561e-18
2024-10-31,sample,JNJ,Health Care,0.15,0.15176693323825935
2024-10-31,sample,UNH,Health Care,0.0978012157135397,0.0990302046550093
2024-10-31,sample,AMZN,Consumer Discretionary,0.006346816847600539,0.024373845540862634
2024-10-31,sample,HD,Consumer Discretionary,0.0,0.0
2024-10-31,sample,PG,Consumer Staples,0.15,0.12993247494613006
2024-10-31,sample,KO,Consumer Staples,0.1,0.1099538220157552
2024-10-31,sample,CAT,Industrials,0.023097214814660247,0.01995091334506279
2024-10-31,sample,UNP,Industrials,0.019389169905839193,0.032216856039129035
2024-10-31,sample,XOM,Energy,0.06980284225864408,0.09263660668404086
2024-10-31,sample,CVX,Energy,0.048564342489967466,0.041217156071490964
2024-10-31,sample,NEE,Utilities,2.0159384144652348e-18,0.0
2024-10-31,sample,DUK,Utilities,0.1255873032501758,0.13117129887068957
2024-10-31,sample,AMT,Real Estate,1.4738373282224826e-19,0.0
2024-10-31,sample,PLD,Real Estate,1.8736368793265124e-18,0.0
2024-10-31,sample,APD,Materials,0.0035287170416198423,3.703152581619279e-19
2024-10-31,sample,NEM,Materials,1.4984012836928573e-18,0.005920198352231512
2024-10-31,sample,GOOGL,Communication Services,0.021760160587515894,0.02316994613078354
2024-10-31,sample,META,Communication Services,0.007645508601028661,0.009927208204009446
2024-10-31,ewma,AAPL,Information Technology,0.07729256397248442,0.15027810232702127
2024-10-31,ewma,MSFT,Information Technology,1.1296454901056976e-17,0.08985666603207965
2024-10-31,ewma,JPM,Financials,4.4993331366964366e-18,0.057814214739096266
2024-10-31,ewma,BAC,Financials,6.115260241820828e-18,6.89094344722533e-18
2024-10-31,ewma,JNJ,Health Care,0.15,0.054870559300515945
2024-10-31,ewma,UNH,Health Care,0.06500571232525645,0.07702678570565069
2024-10-31,ewma,AMZN,Consumer Discretionary,0.0,0.013036312188352845
2024-10-31,ewma,HD,Consumer Discretionary,5.691637889075271e-18,3.0735227804605853e-18
2024-10-31,ewma,PG,Consumer Staples,0.15,0.13227955906680017
2024-10-31,ewma,KO,Consumer Staples,0.0,0.10945529642840181
2024-10-31,ewma,CAT,Industrials,1.0810575626688228e-17,0.04600450087824821
2024-10-31,ewma,UNP,Industrials,1.379922550195662e-18,0.00559336732975693
2024-10-31,ewma,XOM,Energy,0.03289048075205483,2.7932921059736543e-18
2024-10-31,ewma,CVX,Energy,0.15,0.0
2024-10-31,ewma,NEE,Utilities,0.0,0.021727402978682697
2024-10-31,ewma,DUK,Utilities,0.0660317546432378,0.1549541245171629
2024-10-31,ewma,AMT,Real Estate,0.045765229214006865,0.0530656333994136
2024-10-31,ewma,PLD,Real Estate,0.0,2.6970195105578987e-18
2024-10-31,ewma,APD,Materials,0.08072648885297697,0.03033855774895845
2024-10-31,ewma,NEM,Materials,4.36539605191185e-19,0.0
2024-10-31,ewma,GOOGL,Communication Services,0.138394270304972,2.6253262941727206e-18
2024-10-31,ewma,META,Communication Services,0.04389349993501078,0.0036989173598590856
2024-10-31,ledoit_wolf,AAPL,Information Technology,0.037899311640476774,0.020109881103551604
2024-10-31,ledoit_wolf,MSFT,Information Technology,0.06894290512966847,0.05129744144738851
2024-10-31,ledoit_wolf,JPM,Financials,0.06460754756979105,0.05832119327493889
2024-10-31,ledoit_wolf,BAC,Financials,0.0,0.0
2024-10-31,ledoit_wolf,JNJ,Health Care,0.15,0.15184284298923298
2024-10-31,ledoit_wolf,UNH,Health Care,0.09732406660771871,0.09907973690827315
2024-10-31,ledoit_wolf,AMZN,Consumer Discretionary,0.008144250249523989,0.024479623606703922
2024-10-31,ledoit_wolf,HD,Consumer Discretionary,0.0,0.0
2024-10-31,ledoit_wolf,PG,Consumer Staples,0.1471271543329854,0.12855541827042133
2024-10-31,ledoit_wolf,KO,Consumer Staples,0.1028728456670146,0.11137502289938436
2024-10-31,ledoit_wolf,CAT,Industrials,0.024024276676256253,0.022102009150462714
2024-10-31,ledoit_wolf,UNP,Industrials,0.02380128168734743,0.033143215358710475
2024-10-31,ledoit_wolf,XOM,Energy,0.06903943361523077,0.08287925837026157
2024-10-31,ledoit_wolf,CVX,Energy,0.04958747051299727,0.05088876414937323
2024-10-31,ledoit_wolf,NEE,Utilities,0.0,0.0
2024-10-31,ledoit_wolf,DUK,Utilities,0.11761426696400261,0.12354438711684375
2024-10-31,ledoit_wolf,AMT,Real Estate,7.741881137904305e-19,0.0
2024-10-31,ledoit_wolf,PLD,Real Estate,6.2341624917916505e-19,1.3508355258927262e-17
2024-10-31,ledoit_wolf,APD,Materials,0.007290130599197893,0.0
2024-10-31,ledoit_wolf,NEM,Materials,0.0,0.008598312647457723
2024-10-31,ledoit_wolf,GOOGL,Communication Services,0.023298315825542332,0.02318952373277867
2024-10-31,ledoit_wolf,META,Communication Services,0.008426742922246528,0.01059336897421746
2024-10-31,equal_weight,AAPL,Information Technology,0.045454545454545456,0.04528242277109857
2024-10-31,equal_weight,MSFT,Information Technology,0.045454545454545456,0.044104111905261874
2024-10-31,equal_weight,JPM,Financials,0.045454545454545456,0.04945447597875221
2024-10-31,equal_weight,BAC,Financials,0.045454545454545456,0.04922237383799762
2024-10-31,equal_weight,JNJ,Health Care,0.045454545454545456,0.04606955699797855
2024-10-31,equal_weight,UNH,Health Care,0.045454545454545456,0.045091617395138714
2024-10-31,equal_weight,AMZN,Consumer Discretionary,0.045454545454545456,0.04672111924969858
2024-10-31,equal_weight,HD,Consumer Discretionary,0.045454545454545456,0.0453838372417644
2024-10-31,equal_weight,PG,Consumer Staples,0.045454545454545456,0.04480284936324251
2024-10-31,equal_weight,KO,Consumer Staples,0.045454545454545456,0.042446564435125955
2024-10-31,equal_weight,CAT,Industrials,0.045454545454545456,0.04508338385474789
2024-10-31,equal_weight,UNP,Industrials,0.045454545454545456,0.04397314124583289
2024-10-31,equal_weight,XOM,Energy,0.045454545454545456,0.04652826632736248
2024-10-31,equal_weight,CVX,Energy,0.045454545454545456,0.047195122881702634
2024-10-31,equal_weight,NEE,Utilities,0.045454545454545456,0.04378633326366424
2024-10-31,equal_weight,DUK,Utilities,0.045454545454545456,0.046691421224115036
2024-10-31,equal_weight,AMT,Real Estate,0.045454545454545456,0.04319592440363698
2024-10-31,equal_weight,PLD,Real Estate,0.045454545454545456,0.04176988993657465
2024-10-31,equal_weight,APD,Materials,0.045454545454545456,0.04900112669580039
2024-10-31,equal_weight,NEM,Materials,0.045454545454545456,0.03970459330244202
2024-10-31,equal_weight,GOOGL,Communication Services,0.045454545454545456,0.04818480033249377
2024-10-31,equal_weight,META,Communication Services,0.045454545454545456,0.046307067355567645
2024-11-29,sample,AAPL,Information Technology,0.05513701996143306,0.03679720170113673
2024-11-29,sample,MSFT,Information Technology,0.08411605797885255,0.07338223230428471
2024-11-29,sample,JPM,Financials,0.05658792298418723,0.07201390622169733
2024-11-29,sample,BAC,Financials,8.639736061993863e-20,1.329029769651184e-18
2024-11-29,sample,JNJ,Health Care,0.15,0.14062190099499933
2024-11-29,sample,UNH,Health Care,0.0803393372236216,0.10139664091733103
2024-11-29,sample,AMZN,Consumer Discretionary,0.015179158338972602,0.006789138851468138
2024-11-29,sample,HD,Consumer Discretionary,0.010275546633726736,0.0
2024-11-29,sample,PG,Consumer Staples,0.14697442449032838,0.15613065066694848
2024-11-29,sample,KO,Consumer Staples,0.1030255755096716,0.09481902209595003
2024-11-29,sample,CAT,Industrials,0.0094818408480258,0.02391417761377976
2024-11-29,sample,UNP,Industrials,0.009714812994137227,0.019605331852200356
2024-11-29,sample,XOM,Energy,0.0798492609813806,0.06818118294837987
2024-11-29,sample,CVX,Energy,0.043055882783321515,0.051199092510562254
2024-11-29,sample,NEE,Utilities,1.3891340334970526e-19,1.932230515487056e-18
2024-11-29,sample,DUK,Utilities,0.10892301544280807,0.12347861980547345
2024-11-29,sample,AMT,Real Estate,1.6335030387799182e-18,1.3835267836797437e-19
2024-11-29,sample,PLD,Real Estate,0.0,1.8581345475241247e-18
2024-11-29,sample,APD,Materials,0.009663075169692982,0.0036438429449109724
2024-11-29,sample,NEM,Materials,0.008803349087766515,1.3343402049841644e-18
2024-11-29,sample,GOOGL,Communication Services,0.024450216036279747,0.020607052105158084
2024-11-29,sample,META,Communication Services,0.004423503535793859,0.007420006465719476
2024-11-29,ewma,AAPL,Information Technology,0.050569753942629636,0.07817820613811846
2024-11-29,ewma,MSFT,Information Technology,0.0,1.1344254866831743e-17
2024-11-29,ewma,JPM,Financials,0.010013608245418857,4.869206868729554e-18
2024-11-29,ewma,BAC,Financials,0.020252775917034258,6.681424260509883e-18
2024-11-29,ewma,JNJ,Health Care,0.15,0.1410052092021167
2024-11-29,ewma,UNH,Health Care,0.0,0.06757919726978093
2024-11-29,ewma,AMZN,Consumer Discretionary,0.0,0.0
2024-11-29,ewma,HD,Consumer Discretionary,1.8626254510122064e-18,5.997079860770645e-18
2024-11-29,ewma,PG,Consumer Staples,0.14858573852718582,0.15655623273744926
2024-11-29,ewma,KO,Consumer Staples,0.10141426147281415,0.0
2024-11-29,ewma,CAT,Industrials,0.007184733325213149,1.122346221642503e-17
2024-11-29,ewma,UNP,Industrials,0.0,1.3991100811682407e-18
2024-11-29,ewma,XOM,Energy,0.1397278406422319,0.0322139395470037
2024-11-29,ewma,CVX,Energy,0.11027215935776809,0.15856896873150045
2024-11-29,ewma,NEE,Utilities,3.5321273900504324e-18,0.0
2024-11-29,ewma,DUK,Utilities,0.046396455480584804,0.0651000110053957
2024-11-29,ewma,AMT,Real Estate,0.03797882969738262,0.043078031917783
2024-11-29,ewma,PLD,Real Estate,0.0,0.0
2024-11-29,ewma,APD,Materials,0.01646930449614673,0.08358744900347317
2024-11-29,ewma,NEM,Materials,0.0,3.8980219420026375e-19
2024-11-29,ewma,GOOGL,Communication Services,0.15,0.1314177646809205
2024-11-29,ewma,META,Communication Services,0.0111345388955898,0.04271498976645811
2024-11-29,ledoit_wolf,AAPL,Information Technology,0.055966046273967854,0.038229874174143114
2024-11-29,ledoit_wolf,MSFT,Information Technology,0.07803405783389805,0.06904733832558174
2024-11-29,ledoit_wolf,JPM,Financials,0.0553739981125676,0.06972955467723646
2024-11-29,ledoit_wolf,BAC,Financials,5.827586677109586e-19,0.0
2024-11-29,ledoit_wolf,JNJ,Health Care,0.15,0.1406237635738636
2024-11-29,ledoit_wolf,UNH,Health Care,0.08040505516906296,0.10090328705474123
2024-11-29,ledoit_wolf,AMZN,Consumer Discretionary,0.0164750711091964,0.008711954272148388
2024-11-29,ledoit_wolf,HD,Consumer Discretionary,0.012290143954045155,0.0
2024-11-29,ledoit_wolf,PG,Consumer Staples,0.14055651582430279,0.1531424173018603
2024-11-29,ledoit_wolf,KO,Consumer Staples,0.10944348417569724,0.09754431825010686
2024-11-29,ledoit_wolf,CAT,Industrials,0.0103714084793708,0.02487435969175327
2024-11-29,ledoit_wolf,UNP,Industrials,0.011818931297892852,0.02406695123794121
2024-11-29,ledoit_wolf,XOM,Energy,0.07475093809140551,0.06743640301442459
2024-11-29,ledoit_wolf,CVX,Energy,0.04863514705253955,0.052278420495205875
2024-11-29,ledoit_wolf,NEE,Utilities,2.828243010882109e-18,0.0
2024-11-29,ledoit_wolf,DUK,Utilities,0.09768047279548908,0.11564098708804672
2024-11-29,ledoit_wolf,AMT,Real Estate,0.004254714915977591,7.267587526077248e-19
2024-11-29,ledoit_wolf,PLD,Real Estate,0.0,6.182663386411868e-19
2024-11-29,ledoit_wolf,APD,Materials,0.012744040325047628,0.007528073939431166
2024-11-29,ledoit_wolf,NEM,Materials,0.010352505256042826,0.0
2024-11-29,ledoit_wolf,GOOGL,Communication Services,0.024663839811180293,0.02206399008145435
2024-11-29,ledoit_wolf,META,Communication Services,0.006183629522315905,0.008178306822061774
2024-11-29,equal_weight,AAPL,Information Technology,0.045454545454545456,0.0457397755344388
2024-11-29,equal_weight,MSFT,Information Technology,0.045454545454545456,0.04541296359487747
2024-11-29,equal_weight,JPM,Financials,0.045454545454545456,0.04893911573786657
2024-11-29,equal_weight,BAC,Financials,0.045454545454545456,0.04940832694389638
2024-11-29,equal_weight,JNJ,Health Care,0.045454545454545456,0.04250988599829131
2024-11-29,equal_weight,UNH,Health Care,0.045454545454545456,0.04701187245998749
2024-11-29,equal_weight,AMZN,Consumer Discretionary,0.045454545454545456,0.04850505035269289
2024-11-29,equal_weight,HD,Consumer Discretionary,0.045454545454545456,0.047648431883848305
2024-11-29,equal_weight,PG,Consumer Staples,0.045454545454545456,0.04719816837725047
2024-11-29,equal_weight,KO,Consumer Staples,0.045454545454545456,0.042995569586756335
2024-11-29,equal_weight,CAT,Industrials,0.045454545454545456,0.04694875409937924
2024-11-29,equal_weight,UNP,Industrials,0.045454545454545456,0.04585040922487351
2024-11-29,equal_weight,XOM,Energy,0.045454545454545456,0.04429142569029666
2024-11-29,equal_weight,CVX,Energy,0.045454545454545456,0.0478049628221928
2024-11-29,equal_weight,NEE,Utilities,0.045454545454545456,0.043462020340297086
2024-11-29,equal_weight,DUK,Utilities,0.045454545454545456,0.04458351096223104
2024-11-29,equal_weight,AMT,Real Estate,0.045454545454545456,0.04256633454153904
2024-11-29,equal_weight,PLD,Real Estate,0.045454545454545456,0.04496969754390314
2024-11-29,equal_weight,APD,Materials,0.045454545454545456,0.04682427371568942
2024-11-29,equal_weight,NEM,Materials,0.045454545454545456,0.04038003306388063
2024-11-29,equal_weight,GOOGL,Communication Services,0.045454545454545456,0.042941974315637316
2024-11-29,equal_weight,META,Communication Services,0.045454545454545456,0.04400744321017429
2024-12-31,sample,AAPL,Information Technology,0.06879779493857124,0.06168062421653195
2024-12-31,sample,MSFT,Information Technology,0.09160936712622027,0.08876734699673053
2024-12-31,sample,JPM,Financials,0.04787802842654087,0.05758982567691471
2024-12-31,sample,BAC,Financials,0.0,8.520648747956157e-20
2024-12-31,sample,JNJ,Health Care,0.15,0.14837102191258858
2024-12-31,sample,UNH,Health Care,0.07651672350772695,0.0708823368661714
2024-12-31,sample,AMZN,Consumer Discretionary,0.0225092776673258,0.016983221015272467
2024-12-31,sample,HD,Consumer Discretionary,0.012820075924594667,0.009875148176044918
2024-12-31,sample,PG,Consumer Staples,0.1358454112917166,0.14573070175767466
2024-12-31,sample,KO,Consumer Staples,0.1141545887082834,0.10612575385405677
2024-12-31,sample,CAT,Industrials,0.004150143960525915,0.0089796117198605
2024-12-31,sample,UNP,Industrials,0.0053337305528725724,0.009655402931927983
2024-12-31,sample,XOM,Energy,0.09746632938638133,0.07719985015902436
2024-12-31,sample,CVX,Energy,0.029327629374015715,0.040830330716342234
2024-12-31,sample,NEE,Utilities,0.0,1.3420936803504453e-19
2024-12-31,sample,DUK,Utilities,0.09541801504219873,0.10629536520630833
2024-12-31,sample,AMT,Real Estate,0.0,1.5332990436613419e-18
2024-12-31,sample,PLD,Real Estate,1.9060358895589893e-17,0.0
2024-12-31,sample,APD,Materials,0.009131246301946774,0.00888765243217855
2024-12-31,sample,NEM,Materials,0.00674568743527201,0.008282949873550004
2024-12-31,sample,GOOGL,Communication Services,0.028393970365758785,0.029077811474742036
2024-12-31,sample,META,Communication Services,0.0039019799900481813,0.004785045014079858
2024-12-31,ewma,AAPL,Information Technology,0.0,0.055468728256454373
2024-12-31,ewma,MSFT,Information Technology,0.06429085980240541,0.0
2024-12-31,ewma,JPM,Financials,3.138431255489365e-18,0.00999227792158401
2024-12-31,ewma,BAC,Financials,0.0,0.019584326579649203
2024-12-31,ewma,JNJ,Health Care,0.14315412229204114,0.1454792273383924
2024-12-31,ewma,UNH,Health Care,0.08137892100440068,0.0
2024-12-31,ewma,AMZN,Consumer Discretionary,0.044461177726368234,0.0
2024-12-31,ewma,HD,Consumer Discretionary,5.5406938446655655e-18,1.7551575925585103e-18
2024-12-31,ewma,PG,Consumer Staples,0.12457326723261615,0.14445690738946773
2024-12-31,ewma,KO,Consumer Staples,0.12542673276738384,0.10242988125221054
2024-12-31,ewma,CAT,Industrials,0.006638318079816397,0.006671560790738795
2024-12-31,ewma,UNP,Industrials,2.5173990292706753e-18,0.0
2024-12-31,ewma,XOM,Energy,0.15,0.13245867356949004
2024-12-31,ewma,CVX,Energy,0.0,0.10253406522953827
2024-12-31,ewma,NEE,Utilities,0.0,3.3460077008089487e-18
2024-12-31,ewma,DUK,Utilities,0.1473685401182731,0.04439472536225921
2024-12-31,ewma,AMT,Real Estate,1.80123570132015e-18,0.034954282665870785
2024-12-31,ewma,PLD,Real Estate,0.0,0.0
2024-12-31,ewma,APD,Materials,0.0,0.014852476074759953
2024-12-31,ewma,NEM,Materials,4.089830831185227e-18,0.0
2024-12-31,ewma,GOOGL,Communication Services,0.07126029255529566,0.1749130338336183
2024-12-31,ewma,META,Communication Services,0.04144776842139933,0.01180983373596637
2024-12-31,ledoit_wolf,AAPL,Information Technology,0.06823632340740829,0.06262480421713808
2024-12-31,ledoit_wolf,MSFT,Information Technology,0.08439212503832952,0.08237108814781342
2024-12-31,ledoit_wolf,JPM,Financials,0.04648367492450064,0.05636949903223253
2024-12-31,ledoit_wolf,BAC,Financials,0.0,5.748800166126814e-19
2024-12-31,ledoit_wolf,JNJ,Health Care,0.15,0.14841075395114353
2024-12-31,ledoit_wolf,UNH,Health Care,0.07622534195148739,0.0709593159365504
2024-12-31,ledoit_wolf,AMZN,Consumer Discretionary,0.023947086043359756,0.018438090885776248
2024-12-31,ledoit_wolf,HD,Consumer Discretionary,0.01733181273753645,0.0118144073158526
2024-12-31,ledoit_wolf,PG,Consumer Staples,0.13254828226304927,0.13940442342650733
2024-12-31,ledoit_wolf,KO,Consumer Staples,0.11745171773695073,0.1127669756404281
2024-12-31,ledoit_wolf,CAT,Industrials,0.005739027227964024,0.009824691437729195
2024-12-31,ledoit_wolf,UNP,Industrials,0.009240065709989304,0.011749799307667102
2024-12-31,ledoit_wolf,XOM,Energy,0.08522899384528887,0.07229004366317808
2024-12-31,ledoit_wolf,CVX,Energy,0.03942724665328775,0.046133554382924
2024-12-31,ledoit_wolf,NEE,Utilities,0.0,2.733201722970266e-18
2024-12-31,ledoit_wolf,DUK,Utilities,0.08950688558039664,0.0953495634426768
2024-12-31,ledoit_wolf,AMT,Real Estate,0.0,0.003994787362778105
2024-12-31,ledoit_wolf,PLD,Real Estate,0.0,0.0
2024-12-31,ledoit_wolf,APD,Materials,0.011535884543089684,0.011724521433124642
2024-12-31,ledoit_wolf,NEM,Materials,0.008397457355753746,0.009743137970492156
2024-12-31,ledoit_wolf,GOOGL,Communication Services,0.02820571428759414,0.02933972170817492
2024-12-31,ledoit_wolf,META,Communication Services,0.006102360694013635,0.006690820737812557
2024-12-31,equal_weight,AAPL,Information Technology,0.045454545454545456,0.05087872214950613
2024-12-31,equal_weight,MSFT,Information Technology,0.045454545454545456,0.04799600095426459
2024-12-31,equal_weight,JPM,Financials,0.045454545454545456,0.04628632867129039
2024-12-31,equal_weight,BAC,Financials,0.045454545454545456,0.04485417900660467
2024-12-31,equal_weight,JNJ,Health Care,0.045454545454545456,0.04498715753407307
2024-12-31,equal_weight,UNH,Health Care,0.045454545454545456,0.04012735251143423
2024-12-31,equal_weight,AMZN,Consumer Discretionary,0.045454545454545456,0.05088656022598299
2024-12-31,equal_weight,HD,Consumer Discretionary,0.045454545454545456,0.04370885311306526
2024-12-31,equal_weight,PG,Consumer Staples,0.045454545454545456,0.04509620672530305
2024-12-31,equal_weight,KO,Consumer Staples,0.045454545454545456,0.046849662190184785
2024-12-31,equal_weight,CAT,Industrials,0.045454545454545456,0.04307205783738346
2024-12-31,equal_weight,UNP,Industrials,0.045454545454545456,0.045202939956278325
2024-12-31,equal_weight,XOM,Energy,0.045454545454545456,0.043972006257388715
2024-12-31,equal_weight,CVX,Energy,0.045454545454545456,0.04313016546372975
2024-12-31,equal_weight,NEE,Utilities,0.045454545454545456,0.043940946197949596
2024-12-31,equal_weight,DUK,Utilities,0.045454545454545456,0.04438389349228951
2024-12-31,equal_weight,AMT,Real Estate,0.045454545454545456,0.04269112925515568
2024-12-31,equal_weight,PLD,Real Estate,0.045454545454545456,0.044024488825321395
2024-12-31,equal_weight,APD,Materials,0.045454545454545456,0.041831402842122035
2024-12-31,equal_weight,NEM,Materials,0.045454545454545456,0.042792517224622274
2024-12-31,equal_weight,GOOGL,Communication Services,0.045454545454545456,0.05408909816060746
2024-12-31,equal_weight,META,Communication Services,0.045454545454545456,0.04919833140544246
2025-01-31,sample,AAPL,Information Technology,0.06107514716463753,0.06306671422741408
2025-01-31,sample,MSFT,Information Technology,0.1172710085984581,0.08774772489306505
2025-01-31,sample,JPM,Financials,0.04219447692406788,0.052199812849931804
2025-01-31,sample,BAC,Financials,2.2569192879590833e-18,0.0
2025-01-31,sample,JNJ,Health Care,0.15,0.15350326378419915
2025-01-31,sample,UNH,Health Care,0.07058593775319319,0.07981792551596781
2025-01-31,sample,AMZN,Consumer Discretionary,0.02008562555898769,0.023720294025130675
2025-01-31,sample,HD,Consumer Discretionary,0.0062922442239710516,0.013207208483249742
2025-01-31,sample,PG,Consumer Staples,0.128341757179644,0.13162740297765185
2025-01-31,sample,KO,Consumer Staples,0.121658242820356,0.11321496736421913
2025-01-31,sample,CAT,Industrials,0.005951359449628769,0.004148626916820954
2025-01-31,sample,UNP,Industrials,0.0058535538812795355,0.005637499510949117
2025-01-31,sample,XOM,Energy,0.0956734767933322,0.09415412840577632
2025-01-31,sample,CVX,Energy,0.03504619607181397,0.029383996032003933
2025-01-31,sample,NEE,Utilities,1.274784585617722e-19,0.0
2025-01-31,sample,DUK,Utilities,0.08646244193899565,0.09647513320034665
2025-01-31,sample,AMT,Real Estate,0.0,0.0
2025-01-31,sample,PLD,Real Estate,0.0,2.0916893415177453e-17
2025-01-31,sample,APD,Materials,0.014524025279324358,0.010329874149747491
2025-01-31,sample,NEM,Materials,0.0049981112117432995,0.007531195050734614
2025-01-31,sample,GOOGL,Communication Services,0.03398639515056693,0.029766716852431332
2025-01-31,sample,META,Communication Services,4.658681209898652e-20,0.004467515760360499
2025-01-31,ewma,AAPL,Information Technology,0.039732279334532675,0.0
2025-01-31,ewma,MSFT,Information Technology,0.15,0.06111501857736067
2025-01-31,ewma,JPM,Financials,0.0,3.3958464151728163e-18
2025-01-31,ewma,BAC,Financials,0.0,0.0
2025-01-31,ewma,JNJ,Health Care,0.10460320552796519,0.1453894673582262
2025-01-31,ewma,UNH,Health Care,0.042149265704663104,0.08424783139146072
2025-01-31,ewma,AMZN,Consumer Discretionary,0.0,0.04649884913945041
2025-01-31,ewma,HD,Consumer Discretionary,0.0,5.664835746803225e-18
2025-01-31,ewma,PG,Consumer Staples,0.06961543989188645,0.11979230645832452
2025-01-31,ewma,KO,Consumer Staples,0.15,0.1234534734660157
2025-01-31,ewma,CAT,Industrials,0.012827687721460338,0.0065857009990016036
2025-01-31,ewma,UNP,Industrials,2.3638571975499387e-18,2.6406463216470462e-18
2025-01-31,ewma,XOM,Energy,0.004312897649594729,0.1438065766380279
2025-01-31,ewma,CVX,Energy,0.03701353733155962,0.0
2025-01-31,ewma,NEE,Utilities,0.0,0.0
2025-01-31,ewma,DUK,Utilities,0.12504123431628417,0.14787423893476978
2025-01-31,ewma,AMT,Real Estate,0.0,1.7534253097642164e-18
2025-01-31,ewma,PLD,Real Estate,0.0,0.0
2025-01-31,ewma,APD,Materials,0.09708077658006146,0.0
2025-01-31,ewma,NEM,Materials,5.4148698735599285e-18,4.531539376671875e-18
2025-01-31,ewma,GOOGL,Communication Services,0.15,0.07414043754958582
2025-01-31,ewma,META,Communication Services,0.017623675941992396,0.04709609948777671
2025-01-31,ledoit_wolf,AAPL,Information Technology,0.0634029347690867,0.06243271337212069
2025-01-31,ledoit_wolf,MSFT,Information Technology,0.10581800446318847,0.08068054254111344
2025-01-31,ledoit_wolf,JPM,Financials,0.041491323460174714,0.050582937692791756
2025-01-31,ledoit_wolf,BAC,Financials,3.333948150172528e-18,0.0
2025-01-31,ledoit_wolf,JNJ,Health Care,0.14329472548245317,0.15321049614895832
2025-01-31,ledoit_wolf,UNH,Health Care,0.0713923033477348,0.07936232046326798
2025-01-31,ledoit_wolf,AMZN,Consumer Discretionary,0.023893412585536396,0.025187327505985638
2025-01-31,ledoit_wolf,HD,Consumer Discretionary,0.010847264559329882,0.017821133739211355
2025-01-31,ledoit_wolf,PG,Consumer Staples,0.128454331132821,0.1281876980602984
2025-01-31,ledoit_wolf,KO,Consumer Staples,0.121545668867179,0.11626279246940395
2025-01-31,ledoit_wolf,CAT,Industrials,0.007746092459856179,0.0057259876800083275
2025-01-31,ledoit_wolf,UNP,Industrials,0.011048405896289444,0.009747683276986085
2025-01-31,ledoit_wolf,XOM,Energy,0.08374380540488363,0.08217562640862322
2025-01-31,ledoit_wolf,CVX,Energy,0.04326914293637427,0.039427682649178876
2025-01-31,ledoit_wolf,NEE,Utilities,0.0,0.0
2025-01-31,ledoit_wolf,DUK,Utilities,0.08360891058250343,0.09032591302209564
2025-01-31,ledoit_wolf,AMT,Real Estate,4.0574731058053105e-18,0.0
2025-01-31,ledoit_wolf,PLD,Real Estate,0.0,0.0
2025-01-31,ledoit_wolf,APD,Materials,0.01834947845260897,0.013025271332296091
2025-01-31,ledoit_wolf,NEM,Materials,0.006145142744182179,0.009357425834644457
2025-01-31,ledoit_wolf,GOOGL,Communication Services,0.03528240688441243,0.029512963390695278
2025-01-31,ledoit_wolf,META,Communication Services,0.0006666459713853374,0.006973484412320371
2025-01-31,equal_weight,AAPL,Information Technology,0.045454545454545456,0.04051417717301039
2025-01-31,equal_weight,MSFT,Information Technology,0.045454545454545456,0.04233283160006172
2025-01-31,equal_weight,JPM,Financials,0.045454545454545456,0.04818523978939855
2025-01-31,equal_weight,BAC,Financials,0.045454545454545456,0.04528831173777245
2025-01-31,equal_weight,JNJ,Health Care,0.045454545454545456,0.045228032094373385
2025-01-31,equal_weight,UNH,Health Care,0.045454545454545456,0.04610259888749839
2025-01-31,equal_weight,AMZN,Consumer Discretionary,0.045454545454545456,0.04657360401819272
2025-01-31,equal_weight,HD,Consumer Discretionary,0.045454545454545456,0.045530432223685746
2025-01-31,equal_weight,PG,Consumer Staples,0.045454545454545456,0.04282355096851488
2025-01-31,equal_weight,KO,Consumer Staples,0.045454545454545456,0.04383205263200479
2025-01-31,equal_weight,CAT,Industrials,0.045454545454545456,0.044179678976264715
2025-01-31,equal_weight,UNP,Industrials,0.045454545454545456,0.046712894832004796
2025-01-31,equal_weight,XOM,Energy,0.045454545454545456,0.0426939260562146
2025-01-31,equal_weight,CVX,Energy,0.045454545454545456,0.044280777140189485
2025-01-31,equal_weight,NEE,Utilities,0.045454545454545456,0.04291170339688845
2025-01-31,equal_weight,DUK,Utilities,0.045454545454545456,0.044685471619478806
2025-01-31,equal_weight,AMT,Real Estate,0.045454545454545456,0.04335062163672335
2025-01-31,equal_weight,PLD,Real Estate,0.045454545454545456,0.048500637421398776
2025-01-31,equal_weight,APD,Materials,0.045454545454545456,0.04999727215728214
2025-01-31,equal_weight,NEM,Materials,0.045454545454545456,0.049342257835967525
2025-01-31,equal_weight,GOOGL,Communication Services,0.045454545454545456,0.04633254417700927
2025-01-31,equal_weight,META,Communication Services,0.045454545454545456,0.050601383626065234
2025-02-28,sample,AAPL,Information Technology,0.047713780550360275,0.06108214335707509
2025-02-28,sample,MSFT,Information Technology,0.1288577499609205,0.10956847912807885
2025-02-28,sample,JPM,Financials,0.03954622449804134,0.040727235198240286
2025-02-28,sample,BAC,Financials,2.1400287412379898e-18,2.1907475062606476e-18
2025-02-28,sample,JNJ,Health Care,0.15,0.15987285458741832
2025-02-28,sample,UNH,Health Care,0.06201006711366934,0.0602476151495334
2025-02-28,sample,AMZN,Consumer Discretionary,0.013514540099578877,0.017488725748006424
2025-02-28,sample,HD,Consumer Discretionary,0.020251332634013804,0.005905252111731251
2025-02-28,sample,PG,Consumer Staples,0.1282471807647503,0.1310364276253459
2025-02-28,sample,KO,Consumer Staples,0.1217528192352497,0.1330460613152146
2025-02-28,sample,CAT,Industrials,0.0,0.0053725342135258584
2025-02-28,sample,UNP,Industrials,0.014208951960710982,0.0057124823981295845
2025-02-28,sample,XOM,Energy,0.09721927696465597,0.09806956921149008
2025-02-28,sample,CVX,Energy,0.033359457072275465,0.03672873439307609
2025-02-28,sample,NEE,Utilities,0.0,1.228677993064254e-19
2025-02-28,sample,DUK,Utilities,0.08033899564385932,0.08924967640201377
2025-02-28,sample,AMT,Real Estate,8.326333871509772e-19,0.0
2025-02-28,sample,PLD,Real Estate,4.667151539371195e-19,0.0
2025-02-28,sample,APD,Materials,0.008366469554306989,0.013352259497770773
2025-02-28,sample,NEM,Materials,0.006501660929413091,0.00488630384453786
2025-02-28,sample,GOOGL,Communication Services,0.0426564539163135,0.027653645818811946
2025-02-28,sample,META,Communication Services,0.005455039101880515,4.403451111229354e-20
2025-02-28,ewma,AAPL,Information Technology,7.038599101378248e-18,0.04078555194228859
2025-02-28,ewma,MSFT,Information Technology,0.1493908786032229,0.14384651682946964
2025-02-28,ewma,JPM,Financials,0.03203999157164922,0.0
2025-02-28,ewma,BAC,Financials,1.0966424977522572e-18,0.0
2025-02-28,ewma,JNJ,Health Care,0.10514817094394159,0.1144304437204403
2025-02-28,ewma,UNH,Health Care,4.453339469656506e-18,0.03692536548632952
2025-02-28,ewma,AMZN,Consumer Discretionary,7.580154675843547e-18,0.0
2025-02-28,ewma,HD,Consumer Discretionary,2.109071138501095e-18,0.0
2025-02-28,ewma,PG,Consumer Staples,0.05144946310710842,0.0729529323810601
2025-02-28,ewma,KO,Consumer Staples,0.10628960986053963,0.1683700573773692
2025-02-28,ewma,CAT,Industrials,0.03890214556185495,0.011885692909078005
2025-02-28,ewma,UNP,Industrials,1.088313053693991e-17,2.3677705222441553e-18
2025-02-28,ewma,XOM,Energy,0.09053163697903586,0.004537587166817817
2025-02-28,ewma,CVX,Energy,0.05251457621494756,0.03981427274243189
2025-02-28,ewma,NEE,Utilities,0.0,0.0
2025-02-28,ewma,DUK,Utilities,0.15,0.1324785369162636
2025-02-28,ewma,AMT,Real Estate,0.0,0.0
2025-02-28,ewma,PLD,Real Estate,1.0329219701455837e-17,0.0
2025-02-28,ewma,APD,Materials,0.07927002400038775,0.09160393454155061
2025-02-28,ewma,NEM,Materials,6.187939221413187e-18,5.4334502673812686e-18
2025-02-28,ewma,GOOGL,Communication Services,0.016515190884430545,0.1252713249201361
2025-02-28,ewma,META,Communication Services,0.12794831227288136,0.017097783066764884
2025-02-28,ledoit_wolf,AAPL,Information Technology,0.049830669642748494,0.0635036203398426
2025-02-28,ledoit_wolf,MSFT,Information Technology,0.11776483159934203,0.09901338744545234
2025-02-28,ledoit_wolf,JPM,Financials,0.04039315037780657,0.04010753651881197
2025-02-28,ledoit_wolf,BAC,Financials,0.0,3.24096631911544e-18
2025-02-28,ledoit_wolf,JNJ,Health Care,0.14401838034577624,0.15295125814634614
2025-02-28,ledoit_wolf,UNH,Health Care,0.06317571409378359,0.06102565423493862
2025-02-28,ledoit_wolf,AMZN,Consumer Discretionary,0.01821463207601751,0.020834849423207884
2025-02-28,ledoit_wolf,HD,Consumer Discretionary,0.022459619951633047,0.010195123331043582
2025-02-28,ledoit_wolf,PG,Consumer Staples,0.12931685614296465,0.13134459149634856
2025-02-28,ledoit_wolf,KO,Consumer Staples,0.12068314385703535,0.1331187862766878
2025-02-28,ledoit_wolf,CAT,Industrials,1.81900325422861e-18,0.007003015109683894
2025-02-28,ledoit_wolf,UNP,Industrials,0.018160118632726346,0.01079802314485066
2025-02-28,ledoit_wolf,XOM,Energy,0.08515197026721033,0.08596759580013583
2025-02-28,ledoit_wolf,CVX,Energy,0.04326841475334137,0.045413267286004796
2025-02-28,ledoit_wolf,NEE,Utilities,0.0,0.0
2025-02-28,ledoit_wolf,DUK,Utilities,0.08035413151430575,0.08643131015471806
2025-02-28,ledoit_wolf,AMT,Real Estate,0.0,4.4041532489833664e-18
2025-02-28,ledoit_wolf,PLD,Real Estate,0.0,0.0
2025-02-28,ledoit_wolf,APD,Materials,0.01023706302773338,0.01689393703965439
2025-02-28,ledoit_wolf,NEM,Materials,0.00748972554940109,0.006016527524467169
2025-02-28,ledoit_wolf,GOOGL,Communication Services,0.04176763273186533,0.028750465198650123
2025-02-28,ledoit_wolf,META,Communication Services,0.007713945436309028,0.0006310515291557147
2025-02-28,equal_weight,AAPL,Information Technology,0.045454545454545456,0.04670374084734982
2025-02-28,equal_weight,MSFT,Information Technology,0.045454545454545456,0.04363117361881254
2025-02-28,equal_weight,JPM,Financials,0.045454545454545456,0.045074533765438185
2025-02-28,equal_weight,BAC,Financials,0.045454545454545456,0.04532921727214642
2025-02-28,equal_weight,JNJ,Health Care,0.045454545454545456,0.04977203437999751
2025-02-28,equal_weight,UNH,Health Care,0.045454545454545456,0.039858742548095544
2025-02-28,equal_weight,AMZN,Consumer Discretionary,0.045454545454545456,0.04066068839996998
2025-02-28,equal_weight,HD,Consumer Discretionary,0.045454545454545456,0.04382629874559721
2025-02-28,equal_weight,PG,Consumer Staples,0.045454545454545456,0.04767887346369658
2025-02-28,equal_weight,KO,Consumer Staples,0.045454545454545456,0.051069593950268076
2025-02-28,equal_weight,CAT,Industrials,0.045454545454545456,0.042156537221990295
2025-02-28,equal_weight,UNP,Industrials,0.045454545454545456,0.04557295362636425
2025-02-28,equal_weight,XOM,Energy,0.045454545454545456,0.0478679284245436
2025-02-28,equal_weight,CVX,Energy,0.045454545454545456,0.048940341919570904
2025-02-28,equal_weight,NEE,Utilities,0.045454545454545456,0.045009397367910625
2025-02-28,equal_weight,DUK,Utilities,0.045454545454545456,0.048203777712253766
2025-02-28,equal_weight,AMT,Real Estate,0.045454545454545456,0.05061384329026096
2025-02-28,equal_weight,PLD,Real Estate,0.045454545454545456,0.04730873194943142
2025-02-28,equal_weight,APD,Materials,0.045454545454545456,0.042930870038891095
2025-02-28,equal_weight,NEM,Materials,0.045454545454545456,0.045653752058078714
2025-02-28,equal_weight,GOOGL,Communication Services,0.045454545454545456,0.03799699184602969
2025-02-28,equal_weight,META,Communication Services,0.045454545454545456,0.04413997755330259
2025-03-31,sample,AAPL,Information Technology,0.037034283806794986,0.043979587200216684
2025-03-31,sample,MSFT,Information Technology,0.1291268089881039,0.12227619860045012
2025-03-31,sample,JPM,Financials,0.03806025927145544,0.036783991869712096
2025-03-31,sample,BAC,Financials,0.0,1.95626367883934e-18
2025-03-31,sample,JNJ,Health Care,0.15,0.1512767341261444
2025-03-31,sample,UNH,Health Care,0.06422358221436646,0.06891431742775021
2025-03-31,sample,AMZN,Consumer Discretionary,0.01804586920278179,0.01215536151915245
2025-03-31,sample,HD,Consumer Discretionary,0.0018193521071988936,0.018898989661635925
2025-03-31,sample,PG,Consumer Staples,0.13242858861403795,0.12616734271397884
2025-03-31,sample,KO,Consumer Staples,0.11757141138596205,0.12379228786812012
2025-03-31,sample,CAT,Industrials,0.0,0.0
2025-03-31,sample,UNP,Industrials,0.008981425498053195,0.01365501496626489
2025-03-31,sample,XOM,Energy,0.09639278091791689,0.10422209892112541
2025-03-31,sample,CVX,Energy,0.037654461380222895,0.03530686659396202
2025-03-31,sample,NEE,Utilities,1.9735867671025198e-18,0.0
2025-03-31,sample,DUK,Utilities,0.10178620752589718,0.08369639627063304
2025-03-31,sample,AMT,Real Estate,0.004474007115914279,8.842510835864984e-19
2025-03-31,sample,PLD,Real Estate,2.7475631226561367e-18,4.26276680148264e-19
2025-03-31,sample,APD,Materials,0.0006185063026043322,0.007832158396825837
2025-03-31,sample,NEM,Materials,0.00485020969438929,0.007396752435287988
2025-03-31,sample,GOOGL,Communication Services,0.046151150015247125,0.03891983752284862
2025-03-31,sample,META,Communication Services,0.01078109595905321,0.004726063905890796
2025-03-31,ewma,AAPL,Information Technology,0.0,6.601607240397976e-18
2025-03-31,ewma,MSFT,Information Technology,0.14999999999999997,0.14424859753869343
2025-03-31,ewma,JPM,Financials,1.4520632229116656e-17,0.0303251080271046
2025-03-31,ewma,BAC,Financials,0.0,1.0200676868379523e-18
2025-03-31,ewma,JNJ,Health Care,0.14999999999999997,0.10790429622283161
2025-03-31,ewma,UNH,Health Care,0.05566393717247567,5.036040248978111e-18
2025-03-31,ewma,AMZN,Consumer Discretionary,0.057269730721243466,6.937465068463262e-18
2025-03-31,ewma,HD,Consumer Discretionary,0.0,2.002775831640478e-18
2025-03-31,ewma,PG,Consumer Staples,0.0,0.051503424842228
2025-03-31,ewma,KO,Consumer Staples,0.11045054617584059,0.10996678017546173
2025-03-31,ewma,CAT,Industrials,6.828123838546872e-19,0.03809019620999235
2025-03-31,ewma,UNP,Industrials,3.095033724326979e-18,1.0642412932674894e-17
2025-03-31,ewma,XOM,Energy,0.06902868145948676,0.09875610086524557
2025-03-31,ewma,CVX,Energy,0.06592911856061742,0.0565556764010362
2025-03-31,ewma,NEE,Utilities,0.05439657645759977,0.0
2025-03-31,ewma,DUK,Utilities,0.14999999999999997,0.15901121383376227
2025-03-31,ewma,AMT,Real Estate,0.028602672549236905,0.0
2025-03-31,ewma,PLD,Real Estate,3.2326219325587225e-18,9.599825093161638e-18
2025-03-31,ewma,APD,Materials,8.855702550610731e-18,0.07550997903530537
2025-03-31,ewma,NEM,Materials,0.07540866777628195,7.163395652874384e-18
2025-03-31,ewma,GOOGL,Communication Services,0.03325006912721759,0.015332959906322208
2025-03-31,ewma,META,Communication Services,7.355203394125043e-18,0.11279566694201648
2025-03-31,ledoit_wolf,AAPL,Information Technology,0.04098562365386088,0.045971553539884295
2025-03-31,ledoit_wolf,MSFT,Information Technology,0.11809608526002897,0.11184900818332826
2025-03-31,ledoit_wolf,JPM,Financials,0.03950452006827756,0.03760509532037571
2025-03-31,ledoit_wolf,BAC,Financials,9.04292374488691e-18,0.0
2025-03-31,ledoit_wolf,JNJ,Health Care,0.14229850439991198,0.14537306279931042
2025-03-31,ledoit_wolf,UNH,Health Care,0.0650672898996412,0.0702720388467354
2025-03-31,ledoit_wolf,AMZN,Consumer Discretionary,0.0213379053955244,0.016397292693309994
2025-03-31,ledoit_wolf,HD,Consumer Discretionary,0.003202818363846936,0.020978407655842284
2025-03-31,ledoit_wolf,PG,Consumer Staples,0.13178540296982366,0.12733254053004608
2025-03-31,ledoit_wolf,KO,Consumer Staples,0.11821459703017634,0.12281355857501926
2025-03-31,ledoit_wolf,CAT,Industrials,0.0,1.751871047693604e-18
2025-03-31,ledoit_wolf,UNP,Industrials,0.013009794207739758,0.017467628741084033
2025-03-31,ledoit_wolf,XOM,Energy,0.08826975572130924,0.091366558474461
2025-03-31,ledoit_wolf,CVX,Energy,0.04479328939882836,0.04583490375952714
2025-03-31,ledoit_wolf,NEE,Utilities,7.216720710606639e-19,0.0
2025-03-31,ledoit_wolf,DUK,Utilities,0.0952151525352069,0.08378643444885947
2025-03-31,ledoit_wolf,AMT,Real Estate,0.010939079814972648,0.0
2025-03-31,ledoit_wolf,PLD,Real Estate,7.352245982167327e-19,0.0
2025-03-31,ledoit_wolf,APD,Materials,0.003480311005967272,0.00959179175207214
2025-03-31,ledoit_wolf,NEM,Materials,0.005375519968017231,0.008528404832303117
2025-03-31,ledoit_wolf,GOOGL,Communication Services,0.045557671362118315,0.038142685569584514
2025-03-31,ledoit_wolf,META,Communication Services,0.01286667894474835,0.006689034278256939
2025-03-31,equal_weight,AAPL,Information Technology,0.045454545454545456,0.042662808502294404
2025-03-31,equal_weight,MSFT,Information Technology,0.045454545454545456,0.04392113017537717
2025-03-31,equal_weight,JPM,Financials,0.045454545454545456,0.0430522597961251
2025-03-31,equal_weight,BAC,Financials,0.045454545454545456,0.04231067047196031
2025-03-31,equal_weight,JNJ,Health Care,0.045454545454545456,0.04667915684358105
2025-03-31,equal_weight,UNH,Health Care,0.045454545454545456,0.051438628369659706
2025-03-31,equal_weight,AMZN,Consumer Discretionary,0.045454545454545456,0.04163022235934843
2025-03-31,equal_weight,HD,Consumer Discretionary,0.045454545454545456,0.043194365829710535
2025-03-31,equal_weight,PG,Consumer Staples,0.045454545454545456,0.04553457120366446
2025-03-31,equal_weight,KO,Consumer Staples,0.045454545454545456,0.04706051603087991
2025-03-31,equal_weight,CAT,Industrials,0.045454545454545456,0.044537480389915673
2025-03-31,equal_weight,UNP,Industrials,0.045454545454545456,0.04448076587641355
2025-03-31,equal_weight,XOM,Energy,0.045454545454545456,0.04961917625982407
2025-03-31,equal_weight,CVX,Energy,0.045454545454545456,0.048987167035829185
2025-03-31,equal_weight,NEE,Utilities,0.045454545454545456,0.04692494644633692
2025-03-31,equal_weight,DUK,Utilities,0.045454545454545456,0.04821947556234981
2025-03-31,equal_weight,AMT,Real Estate,0.045454545454545456,0.049154569989022186
2025-03-31,equal_weight,PLD,Real Estate,0.045454545454545456,0.04227482264726271
2025-03-31,equal_weight,APD,Materials,0.045454545454545456,0.0433292676715463
2025-03-31,equal_weight,NEM,Materials,0.045454545454545456,0.052657336571234975
2025-03-31,equal_weight,GOOGL,Communication Services,0.045454545454545456,0.04223071079960893
2025-03-31,equal_weight,META,Communication Services,0.045454545454545456,0.04009995116805417
2025-04-30,sample,AAPL,Information Technology,4.838095522180953e-19,0.03685231004096855
2025-04-30,sample,MSFT,Information Technology,0.14690707181777463,0.14142482888036725
2025-04-30,sample,JPM,Financials,0.0020211598704556626,0.03972300281861707
2025-04-30,sample,BAC,Financials,2.334380201889472e-18,0.0
2025-04-30,sample,JNJ,Health Care,0.15,0.14706109150949556
2025-04-30,sample,UNH,Health Care,0.07505114920054724,0.052479067388415575
2025-04-30,sample,AMZN,Consumer Discretionary,0.010309936030635198,0.018194804713331247
2025-04-30,sample,HD,Consumer Discretionary,0.03892122691267355,0.0018614738685758792
2025-04-30,sample,PG,Consumer Staples,0.1028323040712296,0.13222372968990967
2025-04-30,sample,KO,Consumer Staples,0.1471676959287704,0.12388365173990859
2025-04-30,sample,CAT,Industrials,5.020198855041203e-18,0.0
2025-04-30,sample,UNP,Industrials,3.823364336769191e-19,0.00852845745012175
2025-04-30,sample,XOM,Energy,0.11496386691514598,0.08905318982786839
2025-04-30,sample,CVX,Energy,4.410693472892925e-18,0.03185561859477902
2025-04-30,sample,NEE,Utilities,0.0,1.9367634136539073e-18
2025-04-30,sample,DUK,Utilities,0.15,0.10591950570663616
2025-04-30,sample,AMT,Real Estate,2.5615062102053836e-19,0.004860473964389525
2025-04-30,sample,PLD,Real Estate,0.0,2.612790851574826e-18
2025-04-30,sample,APD,Materials,3.0991176156838455e-18,0.0005949856350545953
2025-04-30,sample,NEM,Materials,0.0,0.005504882912580487
2025-04-30,sample,GOOGL,Communication Services,0.06182558925276777,0.04929697634949714
2025-04-30,sample,META,Communication Services,0.0,0.010681948909482979
2025-04-30,ewma,AAPL,Information Technology,5.271858402477353e-18,0.0
2025-04-30,ewma,MSFT,Information Technology,0.0,0.16231336262811505
2025-04-30,ewma,JPM,Financials,0.0,1.497302768208671e-17
2025-04-30,ewma,BAC,Financials,0.050052247187431564,0.0
2025-04-30,ewma,JNJ,Health Care,0.15,0.14529529729107016
2025-04-30,ewma,UNH,Health Care,0.08783366195771683,0.04493857294270039
2025-04-30,ewma,AMZN,Consumer Discretionary,4.9703389444917135e-17,0.0570490618905912
2025-04-30,ewma,HD,Consumer Discretionary,0.15,0.0
2025-04-30,ewma,PG,Consumer Staples,0.09999999999999998,0.0
2025-04-30,ewma,KO,Consumer Staples,0.15,0.11498307202152705
2025-04-30,ewma,CAT,Industrials,5.843106237023705e-19,6.612070164379274e-19
2025-04-30,ewma,UNP,Industrials,0.01803609357677405,2.9036507188796426e-18
2025-04-30,ewma,XOM,Energy,0.004325155672409038,0.06300693028173152
2025-04-30,ewma,CVX,Energy,0.0,0.05510622302739234
2025-04-30,ewma,NEE,Utilities,0.0,0.052740675545336395
2025-04-30,ewma,DUK,Utilities,0.15,0.15421692671172607
2025-04-30,ewma,AMT,Real Estate,0.06624233608431823,0.03070028008850859
2025-04-30,ewma,PLD,Real Estate,0.0,3.0371459056479163e-18
2025-04-30,ewma,APD,Materials,1.2627031576655977e-18,8.416647616554992e-18
2025-04-30,ewma,NEM,Materials,0.005558046586844925,0.08455954002661126
2025-04-30,ewma,GOOGL,Communication Services,0.06795245893450541,0.035090057544689565
2025-04-30,ewma,META,Communication Services,0.0,7.200058823328424e-18
2025-04-30,ledoit_wolf,AAPL,Information Technology,0.0,0.040841638820535764
2025-04-30,ledoit_wolf,MSFT,Information Technology,0.12877005618872606,0.12952559360871405
2025-04-30,ledoit_wolf,JPM,Financials,0.010762061983572367,0.041288391615472694
2025-04-30,ledoit_wolf,BAC,Financials,0.0,9.001929545648905e-18
2025-04-30,ledoit_wolf,JNJ,Health Care,0.15,0.13970685242227696
2025-04-30,ledoit_wolf,UNH,Health Care,0.07577008049375941,0.05324332242204667
2025-04-30,ledoit_wolf,AMZN,Consumer Discretionary,0.01780142369601317,0.02154429193271606
2025-04-30,ledoit_wolf,HD,Consumer Discretionary,0.0412303913561091,0.0032815826162189646
2025-04-30,ledoit_wolf,PG,Consumer Staples,0.11205941411030212,0.1317667421314004
2025-04-30,ledoit_wolf,KO,Consumer Staples,0.13794058588969788,0.12473669121397496
2025-04-30,ledoit_wolf,CAT,Industrials,0.0,0.0
2025-04-30,ledoit_wolf,UNP,Industrials,0.007140524670318467,0.012371047908703418
2025-04-30,ledoit_wolf,XOM,Energy,0.09840008455645571,0.0816634534532304
2025-04-30,ledoit_wolf,CVX,Energy,0.011996204184080489,0.037948394429305796
2025-04-30,ledoit_wolf,NEE,Utilities,0.0,7.092038635602566e-19
2025-04-30,ledoit_wolf,DUK,Utilities,0.13585582027069049,0.099221074603497
2025-04-30,ledoit_wolf,AMT,Real Estate,0.009010431993641849,0.011900729621225263
2025-04-30,ledoit_wolf,PLD,Real Estate,1.1057069549169064e-17,7.001447608740964e-19
2025-04-30,ledoit_wolf,APD,Materials,1.5005552382131541e-18,0.003352673429501702
2025-04-30,ledoit_wolf,NEM,Materials,0.0,0.0061096860849479025
2025-04-30,ledoit_wolf,GOOGL,Communication Services,0.06214668579059504,0.048731538094527224
2025-04-30,ledoit_wolf,META,Communication Services,0.0011162348160378536,0.012766295591704092
2025-04-30,equal_weight,AAPL,Information Technology,0.045454545454545456,0.045388177403301255
2025-04-30,equal_weight,MSFT,Information Technology,0.045454545454545456,0.04995640996533486
2025-04-30,equal_weight,JPM,Financials,0.045454545454545456,0.047604971169833296
2025-04-30,equal_weight,BAC,Financials,0.045454545454545456,0.04534170761994911
2025-04-30,equal_weight,JNJ,Health Care,0.045454545454545456,0.04471863141753828
2025-04-30,equal_weight,UNH,Health Care,0.045454545454545456,0.03727121587498394
2025-04-30,equal_weight,AMZN,Consumer Discretionary,0.045454545454545456,0.045988746379232205
2025-04-30,equal_weight,HD,Consumer Discretionary,0.045454545454545456,0.04666831962778566
2025-04-30,equal_weight,PG,Consumer Staples,0.045454545454545456,0.045541741162616646
2025-04-30,equal_weight,KO,Consumer Staples,0.045454545454545456,0.04806115956327855
2025-04-30,equal_weight,CAT,Industrials,0.045454545454545456,0.044705841012692316
2025-04-30,equal_weight,UNP,Industrials,0.045454545454545456,0.043311895752121125
2025-04-30,equal_weight,XOM,Energy,0.045454545454545456,0.042139264218952095
2025-04-30,equal_weight,CVX,Energy,0.045454545454545456,0.038587938796982094
2025-04-30,equal_weight,NEE,Utilities,0.045454545454545456,0.04476126233159938
2025-04-30,equal_weight,DUK,Utilities,0.045454545454545456,0.047464508711191726
2025-04-30,equal_weight,AMT,Real Estate,0.045454545454545456,0.049552312676950955
2025-04-30,equal_weight,PLD,Real Estate,0.045454545454545456,0.04337494587354884
2025-04-30,equal_weight,APD,Materials,0.045454545454545456,0.043877747930891206
2025-04-30,equal_weight,NEM,Materials,0.045454545454545456,0.05176897289038007
2025-04-30,equal_weight,GOOGL,Communication Services,0.045454545454545456,0.04872139704486066
2025-04-30,equal_weight,META,Communication Services,0.045454545454545456,0.045192832575976116
2025-05-30,sample,AAPL,Information Technology,5.027570786698761e-18,4.537595110190149e-19
2025-05-30,sample,MSFT,Information Technology,0.14039825310195087,0.16987256146048874
2025-05-30,sample,JPM,Financials,0.008694773423814866,0.00216163293070044
2025-05-30,sample,BAC,Financials,0.0,2.5598801983754095e-18
2025-05-30,sample,JNJ,Health Care,0.15,0.14886782500740633
2025-05-30,sample,UNH,Health Care,0.057368469049903836,0.05457549238285897
2025-05-30,sample,AMZN,Consumer Discretionary,0.008268248497340681,0.011357750030747103
2025-05-30,sample,HD,Consumer Discretionary,0.03699566316249345,0.03940510930381141
2025-05-30,sample,PG,Consumer Staples,0.1,0.1064942605815347
2025-05-30,sample,KO,Consumer Staples,0.15,0.1449371161904565
2025-05-30,sample,CAT,Industrials,5.7979215325345004e-18,5.598467228542377e-18
2025-05-30,sample,UNP,Industrials,0.0,3.9179240106963745e-19
2025-05-30,sample,XOM,Energy,0.12496453650856156,0.11135266519374472
2025-05-30,sample,CVX,Energy,0.0,4.445003982297153e-18
2025-05-30,sample,NEE,Utilities,7.254189423727064e-18,0.0
2025-05-30,sample,DUK,Utilities,0.14634662226934125,0.1447144995761869
2025-05-30,sample,AMT,Real Estate,0.005036697631950607,2.4172547404974977e-19
2025-05-30,sample,PLD,Real Estate,0.0,0.0
2025-05-30,sample,APD,Materials,0.0,3.159788069350309e-18
2025-05-30,sample,NEM,Materials,0.0,0.0
2025-05-30,sample,GOOGL,Communication Services,0.06563934101083792,0.06626108734206458
2025-05-30,sample,META,Communication Services,0.006287395343805076,0.0
2025-05-30,ewma,AAPL,Information Technology,0.0,5.050262337752006e-18
2025-05-30,ewma,MSFT,Information Technology,0.0011569248725013426,0.0
2025-05-30,ewma,JPM,Financials,8.830797331500357e-18,0.0
2025-05-30,ewma,BAC,Financials,0.0883014684540752,0.05606225071125089
2025-05-30,ewma,JNJ,Health Care,0.15,0.15205466269481377
2025-05-30,ewma,UNH,Health Care,0.0055409585796877365,0.06523793482964128
2025-05-30,ewma,AMZN,Consumer Discretionary,0.09831035044828483,5.59269634770583e-17
2025-05-30,ewma,HD,Consumer Discretionary,0.012558770239832182,0.15511584833938996
2025-05-30,ewma,PG,Consumer Staples,0.09999999999999995,0.10577804463447298
2025-05-30,ewma,KO,Consumer Staples,0.15,0.15088889680111936
2025-05-30,ewma,CAT,Industrials,3.521396654337097e-18,6.655656524979643e-19
2025-05-30,ewma,UNP,Industrials,1.0819084294172428e-17,0.01887781398392208
2025-05-30,ewma,XOM,Energy,2.859173900400232e-17,0.004278976438983207
2025-05-30,ewma,CVX,Energy,0.0,0.0
2025-05-30,ewma,NEE,Utilities,2.260754289164652e-19,0.0
2025-05-30,ewma,DUK,Utilities,0.15,0.14781242635210887
2025-05-30,ewma,AMT,Real Estate,0.05073185967555501,0.06385009475515642
2025-05-30,ewma,PLD,Real Estate,8.934283838486174e-19,0.0
2025-05-30,ewma,APD,Materials,3.4822832971048056e-18,1.3149827680792314e-18
2025-05-30,ewma,NEM,Materials,0.07551595020983262,0.005656508531906459
2025-05-30,ewma,GOOGL,Communication Services,0.11788371752023093,0.07438654192723511
2025-05-30,ewma,META,Communication Services,1.7996919292130972e-17,0.0
2025-05-30,ledoit_wolf,AAPL,Information Technology,0.0,0.0
2025-05-30,ledoit_wolf,MSFT,Information Technology,0.12141064906811415,0.14892598271535842
2025-05-30,ledoit_wolf,JPM,Financials,0.019609199838669416,0.011512027709884236
2025-05-30,ledoit_wolf,BAC,Financials,0.0,0.0
2025-05-30,ledoit_wolf,JNJ,Health Care,0.15,0.1488935550885212
2025-05-30,ledoit_wolf,UNH,Health Care,0.05977719240267038,0.05510780600354926
2025-05-30,ledoit_wolf,AMZN,Consumer Discretionary,0.014329519335075966,0.01961399810006292
2025-05-30,ledoit_wolf,HD,Consumer Discretionary,0.03849857939375755,0.04175019688378633
2025-05-30,ledoit_wolf,PG,Consumer Staples,0.10890689617280304,0.11607001470948226
2025-05-30,ledoit_wolf,KO,Consumer Staples,0.14109310382719695,0.13587333896211215
2025-05-30,ledoit_wolf,CAT,Industrials,0.0,0.0
2025-05-30,ledoit_wolf,UNP,Industrials,2.4612522605533796e-18,0.007318389231008713
2025-05-30,ledoit_wolf,XOM,Energy,0.10669729804893037,0.0953256512214896
2025-05-30,ledoit_wolf,CVX,Energy,0.015590243988534164,0.0120916114421363
2025-05-30,ledoit_wolf,NEE,Utilities,5.9102442402415286e-18,0.0
2025-05-30,ledoit_wolf,DUK,Utilities,0.12937666785543153,0.1310913673438899
2025-05-30,ledoit_wolf,AMT,Real Estate,0.01858605223211245,0.008504478292038594
2025-05-30,ledoit_wolf,PLD,Real Estate,3.863171224273397e-18,1.1645640312566213e-17
2025-05-30,ledoit_wolf,APD,Materials,0.0,1.5301955684269209e-18
2025-05-30,ledoit_wolf,NEM,Materials,0.0,0.0
2025-05-30,ledoit_wolf,GOOGL,Communication Services,0.06493838146467176,0.06661673196396654
2025-05-30,ledoit_wolf,META,Communication Services,0.011186216372032152,0.0013048503327135438
2025-05-30,equal_weight,AAPL,Information Technology,0.045454545454545456,0.04169241290189134
2025-05-30,equal_weight,MSFT,Information Technology,0.045454545454545456,0.051402738969528114
2025-05-30,equal_weight,JPM,Financials,0.045454545454545456,0.047543046649089836
2025-05-30,equal_weight,BAC,Financials,0.045454545454545456,0.048747660446957684
2025-05-30,equal_weight,JNJ,Health Care,0.045454545454545456,0.04411794875820213
2025-05-30,equal_weight,UNH,Health Care,0.045454545454545456,0.032325558992599916
2025-05-30,equal_weight,AMZN,Consumer Discretionary,0.045454545454545456,0.0489713485137668
2025-05-30,equal_weight,HD,Consumer Discretionary,0.045454545454545456,0.045006137446488674
2025-05-30,equal_weight,PG,Consumer Staples,0.045454545454545456,0.04603650690698947
2025-05-30,equal_weight,KO,Consumer Staples,0.045454545454545456,0.043779707239983805
2025-05-30,equal_weight,CAT,Industrials,0.045454545454545456,0.04957399832249889
2025-05-30,equal_weight,UNP,Industrials,0.045454545454545456,0.04555290219938642
2025-05-30,equal_weight,XOM,Energy,0.045454545454545456,0.04305712032127454
2025-05-30,equal_weight,CVX,Energy,0.045454545454545456,0.04479927700375735
2025-05-30,equal_weight,NEE,Utilities,0.045454545454545456,0.04652962369495984
2025-05-30,equal_weight,DUK,Utilities,0.045454545454545456,0.04288708373722426
2025-05-30,equal_weight,AMT,Real Estate,0.045454545454545456,0.04195007437908709
2025-05-30,equal_weight,PLD,Real Estate,0.045454545454545456,0.04681165573490406
2025-05-30,equal_weight,APD,Materials,0.045454545454545456,0.04532372794783256
2025-05-30,equal_weight,NEM,Materials,0.045454545454545456,0.04429279564788326
2025-05-30,equal_weight,GOOGL,Communication Services,0.045454545454545456,0.04764266226614956
2025-05-30,equal_weight,META,Communication Services,0.045454545454545456,0.05195601191954444
2025-06-30,sample,AAPL,Information Technology,8.639331409327207e-19,5.0612721813277394e-18
2025-06-30,sample,MSFT,Information Technology,0.15,0.14949894684680043
2025-06-30,sample,JPM,Financials,0.008734337349828048,0.009409724700084153
2025-06-30,sample,BAC,Financials,4.326121124906097e-18,0.0
2025-06-30,sample,JNJ,Health Care,0.15,0.1454829831793973
2025-06-30,sample,UNH,Health Care,0.05560382362517651,0.058835584398685956
2025-06-30,sample,AMZN,Consumer Discretionary,0.008388736513541814,0.008719965161654755
2025-06-30,sample,HD,Consumer Discretionary,0.03374071604216967,0.03652168251409433
2025-06-30,sample,PG,Consumer Staples,0.10127567758635503,0.09241915080694477
2025-06-30,sample,KO,Consumer Staples,0.14872432241364497,0.14608941505263368
2025-06-30,sample,CAT,Industrials,0.0,6.37355513467729e-18
2025-06-30,sample,UNP,Industrials,6.54540571481131e-18,0.0
2025-06-30,sample,XOM,Energy,0.1301815965056884,0.1297744957078269
2025-06-30,sample,CVX,Energy,0.0,0.0
2025-06-30,sample,NEE,Utilities,1.4306891785369002e-17,7.082427768663301e-18
2025-06-30,sample,DUK,Utilities,0.13959754086052148,0.14456856344539068
2025-06-30,sample,AMT,Real Estate,0.009340622907178804,0.005151227127961853
2025-06-30,sample,PLD,Real Estate,1.4993061134470936e-18,0.0
2025-06-30,sample,APD,Materials,8.078513231252675e-18,0.0
2025-06-30,sample,NEM,Materials,1.613138704438952e-18,0.0
2025-06-30,sample,GOOGL,Communication Services,0.061030556317479,0.06645954560081146
2025-06-30,sample,META,Communication Services,0.003382069878416438,0.007068715457714008
2025-06-30,ewma,AAPL,Information Technology,7.597587792985086e-19,0.0
2025-06-30,ewma,MSFT,Information Technology,0.07050729981243652,0.0012288342607597604
2025-06-30,ewma,JPM,Financials,9.613064195314542e-18,9.53301530231188e-18
2025-06-30,ewma,BAC,Financials,0.12839755816767395,0.0936271162834222
2025-06-30,ewma,JNJ,Health Care,0.10471575605349172,0.14511888136730772
2025-06-30,ewma,UNH,Health Care,0.017570615923796287,0.005668438499781004
2025-06-30,ewma,AMZN,Consumer Discretionary,0.0,0.10342182511728126
2025-06-30,ewma,HD,Consumer Discretionary,5.703436204463366e-18,0.01236684163815055
2025-06-30,ewma,PG,Consumer Staples,0.04836707076723755,0.09218785241351612
2025-06-30,ewma,KO,Consumer Staples,0.15,0.1457237955170336
2025-06-30,ewma,CAT,Industrials,1.8462293111152162e-18,3.861322583464566e-18
2025-06-30,ewma,UNP,Industrials,0.0,1.1039598056213947e-17
2025-06-30,ewma,XOM,Energy,0.15,2.961794089715807e-17
2025-06-30,ewma,CVX,Energy,0.005829961885714778,0.0
2025-06-30,ewma,NEE,Utilities,6.411160798135655e-19,2.2017010514058183e-19
2025-06-30,ewma,DUK,Utilities,0.04397021382866239,0.14780670840756685
2025-06-30,ewma,AMT,Real Estate,0.1433607836909315,0.05175559744752188
2025-06-30,ewma,PLD,Real Estate,5.216685104011343e-18,8.582470645123446e-19
2025-06-30,ewma,APD,Materials,0.0,3.4618850099358018e-18
2025-06-30,ewma,NEM,Materials,0.04852523937499918,0.0820360762062236
2025-06-30,ewma,GOOGL,Communication Services,0.08875550049505615,0.1190580328414353
2025-06-30,ewma,META,Communication Services,2.5455962723780615e-18,2.0182716699427598e-17
2025-06-30,ledoit_wolf,AAPL,Information Technology,0.0,0.0
2025-06-30,ledoit_wolf,MSFT,Information Technology,0.1332403723642262,0.1292144232968477
2025-06-30,ledoit_wolf,JPM,Financials,0.018378588388974944,0.02121076363122916
2025-06-30,ledoit_wolf,BAC,Financials,1.2340084736411768e-18,0.0
2025-06-30,ledoit_wolf,JNJ,Health Care,0.1492896996831855,0.14540856262733254
2025-06-30,ledoit_wolf,UNH,Health Care,0.05763148747947838,0.061274546853323786
2025-06-30,ledoit_wolf,AMZN,Consumer Discretionary,0.012518916483414586,0.015104648929400234
2025-06-30,ledoit_wolf,HD,Consumer Discretionary,0.03530828033985433,0.03798590239665822
2025-06-30,ledoit_wolf,PG,Consumer Staples,0.11007759103251881,0.10059934155896717
2025-06-30,ledoit_wolf,KO,Consumer Staples,0.13992240896748118,0.13734443340138472
2025-06-30,ledoit_wolf,CAT,Industrials,0.0,0.0
2025-06-30,ledoit_wolf,UNP,Industrials,0.0,2.5164305227805728e-18
2025-06-30,ledoit_wolf,XOM,Energy,0.10948074445216205,0.11074745950268738
2025-06-30,ledoit_wolf,CVX,Energy,0.01782602580430547,0.0160854887474754
2025-06-30,ledoit_wolf,NEE,Utilities,1.8957338321602546e-18,5.767352206940036e-18
2025-06-30,ledoit_wolf,DUK,Utilities,0.12365918268848257,0.12773941044867754
2025-06-30,ledoit_wolf,AMT,Real Estate,0.022047613833483654,0.01899895685432524
2025-06-30,ledoit_wolf,PLD,Real Estate,0.0,3.718455579892873e-18
2025-06-30,ledoit_wolf,APD,Materials,1.7043999709661261e-18,0.0
2025-06-30,ledoit_wolf,NEM,Materials,0.0014341004604551068,0.0
2025-06-30,ledoit_wolf,GOOGL,Communication Services,0.0609884329403726,0.06571619337600854
2025-06-30,ledoit_wolf,META,Communication Services,0.008196555081604393,0.012569868375682169
2025-06-30,equal_weight,AAPL,Information Technology,0.045454545454545456,0.044707504950488135
2025-06-30,equal_weight,MSFT,Information Technology,0.045454545454545456,0.047288480949932446
2025-06-30,equal_weight,JPM,Financials,0.045454545454545456,0.04806152893553303
2025-06-30,equal_weight,BAC,Financials,0.045454545454545456,0.047206405369622964
2025-06-30,equal_weight,JNJ,Health Care,0.045454545454545456,0.043072479506136206
2025-06-30,equal_weight,UNH,Health Care,0.045454545454545456,0.04554552845474859
2025-06-30,equal_weight,AMZN,Consumer Discretionary,0.045454545454545456,0.04683603948575474
2025-06-30,equal_weight,HD,Consumer Discretionary,0.045454545454545456,0.043840842794878834
2025-06-30,equal_weight,PG,Consumer Staples,0.045454545454545456,0.0410431710854934
2025-06-30,equal_weight,KO,Consumer Staples,0.045454545454545456,0.043252023009170054
2025-06-30,equal_weight,CAT,Industrials,0.045454545454545456,0.04881894027703109
2025-06-30,equal_weight,UNP,Industrials,0.045454545454545456,0.045428664204650505
2025-06-30,equal_weight,XOM,Energy,0.045454545454545456,0.046119171984336585
2025-06-30,equal_weight,CVX,Energy,0.045454545454545456,0.04584399957957568
2025-06-30,equal_weight,NEE,Utilities,0.045454545454545456,0.043358295053012204
2025-06-30,equal_weight,DUK,Utilities,0.045454545454545456,0.04387024871450388
2025-06-30,equal_weight,AMT,Real Estate,0.045454545454545456,0.045419646922755456
2025-06-30,equal_weight,PLD,Real Estate,0.045454545454545456,0.04276808366812656
2025-06-30,equal_weight,APD,Materials,0.045454545454545456,0.04426044219846073
2025-06-30,equal_weight,NEM,Materials,0.045454545454545456,0.04836524571059697
2025-06-30,equal_weight,GOOGL,Communication Services,0.045454545454545456,0.04496474031302726
2025-06-30,equal_weight,META,Communication Services,0.045454545454545456,0.049928516832164864
2025-07-31,sample,AAPL,Information Technology,1.992969511566365e-18,8.607615630104115e-19
2025-07-31,sample,MSFT,Information Technology,0.15,0.15843939151359143
2025-07-31,sample,JPM,Financials,0.0073410704791403315,0.008831810777880035
2025-07-31,sample,BAC,Financials,2.1431744154697307e-18,4.2559014356205984e-18
2025-07-31,sample,JNJ,Health Care,0.15,0.1593166480410726
2025-07-31,sample,UNH,Health Care,0.054038220008543476,0.04380451397890651
2025-07-31,sample,AMZN,Consumer Discretionary,0.009947233312947265,0.008815596940374024
2025-07-31,sample,HD,Consumer Discretionary,0.03397436036929914,0.033307010652631405
2025-07-31,sample,PG,Consumer Staples,0.10228743870647088,0.09484110814403524
2025-07-31,sample,KO,Consumer Staples,0.14771256129352914,0.14054434214338027
2025-07-31,sample,CAT,Industrials,0.0,0.0
2025-07-31,sample,UNP,Industrials,0.0,6.218762648892441e-18
2025-07-31,sample,XOM,Energy,0.12849663706656533,0.13277083447983787
2025-07-31,sample,CVX,Energy,0.0,0.0
2025-07-31,sample,NEE,Utilities,0.0,1.4422413411038603e-17
2025-07-31,sample,DUK,Utilities,0.15,0.14171773275285768
2025-07-31,sample,AMT,Real Estate,0.0009102566026167778,0.008673075988512254
2025-07-31,sample,PLD,Real Estate,2.537495864533269e-18,1.4998467168516773e-18
2025-07-31,sample,APD,Materials,0.0,8.171813160440054e-18
2025-07-31,sample,NEM,Materials,2.5765326978305024e-18,1.6933427877934246e-18
2025-07-31,sample,GOOGL,Communication Services,0.06030546132915022,0.0654477218120498
2025-07-31,sample,META,Communication Services,0.004986760831737516,0.003490212774871662
2025-07-31,ewma,AAPL,Information Technology,2.8908532023517897e-18,7.601413429022865e-19
2025-07-31,ewma,MSFT,Information Technology,0.15,0.07478627203328064
2025-07-31,ewma,JPM,Financials,0.07132433075897711,9.761072343263353e-18
2025-07-31,ewma,BAC,Financials,0.0,0.1268427199291583
2025-07-31,ewma,JNJ,Health Care,0.036519218063323845,0.11168576653363091
2025-07-31,ewma,UNH,Health Care,0.0054843765143268945,0.013900073278242667
2025-07-31,ewma,AMZN,Consumer Discretionary,0.06308826193240245,0.0
2025-07-31,ewma,HD,Consumer Discretionary,4.967863205991724e-18,5.653714116227332e-18
2025-07-31,ewma,PG,Consumer Staples,7.625769774106537e-18,0.0454838421402608
2025-07-31,ewma,KO,Consumer Staples,0.14284070376648195,0.14234378909332754
2025-07-31,ewma,CAT,Industrials,7.987665827072788e-18,2.0676111656683075e-18
2025-07-31,ewma,UNP,Industrials,0.11723817699307021,0.0
2025-07-31,ewma,XOM,Energy,0.06452829743586687,0.1536244162965208
2025-07-31,ewma,CVX,Energy,0.09681001885310958,0.006105690232106231
2025-07-31,ewma,NEE,Utilities,0.0,6.49000770928268e-19
2025-07-31,ewma,DUK,Utilities,0.15,0.04482506217633319
2025-07-31,ewma,AMT,Real Estate,0.05299444465410395,0.13367296264961462
2025-07-31,ewma,PLD,Real Estate,2.3198087086482103e-19,5.240431906346098e-18
2025-07-31,ewma,APD,Materials,0.0,0.0
2025-07-31,ewma,NEM,Materials,1.6695878174305434e-18,0.051151309046940575
2025-07-31,ewma,GOOGL,Communication Services,0.04535815398628317,0.09557809659058364
2025-07-31,ewma,META,Communication Services,0.0038140170420541547,2.6379997423126266e-18
2025-07-31,ledoit_wolf,AAPL,Information Technology,2.6849828468619648e-18,0.0
2025-07-31,ledoit_wolf,MSFT,Information Technology,0.14249805600521692,0.1409862783092136
2025-07-31,ledoit_wolf,JPM,Financials,0.014368802977383374,0.018616629129172054
2025-07-31,ledoit_wolf,BAC,Financials,0.0,1.21613035934062e-18
2025-07-31,ledoit_wolf,JNJ,Health Care,0.14177537204896304,0.15884328047927954
2025-07-31,ledoit_wolf,UNH,Health Care,0.05507239328150321,0.04548237554704982
2025-07-31,ledoit_wolf,AMZN,Consumer Discretionary,0.011757031231599682,0.013179259699687449
2025-07-31,ledoit_wolf,HD,Consumer Discretionary,0.03276533061040233,0.034916204548888455
2025-07-31,ledoit_wolf,PG,Consumer Staples,0.10959277351438375,0.10326650548925513
2025-07-31,ledoit_wolf,KO,Consumer Staples,0.14040722648561624,0.13246091279773775
2025-07-31,ledoit_wolf,CAT,Industrials,5.462102736965128e-18,0.0
2025-07-31,ledoit_wolf,UNP,Industrials,0.005132895610092987,0.0
2025-07-31,ledoit_wolf,XOM,Energy,0.1062826707269857,0.11185616755187407
2025-07-31,ledoit_wolf,CVX,Energy,0.020328613045606674,0.018624164072650322
2025-07-31,ledoit_wolf,NEE,Utilities,5.340343036197681e-19,1.9144283221955717e-18
2025-07-31,ledoit_wolf,DUK,Utilities,0.1384079161316885,0.12575981838118325
2025-07-31,ledoit_wolf,AMT,Real Estate,0.014672561233743794,0.020508221881170626
2025-07-31,ledoit_wolf,PLD,Real Estate,4.6049950229770945e-18,0.0
2025-07-31,ledoit_wolf,APD,Materials,0.0,1.72714026002688e-18
2025-07-31,ledoit_wolf,NEM,Materials,1.4681180071480901e-18,0.0015080712063732344
2025-07-31,ledoit_wolf,GOOGL,Communication Services,0.05864586277591162,0.06551847516581646
2025-07-31,ledoit_wolf,META,Communication Services,0.008292494320902077,0.00847363574064813
2025-07-31,equal_weight,AAPL,Information Technology,0.045454545454545456,0.04515867544081173
2025-07-31,equal_weight,MSFT,Information Technology,0.045454545454545456,0.04787517455300213
2025-07-31,equal_weight,JPM,Financials,0.045454545454545456,0.0458308864666818
2025-07-31,equal_weight,BAC,Financials,0.045454545454545456,0.04458937142494887
2025-07-31,equal_weight,JNJ,Health Care,0.045454545454545456,0.0481402526309959
2025-07-31,equal_weight,UNH,Health Care,0.045454545454545456,0.03570694319630868
2025-07-31,equal_weight,AMZN,Consumer Discretionary,0.045454545454545456,0.04763143168346092
2025-07-31,equal_weight,HD,Consumer Discretionary,0.045454545454545456,0.044742456516003094
2025-07-31,equal_weight,PG,Consumer Staples,0.045454545454545456,0.04244533111521401
2025-07-31,equal_weight,KO,Consumer Staples,0.045454545454545456,0.04283214575312762
2025-07-31,equal_weight,CAT,Industrials,0.045454545454545456,0.05054821169870914
2025-07-31,equal_weight,UNP,Industrials,0.045454545454545456,0.0430631578507464
2025-07-31,equal_weight,XOM,Energy,0.045454545454545456,0.046226557772306644
2025-07-31,equal_weight,CVX,Energy,0.045454545454545456,0.047270654978014665
2025-07-31,equal_weight,NEE,Utilities,0.045454545454545456,0.045691047179163016
2025-07-31,equal_weight,DUK,Utilities,0.045454545454545456,0.04601346000898282
2025-07-31,equal_weight,AMT,Real Estate,0.045454545454545456,0.04208581828400166
2025-07-31,equal_weight,PLD,Real Estate,0.045454545454545456,0.045341410746191683
2025-07-31,equal_weight,APD,Materials,0.045454545454545456,0.04584853375810158
2025-07-31,equal_weight,NEM,Materials,0.045454545454545456,0.04757859734706713
2025-07-31,equal_weight,GOOGL,Communication Services,0.045454545454545456,0.048605528376388006
2025-07-31,equal_weight,META,Communication Services,0.045454545454545456,0.0467743532197723
2025-08-29,sample,AAPL,Information Technology,0.0,2.1421959565285272e-18
2025-08-29,sample,MSFT,Information Technology,0.15,0.1369913352997932
2025-08-29,sample,JPM,Financials,0.011427136297588248,0.007170811638457827
2025-08-29,sample,BAC,Financials,0.0,2.2085281097060734e-18
2025-08-29,sample,JNJ,Health Care,0.15,0.15600517168024114
2025-08-29,sample,UNH,Health Care,0.04892200636443749,0.06441486515462091
2025-08-29,sample,AMZN,Consumer Discretionary,0.011945830703955823,0.009341107581677955
2025-08-29,sample,HD,Consumer Discretionary,0.021793329147109696,0.036100361728021176
2025-08-29,sample,PG,Consumer Staples,0.10498950553732023,0.10248568313717563
2025-08-29,sample,KO,Consumer Staples,0.14501049446267972,0.14410477882627068
2025-08-29,sample,CAT,Industrials,0.0,0.0
2025-08-29,sample,UNP,Industrials,9.115517409370079e-18,0.0
2025-08-29,sample,XOM,Energy,0.1330891843266596,0.12746274195406718
2025-08-29,sample,CVX,Energy,0.0,0.0
2025-08-29,sample,NEE,Utilities,0.0,0.0
2025-08-29,sample,DUK,Utilities,0.15,0.1462629406368989
2025-08-29,sample,AMT,Real Estate,0.005249023628094197,0.000854827021361631
2025-08-29,sample,PLD,Real Estate,1.4539393941920978e-18,2.595744086415347e-18
2025-08-29,sample,APD,Materials,0.0,0.0
2025-08-29,sample,NEM,Materials,1.3517491970383665e-18,2.9634499273774468e-18
2025-08-29,sample,GOOGL,Communication Services,0.061414616192357836,0.06423301351056904
2025-08-29,sample,META,Communication Services,0.006158873339797216,0.004572361830844475
2025-08-29,ewma,AAPL,Information Technology,0.023720738248124398,3.1862587174348233e-18
2025-08-29,ewma,MSFT,Information Technology,0.15,0.14047193230686125
2025-08-29,ewma,JPM,Financials,0.15,0.07144026947365137
2025-08-29,ewma,BAC,Financials,0.0,0.0
2025-08-29,ewma,JNJ,Health Care,0.07547833257829101,0.038946251527553606
2025-08-29,ewma,UNH,Health Care,0.0071118449527350115,0.006703610721244921
2025-08-29,ewma,AMZN,Consumer Discretionary,0.021196141610412125,0.06074927368641822
2025-08-29,ewma,HD,Consumer Discretionary,3.319098603815976e-18,5.412854470396398e-18
2025-08-29,ewma,PG,Consumer Staples,5.2458868005826956e-18,7.83467604493067e-18
2025-08-29,ewma,KO,Consumer Staples,0.12842576039157566,0.14289248643772295
2025-08-29,ewma,CAT,Industrials,2.4964178537952367e-18,7.52243500393763e-18
2025-08-29,ewma,UNP,Industrials,0.0,0.11696855814366322
2025-08-29,ewma,XOM,Energy,0.13810315972906076,0.06563540344725192
2025-08-29,ewma,CVX,Energy,0.05513644754106963,0.10205563439093333
2025-08-29,ewma,NEE,Utilities,0.03507061635511406,0.0
2025-08-29,ewma,DUK,Utilities,0.15,0.1499791052564473
2025-08-29,ewma,AMT,Real Estate,0.0577765841065256,0.051031837606326035
2025-08-29,ewma,PLD,Real Estate,3.3963903602529308e-18,2.433353262256748e-19
2025-08-29,ewma,APD,Materials,0.0,0.0
2025-08-29,ewma,NEM,Materials,0.0009366252402975585,1.9690994911052613e-18
2025-08-29,ewma,GOOGL,Communication Services,0.00704374924679419,0.04953971253115428
2025-08-29,ewma,META,Communication Services,3.597984201699454e-18,0.0035859244707721377
2025-08-29,ledoit_wolf,AAPL,Information Technology,0.0,2.8859033183993447e-18
2025-08-29,ledoit_wolf,MSFT,Information Technology,0.14283272918388984,0.1301345160046314
2025-08-29,ledoit_wolf,JPM,Financials,0.01730750783772073,0.014034961726294436
2025-08-29,ledoit_wolf,BAC,Financials,1.1621636195021584e-17,0.0
2025-08-29,ledoit_wolf,JNJ,Health Care,0.14556330768696815,0.14744506934630194
2025-08-29,ledoit_wolf,UNH,Health Care,0.04950620319055278,0.06564486183336012
2025-08-29,ledoit_wolf,AMZN,Consumer Discretionary,0.01357656586545126,0.011040162428460733
2025-08-29,ledoit_wolf,HD,Consumer Discretionary,0.022066831947048192,0.03481420968036743
2025-08-29,ledoit_wolf,PG,Consumer Staples,0.11135905622720589,0.10980055518883947
2025-08-29,ledoit_wolf,KO,Consumer Staples,0.13864094377279415,0.13697210712244814
2025-08-29,ledoit_wolf,CAT,Industrials,5.897042383284899e-18,5.0163021211267515e-18
2025-08-29,ledoit_wolf,UNP,Industrials,0.004285500278783497,0.004993991234400962
2025-08-29,ledoit_wolf,XOM,Energy,0.10977163709844813,0.10542307405161545
2025-08-29,ledoit_wolf,CVX,Energy,0.020325142455494147,0.02089823917341406
2025-08-29,ledoit_wolf,NEE,Utilities,0.0,5.238243674738545e-19
2025-08-29,ledoit_wolf,DUK,Utilities,0.14036393928062785,0.134953978835905
2025-08-29,ledoit_wolf,AMT,Real Estate,0.015704599872424733,0.013778503676934242
2025-08-29,ledoit_wolf,PLD,Real Estate,0.0,4.7105044349126465e-18
2025-08-29,ledoit_wolf,APD,Materials,3.500563423820223e-18,0.0
2025-08-29,ledoit_wolf,NEM,Materials,1.0896300464174785e-18,1.68851383107105e-18
2025-08-29,ledoit_wolf,GOOGL,Communication Services,0.05886604400003977,0.06246270028307563
2025-08-29,ledoit_wolf,META,Communication Services,0.0098299913025508,0.007603069413951128
2025-08-29,equal_weight,AAPL,Information Technology,0.045454545454545456,0.04852901384774681
2025-08-29,equal_weight,MSFT,Information Technology,0.045454545454545456,0.04123298401832714
2025-08-29,equal_weight,JPM,Financials,0.045454545454545456,0.04410134623593779
2025-08-29,equal_weight,BAC,Financials,0.045454545454545456,0.04652520987719609
2025-08-29,equal_weight,JNJ,Health Care,0.045454545454545456,0.04695595335712801
2025-08-29,equal_weight,UNH,Health Care,0.045454545454545456,0.05381805431829464
2025-08-29,equal_weight,AMZN,Consumer Discretionary,0.045454545454545456,0.04239737762048339
2025-08-29,equal_weight,HD,Consumer Discretionary,0.045454545454545456,0.047973697280382116
2025-08-29,equal_weight,PG,Consumer Staples,0.045454545454545456,0.045235961131524914
2025-08-29,equal_weight,KO,Consumer Staples,0.045454545454545456,0.044045736902132565
2025-08-29,equal_weight,CAT,Industrials,0.045454545454545456,0.04146532033559542
2025-08-29,equal_weight,UNP,Industrials,0.045454545454545456,0.04392851760205585
2025-08-29,equal_weight,XOM,Energy,0.045454545454545456,0.04478518997739535
2025-08-29,equal_weight,CVX,Energy,0.045454545454545456,0.046415512509488395
2025-08-29,equal_weight,NEE,Utilities,0.045454545454545456,0.044287151373689826
2025-08-29,equal_weight,DUK,Utilities,0.045454545454545456,0.04402364193732982
2025-08-29,equal_weight,AMT,Real Estate,0.045454545454545456,0.042399167554490885
2025-08-29,equal_weight,PLD,Real Estate,0.045454545454545456,0.04618484133783902
2025-08-29,equal_weight,APD,Materials,0.045454545454545456,0.0442814326355642
2025-08-29,equal_weight,NEM,Materials,0.045454545454545456,0.05192839038105112
2025-08-29,equal_weight,GOOGL,Communication Services,0.045454545454545456,0.04808887079843559
2025-08-29,equal_weight,META,Communication Services,0.045454545454545456,0.04139662896791146
2025-09-30,sample,AAPL,Information Technology,0.0,0.0
2025-09-30,sample,MSFT,Information Technology,0.15,0.15065774965006623
2025-09-30,sample,JPM,Financials,0.003574509468788902,0.011749598976307408
2025-09-30,sample,BAC,Financials,5.834188506079947e-18,0.0
2025-09-30,sample,JNJ,Health Care,0.15,0.15424544744989527
2025-09-30,sample,UNH,Health Care,0.043917060650668215,0.053902303346166615
2025-09-30,sample,AMZN,Consumer Discretionary,0.02275703300191663,0.011254043645007298
2025-09-30,sample,HD,Consumer Discretionary,0.023830883421181424,0.02145087529928695
2025-09-30,sample,PG,Consumer Staples,0.10461325766552453,0.10093059870224716
2025-09-30,sample,KO,Consumer Staples,0.1453867423344755,0.13801631813249754
2025-09-30,sample,CAT,Industrials,0.0,0.0
2025-09-30,sample,UNP,Industrials,0.002119472551530676,9.469234845652192e-18
2025-09-30,sample,XOM,Energy,0.12896225347289744,0.12900478847205632
2025-09-30,sample,CVX,Energy,0.0,0.0
2025-09-30,sample,NEE,Utilities,1.3954704952953828e-18,0.0
2025-09-30,sample,DUK,Utilities,0.15,0.14889858092494432
2025-09-30,sample,AMT,Real Estate,0.010048746465195385,0.004908610472953787
2025-09-30,sample,PLD,Real Estate,0.0,1.4506815747307587e-18
2025-09-30,sample,APD,Materials,2.6777287106975078e-18,0.0
2025-09-30,sample,NEM,Materials,0.0,1.5100766305570372e-18
2025-09-30,sample,GOOGL,Communication Services,0.05960147888353507,0.06896101299277355
2025-09-30,sample,META,Communication Services,0.005188562084286238,0.006020071935797282
2025-09-30,ewma,AAPL,Information Technology,0.04624731270042502,0.025762102165168083
2025-09-30,ewma,MSFT,Information Technology,0.07473848582609947,0.1518204417655473
2025-09-30,ewma,JPM,Financials,1.0655674476459098e-18,0.1554231369640888
2025-09-30,ewma,BAC,Financials,0.0024687892415130907,0.0
2025-09-30,ewma,JNJ,Health Care,0.07495771216114099,0.07821358050415911
2025-09-30,ewma,UNH,Health Care,2.811302351937023e-18,0.007896308702525485
2025-09-30,ewma,AMZN,Consumer Discretionary,0.02754959199467469,0.02012277292483899
2025-09-30,ewma,HD,Consumer Discretionary,2.4131968667275017e-18,3.2921557204759413e-18
2025-09-30,ewma,PG,Consumer Staples,0.0826820782381907,5.081999857594196e-18
2025-09-30,ewma,KO,Consumer Staples,0.15,0.12317481666784813
2025-09-30,ewma,CAT,Industrials,0.06920406417106272,2.8145580140308273e-18
2025-09-30,ewma,UNP,Industrials,0.04178073060515709,0.0
2025-09-30,ewma,XOM,Energy,0.0,0.13489798338448356
2025-09-30,ewma,CVX,Energy,0.13884504710439008,0.05278738892053648
2025-09-30,ewma,NEE,Utilities,0.07729634421156219,0.03638247912018365
2025-09-30,ewma,DUK,Utilities,0.06603264831945194,0.15004769676166613
2025-09-30,ewma,AMT,Real Estate,1.6788193014580233e-18,0.05444658915789922
2025-09-30,ewma,PLD,Real Estate,0.008119687759328604,3.4149328276520324e-18
2025-09-30,ewma,APD,Materials,0.0,0.0
2025-09-30,ewma,NEM,Materials,0.02883650659953998,0.001054405100345833
2025-09-30,ewma,GOOGL,Communication Services,0.04472054800479367,0.00797029786070926
2025-09-30,ewma,META,Communication Services,0.06652045306266978,3.5440385302640526e-18
2025-09-30,ledoit_wolf,AAPL,Information Technology,1.1127834478318151e-18,0.0
2025-09-30,ledoit_wolf,MSFT,Information Technology,0.13684944628210127,0.14361784024133065
2025-09-30,ledoit_wolf,JPM,Financials,0.011454237188062084,0.017815606562909068
2025-09-30,ledoit_wolf,BAC,Financials,1.7172168155055435e-18,1.168762930379909e-17
2025-09-30,ledoit_wolf,JNJ,Health Care,0.13990002573040397,0.1498488626611646
2025-09-30,ledoit_wolf,UNH,Health Care,0.04500881741196402,0.0546063469021094
2025-09-30,ledoit_wolf,AMZN,Consumer Discretionary,0.024256140289190226,0.012804499575555326
2025-09-30,ledoit_wolf,HD,Consumer Discretionary,0.025060807380765764,0.02174412156568772
2025-09-30,ledoit_wolf,PG,Consumer Staples,0.11010099485283326,0.10717239607130782
2025-09-30,ledoit_wolf,KO,Consumer Staples,0.13989900514716672,0.13210004024952013
2025-09-30,ledoit_wolf,CAT,Industrials,0.0,6.604939428065758e-18
2025-09-30,ledoit_wolf,UNP,Industrials,0.009254736443107718,0.004456721851386957
2025-09-30,ledoit_wolf,XOM,Energy,0.10820383525227151,0.10652061091304488
2025-09-30,ledoit_wolf,CVX,Energy,0.014911894490642117,0.01933154936864875
2025-09-30,ledoit_wolf,NEE,Utilities,9.98330757772572e-18,0.0
2025-09-30,ledoit_wolf,DUK,Utilities,0.1471338964449487,0.13948749900847973
2025-09-30,ledoit_wolf,AMT,Real Estate,0.018970077373133613,0.014702370318908553
2025-09-30,ledoit_wolf,PLD,Real Estate,0.0,0.0
2025-09-30,ledoit_wolf,APD,Materials,0.0,3.192863485702516e-18
2025-09-30,ledoit_wolf,NEM,Materials,0.0,1.2186033745560553e-18
2025-09-30,ledoit_wolf,GOOGL,Communication Services,0.058873113664452935,0.0661724448598015
2025-09-30,ledoit_wolf,META,Communication Services,0.010122972048956213,0.009619089850144586
2025-09-30,equal_weight,AAPL,Information Technology,0.045454545454545456,0.04844853360025108
2025-09-30,equal_weight,MSFT,Information Technology,0.045454545454545456,0.04515091246573434
2025-09-30,equal_weight,JPM,Financials,0.045454545454545456,0.046222342463292064
2025-09-30,equal_weight,BAC,Financials,0.045454545454545456,0.045159073914455804
2025-09-30,equal_weight,JNJ,Health Care,0.045454545454545456,0.04622611656037824
2025-09-30,equal_weight,UNH,Health Care,0.045454545454545456,0.049530119797230106
2025-09-30,equal_weight,AMZN,Consumer Discretionary,0.045454545454545456,0.042350501146669155
2025-09-30,equal_weight,HD,Consumer Discretionary,0.045454545454545456,0.04424739980356681
2025-09-30,equal_weight,PG,Consumer Staples,0.045454545454545456,0.04321587129740926
2025-09-30,equal_weight,KO,Consumer Staples,0.045454545454545456,0.04278556964152123
2025-09-30,equal_weight,CAT,Industrials,0.045454545454545456,0.05029449649076703
2025-09-30,equal_weight,UNP,Industrials,0.045454545454545456,0.04669817164452758
2025-09-30,equal_weight,XOM,Energy,0.045454545454545456,0.04357419594374192
2025-09-30,equal_weight,CVX,Energy,0.045454545454545456,0.04270895442075688
2025-09-30,equal_weight,NEE,Utilities,0.045454545454545456,0.04627819694837003
2025-09-30,equal_weight,DUK,Utilities,0.045454545454545456,0.044623703787090734
2025-09-30,equal_weight,AMT,Real Estate,0.045454545454545456,0.042038417239443335
2025-09-30,equal_weight,PLD,Real Estate,0.045454545454545456,0.04485306293975638
2025-09-30,equal_weight,APD,Materials,0.045454545454545456,0.04095701283175649
2025-09-30,equal_weight,NEM,Materials,0.045454545454545456,0.050219129543843055
2025-09-30,equal_weight,GOOGL,Communication Services,0.045454545454545456,0.050477542681153696
2025-09-30,equal_weight,META,Communication Services,0.045454545454545456,0.04394067483828528
2025-10-31,sample,AAPL,Information Technology,0.0,0.0
2025-10-31,sample,MSFT,Information Technology,0.15,0.1473326080285068
2025-10-31,sample,JPM,Financials,0.006247570864930528,0.003480749071470789
2025-10-31,sample,BAC,Financials,6.7130398115673395e-18,5.938649284012914e-18
2025-10-31,sample,JNJ,Health Care,0.15,0.15011453598788377
2025-10-31,sample,UNH,Health Care,0.0417544244378624,0.0426804253585027
2025-10-31,sample,AMZN,Consumer Discretionary,0.018465309820016942,0.02486845882563385
2025-10-31,sample,HD,Consumer Discretionary,0.030168172116558555,0.021934170981111566
2025-10-31,sample,PG,Consumer Staples,0.1,0.10129006622119992
2025-10-31,sample,KO,Consumer Staples,0.15,0.14839681839646812
2025-10-31,sample,CAT,Industrials,0.007182533635366327,0.0
2025-10-31,sample,UNP,Industrials,9.070923406212365e-19,0.0019413905838518448
2025-10-31,sample,XOM,Energy,0.12703404903509016,0.12851245675621853
2025-10-31,sample,CVX,Energy,9.64691930461376e-18,0.0
2025-10-31,sample,NEE,Utilities,1.1155593856673197e-17,1.4783616572749636e-18
2025-10-31,sample,DUK,Utilities,0.15,0.1480274359709124
2025-10-31,sample,AMT,Real Estate,0.004144600718026285,0.00918791431242512
2025-10-31,sample,PLD,Real Estate,0.0,0.0
2025-10-31,sample,APD,Materials,1.2785692099479867e-17,2.355631669446747e-18
2025-10-31,sample,NEM,Materials,6.930755675865921e-20,0.0
2025-10-31,sample,GOOGL,Communication Services,0.061434799534122814,0.06773247005439961
2025-10-31,sample,META,Communication Services,0.00356853983802585,0.004500499451415348
2025-10-31,ewma,AAPL,Information Technology,0.0,0.047617972229752656
2025-10-31,ewma,MSFT,Information Technology,0.144712397782075,0.07245399495272518
2025-10-31,ewma,JPM,Financials,0.06571125799497655,1.0241124190471876e-18
2025-10-31,ewma,BAC,Financials,0.0,0.002480285423188422
2025-10-31,ewma,JNJ,Health Care,0.12815249872723897,0.07403860642189136
2025-10-31,ewma,UNH,Health Care,0.0,2.696580897192988e-18
2025-10-31,ewma,AMZN,Consumer Discretionary,0.04995327810136979,0.02971384322277494
2025-10-31,ewma,HD,Consumer Discretionary,0.038257129727803534,2.1922206237535408e-18
2025-10-31,ewma,PG,Consumer Staples,0.1,0.07901361591679947
2025-10-31,ewma,KO,Consumer Staples,0.15,0.1511128746709075
2025-10-31,ewma,CAT,Industrials,0.06365147026743878,0.08141970416199407
2025-10-31,ewma,UNP,Industrials,0.0,0.0377721387508162
2025-10-31,ewma,XOM,Energy,0.041849114682815124,0.0
2025-10-31,ewma,CVX,Energy,0.022644388691943167,0.13674427545481985
2025-10-31,ewma,NEE,Utilities,0.0,0.08082196585667246
2025-10-31,ewma,DUK,Utilities,0.15,0.06431615854100288
2025-10-31,ewma,AMT,Real Estate,0.008802938175480795,1.5150236940297213e-18
2025-10-31,ewma,PLD,Real Estate,4.354335669689108e-19,0.008531594950776725
2025-10-31,ewma,APD,Materials,0.0,0.0
2025-10-31,ewma,NEM,Materials,0.03291385006836272,0.02685487174281353
2025-10-31,ewma,GOOGL,Communication Services,0.0033516757804956817,0.0501599873620467
2025-10-31,ewma,META,Communication Services,0.0,0.05694811034101829
2025-10-31,ledoit_wolf,AAPL,Information Technology,1.555729770590964e-17,1.163545902449126e-18
2025-10-31,ledoit_wolf,MSFT,Information Technology,0.13535814408390692,0.13472542269280718
2025-10-31,ledoit_wolf,JPM,Financials,0.01260526460287181,0.011179472934527776
2025-10-31,ledoit_wolf,BAC,Financials,0.0,1.7519884796428248e-18
2025-10-31,ledoit_wolf,JNJ,Health Care,0.14400572913852563,0.14032924099090902
2025-10-31,ledoit_wolf,UNH,Health Care,0.04237679000718423,0.04384216262275083
2025-10-31,ledoit_wolf,AMZN,Consumer Discretionary,0.020834274578303773,0.026567691566172866
2025-10-31,ledoit_wolf,HD,Consumer Discretionary,0.02811158827916288,0.023119318800437272
2025-10-31,ledoit_wolf,PG,Consumer Staples,0.10000000000000002,0.10684895147669078
2025-10-31,ledoit_wolf,KO,Consumer Staples,0.15,0.14312427615115386
2025-10-31,ledoit_wolf,CAT,Industrials,0.010791161175928165,0.0
2025-10-31,ledoit_wolf,UNP,Industrials,0.0009323411568854006,0.008496656683162587
2025-10-31,ledoit_wolf,XOM,Energy,0.1002174157380853,0.10807473016804772
2025-10-31,ledoit_wolf,CVX,Energy,0.022758148816068743,0.014914203109189927
2025-10-31,ledoit_wolf,NEE,Utilities,0.0,1.0600671485758012e-17
2025-10-31,ledoit_wolf,DUK,Utilities,0.15,0.14553337017109966
2025-10-31,ledoit_wolf,AMT,Real Estate,0.013152119259174236,0.017384933842911336
2025-10-31,ledoit_wolf,PLD,Real Estate,7.869217004149535e-19,0.0
2025-10-31,ledoit_wolf,APD,Materials,7.939035875093206e-19,0.0
2025-10-31,ledoit_wolf,NEM,Materials,1.0326231430726391e-18,0.0
2025-10-31,ledoit_wolf,GOOGL,Communication Services,0.060154306043409565,0.06705879971044602
2025-10-31,ledoit_wolf,META,Communication Services,0.008702717120493456,0.008800769079693025
2025-10-31,equal_weight,AAPL,Information Technology,0.045454545454545456,0.04753453282572785
2025-10-31,equal_weight,MSFT,Information Technology,0.045454545454545456,0.04475513549761988
2025-10-31,equal_weight,JPM,Financials,0.045454545454545456,0.04437021394791582
2025-10-31,equal_weight,BAC,Financials,0.045454545454545456,0.04638125326523782
2025-10-31,equal_weight,JNJ,Health Care,0.045454545454545456,0.04560020003854242
2025-10-31,equal_weight,UNH,Health Care,0.045454545454545456,0.044282357367224835
2025-10-31,equal_weight,AMZN,Consumer Discretionary,0.045454545454545456,0.04979302268854884
2025-10-31,equal_weight,HD,Consumer Discretionary,0.045454545454545456,0.04193883296439754
2025-10-31,equal_weight,PG,Consumer Staples,0.045454545454545456,0.044117956435841044
2025-10-31,equal_weight,KO,Consumer Staples,0.045454545454545456,0.04650879024568636
2025-10-31,equal_weight,CAT,Industrials,0.045454545454545456,0.05431537153926812
2025-10-31,equal_weight,UNP,Industrials,0.045454545454545456,0.041736918475082124
2025-10-31,equal_weight,XOM,Energy,0.045454545454545456,0.04540648371743886
2025-10-31,equal_weight,CVX,Energy,0.045454545454545456,0.04546776399232581
2025-10-31,equal_weight,NEE,Utilities,0.045454545454545456,0.048271999724203665
2025-10-31,equal_weight,DUK,Utilities,0.045454545454545456,0.04496620295326336
2025-10-31,equal_weight,AMT,Real Estate,0.045454545454545456,0.0416620183703669
2025-10-31,equal_weight,PLD,Real Estate,0.045454545454545456,0.0485082642159443
2025-10-31,equal_weight,APD,Materials,0.045454545454545456,0.040084462827769944
2025-10-31,equal_weight,NEM,Materials,0.045454545454545456,0.04299374444837147
2025-10-31,equal_weight,GOOGL,Communication Services,0.045454545454545456,0.051781560753923705
2025-10-31,equal_weight,META,Communication Services,0.045454545454545456,0.03952291370529914
2025-11-28,sample,AAPL,Information Technology,0.0,0.0
2025-11-28,sample,MSFT,Information Technology,0.15,0.13942865347357977
2025-11-28,sample,JPM,Financials,0.007944207043832504,0.006138804263300651
2025-11-28,sample,BAC,Financials,0.0,6.579402501862972e-18
2025-11-28,sample,JNJ,Health Care,0.15,0.1614821948503482
2025-11-28,sample,UNH,Health Care,0.03796876137106122,0.03936332520057705
2025-11-28,sample,AMZN,Consumer Discretionary,0.021755764158406878,0.01721814517573356
2025-11-28,sample,HD,Consumer Discretionary,0.026295217613279576,0.02769812016986677
2025-11-28,sample,PG,Consumer Staples,0.09999999999999999,0.09620883858233352
2025-11-28,sample,KO,Consumer Staples,0.15,0.1554366567486619
2025-11-28,sample,CAT,Industrials,0.006273073385217218,0.006995083918918007
2025-11-28,sample,UNP,Industrials,1.4024648120689996e-18,9.317810061658481e-19
2025-11-28,sample,XOM,Energy,0.12570272253506984,0.1268328075148974
2025-11-28,sample,CVX,Energy,1.5163089573592052e-18,9.12685794464596e-18
2025-11-28,sample,NEE,Utilities,0.0,1.1625318649181053e-17
2025-11-28,sample,DUK,Utilities,0.15,0.14731108935911463
2025-11-28,sample,AMT,Real Estate,0.009988845137208133,0.004098730065535265
2025-11-28,sample,PLD,Real Estate,0.0,0.0
2025-11-28,sample,APD,Materials,0.0,1.343446023743456e-17
2025-11-28,sample,NEM,Materials,1.7973053855560512e-18,7.605240216958101e-20
2025-11-28,sample,GOOGL,Communication Services,0.06157541402984222,0.06830523806915247
2025-11-28,sample,META,Communication Services,0.0024959947260823237,0.0034823126079806337
2025-11-28,ewma,AAPL,Information Technology,4.246869279387019e-18,0.0
2025-11-28,ewma,MSFT,Information Technology,0.06251187334400699,0.13567374360252474
2025-11-28,ewma,JPM,Financials,0.04856665724591271,0.06512409054869735
2025-11-28,ewma,BAC,Financials,9.815602125904952e-18,0.0
2025-11-28,ewma,JNJ,Health Care,0.15,0.13915209779535548
2025-11-28,ewma,UNH,Health Care,0.0,0.0
2025-11-28,ewma,AMZN,Consumer Discretionary,0.012845180138287072,0.04698108632817488
2025-11-28,ewma,HD,Consumer Discretionary,1.5246909609333606e-17,0.03542770146817754
2025-11-28,ewma,PG,Consumer Staples,0.1386508676872837,0.09703854292159225
2025-11-28,ewma,KO,Consumer Staples,0.10985835715542266,0.1567771413702891
2025-11-28,ewma,CAT,Industrials,0.05052984416886763,0.06252489846684292
2025-11-28,ewma,UNP,Industrials,4.877274131098738e-18,0.0
2025-11-28,ewma,XOM,Energy,0.11329977145638898,0.04214315396843886
2025-11-28,ewma,CVX,Energy,0.0930665065664146,0.021608396539302865
2025-11-28,ewma,NEE,Utilities,0.017077558491402942,0.0
2025-11-28,ewma,DUK,Utilities,0.15,0.14858149914540042
2025-11-28,ewma,AMT,Real Estate,2.301854084690168e-18,0.00878058731930275
2025-11-28,ewma,PLD,Real Estate,0.0,4.441852459842401e-19
2025-11-28,ewma,APD,Materials,0.0,0.0
2025-11-28,ewma,NEM,Materials,7.072890223835238e-19,0.036428419413181354
2025-11-28,ewma,GOOGL,Communication Services,0.05359338374601277,0.0037586411127193842
2025-11-28,ewma,META,Communication Services,6.250144546067154e-18,0.0
2025-11-28,ledoit_wolf,AAPL,Information Technology,0.0,1.5700996829165274e-17
2025-11-28,ledoit_wolf,MSFT,Information Technology,0.13456477377998868,0.12596797005688765
2025-11-28,ledoit_wolf,JPM,Financials,0.014692905098809812,0.012400509441646035
2025-11-28,ledoit_wolf,BAC,Financials,0.0,0.0
2025-11-28,ledoit_wolf,JNJ,Health Care,0.13795494298733996,0.15521300985045902
2025-11-28,ledoit_wolf,UNH,Health Care,0.039126915016191616,0.039997449484807594
2025-11-28,ledoit_wolf,AMZN,Consumer Discretionary,0.023192385287996244,0.019450157193156455
2025-11-28,ledoit_wolf,HD,Consumer Discretionary,0.025779228230430957,0.02584054369759927
2025-11-28,ledoit_wolf,PG,Consumer Staples,0.10111309535704484,0.0963229860900688
2025-11-28,ledoit_wolf,KO,Consumer Staples,0.14888690464295518,0.155621075428276
2025-11-28,ledoit_wolf,CAT,Industrials,0.010098959172570863,0.010522002615294767
2025-11-28,ledoit_wolf,UNP,Industrials,0.0041135877472340725,0.0009588533173965244
2025-11-28,ledoit_wolf,XOM,Energy,0.09778288544449519,0.10017737104445787
2025-11-28,ledoit_wolf,CVX,Energy,0.023558075719940442,0.021556812480906608
2025-11-28,ledoit_wolf,NEE,Utilities,1.3193023817382594e-19,0.0
2025-11-28,ledoit_wolf,DUK,Utilities,0.15,0.14748586741443573
2025-11-28,ledoit_wolf,AMT,Real Estate,0.02077219454721431,0.013021988979607373
2025-11-28,ledoit_wolf,PLD,Real Estate,8.273338205228725e-19,7.968185140730993e-19
2025-11-28,ledoit_wolf,APD,Materials,0.0,8.351773556091886e-19
2025-11-28,ledoit_wolf,NEM,Materials,0.0,1.1344599451129162e-18
2025-11-28,ledoit_wolf,GOOGL,Communication Services,0.060852859315568705,0.06696089511354232
2025-11-28,ledoit_wolf,META,Communication Services,0.007510287652218982,0.008502507791457909
2025-11-28,equal_weight,AAPL,Information Technology,0.045454545454545456,0.045873642556601424
2025-11-28,equal_weight,MSFT,Information Technology,0.045454545454545456,0.0423005391387503
2025-11-28,equal_weight,JPM,Financials,0.045454545454545456,0.04471546214466254
2025-11-28,equal_weight,BAC,Financials,0.045454545454545456,0.04460179747920304
2025-11-28,equal_weight,JNJ,Health Care,0.045454545454545456,0.04899124916796834
2025-11-28,equal_weight,UNH,Health Care,0.045454545454545456,0.042901690466242856
2025-11-28,equal_weight,AMZN,Consumer Discretionary,0.045454545454545456,0.042434090175266365
2025-11-28,equal_weight,HD,Consumer Discretionary,0.045454545454545456,0.04178173079400915
2025-11-28,equal_weight,PG,Consumer Staples,0.045454545454545456,0.043782454042527987
2025-11-28,equal_weight,KO,Consumer Staples,0.045454545454545456,0.0471571245837153
2025-11-28,equal_weight,CAT,Industrials,0.045454545454545456,0.044320065045871306
2025-11-28,equal_weight,UNP,Industrials,0.045454545454545456,0.04674632585188361
2025-11-28,equal_weight,XOM,Energy,0.045454545454545456,0.04543563411525364
2025-11-28,equal_weight,CVX,Energy,0.045454545454545456,0.0430544230452978
2025-11-28,equal_weight,NEE,Utilities,0.045454545454545456,0.04742390366738379
2025-11-28,equal_weight,DUK,Utilities,0.045454545454545456,0.04469195065552254
2025-11-28,equal_weight,AMT,Real Estate,0.045454545454545456,0.04500406549944082
2025-11-28,equal_weight,PLD,Real Estate,0.045454545454545456,0.046025451497816186
2025-11-28,equal_weight,APD,Materials,0.045454545454545456,0.04781686608796513
2025-11-28,equal_weight,NEM,Materials,0.045454545454545456,0.049936428196710986
2025-11-28,equal_weight,GOOGL,Communication Services,0.045454545454545456,0.050596991263439854
2025-11-28,equal_weight,META,Communication Services,0.045454545454545456,0.044408114524467024
2025-12-31,sample,AAPL,Information Technology,2.6319802597248908e-18,0.0
2025-12-31,sample,MSFT,Information Technology,0.14999999999999997,0.14995556696510282
2025-12-31,sample,JPM,Financials,0.0015338746705537629,0.008315508008255012
2025-12-31,sample,BAC,Financials,0.0,0.0
2025-12-31,sample,JNJ,Health Care,0.15,0.15257917077346955
2025-12-31,sample,UNH,Health Care,0.03779906784802882,0.03891573471640612
2025-12-31,sample,AMZN,Consumer Discretionary,0.02480357749718643,0.021898936701399085
2025-12-31,sample,HD,Consumer Discretionary,0.01766729579586391,0.025949645504361067
2025-12-31,sample,PG,Consumer Staples,0.1,0.0983754089321209
2025-12-31,sample,KO,Consumer Staples,0.15,0.1468842159451348
2025-12-31,sample,CAT,Industrials,0.011480599801713603,0.0063479865046064485
2025-12-31,sample,UNP,Industrials,0.0037418687830621795,1.4315603523627662e-18
2025-12-31,sample,XOM,Energy,0.12426929146187156,0.13272029889815595
2025-12-31,sample,CVX,Energy,3.2485992670830115e-18,1.5552186443294298e-18
2025-12-31,sample,NEE,Utilities,0.0,0.0
2025-12-31,sample,DUK,Utilities,0.15,0.14427312029512404
2025-12-31,sample,AMT,Real Estate,0.01365017139648716,0.009935418594719511
2025-12-31,sample,PLD,Real Estate,1.5848404600039052e-18,0.0
2025-12-31,sample,APD,Materials,2.5524549122908328e-18,0.0
2025-12-31,sample,NEM,Materials,2.3277573327667274e-18,2.0116854134509e-18
2025-12-31,sample,GOOGL,Communication Services,0.059917808591088986,0.06126077288981264
2025-12-31,sample,META,Communication Services,0.005136444154143404,0.0025882152713319045
2025-12-31,ewma,AAPL,Information Technology,0.09999999999999998,4.199327857158044e-18
2025-12-31,ewma,MSFT,Information Technology,0.15,0.062320225916340836
2025-12-31,ewma,JPM,Financials,9.886503554857318e-19,0.05069575736754212
2025-12-31,ewma,BAC,Financials,0.02863857922813384,1.0258813361581104e-17
2025-12-31,ewma,JNJ,Health Care,0.053295142777557425,0.15215646897319565
2025-12-31,ewma,UNH,Health Care,1.5393894983410661e-18,0.0
2025-12-31,ewma,AMZN,Consumer Discretionary,0.0,0.012893892827316266
2025-12-31,ewma,HD,Consumer Discretionary,0.0,1.500484994438729e-17
2025-12-31,ewma,PG,Consumer Staples,0.10000000000000002,0.1360204832237022
2025-12-31,ewma,KO,Consumer Staples,0.15,0.10727836389686402
2025-12-31,ewma,CAT,Industrials,0.07193640568285521,0.05099161375556684
2025-12-31,ewma,UNP,Industrials,2.7133350208574922e-18,4.964665873725922e-18
2025-12-31,ewma,XOM,Energy,0.014509056750528592,0.11929352504480455
2025-12-31,ewma,CVX,Energy,0.10428166001224436,0.0951902213260546
2025-12-31,ewma,NEE,Utilities,1.8114209479810147e-18,0.016114203888750536
2025-12-31,ewma,DUK,Utilities,0.12038335444520538,0.14387342938468897
2025-12-31,ewma,AMT,Real Estate,0.04189340912382349,2.2831994455386845e-18
2025-12-31,ewma,PLD,Real Estate,1.252493952937186e-17,0.0
2025-12-31,ewma,APD,Materials,1.0613600191303152e-20,0.0
2025-12-31,ewma,NEM,Materials,2.177023159466935e-18,7.894602717557645e-19
2025-12-31,ewma,GOOGL,Communication Services,0.03529715700153008,0.05317181439517379
2025-12-31,ewma,META,Communication Services,0.029765234978121686,6.463116201505602e-18
2025-12-31,ledoit_wolf,AAPL,Information Technology,1.776986226333181e-18,0.0
2025-12-31,ledoit_wolf,MSFT,Information Technology,0.13819793868435593,0.1345960870869676
2025-12-31,ledoit_wolf,JPM,Financials,0.007859653123782442,0.015387767651715954
2025-12-31,ledoit_wolf,BAC,Financials,0.0,0.0
2025-12-31,ledoit_wolf,JNJ,Health Care,0.13673453821820858,0.1404012492399828
2025-12-31,ledoit_wolf,UNH,Health Care,0.038564539299831044,0.040123991181370486
2025-12-31,ledoit_wolf,AMZN,Consumer Discretionary,0.024603679043793746,0.023357363415800556
2025-12-31,ledoit_wolf,HD,Consumer Discretionary,0.018356467530574242,0.025453897226039673
2025-12-31,ledoit_wolf,PG,Consumer Staples,0.10098385631679495,0.09952304861118995
2025-12-31,ledoit_wolf,KO,Consumer Staples,0.14901614368320507,0.14587137815127707
2025-12-31,ledoit_wolf,CAT,Industrials,0.013859885751189823,0.010224968007659116
2025-12-31,ledoit_wolf,UNP,Industrials,0.010597222217207214,0.004201149812995886
2025-12-31,ledoit_wolf,XOM,Energy,0.099658952740527,0.10329641053604392
2025-12-31,ledoit_wolf,CVX,Energy,0.019906043935686353,0.024175378460157704
2025-12-31,ledoit_wolf,NEE,Utilities,4.404542501661674e-19,1.2489986331740337e-19
2025-12-31,ledoit_wolf,DUK,Utilities,0.15,0.14434945196865084
2025-12-31,ledoit_wolf,AMT,Real Estate,0.023021476021381052,0.020672023280907826
2025-12-31,ledoit_wolf,PLD,Real Estate,3.8320789706080637e-19,8.42698095803874e-19
2025-12-31,ledoit_wolf,APD,Materials,6.1750761652629875e-19,0.0
2025-12-31,ledoit_wolf,NEM,Materials,0.0,0.0
2025-12-31,ledoit_wolf,GOOGL,Communication Services,0.059095575187650906,0.06057394168934888
2025-12-31,ledoit_wolf,META,Communication Services,0.009544028245811638,0.007791893679891467
2025-12-31,equal_weight,AAPL,Information Technology,0.045454545454545456,0.04459822897139547
2025-12-31,equal_weight,MSFT,Information Technology,0.045454545454545456,0.04496485822694356
2025-12-31,equal_weight,JPM,Financials,0.045454545454545456,0.047080398061937576
2025-12-31,equal_weight,BAC,Financials,0.045454545454545456,0.04713970996527811
2025-12-31,equal_weight,JNJ,Health Care,0.045454545454545456,0.04575155775183907
2025-12-31,equal_weight,UNH,Health Care,0.045454545454545456,0.04609997595024773
2025-12-31,equal_weight,AMZN,Consumer Discretionary,0.045454545454545456,0.04527417866178388
2025-12-31,equal_weight,HD,Consumer Discretionary,0.045454545454545456,0.044387077796669526
2025-12-31,equal_weight,PG,Consumer Staples,0.045454545454545456,0.044247470152406786
2025-12-31,equal_weight,KO,Consumer Staples,0.045454545454545456,0.04404389966586411
2025-12-31,equal_weight,CAT,Industrials,0.045454545454545456,0.04551531167219641
2025-12-31,equal_weight,UNP,Industrials,0.045454545454545456,0.04591129920145814
2025-12-31,equal_weight,XOM,Energy,0.045454545454545456,0.04748916805723333
2025-12-31,equal_weight,CVX,Energy,0.045454545454545456,0.046132357385702726
2025-12-31,equal_weight,NEE,Utilities,0.045454545454545456,0.04255884137956864
2025-12-31,equal_weight,DUK,Utilities,0.045454545454545456,0.043260950769094926
2025-12-31,equal_weight,AMT,Real Estate,0.045454545454545456,0.04473761044705128
2025-12-31,equal_weight,PLD,Real Estate,0.045454545454545456,0.04578923775617027
2025-12-31,equal_weight,APD,Materials,0.045454545454545456,0.04328639398556699
2025-12-31,equal_weight,NEM,Materials,0.045454545454545456,0.050343115157309784
2025-12-31,equal_weight,GOOGL,Communication Services,0.045454545454545456,0.04474834990497563
2025-12-31,equal_weight,META,Communication Services,0.045454545454545456,0.04664000907930603
2026-01-30,sample,AAPL,Information Technology,0.0,2.399018516162972e-18
2026-01-30,sample,MSFT,Information Technology,0.14556115168747125,0.1274502368859345
2026-01-30,sample,JPM,Financials,0.010397836239260504,0.0013968495483365753
2026-01-30,sample,BAC,Financials,0.0,0.0
2026-01-30,sample,JNJ,Health Care,0.15,0.15729758318635462
2026-01-30,sample,UNH,Health Care,0.037909657387256525,0.03137550564773411
2026-01-30,sample,AMZN,Consumer Discretionary,0.020594659605837066,0.024557035767223442
2026-01-30,sample,HD,Consumer Discretionary,0.008448171455756538,0.018366820395819463
2026-01-30,sample,PG,Consumer Staples,0.09999999999999999,0.10185314097827948
2026-01-30,sample,KO,Consumer Staples,0.15,0.15328651338138558
2026-01-30,sample,CAT,Industrials,0.015252104137983422,0.012610114153204774
2026-01-30,sample,UNP,Industrials,1.0322841213693019e-08,0.003631786942065001
2026-01-30,sample,XOM,Energy,0.12007059276935536,0.13944263518304617
2026-01-30,sample,CVX,Energy,2.7673038502228814e-19,3.60083210761651e-18
2026-01-30,sample,NEE,Utilities,1.3413615219606943e-18,0.0
2026-01-30,sample,DUK,Utilities,0.15,0.1483060198920021
2026-01-30,sample,AMT,Real Estate,0.01915211245109169,0.01331103924118103
2026-01-30,sample,PLD,Real Estate,9.271837384249937e-19,1.5478654595874552e-18
2026-01-30,sample,APD,Materials,1.1932807206394247e-18,2.7085902478792828e-18
2026-01-30,sample,NEM,Materials,0.0,2.501238291559635e-18
2026-01-30,sample,GOOGL,Communication Services,0.06044689792972089,0.06179035175986147
2026-01-30,sample,META,Communication Services,0.012166806013425567,0.005324367037571822
2026-01-30,ewma,AAPL,Information Technology,0.0,0.09169026647655937
2026-01-30,ewma,MSFT,Information Technology,0.11718721756669333,0.12820734588547641
2026-01-30,ewma,JPM,Financials,3.915583049843631e-18,9.056799331777371e-19
2026-01-30,ewma,BAC,Financials,0.10857502880700796,0.026611235383849834
2026-01-30,ewma,JNJ,Health Care,0.15,0.056219979576429345
2026-01-30,ewma,UNH,Health Care,0.0494263788418082,1.2853767076787369e-18
2026-01-30,ewma,AMZN,Consumer Discretionary,0.0,0.0
2026-01-30,ewma,HD,Consumer Discretionary,4.300754601691756e-18,0.0
2026-01-30,ewma,PG,Consumer Staples,0.041805195822490385,0.10245819226378841
2026-01-30,ewma,KO,Consumer Staples,0.13952310596502243,0.15419710093010308
2026-01-30,ewma,CAT,Industrials,0.02187291861985001,0.07948321707064052
2026-01-30,ewma,UNP,Industrials,0.0,2.649155747250915e-18
2026-01-30,ewma,XOM,Energy,3.8807955077557265e-19,0.016377333818884624
2026-01-30,ewma,CVX,Energy,0.022921221675257994,0.11627515548960422
2026-01-30,ewma,NEE,Utilities,5.11218251669871e-19,1.9053094317363308e-18
2026-01-30,ewma,DUK,Utilities,0.15,0.11973089365905779
2026-01-30,ewma,AMT,Real Estate,3.327587132907116e-18,0.04109526873704854
2026-01-30,ewma,PLD,Real Estate,0.10288288534592559,1.230539501594527e-17
2026-01-30,ewma,APD,Materials,4.04304219754515e-18,1.1329747153599287e-20
2026-01-30,ewma,NEM,Materials,0.00028890381140662415,2.3531666081810462e-18
2026-01-30,ewma,GOOGL,Communication Services,0.058338368863072435,0.036616492060078144
2026-01-30,ewma,META,Communication Services,0.03717877468146498,0.031037518648479787
2026-01-30,ledoit_wolf,AAPL,Information Technology,0.0,1.6204338586556653e-18
2026-01-30,ledoit_wolf,MSFT,Information Technology,0.12777463445156803,0.11747548008495934
2026-01-30,ledoit_wolf,JPM,Financials,0.015146672467143891,0.007160764821054713
2026-01-30,ledoit_wolf,BAC,Financials,0.0,0.0
2026-01-30,ledoit_wolf,JNJ,Health Care,0.1376964607466935,0.1434515662610458
2026-01-30,ledoit_wolf,UNH,Health Care,0.038167946760714534,0.03202536340123241
2026-01-30,ledoit_wolf,AMZN,Consumer Discretionary,0.024635367451426454,0.02437013562101333
2026-01-30,ledoit_wolf,HD,Consumer Discretionary,0.013232260253263614,0.019091905874721413
2026-01-30,ledoit_wolf,PG,Consumer Staples,0.10492957898403722,0.10290172449213159
2026-01-30,ledoit_wolf,KO,Consumer Staples,0.1450704210159628,0.1523499382401147
2026-01-30,ledoit_wolf,CAT,Industrials,0.016393160218380592,0.01523036689140517
2026-01-30,ledoit_wolf,UNP,Industrials,0.006675551698598742,0.010290112562145627
2026-01-30,ledoit_wolf,XOM,Energy,0.09531773522446454,0.1118779123200008
2026-01-30,ledoit_wolf,CVX,Energy,0.020453158383221714,0.022074352021782383
2026-01-30,ledoit_wolf,NEE,Utilities,0.0,4.607559468698148e-19
2026-01-30,ledoit_wolf,DUK,Utilities,0.15,0.14837306054106508
2026-01-30,ledoit_wolf,AMT,Real Estate,0.02775437931262972,0.022459666304355176
2026-01-30,ledoit_wolf,PLD,Real Estate,0.0,3.7443667909539243e-19
2026-01-30,ledoit_wolf,APD,Materials,4.553609718052874e-20,6.555771760640009e-19
2026-01-30,ledoit_wolf,NEM,Materials,0.00047088167753728976,0.0
2026-01-30,ledoit_wolf,GOOGL,Communication Services,0.06140316574139651,0.060969970605534524
2026-01-30,ledoit_wolf,META,Communication Services,0.01487862561296098,0.009897679957438323
2026-01-30,equal_weight,AAPL,Information Technology,0.045454545454545456,0.04136822091334945
2026-01-30,equal_weight,MSFT,Information Technology,0.045454545454545456,0.038562506949491634
2026-01-30,equal_weight,JPM,Financials,0.045454545454545456,0.041330972823067844
2026-01-30,equal_weight,BAC,Financials,0.045454545454545456,0.04192346564759963
2026-01-30,equal_weight,JNJ,Health Care,0.045454545454545456,0.047593392472003
2026-01-30,equal_weight,UNH,Health Care,0.045454545454545456,0.03767259314745541
2026-01-30,equal_weight,AMZN,Consumer Discretionary,0.045454545454545456,0.044934249195393454
2026-01-30,equal_weight,HD,Consumer Discretionary,0.045454545454545456,0.0471823720173918
2026-01-30,equal_weight,PG,Consumer Staples,0.045454545454545456,0.04622642396872528
2026-01-30,equal_weight,KO,Consumer Staples,0.045454545454545456,0.04637976658155096
2026-01-30,equal_weight,CAT,Industrials,0.045454545454545456,0.049850591002987756
2026-01-30,equal_weight,UNP,Industrials,0.045454545454545456,0.04405017930860697
2026-01-30,equal_weight,XOM,Energy,0.045454545454545456,0.0509269457565432
2026-01-30,equal_weight,CVX,Energy,0.045454545454545456,0.05030632614873568
2026-01-30,equal_weight,NEE,Utilities,0.045454545454545456,0.04745584825043061
2026-01-30,equal_weight,DUK,Utilities,0.045454545454545456,0.04487282301291612
2026-01-30,equal_weight,AMT,Real Estate,0.045454545454545456,0.044257790723861004
2026-01-30,equal_weight,PLD,Real Estate,0.045454545454545456,0.044326509176795224
2026-01-30,equal_weight,APD,Materials,0.045454545454545456,0.048161621793011526
2026-01-30,equal_weight,NEM,Materials,0.045454545454545456,0.04876780816504657
2026-01-30,equal_weight,GOOGL,Communication Services,0.045454545454545456,0.04680374645079725
2026-01-30,equal_weight,META,Communication Services,0.045454545454545456,0.047045846494238985
2026-02-27,sample,AAPL,Information Technology,0.0,0.0
2026-02-27,sample,MSFT,Information Technology,0.14479242788042634,0.12739079185386679
2026-02-27,sample,JPM,Financials,0.00481996615063007,0.00976543430261686
2026-02-27,sample,BAC,Financials,0.008005205290364352,0.0
2026-02-27,sample,JNJ,Health Care,0.15,0.15770761093233798
2026-02-27,sample,UNH,Health Care,0.03487547425117424,0.037068080595992495
2026-02-27,sample,AMZN,Consumer Discretionary,0.02215451329350245,0.01728979253805168
2026-02-27,sample,HD,Consumer Discretionary,0.009932603465238008,0.00821430426537453
2026-02-27,sample,PG,Consumer Staples,0.10000000000000002,0.10539229703505516
2026-02-27,sample,KO,Consumer Staples,0.15,0.15644703119528816
2026-02-27,sample,CAT,Industrials,0.0116528508525832,0.016488248239436808
2026-02-27,sample,UNP,Industrials,0.004300955296062854,1.1188759740130027e-08
2026-02-27,sample,XOM,Energy,0.10915475611488659,0.12470986386184124
2026-02-27,sample,CVX,Energy,4.970183487591678e-18,2.8222745120783986e-19
2026-02-27,sample,NEE,Utilities,1.956658617311231e-18,1.378258587760678e-18
2026-02-27,sample,DUK,Utilities,0.15,0.1560511680925419
2026-02-27,sample,AMT,Real Estate,0.018917670554110533,0.019607754863211573
2026-02-27,sample,PLD,Real Estate,3.107115311003742e-18,9.685953961324612e-19
2026-02-27,sample,APD,Materials,0.0,1.1548464499256129e-18
2026-02-27,sample,NEM,Materials,0.0,0.0
2026-02-27,sample,GOOGL,Communication Services,0.06436837532274865,0.053337945469198324
2026-02-27,sample,META,Communication Services,0.017025201528272697,0.010529665566427019
2026-02-27,ewma,AAPL,Information Technology,0.040370625869568875,0.0
2026-02-27,ewma,MSFT,Information Technology,0.09646289910944683,0.10359582452659834
2026-02-27,ewma,JPM,Financials,6.733911930671688e-18,3.714620778906423e-18
2026-02-27,ewma,BAC,Financials,0.08596825719168552,0.09827369422943312
2026-02-27,ewma,JNJ,Health Care,0.15,0.15930232243230666
2026-02-27,ewma,UNH,Health Care,0.029754309186920864,0.048817831868748024
2026-02-27,ewma,AMZN,Consumer Discretionary,0.010510473672404338,0.0
2026-02-27,ewma,HD,Consumer Discretionary,8.504634306906803e-18,4.223983211810729e-18
2026-02-27,ewma,PG,Consumer Staples,0.10528660865558294,0.04450497759412289
2026-02-27,ewma,KO,Consumer Staples,0.12783282338415394,0.14699130896984705
2026-02-27,ewma,CAT,Industrials,2.1429933565533799e-19,0.023884763597126924
2026-02-27,ewma,UNP,Industrials,0.0,0.0
2026-02-27,ewma,XOM,Energy,0.0,4.0714992946592365e-19
2026-02-27,ewma,CVX,Energy,0.0368490958695112,0.02361291600155818
2026-02-27,ewma,NEE,Utilities,0.0,5.305919642806137e-19
2026-02-27,ewma,DUK,Utilities,0.15,0.15762912993515385
2026-02-27,ewma,AMT,Real Estate,0.042140062425067515,3.441201286109288e-18
2026-02-27,ewma,PLD,Real Estate,0.028660934881315676,0.1085648369492473
2026-02-27,ewma,APD,Materials,0.008958067349348186,3.952385964156448e-18
2026-02-27,ewma,NEM,Materials,0.0,0.00032303646150424396
2026-02-27,ewma,GOOGL,Communication Services,0.042646534215887745,0.05199792358474157
2026-02-27,ewma,META,Communication Services,0.044559308189106146,0.03250143384961215
2026-02-27,ledoit_wolf,AAPL,Information Technology,0.0,0.0
2026-02-27,ledoit_wolf,MSFT,Information Technology,0.12765614217779384,0.11177464207041528
2026-02-27,ledoit_wolf,JPM,Financials,0.009853761409291313,0.014219093509093254
2026-02-27,ledoit_wolf,BAC,Financials,0.008801335785793545,0.0
2026-02-27,ledoit_wolf,JNJ,Health Care,0.13871759726086652,0.14470723920129255
2026-02-27,ledoit_wolf,UNH,Health Care,0.03535137683079788,0.037303976040760016
2026-02-27,ledoit_wolf,AMZN,Consumer Discretionary,0.02470070554412113,0.020672847215462992
2026-02-27,ledoit_wolf,HD,Consumer Discretionary,0.013587889114183094,0.012860213742184918
2026-02-27,ledoit_wolf,PG,Consumer Staples,0.10073682779669314,0.11053832693971548
2026-02-27,ledoit_wolf,KO,Consumer Staples,0.14926317220330684,0.15123803469596356
2026-02-27,ledoit_wolf,CAT,Industrials,0.013897585757315757,0.017713872953664642
2026-02-27,ledoit_wolf,UNP,Industrials,0.00937258004460576,0.007232291985405752
2026-02-27,ledoit_wolf,XOM,Energy,0.08429436722463461,0.09895641468526602
2026-02-27,ledoit_wolf,CVX,Energy,0.0223172681983938,0.020850135146571868
2026-02-27,ledoit_wolf,NEE,Utilities,0.0,0.0
2026-02-27,ledoit_wolf,DUK,Utilities,0.15,0.15598150646394193
2026-02-27,ledoit_wolf,AMT,Real Estate,0.026545207826181215,0.028401991405685723
2026-02-27,ledoit_wolf,PLD,Real Estate,1.9894298284095416e-18,0.0
2026-02-27,ledoit_wolf,APD,Materials,3.3448871667761778e-18,4.404975644591733e-20
2026-02-27,ledoit_wolf,NEM,Materials,1.0646567480471341e-19,0.0005210107654284736
2026-02-27,ledoit_wolf,GOOGL,Communication Services,0.0631399178925219,0.05415756303393737
2026-02-27,ledoit_wolf,META,Communication Services,0.02176426493349946,0.012870840145210219
2026-02-27,equal_weight,AAPL,Information Technology,0.045454545454545456,0.04470885569604981
2026-02-27,equal_weight,MSFT,Information Technology,0.045454545454545456,0.040135186735763294
2026-02-27,equal_weight,JPM,Financials,0.045454545454545456,0.04307063981529284
2026-02-27,equal_weight,BAC,Financials,0.045454545454545456,0.04109326114653339
2026-02-27,equal_weight,JNJ,Health Care,0.045454545454545456,0.048216327418132546
2026-02-27,equal_weight,UNH,Health Care,0.045454545454545456,0.044841793359749416
2026-02-27,equal_weight,AMZN,Consumer Discretionary,0.045454545454545456,0.03850063547200605
2026-02-27,equal_weight,HD,Consumer Discretionary,0.045454545454545456,0.04459034166432509
2026-02-27,equal_weight,PG,Consumer Staples,0.045454545454545456,0.04833276090306918
2026-02-27,equal_weight,KO,Consumer Staples,0.045454545454545456,0.04783092734150381
2026-02-27,equal_weight,CAT,Industrials,0.045454545454545456,0.04957668563041966
2026-02-27,equal_weight,UNP,Industrials,0.045454545454545456,0.04970675762516578
2026-02-27,equal_weight,XOM,Energy,0.045454545454545456,0.047631787996798555
2026-02-27,equal_weight,CVX,Energy,0.045454545454545456,0.04677083680516336
2026-02-27,equal_weight,NEE,Utilities,0.045454545454545456,0.04712133618959956
2026-02-27,equal_weight,DUK,Utilities,0.045454545454545456,0.04770989916244553
2026-02-27,equal_weight,AMT,Real Estate,0.045454545454545456,0.046950899773460564
2026-02-27,equal_weight,PLD,Real Estate,0.045454545454545456,0.047908142012057064
2026-02-27,equal_weight,APD,Materials,0.045454545454545456,0.044382764868219696
2026-02-27,equal_weight,NEM,Materials,0.045454545454545456,0.05076466824757772
2026-02-27,equal_weight,GOOGL,Communication Services,0.045454545454545456,0.040466439931754694
2026-02-27,equal_weight,META,Communication Services,0.045454545454545456,0.039689052204912076
2026-03-31,sample,AAPL,Information Technology,0.0,0.0
2026-03-31,sample,MSFT,Information Technology,0.15,0.14142464211334013
2026-03-31,sample,JPM,Financials,1.3057077734550295e-18,0.004892776960934698
2026-03-31,sample,BAC,Financials,0.015828681575181,0.008161829426288385
2026-03-31,sample,JNJ,Health Care,0.15,0.15294758879905285
2026-03-31,sample,UNH,Health Care,0.034299951367074775,0.03360552389260069
2026-03-31,sample,AMZN,Consumer Discretionary,0.02215231054645923,0.02276946220698331
2026-03-31,sample,HD,Consumer Discretionary,0.000944484520921805,0.008951279363478556
2026-03-31,sample,PG,Consumer Staples,0.1,0.08952294648387207
2026-03-31,sample,KO,Consumer Staples,0.15,0.145939366931229
2026-03-31,sample,CAT,Industrials,0.003540733912455351,0.011517049340767985
2026-03-31,sample,UNP,Industrials,0.0028475706111372196,0.0040809524474299365
2026-03-31,sample,XOM,Energy,0.10634896464789234,0.12584484292199022
2026-03-31,sample,CVX,Energy,0.02185620611236099,5.7060049581604995e-18
2026-03-31,sample,NEE,Utilities,0.0,2.0084288968857644e-18
2026-03-31,sample,DUK,Utilities,0.15,0.1555510541977408
2026-03-31,sample,AMT,Real Estate,0.015163001999839958,0.017634243014857692
2026-03-31,sample,PLD,Real Estate,3.7702276066395524e-19,3.0092481623668188e-18
2026-03-31,sample,APD,Materials,0.0,0.0
2026-03-31,sample,NEM,Materials,0.0,0.0
2026-03-31,sample,GOOGL,Communication Services,0.06668646690133917,0.06157002937901038
2026-03-31,sample,META,Communication Services,0.0103316278053382,0.01558641252042332
2026-03-31,ewma,AAPL,Information Technology,0.030700858593874294,0.04062221544938075
2026-03-31,ewma,MSFT,Information Technology,0.05578706727496571,0.09523136208897424
2026-03-31,ewma,JPM,Financials,0.0,6.9090655098991054e-18
2026-03-31,ewma,BAC,Financials,0.15,0.08859181739317704
2026-03-31,ewma,JNJ,Health Care,0.15,0.15459059998677546
2026-03-31,ewma,UNH,Health Care,0.016850381647469423,0.028978831373593507
2026-03-31,ewma,AMZN,Consumer Discretionary,0.0,0.010918256583696042
2026-03-31,ewma,HD,Consumer Discretionary,0.0,7.746724400594029e-18
2026-03-31,ewma,PG,Consumer Staples,0.015034946467176959,0.0952681984718994
2026-03-31,ewma,KO,Consumer Staples,0.09855442754782201,0.12570832162001816
2026-03-31,ewma,CAT,Industrials,1.3152304088491149e-18,2.1407714893850583e-19
2026-03-31,ewma,UNP,Industrials,1.2351434436862208e-17,0.0
2026-03-31,ewma,XOM,Energy,0.08994655370239749,0.0
2026-03-31,ewma,CVX,Energy,0.15,0.04275894753249623
2026-03-31,ewma,NEE,Utilities,1.4988248001664844e-18,0.0
2026-03-31,ewma,DUK,Utilities,0.14883449328476245,0.15722203263104395
2026-03-31,ewma,AMT,Real Estate,0.04389416833866054,0.039703133674510505
2026-03-31,ewma,PLD,Real Estate,0.0,0.02805636696553569
2026-03-31,ewma,APD,Materials,0.032346925829689725,0.009887340865864968
2026-03-31,ewma,NEM,Materials,0.0,0.0
2026-03-31,ewma,GOOGL,Communication Services,0.01805017731318151,0.04123072809432985
2026-03-31,ewma,META,Communication Services,5.995510958902751e-18,0.041231847268703846
2026-03-31,ledoit_wolf,AAPL,Information Technology,0.0,0.0
2026-03-31,ledoit_wolf,MSFT,Information Technology,0.1367755233274232,0.12490475968935275
2026-03-31,ledoit_wolf,JPM,Financials,0.002619679133702897,0.010020087345274398
2026-03-31,ledoit_wolf,BAC,Financials,0.015223495837480387,0.008989212879165511
2026-03-31,ledoit_wolf,JNJ,Health Care,0.13935882377976988,0.14169057669305138
2026-03-31,ledoit_wolf,UNH,Health Care,0.034677617935442835,0.034123605743155615
2026-03-31,ledoit_wolf,AMZN,Consumer Discretionary,0.023640606291384564,0.025430678794414508
2026-03-31,ledoit_wolf,HD,Consumer Discretionary,0.005199659367292929,0.012266821402350131
2026-03-31,ledoit_wolf,PG,Consumer Staples,0.1,0.09034012206202617
2026-03-31,ledoit_wolf,KO,Consumer Staples,0.15,0.14547618402558
2026-03-31,ledoit_wolf,CAT,Industrials,0.0064717849542569395,0.013759619888673559
2026-03-31,ledoit_wolf,UNP,Industrials,0.0087485441373013,0.008908689004031325
2026-03-31,ledoit_wolf,XOM,Energy,0.08689830051684773,0.09735300214315787
2026-03-31,ledoit_wolf,CVX,Energy,0.03830509066403476,0.02566603543853149
2026-03-31,ledoit_wolf,NEE,Utilities,0.0,0.0
2026-03-31,ledoit_wolf,DUK,Utilities,0.15,0.155822796133622
2026-03-31,ledoit_wolf,AMT,Real Estate,0.022217213936561498,0.024787534270692278
2026-03-31,ledoit_wolf,PLD,Real Estate,9.640474582035396e-19,1.9301332514341227e-18
2026-03-31,ledoit_wolf,APD,Materials,0.0,3.659015440916204e-18
2026-03-31,ledoit_wolf,NEM,Materials,5.5539001668730505e-19,9.2217512719287e-20
2026-03-31,ledoit_wolf,GOOGL,Communication Services,0.06471143236198508,0.060500485606870893
2026-03-31,ledoit_wolf,META,Communication Services,0.015152227756516127,0.019959788880050067
2026-03-31,equal_weight,AAPL,Information Technology,0.045454545454545456,0.04562865283560177
2026-03-31,equal_weight,MSFT,Information Technology,0.045454545454545456,0.04476712555287941
2026-03-31,equal_weight,JPM,Financials,0.045454545454545456,0.04652553782368166
2026-03-31,equal_weight,BAC,Financials,0.045454545454545456,0.046729917281832595
2026-03-31,equal_weight,JNJ,Health Care,0.045454545454545456,0.04673382709840458
2026-03-31,equal_weight,UNH,Health Care,0.045454545454545456,0.04416421545539414
2026-03-31,equal_weight,AMZN,Consumer Discretionary,0.045454545454545456,0.04710538213445818
2026-03-31,equal_weight,HD,Consumer Discretionary,0.045454545454545456,0.04130493903091244
2026-03-31,equal_weight,PG,Consumer Staples,0.045454545454545456,0.04103121142838419
2026-03-31,equal_weight,KO,Consumer Staples,0.045454545454545456,0.04459243322871478
2026-03-31,equal_weight,CAT,Industrials,0.045454545454545456,0.0452990413546487
2026-03-31,equal_weight,UNP,Industrials,0.045454545454545456,0.04348871521051726
2026-03-31,equal_weight,XOM,Energy,0.045454545454545456,0.05284120723192212
2026-03-31,equal_weight,CVX,Energy,0.045454545454545456,0.05261864912402254
2026-03-31,equal_weight,NEE,Utilities,0.045454545454545456,0.04704585580328369
2026-03-31,equal_weight,DUK,Utilities,0.045454545454545456,0.04752932771893949
2026-03-31,equal_weight,AMT,Real Estate,0.045454545454545456,0.04272372737385643
2026-03-31,equal_weight,PLD,Real Estate,0.045454545454545456,0.04438953592609609
2026-03-31,equal_weight,APD,Materials,0.045454545454545456,0.050050072073709415
2026-03-31,equal_weight,NEM,Materials,0.045454545454545456,0.03963015130931121
2026-03-31,equal_weight,GOOGL,Communication Services,0.045454545454545456,0.043840629857688225
2026-03-31,equal_weight,META,Communication Services,0.045454545454545456,0.04195984514574112
2026-04-30,sample,AAPL,Information Technology,3.0873329802227704e-18,0.0
2026-04-30,sample,MSFT,Information Technology,0.15,0.15776556378497805
2026-04-30,sample,JPM,Financials,0.0031370122077194456,1.3342552510894069e-18
2026-04-30,sample,BAC,Financials,0.02770630622600952,0.016572777865463354
2026-04-30,sample,JNJ,Health Care,0.15,0.13466655653085507
2026-04-30,sample,UNH,Health Care,0.032408723108571784,0.04483764448653797
2026-04-30,sample,AMZN,Consumer Discretionary,0.015031068538525746,0.026917378400560077
2026-04-30,sample,HD,Consumer Discretionary,0.003596170132143388,0.0009015134255923986
2026-04-30,sample,PG,Consumer Staples,0.1,0.09796026048131058
2026-04-30,sample,KO,Consumer Staples,0.15,0.14831805107879073
2026-04-30,sample,CAT,Industrials,0.0017194473789085753,0.004255434629348754
2026-04-30,sample,UNP,Industrials,1.640552606525908e-18,0.003019748468921644
2026-04-30,sample,XOM,Energy,0.10101513564732244,0.09236351621292208
2026-04-30,sample,CVX,Energy,0.025083604233103827,0.01949687084484198
2026-04-30,sample,NEE,Utilities,1.671613435522722e-18,0.0
2026-04-30,sample,DUK,Utilities,0.15,0.1416943642675373
2026-04-30,sample,AMT,Real Estate,0.013484247030536438,0.015480003344615393
2026-04-30,sample,PLD,Real Estate,1.9443112199900194e-18,3.8676543905565745e-19
2026-04-30,sample,APD,Materials,2.7300636914849683e-18,0.0
2026-04-30,sample,NEM,Materials,2.4042454729761503e-18,0.0
2026-04-30,sample,GOOGL,Communication Services,0.06313724284559095,0.08520018530813864
2026-04-30,sample,META,Communication Services,0.013681042651567872,0.010550130869586465
2026-04-30,ewma,AAPL,Information Technology,0.005958450303249968,0.032361867530776786
2026-04-30,ewma,MSFT,Information Technology,0.10721118089863248,0.0605879047496573
2026-04-30,ewma,JPM,Financials,0.01550369587613857,0.0
2026-04-30,ewma,BAC,Financials,0.15,0.16217102959343577
2026-04-30,ewma,JNJ,Health Care,0.08181386086264748,0.13905647091771695
2026-04-30,ewma,UNH,Health Care,0.022519837832970402,0.022745237436101445
2026-04-30,ewma,AMZN,Consumer Discretionary,0.013399770448924883,0.0
2026-04-30,ewma,HD,Consumer Discretionary,0.01148088407081244,0.0
2026-04-30,ewma,PG,Consumer Staples,0.10537882425269475,0.01520839086006773
2026-04-30,ewma,KO,Consumer Staples,0.0,0.10062603002272157
2026-04-30,ewma,CAT,Industrials,0.0,1.6322396460628764e-18
2026-04-30,ewma,UNP,Industrials,6.976163353586418e-18,1.3525244141439378e-17
2026-04-30,ewma,XOM,Energy,0.054009286546495,0.08066463402833175
2026-04-30,ewma,CVX,Energy,0.15,0.13816970945379212
2026-04-30,ewma,NEE,Utilities,9.961107459710572e-19,1.55722133216613e-18
2026-04-30,ewma,DUK,Utilities,0.11757547320848671,0.14517651248211763
2026-04-30,ewma,AMT,Real Estate,3.798095735488283e-18,0.046272624321688126
2026-04-30,ewma,PLD,Real Estate,0.0,0.0
2026-04-30,ewma,APD,Materials,0.12956195164272707,0.03314649872336493
2026-04-30,ewma,NEM,Materials,0.028310424761867077,0.0
2026-04-30,ewma,GOOGL,Communication Services,9.359714067160019e-19,0.02381308988022794
2026-04-30,ewma,META,Communication Services,0.007276359294353198,6.321887217244492e-18
2026-04-30,ledoit_wolf,AAPL,Information Technology,0.0,0.0
2026-04-30,ledoit_wolf,MSFT,Information Technology,0.13617163114744688,0.14355407950209864
2026-04-30,ledoit_wolf,JPM,Financials,0.011451051198182296,0.002671328088966381
2026-04-30,ledoit_wolf,BAC,Financials,0.024091706582998466,0.01590564036124931
2026-04-30,ledoit_wolf,JNJ,Health Care,0.14139158010608463,0.12485017837571913
2026-04-30,ledoit_wolf,UNH,Health Care,0.03356565175539322,0.04523605684987223
2026-04-30,ledoit_wolf,AMZN,Consumer Discretionary,0.018430075671836833,0.028665435092697675
2026-04-30,ledoit_wolf,HD,Consumer Discretionary,0.008908200809368274,0.004952659223530593
2026-04-30,ledoit_wolf,PG,Consumer Staples,0.09700886430852956,0.09775435852036804
2026-04-30,ledoit_wolf,KO,Consumer Staples,0.15,0.1480063024430659
2026-04-30,ledoit_wolf,CAT,Industrials,0.00388138023617991,0.0077617725080234125
2026-04-30,ledoit_wolf,UNP,Industrials,0.0,0.009258022965842912
2026-04-30,ledoit_wolf,XOM,Energy,0.0853213521600228,0.07531208540790267
2026-04-30,ledoit_wolf,CVX,Energy,0.03966687808148968,0.03409830810687627
2026-04-30,ledoit_wolf,NEE,Utilities,3.0336524384990464e-18,0.0
2026-04-30,ledoit_wolf,DUK,Utilities,0.15,0.14139653791107568
2026-04-30,ledoit_wolf,AMT,Real Estate,0.021337364766160227,0.022634017837943145
2026-04-30,ledoit_wolf,PLD,Real Estate,1.1138435368513588e-18,9.868808067627777e-19
2026-04-30,ledoit_wolf,APD,Materials,8.446644244287906e-20,0.0
2026-04-30,ledoit_wolf,NEM,Materials,0.0,5.430346836502359e-19
2026-04-30,ledoit_wolf,GOOGL,Communication Services,0.060952558096545935,0.08250305728084546
2026-04-30,ledoit_wolf,META,Communication Services,0.01782170507976138,0.015440159523923223
2026-04-30,equal_weight,AAPL,Information Technology,0.045454545454545456,0.04482058921263428
2026-04-30,equal_weight,MSFT,Information Technology,0.045454545454545456,0.04617925367635082
2026-04-30,equal_weight,JPM,Financials,0.045454545454545456,0.044866158486073185
2026-04-30,equal_weight,BAC,Financials,0.045454545454545456,0.04597021362087028
2026-04-30,equal_weight,JNJ,Health Care,0.045454545454545456,0.03941798784578066
2026-04-30,equal_weight,UNH,Health Care,0.045454545454545456,0.05739515591689213
2026-04-30,equal_weight,AMZN,Consumer Discretionary,0.045454545454545456,0.0533506461724313
2026-04-30,equal_weight,HD,Consumer Discretionary,0.045454545454545456,0.04190861506555057
2026-04-30,equal_weight,PG,Consumer Staples,0.045454545454545456,0.0430106381624573
2026-04-30,equal_weight,KO,Consumer Staples,0.045454545454545456,0.04341389046651761
2026-04-30,equal_weight,CAT,Industrials,0.045454545454545456,0.05276872342791455
2026-04-30,equal_weight,UNP,Industrials,0.045454545454545456,0.04656099180881668
2026-04-30,equal_weight,XOM,Energy,0.045454545454545456,0.0381323127852882
2026-04-30,equal_weight,CVX,Energy,0.045454545454545456,0.03916661980532628
2026-04-30,equal_weight,NEE,Utilities,0.045454545454545456,0.044176772218526394
2026-04-30,equal_weight,DUK,Utilities,0.045454545454545456,0.041475083884198724
2026-04-30,equal_weight,AMT,Real Estate,0.045454545454545456,0.04482412422194863
2026-04-30,equal_weight,PLD,Real Estate,0.045454545454545456,0.04504079474440083
2026-04-30,equal_weight,APD,Materials,0.045454545454545456,0.043571163249098724
2026-04-30,equal_weight,NEM,Materials,0.045454545454545456,0.04301988609868668
2026-04-30,equal_weight,GOOGL,Communication Services,0.045454545454545456,0.056095598457359196
2026-04-30,equal_weight,META,Communication Services,0.045454545454545456,0.044834780672876835
2026-05-29,sample,AAPL,Information Technology,0.0,3.5582050977770335e-18
2026-05-29,sample,MSFT,Information Technology,0.15,0.16618366206271123
2026-05-29,sample,JPM,Financials,3.597361125468213e-18,0.0030013274595540756
2026-05-29,sample,BAC,Financials,0.029952133789440085,0.026775569411267443
2026-05-29,sample,JNJ,Health Care,0.15,0.14807970580627217
2026-05-29,sample,UNH,Health Care,0.032465510434164374,0.03330996626416692
2026-05-29,sample,AMZN,Consumer Discretionary,0.01972261017771697,0.01536657119524798
2026-05-29,sample,HD,Consumer Discretionary,0.0,0.003472952085814744
2026-05-29,sample,PG,Consumer Staples,0.09090324019978073,0.09772138102560272
2026-05-29,sample,KO,Consumer Staples,0.15,0.1506630945660256
2026-05-29,sample,CAT,Industrials,0.007306299339365243,0.0016940419616101176
2026-05-29,sample,UNP,Industrials,4.131532680448799e-19,1.6092157273060525e-18
2026-05-29,sample,XOM,Energy,0.09112475433997616,0.09584273589406474
2026-05-29,sample,CVX,Energy,0.024709634725560495,0.02392226346593225
2026-05-29,sample,NEE,Utilities,9.91166772081221e-19,1.4878200443053003e-18
2026-05-29,sample,DUK,Utilities,0.15,0.14350949501016275
2026-05-29,sample,AMT,Real Estate,0.026429565129486444,0.013815048112085103
2026-05-29,sample,PLD,Real Estate,6.1144429415413064e-18,1.9666027753555485e-18
2026-05-29,sample,APD,Materials,0.0,2.5382288678033923e-18
2026-05-29,sample,NEM,Materials,0.0,2.3850523830924996e-18
2026-05-29,sample,GOOGL,Communication Services,0.06624996187141931,0.06248299773814392
2026-05-29,sample,META,Communication Services,0.011136289993090328,0.014159187941338169
2026-05-29,ewma,AAPL,Information Technology,0.09068388268584525,0.007007534917613741
2026-05-29,ewma,MSFT,Information Technology,0.15,0.12120529398961812
2026-05-29,ewma,JPM,Financials,0.0,0.015136199987558264
2026-05-29,ewma,BAC,Financials,0.03400727757345569,0.14792302795311166
2026-05-29,ewma,JNJ,Health Care,0.0,0.08241677482050105
2026-05-29,ewma,UNH,Health Care,0.022926068961925918,0.023619025501036183
2026-05-29,ewma,AMZN,Consumer Discretionary,0.0,0.013978768724016913
2026-05-29,ewma,HD,Consumer Discretionary,0.03283162243141937,0.011314056347926642
2026-05-29,ewma,PG,Consumer Staples,0.0,0.1050817721556902
2026-05-29,ewma,KO,Consumer Staples,0.06796954932030026,0.0
2026-05-29,ewma,CAT,Industrials,0.00598771006763113,0.0
2026-05-29,ewma,UNP,Industrials,0.04368566908936428,6.982729081155938e-18
2026-05-29,ewma,XOM,Energy,0.003443332683206037,0.052290842022420944
2026-05-29,ewma,CVX,Energy,0.10686350324542221,0.14597820934790676
2026-05-29,ewma,NEE,Utilities,0.00460123036346296,9.047042307228437e-19
2026-05-29,ewma,DUK,Utilities,0.15,0.11478643191534262
2026-05-29,ewma,AMT,Real Estate,0.010349012997169919,3.970782075308677e-18
2026-05-29,ewma,PLD,Real Estate,0.0,0.0
2026-05-29,ewma,APD,Materials,0.14010439956183424,0.12291925661800958
2026-05-29,ewma,NEM,Materials,0.026278500799832,0.028658268293498584
2026-05-29,ewma,GOOGL,Communication Services,0.056252309571475374,9.45199036104155e-19
2026-05-29,ewma,META,Communication Services,0.05401593064765554,0.0076845374057488225
2026-05-29,ledoit_wolf,AAPL,Information Technology,0.0,0.0
2026-05-29,ledoit_wolf,MSFT,Information Technology,0.14262136111034768,0.1510399438323598
2026-05-29,ledoit_wolf,JPM,Financials,0.008030977857764812,0.010968585859285144
2026-05-29,ledoit_wolf,BAC,Financials,0.02595779076556455,0.02330965041980162
2026-05-29,ledoit_wolf,JNJ,Health Care,0.14293539174207587,0.13974489174836113
2026-05-29,ledoit_wolf,UNH,Health Care,0.033418558135443345,0.03453945390571853
2026-05-29,ledoit_wolf,AMZN,Consumer Discretionary,0.021520207672781615,0.01886350300309419
2026-05-29,ledoit_wolf,HD,Consumer Discretionary,0.004683438994266137,0.008613044085637693
2026-05-29,ledoit_wolf,PG,Consumer Staples,0.08482868592468552,0.0949093777406138
2026-05-29,ledoit_wolf,KO,Consumer Staples,0.15,0.15083946843188417
2026-05-29,ledoit_wolf,CAT,Industrials,0.008557763053443067,0.0038285081342043937
2026-05-29,ledoit_wolf,UNP,Industrials,0.0,0.0
2026-05-29,ledoit_wolf,XOM,Energy,0.07922989486470368,0.08104730727226087
2026-05-29,ledoit_wolf,CVX,Energy,0.03725268779952804,0.03787463536701973
2026-05-29,ledoit_wolf,NEE,Utilities,0.0,2.7032641491517864e-18
2026-05-29,ledoit_wolf,DUK,Utilities,0.15,0.14367749450927872
2026-05-29,ledoit_wolf,AMT,Real Estate,0.0328471550812635,0.021886413142162425
2026-05-29,ledoit_wolf,PLD,Real Estate,6.230861699666318e-19,1.127932639861945e-18
2026-05-29,ledoit_wolf,APD,Materials,1.4373317633441973e-19,7.862312703481023e-20
2026-05-29,ledoit_wolf,NEM,Materials,0.0,0.0
2026-05-29,ledoit_wolf,GOOGL,Communication Services,0.06274616432262398,0.060391566047944975
2026-05-29,ledoit_wolf,META,Communication Services,0.015369922675508338,0.018466156500372886
2026-05-29,equal_weight,AAPL,Information Technology,0.045454545454545456,0.05270820826211545
2026-05-29,equal_weight,MSFT,Information Technology,0.045454545454545456,0.05066730606761997
2026-05-29,equal_weight,JPM,Financials,0.045454545454545456,0.04375502344547732
2026-05-29,equal_weight,BAC,Financials,0.045454545454545456,0.04419680073914806
2026-05-29,equal_weight,JNJ,Health Care,0.045454545454545456,0.04514763776031273
2026-05-29,equal_weight,UNH,Health Care,0.045454545454545456,0.04700488781403258
2026-05-29,equal_weight,AMZN,Consumer Discretionary,0.045454545454545456,0.046753902337239944
2026-05-29,equal_weight,HD,Consumer Discretionary,0.045454545454545456,0.044166126289005875
2026-05-29,equal_weight,PG,Consumer Staples,0.045454545454545456,0.04469102792944503
2026-05-29,equal_weight,KO,Consumer Staples,0.045454545454545456,0.04593528046451965
2026-05-29,equal_weight,CAT,Industrials,0.045454545454545456,0.045057389074398047
2026-05-29,equal_weight,UNP,Industrials,0.045454545454545456,0.04485954405774037
2026-05-29,equal_weight,XOM,Energy,0.045454545454545456,0.04339138365749622
2026-05-29,equal_weight,CVX,Energy,0.045454545454545456,0.043615723123597405
2026-05-29,equal_weight,NEE,Utilities,0.045454545454545456,0.04070476953934409
2026-05-29,equal_weight,DUK,Utilities,0.045454545454545456,0.043754238034215534
2026-05-29,equal_weight,AMT,Real Estate,0.045454545454545456,0.0468550547336453
2026-05-29,equal_weight,PLD,Real Estate,0.045454545454545456,0.046257442041952875
2026-05-29,equal_weight,APD,Materials,0.045454545454545456,0.042519558656859684
2026-05-29,equal_weight,NEM,Materials,0.045454545454545456,0.045368023886167924
2026-05-29,equal_weight,GOOGL,Communication Services,0.045454545454545456,0.04525921246983704
2026-05-29,equal_weight,META,Communication Services,0.045454545454545456,0.04733145961582904
2026-06-30,sample,AAPL,Information Technology,4.341336268399285e-19,0.0
2026-06-30,sample,MSFT,Information Technology,0.1491868042336758,0.12488076350347352
2026-06-30,sample,JPM,Financials,4.43825773437482e-18,3.953346260105706e-18
2026-06-30,sample,BAC,Financials,0.02755942071606354,0.03340930208785461
2026-06-30,sample,JNJ,Health Care,0.1431963602758388,0.16989122102012938
2026-06-30,sample,UNH,Health Care,0.03372933082999648,0.03585758598220184
2026-06-30,sample,AMZN,Consumer Discretionary,0.0074100028600734905,0.01745362225253412
2026-06-30,sample,HD,Consumer Discretionary,0.0,0.0
2026-06-30,sample,PG,Consumer Staples,0.09382531710707909,0.09330708400812213
2026-06-30,sample,KO,Consumer Staples,0.15,0.15604528060904466
2026-06-30,sample,CAT,Industrials,0.03381277364670488,0.008926535363638525
2026-06-30,sample,UNP,Industrials,2.274629702739002e-18,4.2996732395940026e-19
2026-06-30,sample,XOM,Energy,0.0997218817194251,0.08618637802725874
2026-06-30,sample,CVX,Energy,0.023251094857093684,0.022557690349862224
2026-06-30,sample,NEE,Utilities,0.0,1.012067071831472e-18
2026-06-30,sample,DUK,Utilities,0.14999999999999997,0.1554611497006655
2026-06-30,sample,AMT,Real Estate,0.015370668096490054,0.02345779518528611
2026-06-30,sample,PLD,Real Estate,0.0,5.84380566695271e-18
2026-06-30,sample,APD,Materials,0.0,0.0
2026-06-30,sample,NEM,Materials,3.3557100386120815e-18,0.0
2026-06-30,sample,GOOGL,Communication Services,0.062145285309479575,0.06259034279860147
2026-06-30,sample,META,Communication Services,0.010791060348079435,0.009975249111327323
2026-06-30,ewma,AAPL,Information Technology,0.05780072707034496,0.0866309658168942
2026-06-30,ewma,MSFT,Information Technology,0.10176402922058898,0.12803301056638178
2026-06-30,ewma,JPM,Financials,0.023570136015349543,0.0
2026-06-30,ewma,BAC,Financials,0.08224944421996294,0.03888999748024297
2026-06-30,ewma,JNJ,Health Care,9.291951431379675e-19,0.0
2026-06-30,ewma,UNH,Health Care,4.532049784284134e-18,0.025960605631633576
2026-06-30,ewma,AMZN,Consumer Discretionary,0.011150488456831935,0.0
2026-06-30,ewma,HD,Consumer Discretionary,0.03768700117820669,0.03789746080998356
2026-06-30,ewma,PG,Consumer Staples,0.08466473996535445,0.0
2026-06-30,ewma,KO,Consumer Staples,0.14999999999999997,0.07249368595220348
2026-06-30,ewma,CAT,Industrials,0.12088741956293816,0.007500196538102718
2026-06-30,ewma,UNP,Industrials,6.422203806082105e-18,0.04661113342602559
2026-06-30,ewma,XOM,Energy,0.05635343275087753,0.0033389326314042403
2026-06-30,ewma,CVX,Energy,0.15,0.10001937237492735
2026-06-30,ewma,NEE,Utilities,0.01366247231024202,0.004816848090438175
2026-06-30,ewma,DUK,Utilities,0.040549230454806566,0.15938530854460656
2026-06-30,ewma,AMT,Real Estate,0.0,0.009417215687603248
2026-06-30,ewma,PLD,Real Estate,0.0,0.0
2026-06-30,ewma,APD,Materials,0.03916786941678433,0.15188555451196004
2026-06-30,ewma,NEM,Materials,1.4801900753268898e-18,0.023027577700183637
2026-06-30,ewma,GOOGL,Communication Services,0.03049300937771179,0.054486444360264084
2026-06-30,ewma,META,Communication Services,0.0,0.04960568987714528
2026-06-30,ledoit_wolf,AAPL,Information Technology,1.9602830779315762e-18,0.0
2026-06-30,ledoit_wolf,MSFT,Information Technology,0.1336005901272144,0.11875979075428884
2026-06-30,ledoit_wolf,JPM,Financials,0.006450534857630129,0.008827339022034645
2026-06-30,ledoit_wolf,BAC,Financials,0.026330474580828548,0.028959290974696964
2026-06-30,ledoit_wolf,JNJ,Health Care,0.12708167522090882,0.16191982118767403
2026-06-30,ledoit_wolf,UNH,Health Care,0.03540804572901622,0.03691705782536841
2026-06-30,ledoit_wolf,AMZN,Consumer Discretionary,0.012649421509360851,0.019047948147207908
2026-06-30,ledoit_wolf,HD,Consumer Discretionary,0.006157149959230713,0.005273959419049414
2026-06-30,ledoit_wolf,PG,Consumer Staples,0.08944083247764452,0.08708804746260952
2026-06-30,ledoit_wolf,KO,Consumer Staples,0.15,0.15607422935242968
2026-06-30,ledoit_wolf,CAT,Industrials,0.03174314367596561,0.010457461799960016
2026-06-30,ledoit_wolf,UNP,Industrials,0.0,0.0
2026-06-30,ledoit_wolf,XOM,Energy,0.08576607471678499,0.07495004530483428
2026-06-30,ledoit_wolf,CVX,Energy,0.03990287366788419,0.034014686987743396
2026-06-30,ledoit_wolf,NEE,Utilities,1.3139761634640053e-18,0.0
2026-06-30,ledoit_wolf,DUK,Utilities,0.15,0.15548999007899314
2026-06-30,ledoit_wolf,AMT,Real Estate,0.025726905458544676,0.029159192590340416
2026-06-30,ledoit_wolf,PLD,Real Estate,1.899059943892119e-18,5.956176257002419e-19
2026-06-30,ledoit_wolf,APD,Materials,0.003837715930046842,1.5201129865816997e-19
2026-06-30,ledoit_wolf,NEM,Materials,0.0,0.0
2026-06-30,ledoit_wolf,GOOGL,Communication Services,0.061463433802332414,0.05929109084987567
2026-06-30,ledoit_wolf,META,Communication Services,0.014441128286607161,0.013770048242893605
2026-06-30,equal_weight,AAPL,Information Technology,0.045454545454545456,0.042223531586041044
2026-06-30,equal_weight,MSFT,Information Technology,0.045454545454545456,0.03772612537960265
2026-06-30,equal_weight,JPM,Financials,0.045454545454545456,0.049798783604763884
2026-06-30,equal_weight,BAC,Financials,0.045454545454545456,0.050544924713328394
2026-06-30,equal_weight,JNJ,Health Care,0.045454545454545456,0.05132365726544358
2026-06-30,equal_weight,UNH,Health Care,0.045454545454545456,0.05004915282224706
2026-06-30,equal_weight,AMZN,Consumer Discretionary,0.045454545454545456,0.040101359762849766
2026-06-30,equal_weight,HD,Consumer Discretionary,0.045454545454545456,0.051018686470715606
2026-06-30,equal_weight,PG,Consumer Staples,0.045454545454545456,0.04651287356884617
2026-06-30,equal_weight,KO,Consumer Staples,0.045454545454545456,0.0471408378359919
2026-06-30,equal_weight,CAT,Industrials,0.045454545454545456,0.05536348065931772
2026-06-30,equal_weight,UNP,Industrials,0.045454545454545456,0.04715873827512222
2026-06-30,equal_weight,XOM,Energy,0.045454545454545456,0.04285881675881886
2026-06-30,equal_weight,CVX,Energy,0.045454545454545456,0.04136816175351188
2026-06-30,equal_weight,NEE,Utilities,0.045454545454545456,0.04627010428199113
2026-06-30,equal_weight,DUK,Utilities,0.045454545454545456,0.04696437354101658
2026-06-30,equal_weight,AMT,Real Estate,0.045454545454545456,0.040219353956865884
2026-06-30,equal_weight,PLD,Real Estate,0.045454545454545456,0.04330886339135684
2026-06-30,equal_weight,APD,Materials,0.045454545454545456,0.04791551971159314
2026-06-30,equal_weight,NEM,Materials,0.045454545454545456,0.038731041599440665
2026-06-30,equal_weight,GOOGL,Communication Services,0.045454545454545456,0.04281141821907681
2026-06-30,equal_weight,META,Communication Services,0.045454545454545456,0.04059019484205834
2026-07-31,sample,AAPL,Information Technology,0.0,4.365439979584605e-19
2026-07-31,sample,MSFT,Information Technology,0.12845528383695468,0.17506558021326832
2026-07-31,sample,JPM,Financials,9.115156396892804e-18,4.513083800790874e-18
2026-07-31,sample,BAC,Financials,0.02950744006124525,0.02822279823114927
2026-07-31,sample,JNJ,Health Care,0.1433175655249845,0.1361425791181588
2026-07-31,sample,UNH,Health Care,0.03654312152865575,0.03167609585433494
2026-07-31,sample,AMZN,Consumer Discretionary,0.0,0.007952987620478864
2026-07-31,sample,HD,Consumer Discretionary,1.6303810117187878e-18,0.0
2026-07-31,sample,PG,Consumer Staples,0.07976376786315582,0.08772966727636526
2026-07-31,sample,KO,Consumer Staples,0.15,0.15227429947845447
2026-07-31,sample,CAT,Industrials,0.048899739779216106,0.024414301551537235
2026-07-31,sample,UNP,Industrials,2.1909724064903893e-18,2.3010659321383705e-18
2026-07-31,sample,XOM,Energy,0.09289593757013939,0.10679043119939843
2026-07-31,sample,CVX,Energy,0.027219354046908645,0.026005551076300606
2026-07-31,sample,NEE,Utilities,0.0,0.0
2026-07-31,sample,DUK,Utilities,0.15,0.14000343418135194
2026-07-31,sample,AMT,Real Estate,0.025988566914495668,0.015344370213877159
2026-07-31,sample,PLD,Real Estate,0.0,0.0
2026-07-31,sample,APD,Materials,0.0,0.0
2026-07-31,sample,NEM,Materials,0.0,3.1712799987960754e-18
2026-07-31,sample,GOOGL,Communication Services,0.06230349450359195,0.05833238836818894
2026-07-31,sample,META,Communication Services,0.025105728370652124,0.010045515617136107
2026-07-31,ewma,AAPL,Information Technology,0.08270971019066213,0.05844255575450708
2026-07-31,ewma,MSFT,Information Technology,0.0405155643556823,0.12007592860613803
2026-07-31,ewma,JPM,Financials,0.04216246397178484,0.02409984621389716
2026-07-31,ewma,BAC,Financials,0.0,0.08469431534748621
2026-07-31,ewma,JNJ,Health Care,0.022448479210271627,8.883011592372246e-19
2026-07-31,ewma,UNH,Health Care,0.005987366023354026,4.279666218639215e-18
2026-07-31,ewma,AMZN,Consumer Discretionary,0.0,0.012033643095648892
2026-07-31,ewma,HD,Consumer Discretionary,3.7269449679189215e-20,0.033596877132944146
2026-07-31,ewma,PG,Consumer Staples,0.0,0.07960132990468027
2026-07-31,ewma,KO,Consumer Staples,0.10728332032216965,0.15311506167726746
2026-07-31,ewma,CAT,Industrials,0.14232660599601868,0.0877679425801253
2026-07-31,ewma,UNP,Industrials,0.09184094491509277,6.532715478614893e-18
2026-07-31,ewma,XOM,Energy,0.10650998979022264,0.060681115341788494
2026-07-31,ewma,CVX,Energy,0.09193361411053423,0.16869616729417747
2026-07-31,ewma,NEE,Utilities,0.01396592873473585,0.012814607268389986
2026-07-31,ewma,DUK,Utilities,0.022465516395089504,0.03805584325388606
2026-07-31,ewma,AMT,Real Estate,0.1104677030928266,0.0
2026-07-31,ewma,PLD,Real Estate,2.050666765302661e-18,0.0
2026-07-31,ewma,APD,Materials,0.005102602510764741,0.03754460924078541
2026-07-31,ewma,NEM,Materials,0.005484385557178155,1.4065622346332273e-18
2026-07-31,ewma,GOOGL,Communication Services,0.07069028373385627,0.028780157288277576
2026-07-31,ewma,META,Communication Services,0.03810552108975601,0.0
2026-07-31,ledoit_wolf,AAPL,Information Technology,1.911343721494958e-18,1.97276692333932e-18
2026-07-31,ledoit_wolf,MSFT,Information Technology,0.11764209453923724,0.15690295567764082
2026-07-31,ledoit_wolf,JPM,Financials,0.008019964312676731,0.0065646110178329276
2026-07-31,ledoit_wolf,BAC,Financials,0.02803825404491092,0.026986158378727417
2026-07-31,ledoit_wolf,JNJ,Health Care,0.12563089442145722,0.12091977134366803
2026-07-31,ledoit_wolf,UNH,Health Care,0.03803929410850634,0.033279613399024105
2026-07-31,ledoit_wolf,AMZN,Consumer Discretionary,0.0037362322752647957,0.013587357022275107
2026-07-31,ledoit_wolf,HD,Consumer Discretionary,0.006047005922383932,0.005463213203248571
2026-07-31,ledoit_wolf,PG,Consumer Staples,0.08172845343656923,0.08369792009734185
2026-07-31,ledoit_wolf,KO,Consumer Staples,0.14503030051152904,0.1523979067991401
2026-07-31,ledoit_wolf,CAT,Industrials,0.0459249576445837,0.022938543244406362
2026-07-31,ledoit_wolf,UNP,Industrials,1.803268838996605e-19,0.0
2026-07-31,ledoit_wolf,XOM,Energy,0.08345337203882802,0.09191995455367932
2026-07-31,ledoit_wolf,CVX,Energy,0.04221145499317563,0.04466622180184262
2026-07-31,ledoit_wolf,NEE,Utilities,0.0,1.2266610664932295e-18
2026-07-31,ledoit_wolf,DUK,Utilities,0.15,0.14011708073526952
2026-07-31,ledoit_wolf,AMT,Real Estate,0.033923733459959714,0.02570373680902656
2026-07-31,ledoit_wolf,PLD,Real Estate,0.0,1.910985338535572e-18
2026-07-31,ledoit_wolf,APD,Materials,0.0007174890164097301,0.0036614368960352028
2026-07-31,ledoit_wolf,NEM,Materials,0.0029088717096178362,0.0
2026-07-31,ledoit_wolf,GOOGL,Communication Services,0.060518021802049016,0.05773920283779834
2026-07-31,ledoit_wolf,META,Communication Services,0.02642960576284099,0.01345431618304313
2026-07-31,equal_weight,AAPL,Information Technology,0.045454545454545456,0.04659504741367133
2026-07-31,equal_weight,MSFT,Information Technology,0.045454545454545456,0.054375782468038966
2026-07-31,equal_weight,JPM,Financials,0.045454545454545456,0.047118997529068965
2026-07-31,equal_weight,BAC,Financials,0.045454545454545456,0.04745316119466612
2026-07-31,equal_weight,JNJ,Health Care,0.045454545454545456,0.04405519798778733
2026-07-31,equal_weight,UNH,Health Care,0.045454545454545456,0.043517013852669637
2026-07-31,equal_weight,AMZN,Consumer Discretionary,0.045454545454545456,0.04973327898032514
2026-07-31,equal_weight,HD,Consumer Discretionary,0.045454545454545456,0.04108196322065877
2026-07-31,equal_weight,PG,Consumer Staples,0.045454545454545456,0.043327297813732554
2026-07-31,equal_weight,KO,Consumer Staples,0.045454545454545456,0.04704034672183262
2026-07-31,equal_weight,CAT,Industrials,0.045454545454545456,0.03345789933552197
2026-07-31,equal_weight,UNP,Industrials,0.045454545454545456,0.046876321003892336
2026-07-31,equal_weight,XOM,Energy,0.045454545454545456,0.049622316927788776
2026-07-31,equal_weight,CVX,Energy,0.045454545454545456,0.0518272083310048
2026-07-31,equal_weight,NEE,Utilities,0.045454545454545456,0.043223493519026726
2026-07-31,equal_weight,DUK,Utilities,0.045454545454545456,0.04324964953833134
2026-07-31,equal_weight,AMT,Real Estate,0.045454545454545456,0.046258493640709365
2026-07-31,equal_weight,PLD,Real Estate,0.045454545454545456,0.04659093787066653
2026-07-31,equal_weight,APD,Materials,0.045454545454545456,0.04417346835399812
2026-07-31,equal_weight,NEM,Materials,0.045454545454545456,0.043791046541395894
2026-07-31,equal_weight,GOOGL,Communication Services,0.045454545454545456,0.043494739624601486
2026-07-31,equal_weight,META,Communication Services,0.045454545454545456,0.04313633813061087
