rebalance_date,model,sector,sector_weight
2015-01-30,equal_weight,Communication Services,0.0909090909090908
2015-01-30,equal_weight,Consumer Discretionary,0.0909090909090908
2015-01-30,equal_weight,Consumer Staples,0.0909090909090908
2015-01-30,equal_weight,Energy,0.0909090909090908
2015-01-30,equal_weight,Financials,0.0909090909090908
2015-01-30,equal_weight,Health Care,0.0909090909090908
2015-01-30,equal_weight,Industrials,0.0909090909090908
2015-01-30,equal_weight,Information Technology,0.0909090909090908
2015-01-30,equal_weight,Materials,0.0909090909090908
2015-01-30,equal_weight,Real Estate,0.0909090909090908
2015-01-30,equal_weight,Utilities,0.0909090909090908
2015-01-30,ewma,Communication Services,2.5163654797030758e-17
2015-01-30,ewma,Consumer Discretionary,0.1010512279898088
2015-01-30,ewma,Consumer Staples,0.24999999999999992
2015-01-30,ewma,Energy,7.758821796849391e-19
2015-01-30,ewma,Financials,6.156235460644255e-18
2015-01-30,ewma,Health Care,0.0407542291917259
2015-01-30,ewma,Industrials,0.0
2015-01-30,ewma,Information Technology,0.0601211037985968
2015-01-30,ewma,Materials,0.0480734390198684
2015-01-30,ewma,Real Estate,0.2499999999999999
2015-01-30,ewma,Utilities,0.2499999999999999
2015-01-30,ledoit_wolf,Communication Services,0.0307269178197813
2015-01-30,ledoit_wolf,Consumer Discretionary,0.0688805918936545
2015-01-30,ledoit_wolf,Consumer Staples,0.25
2015-01-30,ledoit_wolf,Energy,0.1003802417795192
2015-01-30,ledoit_wolf,Financials,1.2108335981000225e-18
2015-01-30,ledoit_wolf,Health Care,0.1501891209318921
2015-01-30,ledoit_wolf,Industrials,0.023981240307733
2015-01-30,ledoit_wolf,Information Technology,0.09698730277613811
2015-01-30,ledoit_wolf,Materials,0.0405520955586013
2015-01-30,ledoit_wolf,Real Estate,0.029682610873451
2015-01-30,ledoit_wolf,Utilities,0.2086198780592288
2015-01-30,sample,Communication Services,0.0291414210284904
2015-01-30,sample,Consumer Discretionary,0.0640798034539099
2015-01-30,sample,Consumer Staples,0.25
2015-01-30,sample,Energy,0.1000150800336434
2015-01-30,sample,Financials,1.7718235190665454e-17
2015-01-30,sample,Health Care,0.1619180801812691
2015-01-30,sample,Industrials,0.0208500953829344
2015-01-30,sample,Information Technology,0.0997039078617064
2015-01-30,sample,Materials,0.0412223824489636
2015-01-30,sample,Real Estate,0.0259552894631837
2015-01-30,sample,Utilities,0.2071139401458983
2015-02-27,equal_weight,Communication Services,0.0909090909090908
2015-02-27,equal_weight,Consumer Discretionary,0.0909090909090908
2015-02-27,equal_weight,Consumer Staples,0.0909090909090908
2015-02-27,equal_weight,Energy,0.0909090909090908
2015-02-27,equal_weight,Financials,0.0909090909090908
2015-02-27,equal_weight,Health Care,0.0909090909090908
2015-02-27,equal_weight,Industrials,0.0909090909090908
2015-02-27,equal_weight,Information Technology,0.0909090909090908
2015-02-27,equal_weight,Materials,0.0909090909090908
2015-02-27,equal_weight,Real Estate,0.0909090909090908
2015-02-27,equal_weight,Utilities,0.0909090909090908
2015-02-27,ewma,Communication Services,0.1531167785246922
2015-02-27,ewma,Consumer Discretionary,0.0485601793439202
2015-02-27,ewma,Consumer Staples,0.25
2015-02-27,ewma,Energy,0.06974995733442892
2015-02-27,ewma,Financials,0.0113291465282351
2015-02-27,ewma,Health Care,0.15
2015-02-27,ewma,Industrials,0.0
2015-02-27,ewma,Information Technology,0.07758478738908331
2015-02-27,ewma,Materials,0.0641812808515548
2015-02-27,ewma,Real Estate,0.15
2015-02-27,ewma,Utilities,0.0254778700280852
2015-02-27,ledoit_wolf,Communication Services,0.0388117598841776
2015-02-27,ledoit_wolf,Consumer Discretionary,0.0821772013060023
2015-02-27,ledoit_wolf,Consumer Staples,0.2499999999999999
2015-02-27,ledoit_wolf,Energy,0.10165508225322581
2015-02-27,ledoit_wolf,Financials,0.010222250245166901
2015-02-27,ledoit_wolf,Health Care,0.1403692042956971
2015-02-27,ledoit_wolf,Industrials,0.023990177884289806
2015-02-27,ledoit_wolf,Information Technology,0.1010685626952527
2015-02-27,ledoit_wolf,Materials,0.0409351430386655
2015-02-27,ledoit_wolf,Real Estate,0.031762965557621
2015-02-27,ledoit_wolf,Utilities,0.1790076528399008
2015-02-27,sample,Communication Services,0.0376222487730574
2015-02-27,sample,Consumer Discretionary,0.080497230123496
2015-02-27,sample,Consumer Staples,0.2499999999999999
2015-02-27,sample,Energy,0.10535075189141359
2015-02-27,sample,Financials,0.008764221269388306
2015-02-27,sample,Health Care,0.15072429973163298
2015-02-27,sample,Industrials,0.020704907213440402
2015-02-27,sample,Information Technology,0.1011172453652089
2015-02-27,sample,Materials,0.0414860866124328
2015-02-27,sample,Real Estate,0.027697027808526804
2015-02-27,sample,Utilities,0.1760359812114023
2015-03-31,equal_weight,Communication Services,0.0909090909090908
2015-03-31,equal_weight,Consumer Discretionary,0.0909090909090908
2015-03-31,equal_weight,Consumer Staples,0.0909090909090908
2015-03-31,equal_weight,Energy,0.0909090909090908
2015-03-31,equal_weight,Financials,0.0909090909090908
2015-03-31,equal_weight,Health Care,0.0909090909090908
2015-03-31,equal_weight,Industrials,0.0909090909090908
2015-03-31,equal_weight,Information Technology,0.0909090909090908
2015-03-31,equal_weight,Materials,0.0909090909090908
2015-03-31,equal_weight,Real Estate,0.0909090909090908
2015-03-31,equal_weight,Utilities,0.0909090909090908
2015-03-31,ewma,Communication Services,0.2207196168746595
2015-03-31,ewma,Consumer Discretionary,0.016795757916006206
2015-03-31,ewma,Consumer Staples,0.2333173634346702
2015-03-31,ewma,Energy,0.139710910596827
2015-03-31,ewma,Financials,0.1499999999999999
2015-03-31,ewma,Health Care,0.0
2015-03-31,ewma,Industrials,6.008639969585193e-19
2015-03-31,ewma,Information Technology,0.0182539730987146
2015-03-31,ewma,Materials,0.0712023780791224
2015-03-31,ewma,Real Estate,1.6888354660593054e-17
2015-03-31,ewma,Utilities,0.1499999999999999
2015-03-31,ledoit_wolf,Communication Services,0.039124820169517995
2015-03-31,ledoit_wolf,Consumer Discretionary,0.0754790111601871
2015-03-31,ledoit_wolf,Consumer Staples,0.2499999999999999
2015-03-31,ledoit_wolf,Energy,0.1202084278507117
2015-03-31,ledoit_wolf,Financials,0.0264507851899508
2015-03-31,ledoit_wolf,Health Care,0.1317443613109702
2015-03-31,ledoit_wolf,Industrials,0.0105394783462307
2015-03-31,ledoit_wolf,Information Technology,0.1136444738690645
2015-03-31,ledoit_wolf,Materials,0.036191318805419204
2015-03-31,ledoit_wolf,Real Estate,0.0267832216409645
2015-03-31,ledoit_wolf,Utilities,0.1698341016569827
2015-03-31,sample,Communication Services,0.037685193079824104
2015-03-31,sample,Consumer Discretionary,0.0722649679066982
2015-03-31,sample,Consumer Staples,0.2499999999999999
2015-03-31,sample,Energy,0.1249635278981375
2015-03-31,sample,Financials,0.026554782880198004
2015-03-31,sample,Health Care,0.1396461214065416
2015-03-31,sample,Industrials,0.0066796289818567
2015-03-31,sample,Information Technology,0.1172240745702962
2015-03-31,sample,Materials,0.036468422338618904
2015-03-31,sample,Real Estate,0.0236372697307891
2015-03-31,sample,Utilities,0.16487601120703899
2015-04-30,equal_weight,Communication Services,0.0909090909090908
2015-04-30,equal_weight,Consumer Discretionary,0.0909090909090908
2015-04-30,equal_weight,Consumer Staples,0.0909090909090908
2015-04-30,equal_weight,Energy,0.0909090909090908
2015-04-30,equal_weight,Financials,0.0909090909090908
2015-04-30,equal_weight,Health Care,0.0909090909090908
2015-04-30,equal_weight,Industrials,0.0909090909090908
2015-04-30,equal_weight,Information Technology,0.0909090909090908
2015-04-30,equal_weight,Materials,0.0909090909090908
2015-04-30,equal_weight,Real Estate,0.0909090909090908
2015-04-30,equal_weight,Utilities,0.0909090909090908
2015-04-30,ewma,Communication Services,0.05822978803115141
2015-04-30,ewma,Consumer Discretionary,0.02668178116961171
2015-04-30,ewma,Consumer Staples,0.24999999999999992
2015-04-30,ewma,Energy,0.145029015289966
2015-04-30,ewma,Financials,0.15
2015-04-30,ewma,Health Care,0.15
2015-04-30,ewma,Industrials,4.524961570018803e-18
2015-04-30,ewma,Information Technology,0.0
2015-04-30,ewma,Materials,0.0584013706473734
2015-04-30,ewma,Real Estate,0.09158794716072749
2015-04-30,ewma,Utilities,0.0700700977011697
2015-04-30,ledoit_wolf,Communication Services,0.0398512737186032
2015-04-30,ledoit_wolf,Consumer Discretionary,0.06726287153015
2015-04-30,ledoit_wolf,Consumer Staples,0.2499999999999999
2015-04-30,ledoit_wolf,Energy,0.1153273719924713
2015-04-30,ledoit_wolf,Financials,0.0459608045789577
2015-04-30,ledoit_wolf,Health Care,0.13520553282881131
2015-04-30,ledoit_wolf,Industrials,0.005704111113877602
2015-04-30,ledoit_wolf,Information Technology,0.10837232518600201
2015-04-30,ledoit_wolf,Materials,0.0378364677761862
2015-04-30,ledoit_wolf,Real Estate,0.0378881084496568
2015-04-30,ledoit_wolf,Utilities,0.1565911328252835
2015-04-30,sample,Communication Services,0.0387584475282544
2015-04-30,sample,Consumer Discretionary,0.0633107604802049
2015-04-30,sample,Consumer Staples,0.2499999999999999
2015-04-30,sample,Energy,0.1174589526817998
2015-04-30,sample,Financials,0.04820940642033791
2015-04-30,sample,Health Care,0.1477831218396213
2015-04-30,sample,Industrials,0.0013678315991591068
2015-04-30,sample,Information Technology,0.1094798401507549
2015-04-30,sample,Materials,0.038609434272283305
2015-04-30,sample,Real Estate,0.033830561425325305
2015-04-30,sample,Utilities,0.1511916436022586
2015-05-29,equal_weight,Communication Services,0.0909090909090908
2015-05-29,equal_weight,Consumer Discretionary,0.0909090909090908
2015-05-29,equal_weight,Consumer Staples,0.0909090909090908
2015-05-29,equal_weight,Energy,0.0909090909090908
2015-05-29,equal_weight,Financials,0.0909090909090908
2015-05-29,equal_weight,Health Care,0.0909090909090908
2015-05-29,equal_weight,Industrials,0.0909090909090908
2015-05-29,equal_weight,Information Technology,0.0909090909090908
2015-05-29,equal_weight,Materials,0.0909090909090908
2015-05-29,equal_weight,Real Estate,0.0909090909090908
2015-05-29,equal_weight,Utilities,0.0909090909090908
2015-05-29,ewma,Communication Services,4.206326538756236e-18
2015-05-29,ewma,Consumer Discretionary,5.752995884212777e-18
2015-05-29,ewma,Consumer Staples,0.25
2015-05-29,ewma,Energy,0.209271016242449
2015-05-29,ewma,Financials,0.15
2015-05-29,ewma,Health Care,0.0973376346401052
2015-05-29,ewma,Industrials,0.0832421675000373
2015-05-29,ewma,Information Technology,3.5131104644426354e-17
2015-05-29,ewma,Materials,0.0401795496690143
2015-05-29,ewma,Real Estate,0.01996963194839381
2015-05-29,ewma,Utilities,0.15
2015-05-29,ledoit_wolf,Communication Services,0.0412758249243961
2015-05-29,ledoit_wolf,Consumer Discretionary,0.0584444518310958
2015-05-29,ledoit_wolf,Consumer Staples,0.25
2015-05-29,ledoit_wolf,Energy,0.1212849153318271
2015-05-29,ledoit_wolf,Financials,0.049600349405660604
2015-05-29,ledoit_wolf,Health Care,0.1336070879784765
2015-05-29,ledoit_wolf,Industrials,0.0156907065231347
2015-05-29,ledoit_wolf,Information Technology,0.092076524331756
2015-05-29,ledoit_wolf,Materials,0.035449420100669
2015-05-29,ledoit_wolf,Real Estate,0.0418920350668695
2015-05-29,ledoit_wolf,Utilities,0.1606786845061143
2015-05-29,sample,Communication Services,0.0405248049799276
2015-05-29,sample,Consumer Discretionary,0.0530323350209513
2015-05-29,sample,Consumer Staples,0.24999999999999992
2015-05-29,sample,Energy,0.1237748980999035
2015-05-29,sample,Financials,0.048843701253098004
2015-05-29,sample,Health Care,0.1469397142149633
2015-05-29,sample,Industrials,0.012810401845725902
2015-05-29,sample,Information Technology,0.0959278090931163
2015-05-29,sample,Materials,0.0358748178671964
2015-05-29,sample,Real Estate,0.0392647569124511
2015-05-29,sample,Utilities,0.1530067607126659
2015-06-30,equal_weight,Communication Services,0.0909090909090908
2015-06-30,equal_weight,Consumer Discretionary,0.0909090909090908
2015-06-30,equal_weight,Consumer Staples,0.0909090909090908
2015-06-30,equal_weight,Energy,0.0909090909090908
2015-06-30,equal_weight,Financials,0.0909090909090908
2015-06-30,equal_weight,Health Care,0.0909090909090908
2015-06-30,equal_weight,Industrials,0.0909090909090908
2015-06-30,equal_weight,Information Technology,0.0909090909090908
2015-06-30,equal_weight,Materials,0.0909090909090908
2015-06-30,equal_weight,Real Estate,0.0909090909090908
2015-06-30,equal_weight,Utilities,0.0909090909090908
2015-06-30,ewma,Communication Services,0.0
2015-06-30,ewma,Consumer Discretionary,0.0029983848905668
2015-06-30,ewma,Consumer Staples,0.25
2015-06-30,ewma,Energy,0.20176307664506019
2015-06-30,ewma,Financials,0.0582229191124373
2015-06-30,ewma,Health Care,0.0399969031031788
2015-06-30,ewma,Industrials,0.1643990684273515
2015-06-30,ewma,Information Technology,0.0359596590792683
2015-06-30,ewma,Materials,0.0838252789519644
2015-06-30,ewma,Real Estate,5.9292306307801016e-21
2015-06-30,ewma,Utilities,0.16283470979017242
2015-06-30,ledoit_wolf,Communication Services,0.0259679259304158
2015-06-30,ledoit_wolf,Consumer Discretionary,0.0619047311148633
2015-06-30,ledoit_wolf,Consumer Staples,0.2499999999999999
2015-06-30,ledoit_wolf,Energy,0.1217785361328205
2015-06-30,ledoit_wolf,Financials,0.05730827368816431
2015-06-30,ledoit_wolf,Health Care,0.11664565949072721
2015-06-30,ledoit_wolf,Industrials,0.0113675547001416
2015-06-30,ledoit_wolf,Information Technology,0.0882419169726319
2015-06-30,ledoit_wolf,Materials,0.0349103803296495
2015-06-30,ledoit_wolf,Real Estate,0.0761792533822522
2015-06-30,ledoit_wolf,Utilities,0.1556957682583331
2015-06-30,sample,Communication Services,0.0226730968618262
2015-06-30,sample,Consumer Discretionary,0.0602393733167691
2015-06-30,sample,Consumer Staples,0.2499999999999999
2015-06-30,sample,Energy,0.1285745146433832
2015-06-30,sample,Financials,0.0616388891462844
2015-06-30,sample,Health Care,0.1254489004172969
2015-06-30,sample,Industrials,3.879410898424696e-18
2015-06-30,sample,Information Technology,0.0919246755201941
2015-06-30,sample,Materials,0.0349130230417038
2015-06-30,sample,Real Estate,0.074587527052542
2015-06-30,sample,Utilities,0.15
2015-07-31,equal_weight,Communication Services,0.0909090909090908
2015-07-31,equal_weight,Consumer Discretionary,0.0909090909090908
2015-07-31,equal_weight,Consumer Staples,0.0909090909090908
2015-07-31,equal_weight,Energy,0.0909090909090908
2015-07-31,equal_weight,Financials,0.0909090909090908
2015-07-31,equal_weight,Health Care,0.0909090909090908
2015-07-31,equal_weight,Industrials,0.0909090909090908
2015-07-31,equal_weight,Information Technology,0.0909090909090908
2015-07-31,equal_weight,Materials,0.0909090909090908
2015-07-31,equal_weight,Real Estate,0.0909090909090908
2015-07-31,equal_weight,Utilities,0.0909090909090908
2015-07-31,ewma,Communication Services,0.0251067146082734
2015-07-31,ewma,Consumer Discretionary,0.1376787994023938
2015-07-31,ewma,Consumer Staples,0.1771113044617684
2015-07-31,ewma,Energy,0.0454702692489836
2015-07-31,ewma,Financials,0.0932102897671873
2015-07-31,ewma,Health Care,0.15
2015-07-31,ewma,Industrials,7.837148545113462e-18
2015-07-31,ewma,Information Technology,0.0238558104713109
2015-07-31,ewma,Materials,0.0279088989837172
2015-07-31,ewma,Real Estate,0.15
2015-07-31,ewma,Utilities,0.1696579130563648
2015-07-31,ledoit_wolf,Communication Services,0.0221366566514984
2015-07-31,ledoit_wolf,Consumer Discretionary,0.0602383476409087
2015-07-31,ledoit_wolf,Consumer Staples,0.2499999999999999
2015-07-31,ledoit_wolf,Energy,0.1126755894439393
2015-07-31,ledoit_wolf,Financials,0.0612489847885572
2015-07-31,ledoit_wolf,Health Care,0.1265280981683507
2015-07-31,ledoit_wolf,Industrials,0.0046528582069825
2015-07-31,ledoit_wolf,Information Technology,0.0837537806691929
2015-07-31,ledoit_wolf,Materials,0.0368619595939075
2015-07-31,ledoit_wolf,Real Estate,0.08530381029476529
2015-07-31,ledoit_wolf,Utilities,0.1565999145418971
2015-07-31,sample,Communication Services,0.0202704274984927
2015-07-31,sample,Consumer Discretionary,0.05852561189287191
2015-07-31,sample,Consumer Staples,0.25
2015-07-31,sample,Energy,0.1157991184077831
2015-07-31,sample,Financials,0.0621243824274233
2015-07-31,sample,Health Care,0.13606687710137308
2015-07-31,sample,Industrials,4.164013968702141e-18
2015-07-31,sample,Information Technology,0.0858380289306946
2015-07-31,sample,Materials,0.0370944599800888
2015-07-31,sample,Real Estate,0.0829975898784863
2015-07-31,sample,Utilities,0.1512835038827856
2015-08-31,equal_weight,Communication Services,0.0909090909090908
2015-08-31,equal_weight,Consumer Discretionary,0.0909090909090908
2015-08-31,equal_weight,Consumer Staples,0.0909090909090908
2015-08-31,equal_weight,Energy,0.0909090909090908
2015-08-31,equal_weight,Financials,0.0909090909090908
2015-08-31,equal_weight,Health Care,0.0909090909090908
2015-08-31,equal_weight,Industrials,0.0909090909090908
2015-08-31,equal_weight,Information Technology,0.0909090909090908
2015-08-31,equal_weight,Materials,0.0909090909090908
2015-08-31,equal_weight,Real Estate,0.0909090909090908
2015-08-31,equal_weight,Utilities,0.0909090909090908
2015-08-31,ewma,Communication Services,3.607825924646309e-18
2015-08-31,ewma,Consumer Discretionary,0.0033579687100742
2015-08-31,ewma,Consumer Staples,0.2499999999999999
2015-08-31,ewma,Energy,0.0
2015-08-31,ewma,Financials,0.0
2015-08-31,ewma,Health Care,0.15
2015-08-31,ewma,Industrials,0.15
2015-08-31,ewma,Information Technology,0.0
2015-08-31,ewma,Materials,0.1719873177424317
2015-08-31,ewma,Real Estate,0.024654713547494107
2015-08-31,ewma,Utilities,0.25
2015-08-31,ledoit_wolf,Communication Services,0.0096178861454979
2015-08-31,ledoit_wolf,Consumer Discretionary,0.0791072342839765
2015-08-31,ledoit_wolf,Consumer Staples,0.25
2015-08-31,ledoit_wolf,Energy,0.0608252559470421
2015-08-31,ledoit_wolf,Financials,0.0561492562935188
2015-08-31,ledoit_wolf,Health Care,0.1416964681203057
2015-08-31,ledoit_wolf,Industrials,0.0383454347346953
2015-08-31,ledoit_wolf,Information Technology,0.0612620348541928
2015-08-31,ledoit_wolf,Materials,0.038256022395927805
2015-08-31,ledoit_wolf,Real Estate,0.0719293423895901
2015-08-31,ledoit_wolf,Utilities,0.1928110648352526
2015-08-31,sample,Communication Services,0.006815339039101606
2015-08-31,sample,Consumer Discretionary,0.0810498194312716
2015-08-31,sample,Consumer Staples,0.25
2015-08-31,sample,Energy,0.0605129273115927
2015-08-31,sample,Financials,0.0560575241802403
2015-08-31,sample,Health Care,0.1477202858284027
2015-08-31,sample,Industrials,0.0363158207487463
2015-08-31,sample,Information Technology,0.06145910868747092
2015-08-31,sample,Materials,0.0381539122258812
2015-08-31,sample,Real Estate,0.0728344160491876
2015-08-31,sample,Utilities,0.1890808464981047
2015-09-30,equal_weight,Communication Services,0.0909090909090908
2015-09-30,equal_weight,Consumer Discretionary,0.0909090909090908
2015-09-30,equal_weight,Consumer Staples,0.0909090909090908
2015-09-30,equal_weight,Energy,0.0909090909090908
2015-09-30,equal_weight,Financials,0.0909090909090908
2015-09-30,equal_weight,Health Care,0.0909090909090908
2015-09-30,equal_weight,Industrials,0.0909090909090908
2015-09-30,equal_weight,Information Technology,0.0909090909090908
2015-09-30,equal_weight,Materials,0.0909090909090908
2015-09-30,equal_weight,Real Estate,0.0909090909090908
2015-09-30,equal_weight,Utilities,0.0909090909090908
2015-09-30,ewma,Communication Services,0.0179131089185489
2015-09-30,ewma,Consumer Discretionary,2.49553376315654e-17
2015-09-30,ewma,Consumer Staples,0.25
2015-09-30,ewma,Energy,2.9740385569282553e-18
2015-09-30,ewma,Financials,9.604400709798105e-18
2015-09-30,ewma,Health Care,0.15
2015-09-30,ewma,Industrials,0.1132505018173563
2015-09-30,ewma,Information Technology,0.0132165177485401
2015-09-30,ewma,Materials,0.055619871515554704
2015-09-30,ewma,Real Estate,0.14999999999999997
2015-09-30,ewma,Utilities,0.24999999999999992
2015-09-30,ledoit_wolf,Communication Services,0.007430969045462601
2015-09-30,ledoit_wolf,Consumer Discretionary,0.0736059493870921
2015-09-30,ledoit_wolf,Consumer Staples,0.25
2015-09-30,ledoit_wolf,Energy,0.036740028727987
2015-09-30,ledoit_wolf,Financials,0.0465692165095999
2015-09-30,ledoit_wolf,Health Care,0.15
2015-09-30,ledoit_wolf,Industrials,0.0523712676233419
2015-09-30,ledoit_wolf,Information Technology,0.052566984715998404
2015-09-30,ledoit_wolf,Materials,0.0394352701178194
2015-09-30,ledoit_wolf,Real Estate,0.08512975027325781
2015-09-30,ledoit_wolf,Utilities,0.2061505635994404
2015-09-30,sample,Communication Services,0.0053516702945349
2015-09-30,sample,Consumer Discretionary,0.0747374018076713
2015-09-30,sample,Consumer Staples,0.2499999999999999
2015-09-30,sample,Energy,0.03488546666077
2015-09-30,sample,Financials,0.0461870144292533
2015-09-30,sample,Health Care,0.15
2015-09-30,sample,Industrials,0.0528390346803646
2015-09-30,sample,Information Technology,0.05305546206377871
2015-09-30,sample,Materials,0.039181828128865615
2015-09-30,sample,Real Estate,0.0863284895626626
2015-09-30,sample,Utilities,0.2074336323720986
2015-10-30,equal_weight,Communication Services,0.0909090909090908
2015-10-30,equal_weight,Consumer Discretionary,0.0909090909090908
2015-10-30,equal_weight,Consumer Staples,0.0909090909090908
2015-10-30,equal_weight,Energy,0.0909090909090908
2015-10-30,equal_weight,Financials,0.0909090909090908
2015-10-30,equal_weight,Health Care,0.0909090909090908
2015-10-30,equal_weight,Industrials,0.0909090909090908
2015-10-30,equal_weight,Information Technology,0.0909090909090908
2015-10-30,equal_weight,Materials,0.0909090909090908
2015-10-30,equal_weight,Real Estate,0.0909090909090908
2015-10-30,equal_weight,Utilities,0.0909090909090908
2015-10-30,ewma,Communication Services,0.0
2015-10-30,ewma,Consumer Discretionary,0.15
2015-10-30,ewma,Consumer Staples,0.2499999999999999
2015-10-30,ewma,Energy,8.40256683676266e-18
2015-10-30,ewma,Financials,6.342582709040202e-18
2015-10-30,ewma,Health Care,0.25
2015-10-30,ewma,Industrials,0.0621915069742937
2015-10-30,ewma,Information Technology,0.0145716119150585
2015-10-30,ewma,Materials,0.023236881110647704
2015-10-30,ewma,Real Estate,5.610746242612486e-18
2015-10-30,ewma,Utilities,0.2499999999999999
2015-10-30,ledoit_wolf,Communication Services,0.005307759168977903
2015-10-30,ledoit_wolf,Consumer Discretionary,0.0854958565733289
2015-10-30,ledoit_wolf,Consumer Staples,0.25
2015-10-30,ledoit_wolf,Energy,0.022301038202719
2015-10-30,ledoit_wolf,Financials,0.0463585526073365
2015-10-30,ledoit_wolf,Health Care,0.1645466321688444
2015-10-30,ledoit_wolf,Industrials,0.0485111721372271
2015-10-30,ledoit_wolf,Information Technology,0.0480138514136872
2015-10-30,ledoit_wolf,Materials,0.0334649008744719
2015-10-30,ledoit_wolf,Real Estate,0.0827057797442793
2015-10-30,ledoit_wolf,Utilities,0.2132944571091274
2015-10-30,sample,Communication Services,0.0038741076889013
2015-10-30,sample,Consumer Discretionary,0.0891540030736062
2015-10-30,sample,Consumer Staples,0.25
2015-10-30,sample,Energy,0.018968980921437402
2015-10-30,sample,Financials,0.0467260747143388
2015-10-30,sample,Health Care,0.1636731494123874
2015-10-30,sample,Industrials,0.0491577935804439
2015-10-30,sample,Information Technology,0.0473318005267084
2015-10-30,sample,Materials,0.033506708554361
2015-10-30,sample,Real Estate,0.0839362164858156
2015-10-30,sample,Utilities,0.2136711650419996
2015-11-30,equal_weight,Communication Services,0.0909090909090908
2015-11-30,equal_weight,Consumer Discretionary,0.0909090909090908
2015-11-30,equal_weight,Consumer Staples,0.0909090909090908
2015-11-30,equal_weight,Energy,0.0909090909090908
2015-11-30,equal_weight,Financials,0.0909090909090908
2015-11-30,equal_weight,Health Care,0.0909090909090908
2015-11-30,equal_weight,Industrials,0.0909090909090908
2015-11-30,equal_weight,Information Technology,0.0909090909090908
2015-11-30,equal_weight,Materials,0.0909090909090908
2015-11-30,equal_weight,Real Estate,0.0909090909090908
2015-11-30,equal_weight,Utilities,0.0909090909090908
2015-11-30,ewma,Communication Services,0.0
2015-11-30,ewma,Consumer Discretionary,0.15
2015-11-30,ewma,Consumer Staples,0.2230141786326865
2015-11-30,ewma,Energy,3.9101862775810394e-17
2015-11-30,ewma,Financials,0.0195324909992152
2015-11-30,ewma,Health Care,0.2245332309062849
2015-11-30,ewma,Industrials,0.028561807934242702
2015-11-30,ewma,Information Technology,0.0
2015-11-30,ewma,Materials,0.1894256803684306
2015-11-30,ewma,Real Estate,1.2282602641390006e-17
2015-11-30,ewma,Utilities,0.16493261115914
2015-11-30,ledoit_wolf,Communication Services,0.0018519751666607
2015-11-30,ledoit_wolf,Consumer Discretionary,0.0915542612368591
2015-11-30,ledoit_wolf,Consumer Staples,0.25
2015-11-30,ledoit_wolf,Energy,0.0015774611200927006
2015-11-30,ledoit_wolf,Financials,0.06239433567248621
2015-11-30,ledoit_wolf,Health Care,0.1641269427690732
2015-11-30,ledoit_wolf,Industrials,0.0449714209184267
2015-11-30,ledoit_wolf,Information Technology,0.0452565310749087
2015-11-30,ledoit_wolf,Materials,0.036496874822156106
2015-11-30,ledoit_wolf,Real Estate,0.06719545943916651
2015-11-30,ledoit_wolf,Utilities,0.2345747377801696
2015-11-30,sample,Communication Services,0.0
2015-11-30,sample,Consumer Discretionary,0.094097788625259
2015-11-30,sample,Consumer Staples,0.2499999999999999
2015-11-30,sample,Energy,0.0
2015-11-30,sample,Financials,0.0631879902174901
2015-11-30,sample,Health Care,0.1626934001758423
2015-11-30,sample,Industrials,0.0452012952095112
2015-11-30,sample,Information Technology,0.0446662889439266
2015-11-30,sample,Materials,0.0358985625009846
2015-11-30,sample,Real Estate,0.0675059519498444
2015-11-30,sample,Utilities,0.23674872237714129
2015-12-31,equal_weight,Communication Services,0.0909090909090908
2015-12-31,equal_weight,Consumer Discretionary,0.0909090909090908
2015-12-31,equal_weight,Consumer Staples,0.0909090909090908
2015-12-31,equal_weight,Energy,0.0909090909090908
2015-12-31,equal_weight,Financials,0.0909090909090908
2015-12-31,equal_weight,Health Care,0.0909090909090908
2015-12-31,equal_weight,Industrials,0.0909090909090908
2015-12-31,equal_weight,Information Technology,0.0909090909090908
2015-12-31,equal_weight,Materials,0.0909090909090908
2015-12-31,equal_weight,Real Estate,0.0909090909090908
2015-12-31,equal_weight,Utilities,0.0909090909090908
2015-12-31,ewma,Communication Services,0.015312837796970813
2015-12-31,ewma,Consumer Discretionary,0.15
2015-12-31,ewma,Consumer Staples,0.2475667437778668
2015-12-31,ewma,Energy,0.008193667951030013
2015-12-31,ewma,Financials,0.0
2015-12-31,ewma,Health Care,0.2138468690821405
2015-12-31,ewma,Industrials,0.0
2015-12-31,ewma,Information Technology,0.0
2015-12-31,ewma,Materials,0.1014377747183525
2015-12-31,ewma,Real Estate,0.013642106673639411
2015-12-31,ewma,Utilities,0.25
2015-12-31,ledoit_wolf,Communication Services,0.0057555313559925
2015-12-31,ledoit_wolf,Consumer Discretionary,0.1055991596535414
2015-12-31,ledoit_wolf,Consumer Staples,0.2499999999999999
2015-12-31,ledoit_wolf,Energy,0.0115592225192572
2015-12-31,ledoit_wolf,Financials,0.0442283166552993
2015-12-31,ledoit_wolf,Health Care,0.1769335391233959
2015-12-31,ledoit_wolf,Industrials,0.0449039761847019
2015-12-31,ledoit_wolf,Information Technology,0.0334258699706877
2015-12-31,ledoit_wolf,Materials,0.0309322927001806
2015-12-31,ledoit_wolf,Real Estate,0.0701683064791237
2015-12-31,ledoit_wolf,Utilities,0.22649378535781928
2015-12-31,sample,Communication Services,0.0037442084474515
2015-12-31,sample,Consumer Discretionary,0.1112464565034072
2015-12-31,sample,Consumer Staples,0.25
2015-12-31,sample,Energy,0.007790519893197603
2015-12-31,sample,Financials,0.0448722847984184
2015-12-31,sample,Health Care,0.1750014963790628
2015-12-31,sample,Industrials,0.04522007415502982
2015-12-31,sample,Information Technology,0.032271170490227
2015-12-31,sample,Materials,0.0310499241876474
2015-12-31,sample,Real Estate,0.0712751363835316
2015-12-31,sample,Utilities,0.227528728762026
2016-01-29,equal_weight,Communication Services,0.0909090909090908
2016-01-29,equal_weight,Consumer Discretionary,0.0909090909090908
2016-01-29,equal_weight,Consumer Staples,0.0909090909090908
2016-01-29,equal_weight,Energy,0.0909090909090908
2016-01-29,equal_weight,Financials,0.0909090909090908
2016-01-29,equal_weight,Health Care,0.0909090909090908
2016-01-29,equal_weight,Industrials,0.0909090909090908
2016-01-29,equal_weight,Information Technology,0.0909090909090908
2016-01-29,equal_weight,Materials,0.0909090909090908
2016-01-29,equal_weight,Real Estate,0.0909090909090908
2016-01-29,equal_weight,Utilities,0.0909090909090908
2016-01-29,ewma,Communication Services,6.652433607043148e-18
2016-01-29,ewma,Consumer Discretionary,0.132195802344042
2016-01-29,ewma,Consumer Staples,0.25
2016-01-29,ewma,Energy,5.322665892823203e-18
2016-01-29,ewma,Financials,1.7885096705813388e-17
2016-01-29,ewma,Health Care,0.15
2016-01-29,ewma,Industrials,0.049367129654356315
2016-01-29,ewma,Information Technology,2.2855710972536698e-17
2016-01-29,ewma,Materials,0.14370607436579663
2016-01-29,ewma,Real Estate,0.02473099363580491
2016-01-29,ewma,Utilities,0.25
2016-01-29,ledoit_wolf,Communication Services,0.0114618758719722
2016-01-29,ledoit_wolf,Consumer Discretionary,0.1055015434572624
2016-01-29,ledoit_wolf,Consumer Staples,0.25
2016-01-29,ledoit_wolf,Energy,0.0018828780115134
2016-01-29,ledoit_wolf,Financials,0.0245898164885923
2016-01-29,ledoit_wolf,Health Care,0.1912451624027633
2016-01-29,ledoit_wolf,Industrials,0.04983236747809252
2016-01-29,ledoit_wolf,Information Technology,0.0236713005502866
2016-01-29,ledoit_wolf,Materials,0.0387977034682186
2016-01-29,ledoit_wolf,Real Estate,0.05894843062972871
2016-01-29,ledoit_wolf,Utilities,0.2440689216415696
2016-01-29,sample,Communication Services,0.009731082014859104
2016-01-29,sample,Consumer Discretionary,0.1099703070139682
2016-01-29,sample,Consumer Staples,0.25
2016-01-29,sample,Energy,1.2366681029912785e-17
2016-01-29,sample,Financials,0.023072822766107004
2016-01-29,sample,Health Care,0.1907282018697426
2016-01-29,sample,Industrials,0.0501694755060843
2016-01-29,sample,Information Technology,0.0225765879300583
2016-01-29,sample,Materials,0.0386813198829091
2016-01-29,sample,Real Estate,0.0599250073357058
2016-01-29,sample,Utilities,0.2451451956805652
2016-02-29,equal_weight,Communication Services,0.0909090909090908
2016-02-29,equal_weight,Consumer Discretionary,0.0909090909090908
2016-02-29,equal_weight,Consumer Staples,0.0909090909090908
2016-02-29,equal_weight,Energy,0.0909090909090908
2016-02-29,equal_weight,Financials,0.0909090909090908
2016-02-29,equal_weight,Health Care,0.0909090909090908
2016-02-29,equal_weight,Industrials,0.0909090909090908
2016-02-29,equal_weight,Information Technology,0.0909090909090908
2016-02-29,equal_weight,Materials,0.0909090909090908
2016-02-29,equal_weight,Real Estate,0.0909090909090908
2016-02-29,equal_weight,Utilities,0.0909090909090908
2016-02-29,ewma,Communication Services,0.15
2016-02-29,ewma,Consumer Discretionary,0.0322577713302113
2016-02-29,ewma,Consumer Staples,0.2167884570675494
2016-02-29,ewma,Energy,0.0
2016-02-29,ewma,Financials,5.65901757897373e-18
2016-02-29,ewma,Health Care,0.19048956191110528
2016-02-29,ewma,Industrials,0.022920027117436705
2016-02-29,ewma,Information Technology,6.5599464691934914e-18
2016-02-29,ewma,Materials,0.1225815532837546
2016-02-29,ewma,Real Estate,0.07424188660145552
2016-02-29,ewma,Utilities,0.190720742688487
2016-02-29,ledoit_wolf,Communication Services,0.02346008682932341
2016-02-29,ledoit_wolf,Consumer Discretionary,0.10952963079579041
2016-02-29,ledoit_wolf,Consumer Staples,0.25
2016-02-29,ledoit_wolf,Energy,0.0133610868329362
2016-02-29,ledoit_wolf,Financials,0.0099608269657387
2016-02-29,ledoit_wolf,Health Care,0.1915453720817667
2016-02-29,ledoit_wolf,Industrials,0.0340659777843504
2016-02-29,ledoit_wolf,Information Technology,0.020415229320068007
2016-02-29,ledoit_wolf,Materials,0.0426179806112296
2016-02-29,ledoit_wolf,Real Estate,0.06393564101382622
2016-02-29,ledoit_wolf,Utilities,0.24110816776497
2016-02-29,sample,Communication Services,0.022931074514317907
2016-02-29,sample,Consumer Discretionary,0.11376755313448049
2016-02-29,sample,Consumer Staples,0.25
2016-02-29,sample,Energy,0.0105619030513124
2016-02-29,sample,Financials,0.007833835976866602
2016-02-29,sample,Health Care,0.1908343429720387
2016-02-29,sample,Industrials,0.0359632161707909
2016-02-29,sample,Information Technology,0.0195694307483835
2016-02-29,sample,Materials,0.042545323031299
2016-02-29,sample,Real Estate,0.0638908270734315
2016-02-29,sample,Utilities,0.24210249332707878
2016-03-31,equal_weight,Communication Services,0.0909090909090908
2016-03-31,equal_weight,Consumer Discretionary,0.0909090909090908
2016-03-31,equal_weight,Consumer Staples,0.0909090909090908
2016-03-31,equal_weight,Energy,0.0909090909090908
2016-03-31,equal_weight,Financials,0.0909090909090908
2016-03-31,equal_weight,Health Care,0.0909090909090908
2016-03-31,equal_weight,Industrials,0.0909090909090908
2016-03-31,equal_weight,Information Technology,0.0909090909090908
2016-03-31,equal_weight,Materials,0.0909090909090908
2016-03-31,equal_weight,Real Estate,0.0909090909090908
2016-03-31,equal_weight,Utilities,0.0909090909090908
2016-03-31,ewma,Communication Services,1.193644131284354e-17
2016-03-31,ewma,Consumer Discretionary,0.1566985834908367
2016-03-31,ewma,Consumer Staples,0.2499999999999999
2016-03-31,ewma,Energy,0.0586998293230611
2016-03-31,ewma,Financials,0.0
2016-03-31,ewma,Health Care,0.24999999999999992
2016-03-31,ewma,Industrials,1.7838745421664197e-19
2016-03-31,ewma,Information Technology,6.374947359209262e-18
2016-03-31,ewma,Materials,0.034601587186102005
2016-03-31,ewma,Real Estate,9.995987036514538e-18
2016-03-31,ewma,Utilities,0.25
2016-03-31,ledoit_wolf,Communication Services,0.0245918194962875
2016-03-31,ledoit_wolf,Consumer Discretionary,0.1143485682908335
2016-03-31,ledoit_wolf,Consumer Staples,0.2499999999999999
2016-03-31,ledoit_wolf,Energy,0.0233232072860234
2016-03-31,ledoit_wolf,Financials,0.006388157936670816
2016-03-31,ledoit_wolf,Health Care,0.1902251622215678
2016-03-31,ledoit_wolf,Industrials,0.030751992485239608
2016-03-31,ledoit_wolf,Information Technology,0.015399953099803411
2016-03-31,ledoit_wolf,Materials,0.041288062067794014
2016-03-31,ledoit_wolf,Real Estate,0.0546213249842433
2016-03-31,ledoit_wolf,Utilities,0.2490617521315362
2016-03-31,sample,Communication Services,0.024012226299978
2016-03-31,sample,Consumer Discretionary,0.1190518173047314
2016-03-31,sample,Consumer Staples,0.25
2016-03-31,sample,Energy,0.022355478032332503
2016-03-31,sample,Financials,0.004541470755459407
2016-03-31,sample,Health Care,0.18930445228522572
2016-03-31,sample,Industrials,0.03092167489470341
2016-03-31,sample,Information Technology,0.013519528761480002
2016-03-31,sample,Materials,0.0412011828227884
2016-03-31,sample,Real Estate,0.05509216884330052
2016-03-31,sample,Utilities,0.25
2016-04-29,equal_weight,Communication Services,0.0909090909090908
2016-04-29,equal_weight,Consumer Discretionary,0.0909090909090908
2016-04-29,equal_weight,Consumer Staples,0.0909090909090908
2016-04-29,equal_weight,Energy,0.0909090909090908
2016-04-29,equal_weight,Financials,0.0909090909090908
2016-04-29,equal_weight,Health Care,0.0909090909090908
2016-04-29,equal_weight,Industrials,0.0909090909090908
2016-04-29,equal_weight,Information Technology,0.0909090909090908
2016-04-29,equal_weight,Materials,0.0909090909090908
2016-04-29,equal_weight,Real Estate,0.0909090909090908
2016-04-29,equal_weight,Utilities,0.0909090909090908
2016-04-29,ewma,Communication Services,0.0913634611175517
2016-04-29,ewma,Consumer Discretionary,0.09034871295412851
2016-04-29,ewma,Consumer Staples,0.1042609529753348
2016-04-29,ewma,Energy,0.08923507762410891
2016-04-29,ewma,Financials,9.056688030279793e-18
2016-04-29,ewma,Health Care,0.2499999999999999
2016-04-29,ewma,Industrials,0.0826826852307513
2016-04-29,ewma,Information Technology,0.0264708389355695
2016-04-29,ewma,Materials,0.04524067631103
2016-04-29,ewma,Real Estate,5.109726254311568e-19
2016-04-29,ewma,Utilities,0.2203975948515248
2016-04-29,ledoit_wolf,Communication Services,0.0373423074650374
2016-04-29,ledoit_wolf,Consumer Discretionary,0.1055678268434405
2016-04-29,ledoit_wolf,Consumer Staples,0.2499999999999999
2016-04-29,ledoit_wolf,Energy,0.024357368409566003
2016-04-29,ledoit_wolf,Financials,0.009089715876183721
2016-04-29,ledoit_wolf,Health Care,0.1924831196468568
2016-04-29,ledoit_wolf,Industrials,0.0270751788400434
2016-04-29,ledoit_wolf,Information Technology,0.0221658146284634
2016-04-29,ledoit_wolf,Materials,0.0423223176042802
2016-04-29,ledoit_wolf,Real Estate,0.0471346400054933
2016-04-29,ledoit_wolf,Utilities,0.24246171068063488
2016-04-29,sample,Communication Services,0.036682208490439405
2016-04-29,sample,Consumer Discretionary,0.1104212736576842
2016-04-29,sample,Consumer Staples,0.25
2016-04-29,sample,Energy,0.022341479306437602
2016-04-29,sample,Financials,0.007556935875277906
2016-04-29,sample,Health Care,0.1918487038231938
2016-04-29,sample,Industrials,0.0284708531573441
2016-04-29,sample,Information Technology,0.0201199388591573
2016-04-29,sample,Materials,0.0422020515153534
2016-04-29,sample,Real Estate,0.045368181884576406
2016-04-29,sample,Utilities,0.2449883734305354
2016-05-31,equal_weight,Communication Services,0.0909090909090908
2016-05-31,equal_weight,Consumer Discretionary,0.0909090909090908
2016-05-31,equal_weight,Consumer Staples,0.0909090909090908
2016-05-31,equal_weight,Energy,0.0909090909090908
2016-05-31,equal_weight,Financials,0.0909090909090908
2016-05-31,equal_weight,Health Care,0.0909090909090908
2016-05-31,equal_weight,Industrials,0.0909090909090908
2016-05-31,equal_weight,Information Technology,0.0909090909090908
2016-05-31,equal_weight,Materials,0.0909090909090908
2016-05-31,equal_weight,Real Estate,0.0909090909090908
2016-05-31,equal_weight,Utilities,0.0909090909090908
2016-05-31,ewma,Communication Services,0.0559690886596839
2016-05-31,ewma,Consumer Discretionary,2.809269472863613e-17
2016-05-31,ewma,Consumer Staples,0.1181224754285834
2016-05-31,ewma,Energy,0.1438722904791441
2016-05-31,ewma,Financials,0.09318955384890931
2016-05-31,ewma,Health Care,0.2204019586186658
2016-05-31,ewma,Industrials,0.02136604009304481
2016-05-31,ewma,Information Technology,0.0519351652171332
2016-05-31,ewma,Materials,0.0503986492752506
2016-05-31,ewma,Real Estate,2.1582399496039573e-17
2016-05-31,ewma,Utilities,0.2447447783795844
2016-05-31,ledoit_wolf,Communication Services,0.03349518175800251
2016-05-31,ledoit_wolf,Consumer Discretionary,0.09495616073461251
2016-05-31,ledoit_wolf,Consumer Staples,0.24999999999999992
2016-05-31,ledoit_wolf,Energy,0.02232740569597861
2016-05-31,ledoit_wolf,Financials,0.01649722057664762
2016-05-31,ledoit_wolf,Health Care,0.19797440317363868
2016-05-31,ledoit_wolf,Industrials,0.0244883397996874
2016-05-31,ledoit_wolf,Information Technology,0.0225479634660311
2016-05-31,ledoit_wolf,Materials,0.04237394184374921
2016-05-31,ledoit_wolf,Real Estate,0.0455396074454955
2016-05-31,ledoit_wolf,Utilities,0.24979977550615629
2016-05-31,sample,Communication Services,0.0339912128664991
2016-05-31,sample,Consumer Discretionary,0.0987025877676619
2016-05-31,sample,Consumer Staples,0.25
2016-05-31,sample,Energy,0.0204587244607281
2016-05-31,sample,Financials,0.0150292082130984
2016-05-31,sample,Health Care,0.1980016688782937
2016-05-31,sample,Industrials,0.0267094255070061
2016-05-31,sample,Information Technology,0.0210737632246816
2016-05-31,sample,Materials,0.04242586644256711
2016-05-31,sample,Real Estate,0.043607542639463606
2016-05-31,sample,Utilities,0.24999999999999992
2016-06-30,equal_weight,Communication Services,0.0909090909090908
2016-06-30,equal_weight,Consumer Discretionary,0.0909090909090908
2016-06-30,equal_weight,Consumer Staples,0.0909090909090908
2016-06-30,equal_weight,Energy,0.0909090909090908
2016-06-30,equal_weight,Financials,0.0909090909090908
2016-06-30,equal_weight,Health Care,0.0909090909090908
2016-06-30,equal_weight,Industrials,0.0909090909090908
2016-06-30,equal_weight,Information Technology,0.0909090909090908
2016-06-30,equal_weight,Materials,0.0909090909090908
2016-06-30,equal_weight,Real Estate,0.0909090909090908
2016-06-30,equal_weight,Utilities,0.0909090909090908
2016-06-30,ewma,Communication Services,0.008094213053065713
2016-06-30,ewma,Consumer Discretionary,0.1499999999999999
2016-06-30,ewma,Consumer Staples,0.15000000000000002
2016-06-30,ewma,Energy,0.0668720330855025
2016-06-30,ewma,Financials,7.258836519623325e-18
2016-06-30,ewma,Health Care,0.2499999999999998
2016-06-30,ewma,Industrials,0.0
2016-06-30,ewma,Information Technology,6.596444151281201e-17
2016-06-30,ewma,Materials,0.0937400421634445
2016-06-30,ewma,Real Estate,0.03129371169798711
2016-06-30,ewma,Utilities,0.25
2016-06-30,ledoit_wolf,Communication Services,0.0346195352029259
2016-06-30,ledoit_wolf,Consumer Discretionary,0.108494376580327
2016-06-30,ledoit_wolf,Consumer Staples,0.24999999999999992
2016-06-30,ledoit_wolf,Energy,0.0194184609706351
2016-06-30,ledoit_wolf,Financials,0.00975982783099512
2016-06-30,ledoit_wolf,Health Care,0.1960592262325078
2016-06-30,ledoit_wolf,Industrials,0.016326275141181207
2016-06-30,ledoit_wolf,Information Technology,0.020693852870829303
2016-06-30,ledoit_wolf,Materials,0.0547955344518257
2016-06-30,ledoit_wolf,Real Estate,0.03983291071877241
2016-06-30,ledoit_wolf,Utilities,0.2499999999999999
2016-06-30,sample,Communication Services,0.0350345444675128
2016-06-30,sample,Consumer Discretionary,0.1129629165075801
2016-06-30,sample,Consumer Staples,0.25
2016-06-30,sample,Energy,0.0184511708536904
2016-06-30,sample,Financials,0.0089160284666702
2016-06-30,sample,Health Care,0.1960249189280559
2016-06-30,sample,Industrials,0.016126923450412105
2016-06-30,sample,Information Technology,0.0198232564133577
2016-06-30,sample,Materials,0.052675157244049906
2016-06-30,sample,Real Estate,0.039985083668670304
2016-06-30,sample,Utilities,0.25
2016-07-29,equal_weight,Communication Services,0.0909090909090908
2016-07-29,equal_weight,Consumer Discretionary,0.0909090909090908
2016-07-29,equal_weight,Consumer Staples,0.0909090909090908
2016-07-29,equal_weight,Energy,0.0909090909090908
2016-07-29,equal_weight,Financials,0.0909090909090908
2016-07-29,equal_weight,Health Care,0.0909090909090908
2016-07-29,equal_weight,Industrials,0.0909090909090908
2016-07-29,equal_weight,Information Technology,0.0909090909090908
2016-07-29,equal_weight,Materials,0.0909090909090908
2016-07-29,equal_weight,Real Estate,0.0909090909090908
2016-07-29,equal_weight,Utilities,0.0909090909090908
2016-07-29,ewma,Communication Services,3.467752886059106e-18
2016-07-29,ewma,Consumer Discretionary,0.1494211675065286
2016-07-29,ewma,Consumer Staples,0.11357560811163295
2016-07-29,ewma,Energy,3.185352101444522e-17
2016-07-29,ewma,Financials,3.606666289408811e-18
2016-07-29,ewma,Health Care,0.21559117148512708
2016-07-29,ewma,Industrials,0.010625562110983916
2016-07-29,ewma,Information Technology,0.09924262911429049
2016-07-29,ewma,Materials,0.0449033232304909
2016-07-29,ewma,Real Estate,0.1499999999999999
2016-07-29,ewma,Utilities,0.21664053844094572
2016-07-29,ledoit_wolf,Communication Services,0.0369830270307351
2016-07-29,ledoit_wolf,Consumer Discretionary,0.0987027196795902
2016-07-29,ledoit_wolf,Consumer Staples,0.25
2016-07-29,ledoit_wolf,Energy,0.0189467344914536
2016-07-29,ledoit_wolf,Financials,0.0121374591650114
2016-07-29,ledoit_wolf,Health Care,0.1942830936537151
2016-07-29,ledoit_wolf,Industrials,0.0198255994067192
2016-07-29,ledoit_wolf,Information Technology,0.0271100565154567
2016-07-29,ledoit_wolf,Materials,0.0510894370695009
2016-07-29,ledoit_wolf,Real Estate,0.0409218729878175
2016-07-29,ledoit_wolf,Utilities,0.25
2016-07-29,sample,Communication Services,0.0377751992505304
2016-07-29,sample,Consumer Discretionary,0.1020710877959551
2016-07-29,sample,Consumer Staples,0.25
2016-07-29,sample,Energy,0.0178470629594384
2016-07-29,sample,Financials,0.0110662677454067
2016-07-29,sample,Health Care,0.1944721257762073
2016-07-29,sample,Industrials,0.0202553224770723
2016-07-29,sample,Information Technology,0.0271423161229332
2016-07-29,sample,Materials,0.0486251042496717
2016-07-29,sample,Real Estate,0.0407455136227844
2016-07-29,sample,Utilities,0.25
2016-08-31,equal_weight,Communication Services,0.0909090909090908
2016-08-31,equal_weight,Consumer Discretionary,0.0909090909090908
2016-08-31,equal_weight,Consumer Staples,0.0909090909090908
2016-08-31,equal_weight,Energy,0.0909090909090908
2016-08-31,equal_weight,Financials,0.0909090909090908
2016-08-31,equal_weight,Health Care,0.0909090909090908
2016-08-31,equal_weight,Industrials,0.0909090909090908
2016-08-31,equal_weight,Information Technology,0.0909090909090908
2016-08-31,equal_weight,Materials,0.0909090909090908
2016-08-31,equal_weight,Real Estate,0.0909090909090908
2016-08-31,equal_weight,Utilities,0.0909090909090908
2016-08-31,ewma,Communication Services,1.7835125737386548e-17
2016-08-31,ewma,Consumer Discretionary,0.14063979983236768
2016-08-31,ewma,Consumer Staples,0.2211148774785227
2016-08-31,ewma,Energy,0.1167650177532275
2016-08-31,ewma,Financials,0.0571012860210087
2016-08-31,ewma,Health Care,0.2232377025101922
2016-08-31,ewma,Industrials,6.217221832846565e-18
2016-08-31,ewma,Information Technology,0.101598092137788
2016-08-31,ewma,Materials,0.0285159254300996
2016-08-31,ewma,Real Estate,0.0071606088607821
2016-08-31,ewma,Utilities,0.1038666899760111
2016-08-31,ledoit_wolf,Communication Services,0.0360223708680709
2016-08-31,ledoit_wolf,Consumer Discretionary,0.10373156514547939
2016-08-31,ledoit_wolf,Consumer Staples,0.25
2016-08-31,ledoit_wolf,Energy,0.029208710408581
2016-08-31,ledoit_wolf,Financials,0.0148212265887212
2016-08-31,ledoit_wolf,Health Care,0.1938341852339675
2016-08-31,ledoit_wolf,Industrials,0.0196996844431537
2016-08-31,ledoit_wolf,Information Technology,0.0267497752120816
2016-08-31,ledoit_wolf,Materials,0.0471664666685667
2016-08-31,ledoit_wolf,Real Estate,0.0287660154313774
2016-08-31,ledoit_wolf,Utilities,0.2499999999999999
2016-08-31,sample,Communication Services,0.0362924099015343
2016-08-31,sample,Consumer Discretionary,0.10904304551800631
2016-08-31,sample,Consumer Staples,0.25
2016-08-31,sample,Energy,0.0292910709430649
2016-08-31,sample,Financials,0.014087278869675002
2016-08-31,sample,Health Care,0.1939001641888501
2016-08-31,sample,Industrials,0.0202623201497377
2016-08-31,sample,Information Technology,0.0253054414374019
2016-08-31,sample,Materials,0.0446469575433035
2016-08-31,sample,Real Estate,0.027171311448426
2016-08-31,sample,Utilities,0.25
2016-09-30,equal_weight,Communication Services,0.0909090909090908
2016-09-30,equal_weight,Consumer Discretionary,0.0909090909090908
2016-09-30,equal_weight,Consumer Staples,0.0909090909090908
2016-09-30,equal_weight,Energy,0.0909090909090908
2016-09-30,equal_weight,Financials,0.0909090909090908
2016-09-30,equal_weight,Health Care,0.0909090909090908
2016-09-30,equal_weight,Industrials,0.0909090909090908
2016-09-30,equal_weight,Information Technology,0.0909090909090908
2016-09-30,equal_weight,Materials,0.0909090909090908
2016-09-30,equal_weight,Real Estate,0.0909090909090908
2016-09-30,equal_weight,Utilities,0.0909090909090908
2016-09-30,ewma,Communication Services,0.144967399257661
2016-09-30,ewma,Consumer Discretionary,0.0
2016-09-30,ewma,Consumer Staples,0.0557443837687688
2016-09-30,ewma,Energy,0.03142560310346301
2016-09-30,ewma,Financials,0.15
2016-09-30,ewma,Health Care,0.2448617572586684
2016-09-30,ewma,Industrials,1.3408531555035574e-17
2016-09-30,ewma,Information Technology,0.07300085661143862
2016-09-30,ewma,Materials,0.1499999999999999
2016-09-30,ewma,Real Estate,6.1257422745431e-18
2016-09-30,ewma,Utilities,0.1499999999999999
2016-09-30,ledoit_wolf,Communication Services,0.0398126892125225
2016-09-30,ledoit_wolf,Consumer Discretionary,0.1058479698891695
2016-09-30,ledoit_wolf,Consumer Staples,0.25
2016-09-30,ledoit_wolf,Energy,0.0391739666742472
2016-09-30,ledoit_wolf,Financials,0.007409730901275705
2016-09-30,ledoit_wolf,Health Care,0.1986671410649542
2016-09-30,ledoit_wolf,Industrials,0.012996459011714812
2016-09-30,ledoit_wolf,Information Technology,0.0300637064209782
2016-09-30,ledoit_wolf,Materials,0.0619206190936068
2016-09-30,ledoit_wolf,Real Estate,0.0138662804439521
2016-09-30,ledoit_wolf,Utilities,0.2402414372875783
2016-09-30,sample,Communication Services,0.0395475765683101
2016-09-30,sample,Consumer Discretionary,0.1111926275262924
2016-09-30,sample,Consumer Staples,0.2499999999999999
2016-09-30,sample,Energy,0.0392803799681035
2016-09-30,sample,Financials,0.007004219598745404
2016-09-30,sample,Health Care,0.19786677716264459
2016-09-30,sample,Industrials,0.013427113140672114
2016-09-30,sample,Information Technology,0.0281643574362367
2016-09-30,sample,Materials,0.0594581865718193
2016-09-30,sample,Real Estate,0.0104597401798801
2016-09-30,sample,Utilities,0.2435990218472953
2016-10-31,equal_weight,Communication Services,0.0909090909090908
2016-10-31,equal_weight,Consumer Discretionary,0.0909090909090908
2016-10-31,equal_weight,Consumer Staples,0.0909090909090908
2016-10-31,equal_weight,Energy,0.0909090909090908
2016-10-31,equal_weight,Financials,0.0909090909090908
2016-10-31,equal_weight,Health Care,0.0909090909090908
2016-10-31,equal_weight,Industrials,0.0909090909090908
2016-10-31,equal_weight,Information Technology,0.0909090909090908
2016-10-31,equal_weight,Materials,0.0909090909090908
2016-10-31,equal_weight,Real Estate,0.0909090909090908
2016-10-31,equal_weight,Utilities,0.0909090909090908
2016-10-31,ewma,Communication Services,0.0561861391774855
2016-10-31,ewma,Consumer Discretionary,0.0531006130429852
2016-10-31,ewma,Consumer Staples,0.25
2016-10-31,ewma,Energy,0.042858619792974506
2016-10-31,ewma,Financials,0.1499999999999999
2016-10-31,ewma,Health Care,0.15
2016-10-31,ewma,Industrials,0.001553623166356705
2016-10-31,ewma,Information Technology,0.07694343252037932
2016-10-31,ewma,Materials,0.1499999999999999
2016-10-31,ewma,Real Estate,0.0
2016-10-31,ewma,Utilities,0.06935757229981851
2016-10-31,ledoit_wolf,Communication Services,0.0414580174476276
2016-10-31,ledoit_wolf,Consumer Discretionary,0.1107761158670648
2016-10-31,ledoit_wolf,Consumer Staples,0.25
2016-10-31,ledoit_wolf,Energy,0.03805903650901441
2016-10-31,ledoit_wolf,Financials,0.0105484329042363
2016-10-31,ledoit_wolf,Health Care,0.1974219510452968
2016-10-31,ledoit_wolf,Industrials,0.0217956086868488
2016-10-31,ledoit_wolf,Information Technology,0.025482471314459708
2016-10-31,ledoit_wolf,Materials,0.0540845543166514
2016-10-31,ledoit_wolf,Real Estate,0.011858117492118313
2016-10-31,ledoit_wolf,Utilities,0.238515694416681
2016-10-31,sample,Communication Services,0.0423117211789565
2016-10-31,sample,Consumer Discretionary,0.115728472980446
2016-10-31,sample,Consumer Staples,0.25
2016-10-31,sample,Energy,0.038131217879754
2016-10-31,sample,Financials,0.0099911086684837
2016-10-31,sample,Health Care,0.1974211246811728
2016-10-31,sample,Industrials,0.0212315179008478
2016-10-31,sample,Information Technology,0.0244507098008101
2016-10-31,sample,Materials,0.0523928303797188
2016-10-31,sample,Real Estate,0.007793738665012203
2016-10-31,sample,Utilities,0.2405475578647976
2016-11-30,equal_weight,Communication Services,0.0909090909090908
2016-11-30,equal_weight,Consumer Discretionary,0.0909090909090908
2016-11-30,equal_weight,Consumer Staples,0.0909090909090908
2016-11-30,equal_weight,Energy,0.0909090909090908
2016-11-30,equal_weight,Financials,0.0909090909090908
2016-11-30,equal_weight,Health Care,0.0909090909090908
2016-11-30,equal_weight,Industrials,0.0909090909090908
2016-11-30,equal_weight,Information Technology,0.0909090909090908
2016-11-30,equal_weight,Materials,0.0909090909090908
2016-11-30,equal_weight,Real Estate,0.0909090909090908
2016-11-30,equal_weight,Utilities,0.0909090909090908
2016-11-30,ewma,Communication Services,1.5322826015830293e-18
2016-11-30,ewma,Consumer Discretionary,0.11952262252465641
2016-11-30,ewma,Consumer Staples,0.13525416809662438
2016-11-30,ewma,Energy,0.1344639935503724
2016-11-30,ewma,Financials,0.0830553072433611
2016-11-30,ewma,Health Care,0.1947819644199951
2016-11-30,ewma,Industrials,0.0222262296081897
2016-11-30,ewma,Information Technology,0.0861516549951449
2016-11-30,ewma,Materials,0.1284920256407598
2016-11-30,ewma,Real Estate,0.0005576535775722
2016-11-30,ewma,Utilities,0.09549438034332351
2016-11-30,ledoit_wolf,Communication Services,0.029141688168126206
2016-11-30,ledoit_wolf,Consumer Discretionary,0.1179950650250021
2016-11-30,ledoit_wolf,Consumer Staples,0.25
2016-11-30,ledoit_wolf,Energy,0.0375063004714237
2016-11-30,ledoit_wolf,Financials,0.0210867795379617
2016-11-30,ledoit_wolf,Health Care,0.2057747374937212
2016-11-30,ledoit_wolf,Industrials,0.0320500165911154
2016-11-30,ledoit_wolf,Information Technology,0.0159623794322555
2016-11-30,ledoit_wolf,Materials,0.0507442507175974
2016-11-30,ledoit_wolf,Real Estate,0.0
2016-11-30,ledoit_wolf,Utilities,0.2397387825627964
2016-11-30,sample,Communication Services,0.0278100785443446
2016-11-30,sample,Consumer Discretionary,0.1240949952226361
2016-11-30,sample,Consumer Staples,0.25
2016-11-30,sample,Energy,0.0369179329252153
2016-11-30,sample,Financials,0.019974228850080905
2016-11-30,sample,Health Care,0.20579073650815302
2016-11-30,sample,Industrials,0.03260075086502061
2016-11-30,sample,Information Technology,0.013954376970542401
2016-11-30,sample,Materials,0.0478774713058922
2016-11-30,sample,Real Estate,1.8367909461209506e-17
2016-11-30,sample,Utilities,0.2409794288081146
2016-12-30,equal_weight,Communication Services,0.0909090909090908
2016-12-30,equal_weight,Consumer Discretionary,0.0909090909090908
2016-12-30,equal_weight,Consumer Staples,0.0909090909090908
2016-12-30,equal_weight,Energy,0.0909090909090908
2016-12-30,equal_weight,Financials,0.0909090909090908
2016-12-30,equal_weight,Health Care,0.0909090909090908
2016-12-30,equal_weight,Industrials,0.0909090909090908
2016-12-30,equal_weight,Information Technology,0.0909090909090908
2016-12-30,equal_weight,Materials,0.0909090909090908
2016-12-30,equal_weight,Real Estate,0.0909090909090908
2016-12-30,equal_weight,Utilities,0.0909090909090908
2016-12-30,ewma,Communication Services,0.0
2016-12-30,ewma,Consumer Discretionary,0.0217879152230044
2016-12-30,ewma,Consumer Staples,0.12306823475199842
2016-12-30,ewma,Energy,0.15
2016-12-30,ewma,Financials,0.15
2016-12-30,ewma,Health Care,0.25
2016-12-30,ewma,Industrials,1.6263032587282568e-18
2016-12-30,ewma,Information Technology,0.1386823630888421
2016-12-30,ewma,Materials,0.069410865523971
2016-12-30,ewma,Real Estate,0.0970506214121838
2016-12-30,ewma,Utilities,1.8973538018496328e-18
2016-12-30,ledoit_wolf,Communication Services,0.0305276803482719
2016-12-30,ledoit_wolf,Consumer Discretionary,0.0984069519626317
2016-12-30,ledoit_wolf,Consumer Staples,0.25
2016-12-30,ledoit_wolf,Energy,0.0374866327769275
2016-12-30,ledoit_wolf,Financials,0.024773600728522107
2016-12-30,ledoit_wolf,Health Care,0.21406827909309378
2016-12-30,ledoit_wolf,Industrials,0.0254999574863553
2016-12-30,ledoit_wolf,Information Technology,0.0222557554012806
2016-12-30,ledoit_wolf,Materials,0.062224379458910406
2016-12-30,ledoit_wolf,Real Estate,1.7220179817679928e-18
2016-12-30,ledoit_wolf,Utilities,0.2347567627440063
2016-12-30,sample,Communication Services,0.0285911055543596
2016-12-30,sample,Consumer Discretionary,0.103143405947131
2016-12-30,sample,Consumer Staples,0.25
2016-12-30,sample,Energy,0.0373932971515897
2016-12-30,sample,Financials,0.024039960186549903
2016-12-30,sample,Health Care,0.2146804410817056
2016-12-30,sample,Industrials,0.0250080196002462
2016-12-30,sample,Information Technology,0.020814286227049218
2016-12-30,sample,Materials,0.0605652495754114
2016-12-30,sample,Real Estate,7.437796309840011e-18
2016-12-30,sample,Utilities,0.23576423467595659
2017-01-31,equal_weight,Communication Services,0.0909090909090908
2017-01-31,equal_weight,Consumer Discretionary,0.0909090909090908
2017-01-31,equal_weight,Consumer Staples,0.0909090909090908
2017-01-31,equal_weight,Energy,0.0909090909090908
2017-01-31,equal_weight,Financials,0.0909090909090908
2017-01-31,equal_weight,Health Care,0.0909090909090908
2017-01-31,equal_weight,Industrials,0.0909090909090908
2017-01-31,equal_weight,Information Technology,0.0909090909090908
2017-01-31,equal_weight,Materials,0.0909090909090908
2017-01-31,equal_weight,Real Estate,0.0909090909090908
2017-01-31,equal_weight,Utilities,0.0909090909090908
2017-01-31,ewma,Communication Services,0.0
2017-01-31,ewma,Consumer Discretionary,0.1550019617604323
2017-01-31,ewma,Consumer Staples,0.0933773120835126
2017-01-31,ewma,Energy,0.0477906904916945
2017-01-31,ewma,Financials,0.093537943495805
2017-01-31,ewma,Health Care,0.25
2017-01-31,ewma,Industrials,0.019766725021697303
2017-01-31,ewma,Information Technology,0.1125532129380875
2017-01-31,ewma,Materials,0.0508210763040458
2017-01-31,ewma,Real Estate,0.029232460741795103
2017-01-31,ewma,Utilities,0.1479186171629296
2017-01-31,ledoit_wolf,Communication Services,0.0077855805727273
2017-01-31,ledoit_wolf,Consumer Discretionary,0.12040178446154301
2017-01-31,ledoit_wolf,Consumer Staples,0.25
2017-01-31,ledoit_wolf,Energy,0.0345912605900976
2017-01-31,ledoit_wolf,Financials,0.0259404533499255
2017-01-31,ledoit_wolf,Health Care,0.2275999249084782
2017-01-31,ledoit_wolf,Industrials,0.0269630931242053
2017-01-31,ledoit_wolf,Information Technology,0.021661627557174
2017-01-31,ledoit_wolf,Materials,0.061954726505297396
2017-01-31,ledoit_wolf,Real Estate,1.5234681649756644e-18
2017-01-31,ledoit_wolf,Utilities,0.2231015489305514
2017-01-31,sample,Communication Services,0.00560926415724321
2017-01-31,sample,Consumer Discretionary,0.1253754811349665
2017-01-31,sample,Consumer Staples,0.2499999999999999
2017-01-31,sample,Energy,0.033245943867772
2017-01-31,sample,Financials,0.0255650252546394
2017-01-31,sample,Health Care,0.2285373546598649
2017-01-31,sample,Industrials,0.0261872235978924
2017-01-31,sample,Information Technology,0.020804973938238103
2017-01-31,sample,Materials,0.0610383683831113
2017-01-31,sample,Real Estate,1.2950816126163032e-17
2017-01-31,sample,Utilities,0.22363636500627188
2017-02-28,equal_weight,Communication Services,0.0909090909090908
2017-02-28,equal_weight,Consumer Discretionary,0.0909090909090908
2017-02-28,equal_weight,Consumer Staples,0.0909090909090908
2017-02-28,equal_weight,Energy,0.0909090909090908
2017-02-28,equal_weight,Financials,0.0909090909090908
2017-02-28,equal_weight,Health Care,0.0909090909090908
2017-02-28,equal_weight,Industrials,0.0909090909090908
2017-02-28,equal_weight,Information Technology,0.0909090909090908
2017-02-28,equal_weight,Materials,0.0909090909090908
2017-02-28,equal_weight,Real Estate,0.0909090909090908
2017-02-28,equal_weight,Utilities,0.0909090909090908
2017-02-28,ewma,Communication Services,0.1115972636813198
2017-02-28,ewma,Consumer Discretionary,0.0901764693702088
2017-02-28,ewma,Consumer Staples,0.2004211936021728
2017-02-28,ewma,Energy,0.1505704632150332
2017-02-28,ewma,Financials,0.0088419914722912
2017-02-28,ewma,Health Care,0.13753216450649602
2017-02-28,ewma,Industrials,0.0668902726050726
2017-02-28,ewma,Information Technology,0.1491783845292341
2017-02-28,ewma,Materials,0.0242897410836884
2017-02-28,ewma,Real Estate,8.736297817980854e-18
2017-02-28,ewma,Utilities,0.060502055934482296
2017-02-28,ledoit_wolf,Communication Services,0.0023063795614236045
2017-02-28,ledoit_wolf,Consumer Discretionary,0.125084949155237
2017-02-28,ledoit_wolf,Consumer Staples,0.25
2017-02-28,ledoit_wolf,Energy,0.03239644993870841
2017-02-28,ledoit_wolf,Financials,0.020575457926019402
2017-02-28,ledoit_wolf,Health Care,0.2280309588123014
2017-02-28,ledoit_wolf,Industrials,0.0362844503072718
2017-02-28,ledoit_wolf,Information Technology,0.0246845305504691
2017-02-28,ledoit_wolf,Materials,0.050615575711599095
2017-02-28,ledoit_wolf,Real Estate,1.4704491964334654e-18
2017-02-28,ledoit_wolf,Utilities,0.23002124803696988
2017-02-28,sample,Communication Services,6.782192808665183e-18
2017-02-28,sample,Consumer Discretionary,0.1309428790562511
2017-02-28,sample,Consumer Staples,0.25
2017-02-28,sample,Energy,0.03010415728651981
2017-02-28,sample,Financials,0.020203887735466906
2017-02-28,sample,Health Care,0.2290509072125557
2017-02-28,sample,Industrials,0.0358553792847191
2017-02-28,sample,Information Technology,0.022632239170692407
2017-02-28,sample,Materials,0.048748114750988
2017-02-28,sample,Real Estate,3.6557942003495595e-18
2017-02-28,sample,Utilities,0.2324624355028066
2017-03-31,equal_weight,Communication Services,0.0909090909090908
2017-03-31,equal_weight,Consumer Discretionary,0.0909090909090908
2017-03-31,equal_weight,Consumer Staples,0.0909090909090908
2017-03-31,equal_weight,Energy,0.0909090909090908
2017-03-31,equal_weight,Financials,0.0909090909090908
2017-03-31,equal_weight,Health Care,0.0909090909090908
2017-03-31,equal_weight,Industrials,0.0909090909090908
2017-03-31,equal_weight,Information Technology,0.0909090909090908
2017-03-31,equal_weight,Materials,0.0909090909090908
2017-03-31,equal_weight,Real Estate,0.0909090909090908
2017-03-31,equal_weight,Utilities,0.0909090909090908
2017-03-31,ewma,Communication Services,0.0850924704287418
2017-03-31,ewma,Consumer Discretionary,0.2211699503475716
2017-03-31,ewma,Consumer Staples,0.2499999999999999
2017-03-31,ewma,Energy,0.033225256057838805
2017-03-31,ewma,Financials,2.0885313289461024e-18
2017-03-31,ewma,Health Care,0.0969605863742532
2017-03-31,ewma,Industrials,0.0
2017-03-31,ewma,Information Technology,0.13615846800034181
2017-03-31,ewma,Materials,8.900177879834959e-19
2017-03-31,ewma,Real Estate,0.04071190619252181
2017-03-31,ewma,Utilities,0.1366813625987307
2017-03-31,ledoit_wolf,Communication Services,0.0015245396461951
2017-03-31,ledoit_wolf,Consumer Discretionary,0.1350801570192527
2017-03-31,ledoit_wolf,Consumer Staples,0.2499999999999999
2017-03-31,ledoit_wolf,Energy,0.025831853653158
2017-03-31,ledoit_wolf,Financials,0.0070748510910768015
2017-03-31,ledoit_wolf,Health Care,0.2319733389202383
2017-03-31,ledoit_wolf,Industrials,0.0504853023793193
2017-03-31,ledoit_wolf,Information Technology,0.018620063918785203
2017-03-31,ledoit_wolf,Materials,0.0430193512014004
2017-03-31,ledoit_wolf,Real Estate,9.374735667083983e-18
2017-03-31,ledoit_wolf,Utilities,0.23639054217057343
2017-03-31,sample,Communication Services,7.04731412115578e-19
2017-03-31,sample,Consumer Discretionary,0.1430128609496663
2017-03-31,sample,Consumer Staples,0.25
2017-03-31,sample,Energy,0.0230389885382166
2017-03-31,sample,Financials,0.0066863530754432
2017-03-31,sample,Health Care,0.2322056863143859
2017-03-31,sample,Industrials,0.0504899899687998
2017-03-31,sample,Information Technology,0.016143214386326404
2017-03-31,sample,Materials,0.037565009716553896
2017-03-31,sample,Real Estate,1.5285133049677477e-17
2017-03-31,sample,Utilities,0.2408578970506074
2017-04-28,equal_weight,Communication Services,0.0909090909090908
2017-04-28,equal_weight,Consumer Discretionary,0.0909090909090908
2017-04-28,equal_weight,Consumer Staples,0.0909090909090908
2017-04-28,equal_weight,Energy,0.0909090909090908
2017-04-28,equal_weight,Financials,0.0909090909090908
2017-04-28,equal_weight,Health Care,0.0909090909090908
2017-04-28,equal_weight,Industrials,0.0909090909090908
2017-04-28,equal_weight,Information Technology,0.0909090909090908
2017-04-28,equal_weight,Materials,0.0909090909090908
2017-04-28,equal_weight,Real Estate,0.0909090909090908
2017-04-28,equal_weight,Utilities,0.0909090909090908
2017-04-28,ewma,Communication Services,0.102305324210031
2017-04-28,ewma,Consumer Discretionary,0.0726075718197961
2017-04-28,ewma,Consumer Staples,0.18197547365132238
2017-04-28,ewma,Energy,0.0775705932727259
2017-04-28,ewma,Financials,2.1175823681357512e-18
2017-04-28,ewma,Health Care,0.19244186250930762
2017-04-28,ewma,Industrials,2.879912020664621e-18
2017-04-28,ewma,Information Technology,0.042035031446436805
2017-04-28,ewma,Materials,0.0063213691121448016
2017-04-28,ewma,Real Estate,0.1104897855555531
2017-04-28,ewma,Utilities,0.2142529884226818
2017-04-28,ledoit_wolf,Communication Services,0.0004694184701471103
2017-04-28,ledoit_wolf,Consumer Discretionary,0.1390978333236497
2017-04-28,ledoit_wolf,Consumer Staples,0.25
2017-04-28,ledoit_wolf,Energy,0.0251708877550569
2017-04-28,ledoit_wolf,Financials,0.0012400061390260022
2017-04-28,ledoit_wolf,Health Care,0.23863608034122008
2017-04-28,ledoit_wolf,Industrials,0.04849087365775
2017-04-28,ledoit_wolf,Information Technology,0.0200199977229415
2017-04-28,ledoit_wolf,Materials,0.0384718755384728
2017-04-28,ledoit_wolf,Real Estate,3.4322304418336288e-18
2017-04-28,ledoit_wolf,Utilities,0.23840302705173533
2017-04-28,sample,Communication Services,0.0
2017-04-28,sample,Consumer Discretionary,0.1464440560305003
2017-04-28,sample,Consumer Staples,0.25
2017-04-28,sample,Energy,0.0227600932463236
2017-04-28,sample,Financials,0.0002489589832567
2017-04-28,sample,Health Care,0.2393985478325451
2017-04-28,sample,Industrials,0.0483654035488027
2017-04-28,sample,Information Technology,0.0175736617741128
2017-04-28,sample,Materials,0.0334527863937883
2017-04-28,sample,Real Estate,2.8115141101738364e-18
2017-04-28,sample,Utilities,0.2417564921906701
2017-05-31,equal_weight,Communication Services,0.0909090909090908
2017-05-31,equal_weight,Consumer Discretionary,0.0909090909090908
2017-05-31,equal_weight,Consumer Staples,0.0909090909090908
2017-05-31,equal_weight,Energy,0.0909090909090908
2017-05-31,equal_weight,Financials,0.0909090909090908
2017-05-31,equal_weight,Health Care,0.0909090909090908
2017-05-31,equal_weight,Industrials,0.0909090909090908
2017-05-31,equal_weight,Information Technology,0.0909090909090908
2017-05-31,equal_weight,Materials,0.0909090909090908
2017-05-31,equal_weight,Real Estate,0.0909090909090908
2017-05-31,equal_weight,Utilities,0.0909090909090908
2017-05-31,ewma,Communication Services,1.8604390472171066e-17
2017-05-31,ewma,Consumer Discretionary,0.1016711833376466
2017-05-31,ewma,Consumer Staples,0.25
2017-05-31,ewma,Energy,0.15
2017-05-31,ewma,Financials,0.0
2017-05-31,ewma,Health Care,0.1121874330138709
2017-05-31,ewma,Industrials,1.8746956705105802e-18
2017-05-31,ewma,Information Technology,0.06918810734608889
2017-05-31,ewma,Materials,0.0322286788424636
2017-05-31,ewma,Real Estate,0.05046445966838
2017-05-31,ewma,Utilities,0.2342601377915498
2017-05-31,ledoit_wolf,Communication Services,0.0
2017-05-31,ledoit_wolf,Consumer Discretionary,0.1420164625205155
2017-05-31,ledoit_wolf,Consumer Staples,0.2499999999999999
2017-05-31,ledoit_wolf,Energy,0.023075681751645
2017-05-31,ledoit_wolf,Financials,0.0
2017-05-31,ledoit_wolf,Health Care,0.23455179385144181
2017-05-31,ledoit_wolf,Industrials,0.0312015133183251
2017-05-31,ledoit_wolf,Information Technology,0.0287201968221998
2017-05-31,ledoit_wolf,Materials,0.058207846056945
2017-05-31,ledoit_wolf,Real Estate,0.0
2017-05-31,ledoit_wolf,Utilities,0.2322265056789274
2017-05-31,sample,Communication Services,1.6046192152785466e-17
2017-05-31,sample,Consumer Discretionary,0.1488103962825553
2017-05-31,sample,Consumer Staples,0.2499999999999999
2017-05-31,sample,Energy,0.0228745411524828
2017-05-31,sample,Financials,0.0
2017-05-31,sample,Health Care,0.2356707488597502
2017-05-31,sample,Industrials,0.027968034926804202
2017-05-31,sample,Information Technology,0.028304088546107803
2017-05-31,sample,Materials,0.0528902030159444
2017-05-31,sample,Real Estate,8.375461782450522e-18
2017-05-31,sample,Utilities,0.2334819872163551
2017-06-30,equal_weight,Communication Services,0.0909090909090908
2017-06-30,equal_weight,Consumer Discretionary,0.0909090909090908
2017-06-30,equal_weight,Consumer Staples,0.0909090909090908
2017-06-30,equal_weight,Energy,0.0909090909090908
2017-06-30,equal_weight,Financials,0.0909090909090908
2017-06-30,equal_weight,Health Care,0.0909090909090908
2017-06-30,equal_weight,Industrials,0.0909090909090908
2017-06-30,equal_weight,Information Technology,0.0909090909090908
2017-06-30,equal_weight,Materials,0.0909090909090908
2017-06-30,equal_weight,Real Estate,0.0909090909090908
2017-06-30,equal_weight,Utilities,0.0909090909090908
2017-06-30,ewma,Communication Services,0.017086580686645703
2017-06-30,ewma,Consumer Discretionary,0.0288151571557797
2017-06-30,ewma,Consumer Staples,0.1488743099133265
2017-06-30,ewma,Energy,0.0582775036668389
2017-06-30,ewma,Financials,0.1824321220326283
2017-06-30,ewma,Health Care,0.20923571308710148
2017-06-30,ewma,Industrials,3.825385926547924e-18
2017-06-30,ewma,Information Technology,8.656372330079718e-19
2017-06-30,ewma,Materials,0.0330775119886405
2017-06-30,ewma,Real Estate,0.1207387190937556
2017-06-30,ewma,Utilities,0.2014623823752827
2017-06-30,ledoit_wolf,Communication Services,1.2468324983583301e-18
2017-06-30,ledoit_wolf,Consumer Discretionary,0.1385964280176724
2017-06-30,ledoit_wolf,Consumer Staples,0.2499999999999999
2017-06-30,ledoit_wolf,Energy,0.0225915536109591
2017-06-30,ledoit_wolf,Financials,0.0
2017-06-30,ledoit_wolf,Health Care,0.237228894607648
2017-06-30,ledoit_wolf,Industrials,0.0285843312858172
2017-06-30,ledoit_wolf,Information Technology,0.026369009244189317
2017-06-30,ledoit_wolf,Materials,0.0634900620172798
2017-06-30,ledoit_wolf,Real Estate,2.9688504801263227e-19
2017-06-30,ledoit_wolf,Utilities,0.23313972121643378
2017-06-30,sample,Communication Services,5.000882520589389e-18
2017-06-30,sample,Consumer Discretionary,0.1452078035028708
2017-06-30,sample,Consumer Staples,0.2499999999999999
2017-06-30,sample,Energy,0.0216020697221548
2017-06-30,sample,Financials,1.009663273127126e-17
2017-06-30,sample,Health Care,0.23671966792762278
2017-06-30,sample,Industrials,0.0270445062183725
2017-06-30,sample,Information Technology,0.0253504575493681
2017-06-30,sample,Materials,0.059347716804417104
2017-06-30,sample,Real Estate,3.953949797783074e-18
2017-06-30,sample,Utilities,0.2347277782751933
2017-07-31,equal_weight,Communication Services,0.0909090909090908
2017-07-31,equal_weight,Consumer Discretionary,0.0909090909090908
2017-07-31,equal_weight,Consumer Staples,0.0909090909090908
2017-07-31,equal_weight,Energy,0.0909090909090908
2017-07-31,equal_weight,Financials,0.0909090909090908
2017-07-31,equal_weight,Health Care,0.0909090909090908
2017-07-31,equal_weight,Industrials,0.0909090909090908
2017-07-31,equal_weight,Information Technology,0.0909090909090908
2017-07-31,equal_weight,Materials,0.0909090909090908
2017-07-31,equal_weight,Real Estate,0.0909090909090908
2017-07-31,equal_weight,Utilities,0.0909090909090908
2017-07-31,ewma,Communication Services,0.0875016455769193
2017-07-31,ewma,Consumer Discretionary,0.0411236627707412
2017-07-31,ewma,Consumer Staples,0.2084344753068098
2017-07-31,ewma,Energy,0.09301952776714689
2017-07-31,ewma,Financials,0.2041755911798831
2017-07-31,ewma,Health Care,0.03105375359968981
2017-07-31,ewma,Industrials,1.5072951296390276e-18
2017-07-31,ewma,Information Technology,0.013068639799482
2017-07-31,ewma,Materials,3.519421895841618e-18
2017-07-31,ewma,Real Estate,0.0716227039993275
2017-07-31,ewma,Utilities,0.2499999999999998
2017-07-31,ledoit_wolf,Communication Services,0.0
2017-07-31,ledoit_wolf,Consumer Discretionary,0.1268632031681702
2017-07-31,ledoit_wolf,Consumer Staples,0.2499999999999999
2017-07-31,ledoit_wolf,Energy,0.0227790012172187
2017-07-31,ledoit_wolf,Financials,0.0
2017-07-31,ledoit_wolf,Health Care,0.2362183572383928
2017-07-31,ledoit_wolf,Industrials,0.0339527283750765
2017-07-31,ledoit_wolf,Information Technology,0.029418398941647002
2017-07-31,ledoit_wolf,Materials,0.0667752830737524
2017-07-31,ledoit_wolf,Real Estate,7.193003788083518e-18
2017-07-31,ledoit_wolf,Utilities,0.2339930279857419
2017-07-31,sample,Communication Services,5.632769099241097e-18
2017-07-31,sample,Consumer Discretionary,0.1308993730125991
2017-07-31,sample,Consumer Staples,0.25
2017-07-31,sample,Energy,0.0200297676846938
2017-07-31,sample,Financials,2.555498401866224e-18
2017-07-31,sample,Health Care,0.2370896607224946
2017-07-31,sample,Industrials,0.0318154239895523
2017-07-31,sample,Information Technology,0.0277680267209722
2017-07-31,sample,Materials,0.0652013536946732
2017-07-31,sample,Real Estate,7.187921590399993e-18
2017-07-31,sample,Utilities,0.23719639417501442
2017-08-31,equal_weight,Communication Services,0.0909090909090908
2017-08-31,equal_weight,Consumer Discretionary,0.0909090909090908
2017-08-31,equal_weight,Consumer Staples,0.0909090909090908
2017-08-31,equal_weight,Energy,0.0909090909090908
2017-08-31,equal_weight,Financials,0.0909090909090908
2017-08-31,equal_weight,Health Care,0.0909090909090908
2017-08-31,equal_weight,Industrials,0.0909090909090908
2017-08-31,equal_weight,Information Technology,0.0909090909090908
2017-08-31,equal_weight,Materials,0.0909090909090908
2017-08-31,equal_weight,Real Estate,0.0909090909090908
2017-08-31,equal_weight,Utilities,0.0909090909090908
2017-08-31,ewma,Communication Services,0.0359776268358932
2017-08-31,ewma,Consumer Discretionary,0.0476313682399708
2017-08-31,ewma,Consumer Staples,0.25
2017-08-31,ewma,Energy,0.1493746103345219
2017-08-31,ewma,Financials,0.072027263836288
2017-08-31,ewma,Health Care,0.10980538241518839
2017-08-31,ewma,Industrials,0.0070302094263303
2017-08-31,ewma,Information Technology,1.0640782675835379e-17
2017-08-31,ewma,Materials,0.03832163667359851
2017-08-31,ewma,Real Estate,0.0398319022382084
2017-08-31,ewma,Utilities,0.2499999999999999
2017-08-31,ledoit_wolf,Communication Services,0.0070895074528519
2017-08-31,ledoit_wolf,Consumer Discretionary,0.1200425122841827
2017-08-31,ledoit_wolf,Consumer Staples,0.2499999999999999
2017-08-31,ledoit_wolf,Energy,0.0533853228729806
2017-08-31,ledoit_wolf,Financials,0.0041076676324833
2017-08-31,ledoit_wolf,Health Care,0.2497792774050348
2017-08-31,ledoit_wolf,Industrials,0.0287273061149717
2017-08-31,ledoit_wolf,Information Technology,0.04024608184660681
2017-08-31,ledoit_wolf,Materials,0.032999312760267796
2017-08-31,ledoit_wolf,Real Estate,8.131516293641283e-18
2017-08-31,ledoit_wolf,Utilities,0.21362301163062
2017-08-31,sample,Communication Services,0.0037377772099878026
2017-08-31,sample,Consumer Discretionary,0.1259224087238051
2017-08-31,sample,Consumer Staples,0.2499999999999998
2017-08-31,sample,Energy,0.0519379076565617
2017-08-31,sample,Financials,0.0053996209302351
2017-08-31,sample,Health Care,0.25
2017-08-31,sample,Industrials,0.02650043476470919
2017-08-31,sample,Information Technology,0.0420004173932481
2017-08-31,sample,Materials,0.0246732208849311
2017-08-31,sample,Real Estate,8.515222218747481e-18
2017-08-31,sample,Utilities,0.2198282124365214
2017-09-29,equal_weight,Communication Services,0.0909090909090908
2017-09-29,equal_weight,Consumer Discretionary,0.0909090909090908
2017-09-29,equal_weight,Consumer Staples,0.0909090909090908
2017-09-29,equal_weight,Energy,0.0909090909090908
2017-09-29,equal_weight,Financials,0.0909090909090908
2017-09-29,equal_weight,Health Care,0.0909090909090908
2017-09-29,equal_weight,Industrials,0.0909090909090908
2017-09-29,equal_weight,Information Technology,0.0909090909090908
2017-09-29,equal_weight,Materials,0.0909090909090908
2017-09-29,equal_weight,Real Estate,0.0909090909090908
2017-09-29,equal_weight,Utilities,0.0909090909090908
2017-09-29,ewma,Communication Services,0.0990149826500466
2017-09-29,ewma,Consumer Discretionary,0.1056856579885971
2017-09-29,ewma,Consumer Staples,0.1267976132397189
2017-09-29,ewma,Energy,0.1075442486206026
2017-09-29,ewma,Financials,0.1370772149185994
2017-09-29,ewma,Health Care,0.0961337086120771
2017-09-29,ewma,Industrials,0.0683473768110632
2017-09-29,ewma,Information Technology,0.0060848268086132
2017-09-29,ewma,Materials,0.0395714003656126
2017-09-29,ewma,Real Estate,0.0
2017-09-29,ewma,Utilities,0.21374296998506898
2017-09-29,ledoit_wolf,Communication Services,0.0179529302500406
2017-09-29,ledoit_wolf,Consumer Discretionary,0.1303215538816565
2017-09-29,ledoit_wolf,Consumer Staples,0.25
2017-09-29,ledoit_wolf,Energy,0.0505586949174341
2017-09-29,ledoit_wolf,Financials,0.0027896681398273
2017-09-29,ledoit_wolf,Health Care,0.2499999999999999
2017-09-29,ledoit_wolf,Industrials,0.035293682394846
2017-09-29,ledoit_wolf,Information Technology,0.0344953627691427
2017-09-29,ledoit_wolf,Materials,0.0391105114266213
2017-09-29,ledoit_wolf,Real Estate,3.513810302566058e-18
2017-09-29,ledoit_wolf,Utilities,0.1894775962204311
2017-09-29,sample,Communication Services,0.0131556217148497
2017-09-29,sample,Consumer Discretionary,0.1384248346723317
2017-09-29,sample,Consumer Staples,0.24999999999999992
2017-09-29,sample,Energy,0.0499853065055196
2017-09-29,sample,Financials,0.002387363232046805
2017-09-29,sample,Health Care,0.25
2017-09-29,sample,Industrials,0.0345849310192117
2017-09-29,sample,Information Technology,0.0352132241433696
2017-09-29,sample,Materials,0.0330412012789085
2017-09-29,sample,Real Estate,1.2146452463626669e-18
2017-09-29,sample,Utilities,0.19320751743376202
2017-10-31,equal_weight,Communication Services,0.0909090909090908
2017-10-31,equal_weight,Consumer Discretionary,0.0909090909090908
2017-10-31,equal_weight,Consumer Staples,0.0909090909090908
2017-10-31,equal_weight,Energy,0.0909090909090908
2017-10-31,equal_weight,Financials,0.0909090909090908
2017-10-31,equal_weight,Health Care,0.0909090909090908
2017-10-31,equal_weight,Industrials,0.0909090909090908
2017-10-31,equal_weight,Information Technology,0.0909090909090908
2017-10-31,equal_weight,Materials,0.0909090909090908
2017-10-31,equal_weight,Real Estate,0.0909090909090908
2017-10-31,equal_weight,Utilities,0.0909090909090908
2017-10-31,ewma,Communication Services,0.047510553067377406
2017-10-31,ewma,Consumer Discretionary,0.15
2017-10-31,ewma,Consumer Staples,0.06553666260968312
2017-10-31,ewma,Energy,0.1673312607499344
2017-10-31,ewma,Financials,0.1318110166388074
2017-10-31,ewma,Health Care,0.0488029357930116
2017-10-31,ewma,Industrials,4.419817918772939e-18
2017-10-31,ewma,Information Technology,0.0052057369528738
2017-10-31,ewma,Materials,0.0578221835876301
2017-10-31,ewma,Real Estate,0.1467171786775779
2017-10-31,ewma,Utilities,0.1792624719231034
2017-10-31,ledoit_wolf,Communication Services,0.028438410474720302
2017-10-31,ledoit_wolf,Consumer Discretionary,0.1270017078887645
2017-10-31,ledoit_wolf,Consumer Staples,0.24999999999999992
2017-10-31,ledoit_wolf,Energy,0.0579693233267848
2017-10-31,ledoit_wolf,Financials,0.005393304023167
2017-10-31,ledoit_wolf,Health Care,0.2273001209935655
2017-10-31,ledoit_wolf,Industrials,0.0448377734029409
2017-10-31,ledoit_wolf,Information Technology,0.0326102436099893
2017-10-31,ledoit_wolf,Materials,0.0383658713761639
2017-10-31,ledoit_wolf,Real Estate,6.64751457005175e-18
2017-10-31,ledoit_wolf,Utilities,0.1880832449039032
2017-10-31,sample,Communication Services,0.0249204197238967
2017-10-31,sample,Consumer Discretionary,0.1341421014245434
2017-10-31,sample,Consumer Staples,0.24999999999999992
2017-10-31,sample,Energy,0.0564269878534535
2017-10-31,sample,Financials,0.0038428855521785
2017-10-31,sample,Health Care,0.2281807127256515
2017-10-31,sample,Industrials,0.0470483821809623
2017-10-31,sample,Information Technology,0.0317685339496345
2017-10-31,sample,Materials,0.0325827488715035
2017-10-31,sample,Real Estate,2.1336759941335826e-18
2017-10-31,sample,Utilities,0.1910872277181758
2017-11-30,equal_weight,Communication Services,0.0909090909090908
2017-11-30,equal_weight,Consumer Discretionary,0.0909090909090908
2017-11-30,equal_weight,Consumer Staples,0.0909090909090908
2017-11-30,equal_weight,Energy,0.0909090909090908
2017-11-30,equal_weight,Financials,0.0909090909090908
2017-11-30,equal_weight,Health Care,0.0909090909090908
2017-11-30,equal_weight,Industrials,0.0909090909090908
2017-11-30,equal_weight,Information Technology,0.0909090909090908
2017-11-30,equal_weight,Materials,0.0909090909090908
2017-11-30,equal_weight,Real Estate,0.0909090909090908
2017-11-30,equal_weight,Utilities,0.0909090909090908
2017-11-30,ewma,Communication Services,0.1285140521501834
2017-11-30,ewma,Consumer Discretionary,4.947655510132433e-18
2017-11-30,ewma,Consumer Staples,0.1020504872374128
2017-11-30,ewma,Energy,0.2499999999999999
2017-11-30,ewma,Financials,0.1094406632194812
2017-11-30,ewma,Health Care,0.028701112520426807
2017-11-30,ewma,Industrials,0.0
2017-11-30,ewma,Information Technology,2.8990201643172063e-18
2017-11-30,ewma,Materials,0.1299910691810096
2017-11-30,ewma,Real Estate,0.0292757216396626
2017-11-30,ewma,Utilities,0.2220268940518233
2017-11-30,ledoit_wolf,Communication Services,0.037699554351165905
2017-11-30,ledoit_wolf,Consumer Discretionary,0.1177216544223825
2017-11-30,ledoit_wolf,Consumer Staples,0.2499999999999999
2017-11-30,ledoit_wolf,Energy,0.072859742868088
2017-11-30,ledoit_wolf,Financials,0.0066387212177088
2017-11-30,ledoit_wolf,Health Care,0.23676635053139328
2017-11-30,ledoit_wolf,Industrials,0.0395704422422985
2017-11-30,ledoit_wolf,Information Technology,0.0322844935577636
2017-11-30,ledoit_wolf,Materials,0.0229245792874125
2017-11-30,ledoit_wolf,Real Estate,5.282097459077817e-18
2017-11-30,ledoit_wolf,Utilities,0.1835344615217863
2017-11-30,sample,Communication Services,0.0356402107144523
2017-11-30,sample,Consumer Discretionary,0.1255388090730577
2017-11-30,sample,Consumer Staples,0.2499999999999999
2017-11-30,sample,Energy,0.0753075212798309
2017-11-30,sample,Financials,0.002435335470366511
2017-11-30,sample,Health Care,0.23888603692268529
2017-11-30,sample,Industrials,0.0388948011302354
2017-11-30,sample,Information Technology,0.0318705615018116
2017-11-30,sample,Materials,0.0222401847801882
2017-11-30,sample,Real Estate,5.5268899808343105e-18
2017-11-30,sample,Utilities,0.17918653912737179
2017-12-29,equal_weight,Communication Services,0.0909090909090908
2017-12-29,equal_weight,Consumer Discretionary,0.0909090909090908
2017-12-29,equal_weight,Consumer Staples,0.0909090909090908
2017-12-29,equal_weight,Energy,0.0909090909090908
2017-12-29,equal_weight,Financials,0.0909090909090908
2017-12-29,equal_weight,Health Care,0.0909090909090908
2017-12-29,equal_weight,Industrials,0.0909090909090908
2017-12-29,equal_weight,Information Technology,0.0909090909090908
2017-12-29,equal_weight,Materials,0.0909090909090908
2017-12-29,equal_weight,Real Estate,0.0909090909090908
2017-12-29,equal_weight,Utilities,0.0909090909090908
2017-12-29,ewma,Communication Services,0.0906337120840019
2017-12-29,ewma,Consumer Discretionary,0.0436112127900199
2017-12-29,ewma,Consumer Staples,0.1956464768612396
2017-12-29,ewma,Energy,0.1417421467535235
2017-12-29,ewma,Financials,0.0989613682255986
2017-12-29,ewma,Health Care,0.1022705939336295
2017-12-29,ewma,Industrials,0.0
2017-12-29,ewma,Information Technology,2.07397921865776e-20
2017-12-29,ewma,Materials,0.130345470958247
2017-12-29,ewma,Real Estate,0.0840855915569207
2017-12-29,ewma,Utilities,0.112703426836819
2017-12-29,ledoit_wolf,Communication Services,0.031893532347212
2017-12-29,ledoit_wolf,Consumer Discretionary,0.1093500193401951
2017-12-29,ledoit_wolf,Consumer Staples,0.2499999999999999
2017-12-29,ledoit_wolf,Energy,0.0768208613835695
2017-12-29,ledoit_wolf,Financials,0.0235287041620453
2017-12-29,ledoit_wolf,Health Care,0.225806488729525
2017-12-29,ledoit_wolf,Industrials,0.0334529563768197
2017-12-29,ledoit_wolf,Information Technology,0.0351755707373342
2017-12-29,ledoit_wolf,Materials,0.0311781331551068
2017-12-29,ledoit_wolf,Real Estate,2.352210494525192e-18
2017-12-29,ledoit_wolf,Utilities,0.1827937337681919
2017-12-29,sample,Communication Services,0.027793996465461504
2017-12-29,sample,Consumer Discretionary,0.1136223928487608
2017-12-29,sample,Consumer Staples,0.25
2017-12-29,sample,Energy,0.078486217006343
2017-12-29,sample,Financials,0.0224589759208625
2017-12-29,sample,Health Care,0.2289313376748855
2017-12-29,sample,Industrials,0.0311108099351139
2017-12-29,sample,Information Technology,0.0338442423167369
2017-12-29,sample,Materials,0.028669508026862703
2017-12-29,sample,Real Estate,0.0
2017-12-29,sample,Utilities,0.18508251980497262
2018-01-31,equal_weight,Communication Services,0.0909090909090908
2018-01-31,equal_weight,Consumer Discretionary,0.0909090909090908
2018-01-31,equal_weight,Consumer Staples,0.0909090909090908
2018-01-31,equal_weight,Energy,0.0909090909090908
2018-01-31,equal_weight,Financials,0.0909090909090908
2018-01-31,equal_weight,Health Care,0.0909090909090908
2018-01-31,equal_weight,Industrials,0.0909090909090908
2018-01-31,equal_weight,Information Technology,0.0909090909090908
2018-01-31,equal_weight,Materials,0.0909090909090908
2018-01-31,equal_weight,Real Estate,0.0909090909090908
2018-01-31,equal_weight,Utilities,0.0909090909090908
2018-01-31,ewma,Communication Services,7.862533122076455e-19
2018-01-31,ewma,Consumer Discretionary,0.1003856268746692
2018-01-31,ewma,Consumer Staples,0.2019250556308178
2018-01-31,ewma,Energy,1.0396329253467995e-17
2018-01-31,ewma,Financials,0.2038361608465725
2018-01-31,ewma,Health Care,0.0406900920675374
2018-01-31,ewma,Industrials,0.1275947306700897
2018-01-31,ewma,Information Technology,4.042272910983017e-18
2018-01-31,ewma,Materials,0.0893616940176044
2018-01-31,ewma,Real Estate,0.0671270813419372
2018-01-31,ewma,Utilities,0.1690795585507715
2018-01-31,ledoit_wolf,Communication Services,0.057466178903884405
2018-01-31,ledoit_wolf,Consumer Discretionary,0.1013325894950439
2018-01-31,ledoit_wolf,Consumer Staples,0.19450823291166552
2018-01-31,ledoit_wolf,Energy,0.1010653333439081
2018-01-31,ledoit_wolf,Financials,0.041020670241064996
2018-01-31,ledoit_wolf,Health Care,0.2008995111562597
2018-01-31,ledoit_wolf,Industrials,0.022193686761778502
2018-01-31,ledoit_wolf,Information Technology,0.0414199114879352
2018-01-31,ledoit_wolf,Materials,0.047151560212923896
2018-01-31,ledoit_wolf,Real Estate,0.0023236535466633
2018-01-31,ledoit_wolf,Utilities,0.1906186719388717
2018-01-31,sample,Communication Services,0.054154956291221704
2018-01-31,sample,Consumer Discretionary,0.107195171303218
2018-01-31,sample,Consumer Staples,0.1982773722527279
2018-01-31,sample,Energy,0.1070361011645555
2018-01-31,sample,Financials,0.038124830103641
2018-01-31,sample,Health Care,0.20123940104852128
2018-01-31,sample,Industrials,0.019766170523146
2018-01-31,sample,Information Technology,0.0411863238017216
2018-01-31,sample,Materials,0.0400862503101902
2018-01-31,sample,Real Estate,0.0
2018-01-31,sample,Utilities,0.19293342320105608
2018-02-28,equal_weight,Communication Services,0.0909090909090908
2018-02-28,equal_weight,Consumer Discretionary,0.0909090909090908
2018-02-28,equal_weight,Consumer Staples,0.0909090909090908
2018-02-28,equal_weight,Energy,0.0909090909090908
2018-02-28,equal_weight,Financials,0.0909090909090908
2018-02-28,equal_weight,Health Care,0.0909090909090908
2018-02-28,equal_weight,Industrials,0.0909090909090908
2018-02-28,equal_weight,Information Technology,0.0909090909090908
2018-02-28,equal_weight,Materials,0.0909090909090908
2018-02-28,equal_weight,Real Estate,0.0909090909090908
2018-02-28,equal_weight,Utilities,0.0909090909090908
2018-02-28,ewma,Communication Services,0.0
2018-02-28,ewma,Consumer Discretionary,0.15
2018-02-28,ewma,Consumer Staples,0.25
2018-02-28,ewma,Energy,1.2316104522249777e-19
2018-02-28,ewma,Financials,0.073670940968015
2018-02-28,ewma,Health Care,0.0712244936482604
2018-02-28,ewma,Industrials,0.0
2018-02-28,ewma,Information Technology,4.491456040394297e-18
2018-02-28,ewma,Materials,0.0935350318947359
2018-02-28,ewma,Real Estate,0.1115695334889885
2018-02-28,ewma,Utilities,0.25
2018-02-28,ledoit_wolf,Communication Services,0.0214126658170605
2018-02-28,ledoit_wolf,Consumer Discretionary,0.08018051598305109
2018-02-28,ledoit_wolf,Consumer Staples,0.19615427714114808
2018-02-28,ledoit_wolf,Energy,0.074260131784802
2018-02-28,ledoit_wolf,Financials,0.093128147319352
2018-02-28,ledoit_wolf,Health Care,0.1800969561998854
2018-02-28,ledoit_wolf,Industrials,0.0090402253975668
2018-02-28,ledoit_wolf,Information Technology,0.046989210520992405
2018-02-28,ledoit_wolf,Materials,0.0445956415567198
2018-02-28,ledoit_wolf,Real Estate,0.0144987398970822
2018-02-28,ledoit_wolf,Utilities,0.23964348838233918
2018-02-28,sample,Communication Services,0.0208854001784491
2018-02-28,sample,Consumer Discretionary,0.0843403568407466
2018-02-28,sample,Consumer Staples,0.20280857173716788
2018-02-28,sample,Energy,0.07804192220342611
2018-02-28,sample,Financials,0.09415179041471339
2018-02-28,sample,Health Care,0.17680090570759469
2018-02-28,sample,Industrials,0.0060293852893023
2018-02-28,sample,Information Technology,0.04596237747591061
2018-02-28,sample,Materials,0.037009493469136595
2018-02-28,sample,Real Estate,0.010068160776445602
2018-02-28,sample,Utilities,0.2439016359071062
2018-03-29,equal_weight,Communication Services,0.0909090909090908
2018-03-29,equal_weight,Consumer Discretionary,0.0909090909090908
2018-03-29,equal_weight,Consumer Staples,0.0909090909090908
2018-03-29,equal_weight,Energy,0.0909090909090908
2018-03-29,equal_weight,Financials,0.0909090909090908
2018-03-29,equal_weight,Health Care,0.0909090909090908
2018-03-29,equal_weight,Industrials,0.0909090909090908
2018-03-29,equal_weight,Information Technology,0.0909090909090908
2018-03-29,equal_weight,Materials,0.0909090909090908
2018-03-29,equal_weight,Real Estate,0.0909090909090908
2018-03-29,equal_weight,Utilities,0.0909090909090908
2018-03-29,ewma,Communication Services,3.526707215280683e-18
2018-03-29,ewma,Consumer Discretionary,1.3754878711984799e-17
2018-03-29,ewma,Consumer Staples,0.2499999999999999
2018-03-29,ewma,Energy,0.0758649382523047
2018-03-29,ewma,Financials,1.3120034965421833e-18
2018-03-29,ewma,Health Care,0.0800815172989391
2018-03-29,ewma,Industrials,0.0083938320102532
2018-03-29,ewma,Information Technology,1.2316154576070246e-17
2018-03-29,ewma,Materials,0.15
2018-03-29,ewma,Real Estate,0.1856597124385028
2018-03-29,ewma,Utilities,0.2499999999999999
2018-03-29,ledoit_wolf,Communication Services,0.0094668601496579
2018-03-29,ledoit_wolf,Consumer Discretionary,0.0600588060276793
2018-03-29,ledoit_wolf,Consumer Staples,0.2274084339457004
2018-03-29,ledoit_wolf,Energy,0.0767892152628399
2018-03-29,ledoit_wolf,Financials,0.0896355915681914
2018-03-29,ledoit_wolf,Health Care,0.1624068296147674
2018-03-29,ledoit_wolf,Industrials,0.020697253507381004
2018-03-29,ledoit_wolf,Information Technology,0.0447314040670539
2018-03-29,ledoit_wolf,Materials,0.0373725331476345
2018-03-29,ledoit_wolf,Real Estate,0.0316020397888251
2018-03-29,ledoit_wolf,Utilities,0.2398310329202687
2018-03-29,sample,Communication Services,0.0074703151466439
2018-03-29,sample,Consumer Discretionary,0.05929125767678361
2018-03-29,sample,Consumer Staples,0.2357004773301515
2018-03-29,sample,Energy,0.0781274262774979
2018-03-29,sample,Financials,0.0898387643203706
2018-03-29,sample,Health Care,0.1661749641138218
2018-03-29,sample,Industrials,0.018945805163827
2018-03-29,sample,Information Technology,0.045943478234526325
2018-03-29,sample,Materials,0.0297989010739277
2018-03-29,sample,Real Estate,0.0283900342298126
2018-03-29,sample,Utilities,0.2403185764326366
2018-04-30,equal_weight,Communication Services,0.0909090909090908
2018-04-30,equal_weight,Consumer Discretionary,0.0909090909090908
2018-04-30,equal_weight,Consumer Staples,0.0909090909090908
2018-04-30,equal_weight,Energy,0.0909090909090908
2018-04-30,equal_weight,Financials,0.0909090909090908
2018-04-30,equal_weight,Health Care,0.0909090909090908
2018-04-30,equal_weight,Industrials,0.0909090909090908
2018-04-30,equal_weight,Information Technology,0.0909090909090908
2018-04-30,equal_weight,Materials,0.0909090909090908
2018-04-30,equal_weight,Real Estate,0.0909090909090908
2018-04-30,equal_weight,Utilities,0.0909090909090908
2018-04-30,ewma,Communication Services,6.9999202644606745e-19
2018-04-30,ewma,Consumer Discretionary,1.7773614246418143e-18
2018-04-30,ewma,Consumer Staples,0.23043721609025558
2018-04-30,ewma,Energy,0.03398505885443041
2018-04-30,ewma,Financials,0.14645082512207933
2018-04-30,ewma,Health Care,2.0007956429350068e-17
2018-04-30,ewma,Industrials,0.0737415673364783
2018-04-30,ewma,Information Technology,4.983886576447881e-18
2018-04-30,ewma,Materials,0.1153853325967562
2018-04-30,ewma,Real Estate,0.15
2018-04-30,ewma,Utilities,0.2499999999999999
2018-04-30,ledoit_wolf,Communication Services,6.0733321109317394e-18
2018-04-30,ledoit_wolf,Consumer Discretionary,0.0425778036703241
2018-04-30,ledoit_wolf,Consumer Staples,0.24752444975286209
2018-04-30,ledoit_wolf,Energy,0.0718698414068569
2018-04-30,ledoit_wolf,Financials,0.1146164815642463
2018-04-30,ledoit_wolf,Health Care,0.1337222181270407
2018-04-30,ledoit_wolf,Industrials,0.0211420954223357
2018-04-30,ledoit_wolf,Information Technology,0.03999878697771002
2018-04-30,ledoit_wolf,Materials,0.025413314557057698
2018-04-30,ledoit_wolf,Real Estate,0.0531350085215661
2018-04-30,ledoit_wolf,Utilities,0.25
2018-04-30,sample,Communication Services,2.3775156038244146e-18
2018-04-30,sample,Consumer Discretionary,0.0416048779926385
2018-04-30,sample,Consumer Staples,0.2499999999999999
2018-04-30,sample,Energy,0.0730799959391011
2018-04-30,sample,Financials,0.1162334845730176
2018-04-30,sample,Health Care,0.1373184884972385
2018-04-30,sample,Industrials,0.0192304761361694
2018-04-30,sample,Information Technology,0.03912385329689321
2018-04-30,sample,Materials,0.0203444425368263
2018-04-30,sample,Real Estate,0.0530643810281146
2018-04-30,sample,Utilities,0.25
2018-05-31,equal_weight,Communication Services,0.0909090909090908
2018-05-31,equal_weight,Consumer Discretionary,0.0909090909090908
2018-05-31,equal_weight,Consumer Staples,0.0909090909090908
2018-05-31,equal_weight,Energy,0.0909090909090908
2018-05-31,equal_weight,Financials,0.0909090909090908
2018-05-31,equal_weight,Health Care,0.0909090909090908
2018-05-31,equal_weight,Industrials,0.0909090909090908
2018-05-31,equal_weight,Information Technology,0.0909090909090908
2018-05-31,equal_weight,Materials,0.0909090909090908
2018-05-31,equal_weight,Real Estate,0.0909090909090908
2018-05-31,equal_weight,Utilities,0.0909090909090908
2018-05-31,ewma,Communication Services,1.0451116019697185e-17
2018-05-31,ewma,Consumer Discretionary,1.2292565647028034e-17
2018-05-31,ewma,Consumer Staples,0.2248869631138739
2018-05-31,ewma,Energy,2.6846709263225053e-18
2018-05-31,ewma,Financials,0.0621029948597818
2018-05-31,ewma,Health Care,2.5334755452376126e-17
2018-05-31,ewma,Industrials,0.0
2018-05-31,ewma,Information Technology,0.06301004202634411
2018-05-31,ewma,Materials,0.2499999999999999
2018-05-31,ewma,Real Estate,0.15
2018-05-31,ewma,Utilities,0.2499999999999998
2018-05-31,ledoit_wolf,Communication Services,9.329220881058864e-18
2018-05-31,ledoit_wolf,Consumer Discretionary,0.0566089733873376
2018-05-31,ledoit_wolf,Consumer Staples,0.25
2018-05-31,ledoit_wolf,Energy,0.0629704699512756
2018-05-31,ledoit_wolf,Financials,0.1077336713358806
2018-05-31,ledoit_wolf,Health Care,0.12145771244039139
2018-05-31,ledoit_wolf,Industrials,0.0200429310251434
2018-05-31,ledoit_wolf,Information Technology,0.0450427539550693
2018-05-31,ledoit_wolf,Materials,0.029971467833650303
2018-05-31,ledoit_wolf,Real Estate,0.05617202007125101
2018-05-31,ledoit_wolf,Utilities,0.25
2018-05-31,sample,Communication Services,7.71138795180315e-18
2018-05-31,sample,Consumer Discretionary,0.058766529087507
2018-05-31,sample,Consumer Staples,0.2499999999999999
2018-05-31,sample,Energy,0.0659034474617796
2018-05-31,sample,Financials,0.1085727178106776
2018-05-31,sample,Health Care,0.1242741506347409
2018-05-31,sample,Industrials,0.0194229446383295
2018-05-31,sample,Information Technology,0.0429432768574481
2018-05-31,sample,Materials,0.0240848891650928
2018-05-31,sample,Real Estate,0.05603204434442391
2018-05-31,sample,Utilities,0.2499999999999999
2018-06-29,equal_weight,Communication Services,0.0909090909090908
2018-06-29,equal_weight,Consumer Discretionary,0.0909090909090908
2018-06-29,equal_weight,Consumer Staples,0.0909090909090908
2018-06-29,equal_weight,Energy,0.0909090909090908
2018-06-29,equal_weight,Financials,0.0909090909090908
2018-06-29,equal_weight,Health Care,0.0909090909090908
2018-06-29,equal_weight,Industrials,0.0909090909090908
2018-06-29,equal_weight,Information Technology,0.0909090909090908
2018-06-29,equal_weight,Materials,0.0909090909090908
2018-06-29,equal_weight,Real Estate,0.0909090909090908
2018-06-29,equal_weight,Utilities,0.0909090909090908
2018-06-29,ewma,Communication Services,0.0
2018-06-29,ewma,Consumer Discretionary,0.0726480356937568
2018-06-29,ewma,Consumer Staples,0.19412290303786772
2018-06-29,ewma,Energy,0.0268346177395942
2018-06-29,ewma,Financials,0.1098952436863262
2018-06-29,ewma,Health Care,0.064850313744631
2018-06-29,ewma,Industrials,1.011780855495262e-18
2018-06-29,ewma,Information Technology,0.13876954831525093
2018-06-29,ewma,Materials,0.0823999099946347
2018-06-29,ewma,Real Estate,0.0604794277879379
2018-06-29,ewma,Utilities,0.24999999999999992
2018-06-29,ledoit_wolf,Communication Services,1.661624532628761e-17
2018-06-29,ledoit_wolf,Consumer Discretionary,0.0361190304788016
2018-06-29,ledoit_wolf,Consumer Staples,0.25
2018-06-29,ledoit_wolf,Energy,0.061649470666869995
2018-06-29,ledoit_wolf,Financials,0.1362401503881399
2018-06-29,ledoit_wolf,Health Care,0.09950178180631261
2018-06-29,ledoit_wolf,Industrials,0.0204921361575258
2018-06-29,ledoit_wolf,Information Technology,0.0439815795750984
2018-06-29,ledoit_wolf,Materials,0.0363713347716211
2018-06-29,ledoit_wolf,Real Estate,0.0656445161556301
2018-06-29,ledoit_wolf,Utilities,0.25
2018-06-29,sample,Communication Services,1.1773757966834776e-17
2018-06-29,sample,Consumer Discretionary,0.0359487951670609
2018-06-29,sample,Consumer Staples,0.2499999999999999
2018-06-29,sample,Energy,0.060966427105160294
2018-06-29,sample,Financials,0.1398225559480018
2018-06-29,sample,Health Care,0.0995553635017558
2018-06-29,sample,Industrials,0.0195393742842517
2018-06-29,sample,Information Technology,0.04343115884536951
2018-06-29,sample,Materials,0.033084420716284896
2018-06-29,sample,Real Estate,0.0676519044321145
2018-06-29,sample,Utilities,0.25
2018-07-31,equal_weight,Communication Services,0.0909090909090908
2018-07-31,equal_weight,Consumer Discretionary,0.0909090909090908
2018-07-31,equal_weight,Consumer Staples,0.0909090909090908
2018-07-31,equal_weight,Energy,0.0909090909090908
2018-07-31,equal_weight,Financials,0.0909090909090908
2018-07-31,equal_weight,Health Care,0.0909090909090908
2018-07-31,equal_weight,Industrials,0.0909090909090908
2018-07-31,equal_weight,Information Technology,0.0909090909090908
2018-07-31,equal_weight,Materials,0.0909090909090908
2018-07-31,equal_weight,Real Estate,0.0909090909090908
2018-07-31,equal_weight,Utilities,0.0909090909090908
2018-07-31,ewma,Communication Services,0.0057987231435462
2018-07-31,ewma,Consumer Discretionary,0.15
2018-07-31,ewma,Consumer Staples,0.12101977396427112
2018-07-31,ewma,Energy,0.073467499683477
2018-07-31,ewma,Financials,0.1439009330829631
2018-07-31,ewma,Health Care,0.1264034047999648
2018-07-31,ewma,Industrials,0.0473481242480102
2018-07-31,ewma,Information Technology,0.0034937915334793015
2018-07-31,ewma,Materials,8.700722434196173e-18
2018-07-31,ewma,Real Estate,0.0785677495442877
2018-07-31,ewma,Utilities,0.25
2018-07-31,ledoit_wolf,Communication Services,0.0004972801855805006
2018-07-31,ledoit_wolf,Consumer Discretionary,0.044175141667296094
2018-07-31,ledoit_wolf,Consumer Staples,0.2499999999999999
2018-07-31,ledoit_wolf,Energy,0.0706911258009882
2018-07-31,ledoit_wolf,Financials,0.1363480255391074
2018-07-31,ledoit_wolf,Health Care,0.08940527407166121
2018-07-31,ledoit_wolf,Industrials,0.0268574328175633
2018-07-31,ledoit_wolf,Information Technology,0.0402332416301845
2018-07-31,ledoit_wolf,Materials,0.035547700409924304
2018-07-31,ledoit_wolf,Real Estate,0.0562447778776937
2018-07-31,ledoit_wolf,Utilities,0.25
2018-07-31,sample,Communication Services,0.0
2018-07-31,sample,Consumer Discretionary,0.0433342033177473
2018-07-31,sample,Consumer Staples,0.25
2018-07-31,sample,Energy,0.072060915909841
2018-07-31,sample,Financials,0.1406231963982102
2018-07-31,sample,Health Care,0.0902687225007859
2018-07-31,sample,Industrials,0.025606904586299103
2018-07-31,sample,Information Technology,0.0396767197355277
2018-07-31,sample,Materials,0.0306755199770745
2018-07-31,sample,Real Estate,0.0577538175745137
2018-07-31,sample,Utilities,0.25
2018-08-31,equal_weight,Communication Services,0.0909090909090908
2018-08-31,equal_weight,Consumer Discretionary,0.0909090909090908
2018-08-31,equal_weight,Consumer Staples,0.0909090909090908
2018-08-31,equal_weight,Energy,0.0909090909090908
2018-08-31,equal_weight,Financials,0.0909090909090908
2018-08-31,equal_weight,Health Care,0.0909090909090908
2018-08-31,equal_weight,Industrials,0.0909090909090908
2018-08-31,equal_weight,Information Technology,0.0909090909090908
2018-08-31,equal_weight,Materials,0.0909090909090908
2018-08-31,equal_weight,Real Estate,0.0909090909090908
2018-08-31,equal_weight,Utilities,0.0909090909090908
2018-08-31,ewma,Communication Services,0.0150950597273445
2018-08-31,ewma,Consumer Discretionary,0.1805225040009261
2018-08-31,ewma,Consumer Staples,0.14685607476838292
2018-08-31,ewma,Energy,0.0740560040492531
2018-08-31,ewma,Financials,0.047793969716369206
2018-08-31,ewma,Health Care,0.1084829824742885
2018-08-31,ewma,Industrials,0.1005117300178178
2018-08-31,ewma,Information Technology,0.06509809804171321
2018-08-31,ewma,Materials,2.2172146185565383e-18
2018-08-31,ewma,Real Estate,0.0115835772039045
2018-08-31,ewma,Utilities,0.25
2018-08-31,ledoit_wolf,Communication Services,0.0029883311721698
2018-08-31,ledoit_wolf,Consumer Discretionary,0.0485063753060494
2018-08-31,ledoit_wolf,Consumer Staples,0.2499029052908165
2018-08-31,ledoit_wolf,Energy,0.072558864086533
2018-08-31,ledoit_wolf,Financials,0.130156319100514
2018-08-31,ledoit_wolf,Health Care,0.0899581548565472
2018-08-31,ledoit_wolf,Industrials,0.0325441860681818
2018-08-31,ledoit_wolf,Information Technology,0.0375662714845142
2018-08-31,ledoit_wolf,Materials,0.0319856564021416
2018-08-31,ledoit_wolf,Real Estate,0.053832936232532
2018-08-31,ledoit_wolf,Utilities,0.25
2018-08-31,sample,Communication Services,0.0021319991484478203
2018-08-31,sample,Consumer Discretionary,0.0481176032607568
2018-08-31,sample,Consumer Staples,0.24999999999999992
2018-08-31,sample,Energy,0.0747124124513703
2018-08-31,sample,Financials,0.1346687525377353
2018-08-31,sample,Health Care,0.0905245181293476
2018-08-31,sample,Industrials,0.0315788653686433
2018-08-31,sample,Information Technology,0.0368154283184632
2018-08-31,sample,Materials,0.0264184997290258
2018-08-31,sample,Real Estate,0.0550319210562091
2018-08-31,sample,Utilities,0.25
2018-09-28,equal_weight,Communication Services,0.0909090909090908
2018-09-28,equal_weight,Consumer Discretionary,0.0909090909090908
2018-09-28,equal_weight,Consumer Staples,0.0909090909090908
2018-09-28,equal_weight,Energy,0.0909090909090908
2018-09-28,equal_weight,Financials,0.0909090909090908
2018-09-28,equal_weight,Health Care,0.0909090909090908
2018-09-28,equal_weight,Industrials,0.0909090909090908
2018-09-28,equal_weight,Information Technology,0.0909090909090908
2018-09-28,equal_weight,Materials,0.0909090909090908
2018-09-28,equal_weight,Real Estate,0.0909090909090908
2018-09-28,equal_weight,Utilities,0.0909090909090908
2018-09-28,ewma,Communication Services,0.0369920510379599
2018-09-28,ewma,Consumer Discretionary,0.2089558416237014
2018-09-28,ewma,Consumer Staples,0.1968453043820704
2018-09-28,ewma,Energy,0.22593376444175728
2018-09-28,ewma,Financials,0.010823298184695199
2018-09-28,ewma,Health Care,0.1170509521888476
2018-09-28,ewma,Industrials,0.0069981984030061
2018-09-28,ewma,Information Technology,0.0015750142660884052
2018-09-28,ewma,Materials,0.019501540657147404
2018-09-28,ewma,Real Estate,0.0262736797136667
2018-09-28,ewma,Utilities,0.1490503551010588
2018-09-28,ledoit_wolf,Communication Services,0.0029174413671309066
2018-09-28,ledoit_wolf,Consumer Discretionary,0.0668101549900695
2018-09-28,ledoit_wolf,Consumer Staples,0.235295172686376
2018-09-28,ledoit_wolf,Energy,0.0928618544763174
2018-09-28,ledoit_wolf,Financials,0.1233607208733422
2018-09-28,ledoit_wolf,Health Care,0.0662657203850794
2018-09-28,ledoit_wolf,Industrials,0.0411523695758945
2018-09-28,ledoit_wolf,Information Technology,0.0260964996906446
2018-09-28,ledoit_wolf,Materials,0.027140256780627398
2018-09-28,ledoit_wolf,Real Estate,0.0680998091745173
2018-09-28,ledoit_wolf,Utilities,0.25
2018-09-28,sample,Communication Services,0.0011033729500218264
2018-09-28,sample,Consumer Discretionary,0.0651643143937321
2018-09-28,sample,Consumer Staples,0.24999999999999992
2018-09-28,sample,Energy,0.09167865746211201
2018-09-28,sample,Financials,0.12762367797310029
2018-09-28,sample,Health Care,0.057114937776152896
2018-09-28,sample,Industrials,0.040074892402175
2018-09-28,sample,Information Technology,0.0261237233299497
2018-09-28,sample,Materials,0.0228929722682594
2018-09-28,sample,Real Estate,0.0682234514444962
2018-09-28,sample,Utilities,0.25
2018-10-31,equal_weight,Communication Services,0.0909090909090908
2018-10-31,equal_weight,Consumer Discretionary,0.0909090909090908
2018-10-31,equal_weight,Consumer Staples,0.0909090909090908
2018-10-31,equal_weight,Energy,0.0909090909090908
2018-10-31,equal_weight,Financials,0.0909090909090908
2018-10-31,equal_weight,Health Care,0.0909090909090908
2018-10-31,equal_weight,Industrials,0.0909090909090908
2018-10-31,equal_weight,Information Technology,0.0909090909090908
2018-10-31,equal_weight,Materials,0.0909090909090908
2018-10-31,equal_weight,Real Estate,0.0909090909090908
2018-10-31,equal_weight,Utilities,0.0909090909090908
2018-10-31,ewma,Communication Services,0.02255752338209481
2018-10-31,ewma,Consumer Discretionary,0.0255264889037967
2018-10-31,ewma,Consumer Staples,7.468628309120068e-17
2018-10-31,ewma,Energy,0.13216569949612914
2018-10-31,ewma,Financials,0.0406690197080858
2018-10-31,ewma,Health Care,0.1492954161319348
2018-10-31,ewma,Industrials,8.975161109106566e-18
2018-10-31,ewma,Information Technology,0.1056722861095339
2018-10-31,ewma,Materials,0.15
2018-10-31,ewma,Real Estate,0.12411356626842421
2018-10-31,ewma,Utilities,0.25
2018-10-31,ledoit_wolf,Communication Services,0.009027601009018204
2018-10-31,ledoit_wolf,Consumer Discretionary,0.0534452497326257
2018-10-31,ledoit_wolf,Consumer Staples,0.21138032250077932
2018-10-31,ledoit_wolf,Energy,0.0835609928048842
2018-10-31,ledoit_wolf,Financials,0.1164346966322346
2018-10-31,ledoit_wolf,Health Care,0.0855630710827279
2018-10-31,ledoit_wolf,Industrials,0.0406687171092001
2018-10-31,ledoit_wolf,Information Technology,0.03587395713016841
2018-10-31,ledoit_wolf,Materials,0.0651032392909478
2018-10-31,ledoit_wolf,Real Estate,0.0489421527074131
2018-10-31,ledoit_wolf,Utilities,0.25
2018-10-31,sample,Communication Services,0.007426754549679803
2018-10-31,sample,Consumer Discretionary,0.052278272587374795
2018-10-31,sample,Consumer Staples,0.2243612740192047
2018-10-31,sample,Energy,0.0824666217307411
2018-10-31,sample,Financials,0.11761033158537071
2018-10-31,sample,Health Care,0.0794791741888042
2018-10-31,sample,Industrials,0.0418718106386388
2018-10-31,sample,Information Technology,0.0376131185632788
2018-10-31,sample,Materials,0.0611822795679158
2018-10-31,sample,Real Estate,0.045710362568990706
2018-10-31,sample,Utilities,0.25
2018-11-30,equal_weight,Communication Services,0.0909090909090908
2018-11-30,equal_weight,Consumer Discretionary,0.0909090909090908
2018-11-30,equal_weight,Consumer Staples,0.0909090909090908
2018-11-30,equal_weight,Energy,0.0909090909090908
2018-11-30,equal_weight,Financials,0.0909090909090908
2018-11-30,equal_weight,Health Care,0.0909090909090908
2018-11-30,equal_weight,Industrials,0.0909090909090908
2018-11-30,equal_weight,Information Technology,0.0909090909090908
2018-11-30,equal_weight,Materials,0.0909090909090908
2018-11-30,equal_weight,Real Estate,0.0909090909090908
2018-11-30,equal_weight,Utilities,0.0909090909090908
2018-11-30,ewma,Communication Services,0.1148335818001816
2018-11-30,ewma,Consumer Discretionary,0.0
2018-11-30,ewma,Consumer Staples,0.1098898350336895
2018-11-30,ewma,Energy,0.0068668500430005
2018-11-30,ewma,Financials,0.0368013626246352
2018-11-30,ewma,Health Care,0.15
2018-11-30,ewma,Industrials,1.1167908866064062e-18
2018-11-30,ewma,Information Technology,8.181572307113805e-18
2018-11-30,ewma,Materials,0.1617041866546766
2018-11-30,ewma,Real Estate,0.1699041838438162
2018-11-30,ewma,Utilities,0.25
2018-11-30,ledoit_wolf,Communication Services,0.0266793611993298
2018-11-30,ledoit_wolf,Consumer Discretionary,0.0252797693733205
2018-11-30,ledoit_wolf,Consumer Staples,0.2488734427877956
2018-11-30,ledoit_wolf,Energy,0.07066337740085041
2018-11-30,ledoit_wolf,Financials,0.11979840385363391
2018-11-30,ledoit_wolf,Health Care,0.0664939946934433
2018-11-30,ledoit_wolf,Industrials,0.0241620386137939
2018-11-30,ledoit_wolf,Information Technology,0.0188236219102746
2018-11-30,ledoit_wolf,Materials,0.0849676786874467
2018-11-30,ledoit_wolf,Real Estate,0.0642583114801104
2018-11-30,ledoit_wolf,Utilities,0.25
2018-11-30,sample,Communication Services,0.0252890095642859
2018-11-30,sample,Consumer Discretionary,0.0243840750403778
2018-11-30,sample,Consumer Staples,0.2499999999999999
2018-11-30,sample,Energy,0.0715255868164983
2018-11-30,sample,Financials,0.1224384469404847
2018-11-30,sample,Health Care,0.0661814216480409
2018-11-30,sample,Industrials,0.0241266930877862
2018-11-30,sample,Information Technology,0.0175902323257553
2018-11-30,sample,Materials,0.08253443769263501
2018-11-30,sample,Real Estate,0.0659300968841353
2018-11-30,sample,Utilities,0.2499999999999999
2018-12-31,equal_weight,Communication Services,0.0909090909090908
2018-12-31,equal_weight,Consumer Discretionary,0.0909090909090908
2018-12-31,equal_weight,Consumer Staples,0.0909090909090908
2018-12-31,equal_weight,Energy,0.0909090909090908
2018-12-31,equal_weight,Financials,0.0909090909090908
2018-12-31,equal_weight,Health Care,0.0909090909090908
2018-12-31,equal_weight,Industrials,0.0909090909090908
2018-12-31,equal_weight,Information Technology,0.0909090909090908
2018-12-31,equal_weight,Materials,0.0909090909090908
2018-12-31,equal_weight,Real Estate,0.0909090909090908
2018-12-31,equal_weight,Utilities,0.0909090909090908
2018-12-31,ewma,Communication Services,0.0
2018-12-31,ewma,Consumer Discretionary,7.084174249004125e-18
2018-12-31,ewma,Consumer Staples,0.1804573026962917
2018-12-31,ewma,Energy,0.0
2018-12-31,ewma,Financials,0.15
2018-12-31,ewma,Health Care,0.043820104949013235
2018-12-31,ewma,Industrials,0.0
2018-12-31,ewma,Information Technology,0.0
2018-12-31,ewma,Materials,0.225722592354695
2018-12-31,ewma,Real Estate,0.14999999999999994
2018-12-31,ewma,Utilities,0.24999999999999992
2018-12-31,ledoit_wolf,Communication Services,0.0203423864104346
2018-12-31,ledoit_wolf,Consumer Discretionary,0.0163260397550922
2018-12-31,ledoit_wolf,Consumer Staples,0.25
2018-12-31,ledoit_wolf,Energy,0.052320354764317206
2018-12-31,ledoit_wolf,Financials,0.13329119627701771
2018-12-31,ledoit_wolf,Health Care,0.0422267999870101
2018-12-31,ledoit_wolf,Industrials,0.0147098052986705
2018-12-31,ledoit_wolf,Information Technology,0.005931263356763701
2018-12-31,ledoit_wolf,Materials,0.1352929243437762
2018-12-31,ledoit_wolf,Real Estate,0.0795592298069173
2018-12-31,ledoit_wolf,Utilities,0.25
2018-12-31,sample,Communication Services,0.02001547631392671
2018-12-31,sample,Consumer Discretionary,0.0138262596603167
2018-12-31,sample,Consumer Staples,0.25
2018-12-31,sample,Energy,0.0515869533443843
2018-12-31,sample,Financials,0.1383168042775492
2018-12-31,sample,Health Care,0.037591491892104
2018-12-31,sample,Industrials,0.014125122345849303
2018-12-31,sample,Information Technology,0.004025112898318701
2018-12-31,sample,Materials,0.1381318556409247
2018-12-31,sample,Real Estate,0.0823809236266259
2018-12-31,sample,Utilities,0.25
2019-01-31,equal_weight,Communication Services,0.0909090909090908
2019-01-31,equal_weight,Consumer Discretionary,0.0909090909090908
2019-01-31,equal_weight,Consumer Staples,0.0909090909090908
2019-01-31,equal_weight,Energy,0.0909090909090908
2019-01-31,equal_weight,Financials,0.0909090909090908
2019-01-31,equal_weight,Health Care,0.0909090909090908
2019-01-31,equal_weight,Industrials,0.0909090909090908
2019-01-31,equal_weight,Information Technology,0.0909090909090908
2019-01-31,equal_weight,Materials,0.0909090909090908
2019-01-31,equal_weight,Real Estate,0.0909090909090908
2019-01-31,equal_weight,Utilities,0.0909090909090908
2019-01-31,ewma,Communication Services,0.0
2019-01-31,ewma,Consumer Discretionary,0.0073110110336179
2019-01-31,ewma,Consumer Staples,0.1546546816280773
2019-01-31,ewma,Energy,0.0358451773890103
2019-01-31,ewma,Financials,0.24298892415443107
2019-01-31,ewma,Health Care,0.021015010567864
2019-01-31,ewma,Industrials,0.0
2019-01-31,ewma,Information Technology,3.349120879159216e-18
2019-01-31,ewma,Materials,0.1466410649758161
2019-01-31,ewma,Real Estate,0.15
2019-01-31,ewma,Utilities,0.2415441302511831
2019-01-31,ledoit_wolf,Communication Services,0.010153504707767104
2019-01-31,ledoit_wolf,Consumer Discretionary,0.0228316253116542
2019-01-31,ledoit_wolf,Consumer Staples,0.24877253039111058
2019-01-31,ledoit_wolf,Energy,0.0638423467383379
2019-01-31,ledoit_wolf,Financials,0.1473783054903394
2019-01-31,ledoit_wolf,Health Care,0.030187039789461603
2019-01-31,ledoit_wolf,Industrials,2.8352560407264894e-18
2019-01-31,ledoit_wolf,Information Technology,9.971450307719949e-19
2019-01-31,ledoit_wolf,Materials,0.1321029986287246
2019-01-31,ledoit_wolf,Real Estate,0.0947316489426039
2019-01-31,ledoit_wolf,Utilities,0.25
2019-01-31,sample,Communication Services,0.0093829296269062
2019-01-31,sample,Consumer Discretionary,0.0203982744736703
2019-01-31,sample,Consumer Staples,0.2499999999999999
2019-01-31,sample,Energy,0.0638014894126817
2019-01-31,sample,Financials,0.1516369791929936
2019-01-31,sample,Health Care,0.0294512347760336
2019-01-31,sample,Industrials,1.5554541589952238e-18
2019-01-31,sample,Information Technology,1.7547898194211784e-18
2019-01-31,sample,Materials,0.1315927200715005
2019-01-31,sample,Real Estate,0.0937363724462136
2019-01-31,sample,Utilities,0.2499999999999999
2019-02-28,equal_weight,Communication Services,0.0909090909090908
2019-02-28,equal_weight,Consumer Discretionary,0.0909090909090908
2019-02-28,equal_weight,Consumer Staples,0.0909090909090908
2019-02-28,equal_weight,Energy,0.0909090909090908
2019-02-28,equal_weight,Financials,0.0909090909090908
2019-02-28,equal_weight,Health Care,0.0909090909090908
2019-02-28,equal_weight,Industrials,0.0909090909090908
2019-02-28,equal_weight,Information Technology,0.0909090909090908
2019-02-28,equal_weight,Materials,0.0909090909090908
2019-02-28,equal_weight,Real Estate,0.0909090909090908
2019-02-28,equal_weight,Utilities,0.0909090909090908
2019-02-28,ewma,Communication Services,2.791566939233513e-18
2019-02-28,ewma,Consumer Discretionary,0.0
2019-02-28,ewma,Consumer Staples,0.1101596951625522
2019-02-28,ewma,Energy,0.09788072686763291
2019-02-28,ewma,Financials,0.1854745100533426
2019-02-28,ewma,Health Care,0.0372217107105917
2019-02-28,ewma,Industrials,5.703159451033806e-18
2019-02-28,ewma,Information Technology,7.417322061762473e-18
2019-02-28,ewma,Materials,0.1119751486616961
2019-02-28,ewma,Real Estate,0.2072882085441841
2019-02-28,ewma,Utilities,0.2499999999999999
2019-02-28,ledoit_wolf,Communication Services,0.009083572835338912
2019-02-28,ledoit_wolf,Consumer Discretionary,0.0144026110296458
2019-02-28,ledoit_wolf,Consumer Staples,0.2425151161913215
2019-02-28,ledoit_wolf,Energy,0.0640280234719193
2019-02-28,ledoit_wolf,Financials,0.147851418006365
2019-02-28,ledoit_wolf,Health Care,0.0330526504222868
2019-02-28,ledoit_wolf,Industrials,0.0012617742137371007
2019-02-28,ledoit_wolf,Information Technology,0.0
2019-02-28,ledoit_wolf,Materials,0.1327317260708548
2019-02-28,ledoit_wolf,Real Estate,0.1050731077585301
2019-02-28,ledoit_wolf,Utilities,0.2499999999999999
2019-02-28,sample,Communication Services,0.008445344884047
2019-02-28,sample,Consumer Discretionary,0.010764199824876801
2019-02-28,sample,Consumer Staples,0.2491100826862518
2019-02-28,sample,Energy,0.0623956014854123
2019-02-28,sample,Financials,0.15229631045830688
2019-02-28,sample,Health Care,0.0315201267888748
2019-02-28,sample,Industrials,3.0258397681815706e-18
2019-02-28,sample,Information Technology,3.839111567222615e-18
2019-02-28,sample,Materials,0.1300039717528392
2019-02-28,sample,Real Estate,0.1054643621193905
2019-02-28,sample,Utilities,0.25
2019-03-29,equal_weight,Communication Services,0.0909090909090908
2019-03-29,equal_weight,Consumer Discretionary,0.0909090909090908
2019-03-29,equal_weight,Consumer Staples,0.0909090909090908
2019-03-29,equal_weight,Energy,0.0909090909090908
2019-03-29,equal_weight,Financials,0.0909090909090908
2019-03-29,equal_weight,Health Care,0.0909090909090908
2019-03-29,equal_weight,Industrials,0.0909090909090908
2019-03-29,equal_weight,Information Technology,0.0909090909090908
2019-03-29,equal_weight,Materials,0.0909090909090908
2019-03-29,equal_weight,Real Estate,0.0909090909090908
2019-03-29,equal_weight,Utilities,0.0909090909090908
2019-03-29,ewma,Communication Services,7.049847087075637e-18
2019-03-29,ewma,Consumer Discretionary,0.04272143014434661
2019-03-29,ewma,Consumer Staples,0.138223740942613
2019-03-29,ewma,Energy,0.0312048478064949
2019-03-29,ewma,Financials,0.11333301592586721
2019-03-29,ewma,Health Care,0.095199570367962
2019-03-29,ewma,Industrials,0.0038493974564262038
2019-03-29,ewma,Information Technology,4.6207439666771114e-18
2019-03-29,ewma,Materials,0.1754679973562897
2019-03-29,ewma,Real Estate,0.15
2019-03-29,ewma,Utilities,0.25
2019-03-29,ledoit_wolf,Communication Services,0.006238711536466302
2019-03-29,ledoit_wolf,Consumer Discretionary,0.01228317386208
2019-03-29,ledoit_wolf,Consumer Staples,0.23491231236257498
2019-03-29,ledoit_wolf,Energy,0.05996141266667469
2019-03-29,ledoit_wolf,Financials,0.1500744454712015
2019-03-29,ledoit_wolf,Health Care,0.0335420239898899
2019-03-29,ledoit_wolf,Industrials,0.0042415703464887
2019-03-29,ledoit_wolf,Information Technology,8.826622817277409e-19
2019-03-29,ledoit_wolf,Materials,0.1448271683275515
2019-03-29,ledoit_wolf,Real Estate,0.1039191814370716
2019-03-29,ledoit_wolf,Utilities,0.25
2019-03-29,sample,Communication Services,0.0053827337846913
2019-03-29,sample,Consumer Discretionary,0.0099712737461592
2019-03-29,sample,Consumer Staples,0.24032400226444742
2019-03-29,sample,Energy,0.058360726754354504
2019-03-29,sample,Financials,0.1577542687858096
2019-03-29,sample,Health Care,0.0278576328008889
2019-03-29,sample,Industrials,0.0023161760434643013
2019-03-29,sample,Information Technology,0.0
2019-03-29,sample,Materials,0.14166766230419992
2019-03-29,sample,Real Estate,0.1063655235159842
2019-03-29,sample,Utilities,0.25
2019-04-30,equal_weight,Communication Services,0.0909090909090908
2019-04-30,equal_weight,Consumer Discretionary,0.0909090909090908
2019-04-30,equal_weight,Consumer Staples,0.0909090909090908
2019-04-30,equal_weight,Energy,0.0909090909090908
2019-04-30,equal_weight,Financials,0.0909090909090908
2019-04-30,equal_weight,Health Care,0.0909090909090908
2019-04-30,equal_weight,Industrials,0.0909090909090908
2019-04-30,equal_weight,Information Technology,0.0909090909090908
2019-04-30,equal_weight,Materials,0.0909090909090908
2019-04-30,equal_weight,Real Estate,0.0909090909090908
2019-04-30,equal_weight,Utilities,0.0909090909090908
2019-04-30,ewma,Communication Services,0.1169338556913446
2019-04-30,ewma,Consumer Discretionary,0.05611496412375241
2019-04-30,ewma,Consumer Staples,0.1486587041514878
2019-04-30,ewma,Energy,0.1040824409966201
2019-04-30,ewma,Financials,0.0395092197518927
2019-04-30,ewma,Health Care,0.0368200097334817
2019-04-30,ewma,Industrials,0.0049966368688977
2019-04-30,ewma,Information Technology,1.10310392936317e-17
2019-04-30,ewma,Materials,0.161859211351348
2019-04-30,ewma,Real Estate,0.0810249573311741
2019-04-30,ewma,Utilities,0.2499999999999999
2019-04-30,ledoit_wolf,Communication Services,0.0068801321727359
2019-04-30,ledoit_wolf,Consumer Discretionary,0.0100704289412952
2019-04-30,ledoit_wolf,Consumer Staples,0.2328289702036475
2019-04-30,ledoit_wolf,Energy,0.0689517452749528
2019-04-30,ledoit_wolf,Financials,0.1489874294628465
2019-04-30,ledoit_wolf,Health Care,0.036103250943934094
2019-04-30,ledoit_wolf,Industrials,0.002314736083735702
2019-04-30,ledoit_wolf,Information Technology,0.0
2019-04-30,ledoit_wolf,Materials,0.14578322858063741
2019-04-30,ledoit_wolf,Real Estate,0.0980800783362142
2019-04-30,ledoit_wolf,Utilities,0.25
2019-04-30,sample,Communication Services,0.0064533916101966035
2019-04-30,sample,Consumer Discretionary,0.0042730244822036
2019-04-30,sample,Consumer Staples,0.2412999354142547
2019-04-30,sample,Energy,0.0642113367442227
2019-04-30,sample,Financials,0.15552360199943682
2019-04-30,sample,Health Care,0.0338278514453675
2019-04-30,sample,Industrials,0.0024415828382528017
2019-04-30,sample,Information Technology,1.5550474594079399e-18
2019-04-30,sample,Materials,0.1429000331939722
2019-04-30,sample,Real Estate,0.0990692422720925
2019-04-30,sample,Utilities,0.25
2019-05-31,equal_weight,Communication Services,0.0909090909090908
2019-05-31,equal_weight,Consumer Discretionary,0.0909090909090908
2019-05-31,equal_weight,Consumer Staples,0.0909090909090908
2019-05-31,equal_weight,Energy,0.0909090909090908
2019-05-31,equal_weight,Financials,0.0909090909090908
2019-05-31,equal_weight,Health Care,0.0909090909090908
2019-05-31,equal_weight,Industrials,0.0909090909090908
2019-05-31,equal_weight,Information Technology,0.0909090909090908
2019-05-31,equal_weight,Materials,0.0909090909090908
2019-05-31,equal_weight,Real Estate,0.0909090909090908
2019-05-31,equal_weight,Utilities,0.0909090909090908
2019-05-31,ewma,Communication Services,0.0540790056999624
2019-05-31,ewma,Consumer Discretionary,0.02497596051003791
2019-05-31,ewma,Consumer Staples,0.041181456117562805
2019-05-31,ewma,Energy,0.09819650956291022
2019-05-31,ewma,Financials,0.14999999999999994
2019-05-31,ewma,Health Care,0.069431108476752
2019-05-31,ewma,Industrials,0.0078271719948161
2019-05-31,ewma,Information Technology,0.0744971829908043
2019-05-31,ewma,Materials,0.15
2019-05-31,ewma,Real Estate,0.1387992691915889
2019-05-31,ewma,Utilities,0.1910123354555647
2019-05-31,ledoit_wolf,Communication Services,0.0081583314396279
2019-05-31,ledoit_wolf,Consumer Discretionary,0.0064963858780948
2019-05-31,ledoit_wolf,Consumer Staples,0.2270872603501096
2019-05-31,ledoit_wolf,Energy,0.0656810216374656
2019-05-31,ledoit_wolf,Financials,0.155237156990185
2019-05-31,ledoit_wolf,Health Care,0.0384763931226657
2019-05-31,ledoit_wolf,Industrials,0.0042431742259318
2019-05-31,ledoit_wolf,Information Technology,1.0156270870831021e-18
2019-05-31,ledoit_wolf,Materials,0.1431677038886198
2019-05-31,ledoit_wolf,Real Estate,0.1014525724672992
2019-05-31,ledoit_wolf,Utilities,0.2499999999999999
2019-05-31,sample,Communication Services,0.0075643408346442
2019-05-31,sample,Consumer Discretionary,0.0014908134121465004
2019-05-31,sample,Consumer Staples,0.2334391463312358
2019-05-31,sample,Energy,0.06288921725320121
2019-05-31,sample,Financials,0.16153565521396318
2019-05-31,sample,Health Care,0.038397170875654106
2019-05-31,sample,Industrials,0.003232830695204402
2019-05-31,sample,Information Technology,9.56235956162898e-19
2019-05-31,sample,Materials,0.1387757567040554
2019-05-31,sample,Real Estate,0.1026750686798946
2019-05-31,sample,Utilities,0.2499999999999999
2019-06-28,equal_weight,Communication Services,0.0909090909090908
2019-06-28,equal_weight,Consumer Discretionary,0.0909090909090908
2019-06-28,equal_weight,Consumer Staples,0.0909090909090908
2019-06-28,equal_weight,Energy,0.0909090909090908
2019-06-28,equal_weight,Financials,0.0909090909090908
2019-06-28,equal_weight,Health Care,0.0909090909090908
2019-06-28,equal_weight,Industrials,0.0909090909090908
2019-06-28,equal_weight,Information Technology,0.0909090909090908
2019-06-28,equal_weight,Materials,0.0909090909090908
2019-06-28,equal_weight,Real Estate,0.0909090909090908
2019-06-28,equal_weight,Utilities,0.0909090909090908
2019-06-28,ewma,Communication Services,0.0
2019-06-28,ewma,Consumer Discretionary,0.0728095365338038
2019-06-28,ewma,Consumer Staples,0.15
2019-06-28,ewma,Energy,0.0747811812080361
2019-06-28,ewma,Financials,0.15
2019-06-28,ewma,Health Care,0.1330315014015823
2019-06-28,ewma,Industrials,0.0157338321488409
2019-06-28,ewma,Information Technology,0.0648004013689924
2019-06-28,ewma,Materials,0.067056720813094
2019-06-28,ewma,Real Estate,0.021786826525650105
2019-06-28,ewma,Utilities,0.2499999999999999
2019-06-28,ledoit_wolf,Communication Services,0.009751824958463
2019-06-28,ledoit_wolf,Consumer Discretionary,0.0028111420673212
2019-06-28,ledoit_wolf,Consumer Staples,0.2237855883180761
2019-06-28,ledoit_wolf,Energy,0.0708726474583069
2019-06-28,ledoit_wolf,Financials,0.1595475641161421
2019-06-28,ledoit_wolf,Health Care,0.04617935873382
2019-06-28,ledoit_wolf,Industrials,0.006857593274537301
2019-06-28,ledoit_wolf,Information Technology,4.70348299132953e-18
2019-06-28,ledoit_wolf,Materials,0.1302757412180412
2019-06-28,ledoit_wolf,Real Estate,0.0999185398552916
2019-06-28,ledoit_wolf,Utilities,0.25
2019-06-28,sample,Communication Services,0.0091304818708561
2019-06-28,sample,Consumer Discretionary,0.0
2019-06-28,sample,Consumer Staples,0.2281657887871935
2019-06-28,sample,Energy,0.06662777283621141
2019-06-28,sample,Financials,0.1663994650849187
2019-06-28,sample,Health Care,0.0447077278063209
2019-06-28,sample,Industrials,0.004665116589866601
2019-06-28,sample,Information Technology,5.386940968650281e-18
2019-06-28,sample,Materials,0.1294707684978086
2019-06-28,sample,Real Estate,0.1008328785268235
2019-06-28,sample,Utilities,0.25
2019-07-31,equal_weight,Communication Services,0.0909090909090908
2019-07-31,equal_weight,Consumer Discretionary,0.0909090909090908
2019-07-31,equal_weight,Consumer Staples,0.0909090909090908
2019-07-31,equal_weight,Energy,0.0909090909090908
2019-07-31,equal_weight,Financials,0.0909090909090908
2019-07-31,equal_weight,Health Care,0.0909090909090908
2019-07-31,equal_weight,Industrials,0.0909090909090908
2019-07-31,equal_weight,Information Technology,0.0909090909090908
2019-07-31,equal_weight,Materials,0.0909090909090908
2019-07-31,equal_weight,Real Estate,0.0909090909090908
2019-07-31,equal_weight,Utilities,0.0909090909090908
2019-07-31,ewma,Communication Services,0.009684307550907207
2019-07-31,ewma,Consumer Discretionary,0.0374817182265208
2019-07-31,ewma,Consumer Staples,0.0241903503260588
2019-07-31,ewma,Energy,0.16459320907123642
2019-07-31,ewma,Financials,0.2012739935089316
2019-07-31,ewma,Health Care,0.0658968120280634
2019-07-31,ewma,Industrials,0.0850202244398811
2019-07-31,ewma,Information Technology,0.0234559175966162
2019-07-31,ewma,Materials,0.005297103929802801
2019-07-31,ewma,Real Estate,0.15
2019-07-31,ewma,Utilities,0.23310636332198081
2019-07-31,ledoit_wolf,Communication Services,0.0080776251748157
2019-07-31,ledoit_wolf,Consumer Discretionary,0.0051254722296579
2019-07-31,ledoit_wolf,Consumer Staples,0.2056093220317604
2019-07-31,ledoit_wolf,Energy,0.07470497202688231
2019-07-31,ledoit_wolf,Financials,0.1600741330339025
2019-07-31,ledoit_wolf,Health Care,0.0431890669060737
2019-07-31,ledoit_wolf,Industrials,0.0092563266446762
2019-07-31,ledoit_wolf,Information Technology,1.7589274232200433e-18
2019-07-31,ledoit_wolf,Materials,0.1336210949330526
2019-07-31,ledoit_wolf,Real Estate,0.110341987019178
2019-07-31,ledoit_wolf,Utilities,0.25
2019-07-31,sample,Communication Services,0.007235767561559003
2019-07-31,sample,Consumer Discretionary,0.0012270642577786018
2019-07-31,sample,Consumer Staples,0.2087815787008987
2019-07-31,sample,Energy,0.0713639945336087
2019-07-31,sample,Financials,0.1684436578966205
2019-07-31,sample,Health Care,0.0401417118216967
2019-07-31,sample,Industrials,0.0078227308278408
2019-07-31,sample,Information Technology,1.1719871485915357e-19
2019-07-31,sample,Materials,0.1312921480729873
2019-07-31,sample,Real Estate,0.1136913463270092
2019-07-31,sample,Utilities,0.2499999999999999
2019-08-30,equal_weight,Communication Services,0.0909090909090908
2019-08-30,equal_weight,Consumer Discretionary,0.0909090909090908
2019-08-30,equal_weight,Consumer Staples,0.0909090909090908
2019-08-30,equal_weight,Energy,0.0909090909090908
2019-08-30,equal_weight,Financials,0.0909090909090908
2019-08-30,equal_weight,Health Care,0.0909090909090908
2019-08-30,equal_weight,Industrials,0.0909090909090908
2019-08-30,equal_weight,Information Technology,0.0909090909090908
2019-08-30,equal_weight,Materials,0.0909090909090908
2019-08-30,equal_weight,Real Estate,0.0909090909090908
2019-08-30,equal_weight,Utilities,0.0909090909090908
2019-08-30,ewma,Communication Services,2.096702071775202e-18
2019-08-30,ewma,Consumer Discretionary,0.0124669607589621
2019-08-30,ewma,Consumer Staples,0.0881357517177428
2019-08-30,ewma,Energy,0.0305957379617575
2019-08-30,ewma,Financials,1.2205832769030817e-18
2019-08-30,ewma,Health Care,0.25
2019-08-30,ewma,Industrials,0.0688015495615374
2019-08-30,ewma,Information Technology,2.635962348337218e-18
2019-08-30,ewma,Materials,0.15
2019-08-30,ewma,Real Estate,0.1499999999999999
2019-08-30,ewma,Utilities,0.2499999999999999
2019-08-30,ledoit_wolf,Communication Services,0.003168824612177901
2019-08-30,ledoit_wolf,Consumer Discretionary,0.0024950342958894
2019-08-30,ledoit_wolf,Consumer Staples,0.1932793100287522
2019-08-30,ledoit_wolf,Energy,0.0656342032833796
2019-08-30,ledoit_wolf,Financials,0.15567970975152648
2019-08-30,ledoit_wolf,Health Care,0.053806430902873
2019-08-30,ledoit_wolf,Industrials,0.007747718321025901
2019-08-30,ledoit_wolf,Information Technology,3.47689029688355e-18
2019-08-30,ledoit_wolf,Materials,0.1490755653764747
2019-08-30,ledoit_wolf,Real Estate,0.1191132034279001
2019-08-30,ledoit_wolf,Utilities,0.2499999999999999
2019-08-30,sample,Communication Services,0.002311332510269503
2019-08-30,sample,Consumer Discretionary,5.892386260019743e-18
2019-08-30,sample,Consumer Staples,0.1948918629950002
2019-08-30,sample,Energy,0.0609097212698963
2019-08-30,sample,Financials,0.16333473104182689
2019-08-30,sample,Health Care,0.0508574543844118
2019-08-30,sample,Industrials,0.0069473737794615
2019-08-30,sample,Information Technology,3.566165236451717e-18
2019-08-30,sample,Materials,0.1483631294275698
2019-08-30,sample,Real Estate,0.1223843945915634
2019-08-30,sample,Utilities,0.25
2019-09-30,equal_weight,Communication Services,0.0909090909090908
2019-09-30,equal_weight,Consumer Discretionary,0.0909090909090908
2019-09-30,equal_weight,Consumer Staples,0.0909090909090908
2019-09-30,equal_weight,Energy,0.0909090909090908
2019-09-30,equal_weight,Financials,0.0909090909090908
2019-09-30,equal_weight,Health Care,0.0909090909090908
2019-09-30,equal_weight,Industrials,0.0909090909090908
2019-09-30,equal_weight,Information Technology,0.0909090909090908
2019-09-30,equal_weight,Materials,0.0909090909090908
2019-09-30,equal_weight,Real Estate,0.0909090909090908
2019-09-30,equal_weight,Utilities,0.0909090909090908
2019-09-30,ewma,Communication Services,1.286304342638569e-17
2019-09-30,ewma,Consumer Discretionary,0.1275953021460719
2019-09-30,ewma,Consumer Staples,0.1092822494925491
2019-09-30,ewma,Energy,0.15
2019-09-30,ewma,Financials,0.03586767850268931
2019-09-30,ewma,Health Care,0.1689014492012058
2019-09-30,ewma,Industrials,0.0181288475863102
2019-09-30,ewma,Information Technology,0.0
2019-09-30,ewma,Materials,0.1087768602820442
2019-09-30,ewma,Real Estate,0.0314476127891293
2019-09-30,ewma,Utilities,0.25
2019-09-30,ledoit_wolf,Communication Services,0.0010940473497168012
2019-09-30,ledoit_wolf,Consumer Discretionary,0.0083085840125104
2019-09-30,ledoit_wolf,Consumer Staples,0.19368611257798418
2019-09-30,ledoit_wolf,Energy,0.0718697031377358
2019-09-30,ledoit_wolf,Financials,0.1540923967234034
2019-09-30,ledoit_wolf,Health Care,0.06711155228325949
2019-09-30,ledoit_wolf,Industrials,0.011331205527393601
2019-09-30,ledoit_wolf,Information Technology,0.0
2019-09-30,ledoit_wolf,Materials,0.1347815284746272
2019-09-30,ledoit_wolf,Real Estate,0.1077248699133683
2019-09-30,ledoit_wolf,Utilities,0.25
2019-09-30,sample,Communication Services,0.0003840826223248
2019-09-30,sample,Consumer Discretionary,0.0034269343306207
2019-09-30,sample,Consumer Staples,0.1971183233075182
2019-09-30,sample,Energy,0.0679454043076824
2019-09-30,sample,Financials,0.16311529345023978
2019-09-30,sample,Health Care,0.061671369943557194
2019-09-30,sample,Industrials,0.009412395153033
2019-09-30,sample,Information Technology,2.678304942568812e-18
2019-09-30,sample,Materials,0.1370072696157578
2019-09-30,sample,Real Estate,0.1099189272692656
2019-09-30,sample,Utilities,0.25
2019-10-31,equal_weight,Communication Services,0.0909090909090908
2019-10-31,equal_weight,Consumer Discretionary,0.0909090909090908
2019-10-31,equal_weight,Consumer Staples,0.0909090909090908
2019-10-31,equal_weight,Energy,0.0909090909090908
2019-10-31,equal_weight,Financials,0.0909090909090908
2019-10-31,equal_weight,Health Care,0.0909090909090908
2019-10-31,equal_weight,Industrials,0.0909090909090908
2019-10-31,equal_weight,Information Technology,0.0909090909090908
2019-10-31,equal_weight,Materials,0.0909090909090908
2019-10-31,equal_weight,Real Estate,0.0909090909090908
2019-10-31,equal_weight,Utilities,0.0909090909090908
2019-10-31,ewma,Communication Services,1.2295155624553297e-18
2019-10-31,ewma,Consumer Discretionary,0.1499999999999999
2019-10-31,ewma,Consumer Staples,0.012217505086697701
2019-10-31,ewma,Energy,0.1021729118638608
2019-10-31,ewma,Financials,0.0840299618604237
2019-10-31,ewma,Health Care,0.0997461594063697
2019-10-31,ewma,Industrials,0.016299633841427706
2019-10-31,ewma,Information Technology,0.0481167186405041
2019-10-31,ewma,Materials,0.15
2019-10-31,ewma,Real Estate,0.090344495683739
2019-10-31,ewma,Utilities,0.2470726136169768
2019-10-31,ledoit_wolf,Communication Services,0.0028606418039794
2019-10-31,ledoit_wolf,Consumer Discretionary,0.0159255870857188
2019-10-31,ledoit_wolf,Consumer Staples,0.17671602883634652
2019-10-31,ledoit_wolf,Energy,0.0644241042369544
2019-10-31,ledoit_wolf,Financials,0.15005588608667042
2019-10-31,ledoit_wolf,Health Care,0.0883926279225193
2019-10-31,ledoit_wolf,Industrials,0.0048076032317683
2019-10-31,ledoit_wolf,Information Technology,6.534577906490463e-19
2019-10-31,ledoit_wolf,Materials,0.1385333903308181
2019-10-31,ledoit_wolf,Real Estate,0.1082841304652243
2019-10-31,ledoit_wolf,Utilities,0.2499999999999999
2019-10-31,sample,Communication Services,0.0021339786338354003
2019-10-31,sample,Consumer Discretionary,0.0129672737788712
2019-10-31,sample,Consumer Staples,0.1786920512105651
2019-10-31,sample,Energy,0.06088537745681
2019-10-31,sample,Financials,0.15787896147090852
2019-10-31,sample,Health Care,0.0845403514611708
2019-10-31,sample,Industrials,0.0029347004968709
2019-10-31,sample,Information Technology,2.2972511039559862e-18
2019-10-31,sample,Materials,0.1402169408771511
2019-10-31,sample,Real Estate,0.1097503646138162
2019-10-31,sample,Utilities,0.25
2019-11-29,equal_weight,Communication Services,0.0909090909090908
2019-11-29,equal_weight,Consumer Discretionary,0.0909090909090908
2019-11-29,equal_weight,Consumer Staples,0.0909090909090908
2019-11-29,equal_weight,Energy,0.0909090909090908
2019-11-29,equal_weight,Financials,0.0909090909090908
2019-11-29,equal_weight,Health Care,0.0909090909090908
2019-11-29,equal_weight,Industrials,0.0909090909090908
2019-11-29,equal_weight,Information Technology,0.0909090909090908
2019-11-29,equal_weight,Materials,0.0909090909090908
2019-11-29,equal_weight,Real Estate,0.0909090909090908
2019-11-29,equal_weight,Utilities,0.0909090909090908
2019-11-29,ewma,Communication Services,4.269046054161674e-18
2019-11-29,ewma,Consumer Discretionary,0.1022668694177904
2019-11-29,ewma,Consumer Staples,0.10448627826960749
2019-11-29,ewma,Energy,0.14583941887927482
2019-11-29,ewma,Financials,0.161756013173776
2019-11-29,ewma,Health Care,0.0863175827926023
2019-11-29,ewma,Industrials,0.0025050836011160037
2019-11-29,ewma,Information Technology,0.015264880345359604
2019-11-29,ewma,Materials,0.2315638735204728
2019-11-29,ewma,Real Estate,1.2405644545486483e-17
2019-11-29,ewma,Utilities,0.15
2019-11-29,ledoit_wolf,Communication Services,0.001585576492734301
2019-11-29,ledoit_wolf,Consumer Discretionary,0.0065037356214972
2019-11-29,ledoit_wolf,Consumer Staples,0.1640502011400475
2019-11-29,ledoit_wolf,Energy,0.0789859158626571
2019-11-29,ledoit_wolf,Financials,0.1522675937472241
2019-11-29,ledoit_wolf,Health Care,0.0880004492255579
2019-11-29,ledoit_wolf,Industrials,0.0096836128933822
2019-11-29,ledoit_wolf,Information Technology,5.326168968656915e-18
2019-11-29,ledoit_wolf,Materials,0.13718996978012762
2019-11-29,ledoit_wolf,Real Estate,0.1117329452367714
2019-11-29,ledoit_wolf,Utilities,0.25
2019-11-29,sample,Communication Services,0.0007580132025452004
2019-11-29,sample,Consumer Discretionary,0.003947290622712501
2019-11-29,sample,Consumer Staples,0.1660653764482768
2019-11-29,sample,Energy,0.0775754712898697
2019-11-29,sample,Financials,0.15733475580264428
2019-11-29,sample,Health Care,0.0875037253792354
2019-11-29,sample,Industrials,0.008040474938114502
2019-11-29,sample,Information Technology,0.0
2019-11-29,sample,Materials,0.1369128093217046
2019-11-29,sample,Real Estate,0.11186208299489642
2019-11-29,sample,Utilities,0.25
2019-12-31,equal_weight,Communication Services,0.0909090909090908
2019-12-31,equal_weight,Consumer Discretionary,0.0909090909090908
2019-12-31,equal_weight,Consumer Staples,0.0909090909090908
2019-12-31,equal_weight,Energy,0.0909090909090908
2019-12-31,equal_weight,Financials,0.0909090909090908
2019-12-31,equal_weight,Health Care,0.0909090909090908
2019-12-31,equal_weight,Industrials,0.0909090909090908
2019-12-31,equal_weight,Information Technology,0.0909090909090908
2019-12-31,equal_weight,Materials,0.0909090909090908
2019-12-31,equal_weight,Real Estate,0.0909090909090908
2019-12-31,equal_weight,Utilities,0.0909090909090908
2019-12-31,ewma,Communication Services,0.045939467284703606
2019-12-31,ewma,Consumer Discretionary,0.028352617341174
2019-12-31,ewma,Consumer Staples,0.1714205905746491
2019-12-31,ewma,Energy,0.11150941331694561
2019-12-31,ewma,Financials,0.1126992149749445
2019-12-31,ewma,Health Care,0.1508350063520816
2019-12-31,ewma,Industrials,0.014670604776260605
2019-12-31,ewma,Information Technology,0.0
2019-12-31,ewma,Materials,0.1845904513654701
2019-12-31,ewma,Real Estate,0.08937350343212312
2019-12-31,ewma,Utilities,0.0906091305816472
2019-12-31,ledoit_wolf,Communication Services,0.0033421551763289
2019-12-31,ledoit_wolf,Consumer Discretionary,0.0114422342626648
2019-12-31,ledoit_wolf,Consumer Staples,0.1723240793495991
2019-12-31,ledoit_wolf,Energy,0.0800169923371452
2019-12-31,ledoit_wolf,Financials,0.148140102419248
2019-12-31,ledoit_wolf,Health Care,0.0889297879652155
2019-12-31,ledoit_wolf,Industrials,0.005085155111216601
2019-12-31,ledoit_wolf,Information Technology,0.0
2019-12-31,ledoit_wolf,Materials,0.1388000160055767
2019-12-31,ledoit_wolf,Real Estate,0.1019194773730046
2019-12-31,ledoit_wolf,Utilities,0.25
2019-12-31,sample,Communication Services,0.0026198563880948
2019-12-31,sample,Consumer Discretionary,0.008356929249511
2019-12-31,sample,Consumer Staples,0.17414273917703318
2019-12-31,sample,Energy,0.07755274913539839
2019-12-31,sample,Financials,0.154573936226956
2019-12-31,sample,Health Care,0.0868209947618131
2019-12-31,sample,Industrials,0.004095938531656902
2019-12-31,sample,Information Technology,2.6473465176224196e-19
2019-12-31,sample,Materials,0.1399769071965337
2019-12-31,sample,Real Estate,0.10185994933300221
2019-12-31,sample,Utilities,0.25
2020-01-31,equal_weight,Communication Services,0.0909090909090908
2020-01-31,equal_weight,Consumer Discretionary,0.0909090909090908
2020-01-31,equal_weight,Consumer Staples,0.0909090909090908
2020-01-31,equal_weight,Energy,0.0909090909090908
2020-01-31,equal_weight,Financials,0.0909090909090908
2020-01-31,equal_weight,Health Care,0.0909090909090908
2020-01-31,equal_weight,Industrials,0.0909090909090908
2020-01-31,equal_weight,Information Technology,0.0909090909090908
2020-01-31,equal_weight,Materials,0.0909090909090908
2020-01-31,equal_weight,Real Estate,0.0909090909090908
2020-01-31,equal_weight,Utilities,0.0909090909090908
2020-01-31,ewma,Communication Services,0.0466428764118487
2020-01-31,ewma,Consumer Discretionary,0.1598718454110487
2020-01-31,ewma,Consumer Staples,0.1357807920260743
2020-01-31,ewma,Energy,0.0373305394514307
2020-01-31,ewma,Financials,0.06118473250568351
2020-01-31,ewma,Health Care,0.1499999999999999
2020-01-31,ewma,Industrials,1.1822667397702317e-17
2020-01-31,ewma,Information Technology,1.386916079089321e-18
2020-01-31,ewma,Materials,0.15
2020-01-31,ewma,Real Estate,0.0091892141939139
2020-01-31,ewma,Utilities,0.25
2020-01-31,ledoit_wolf,Communication Services,0.004748813650870103
2020-01-31,ledoit_wolf,Consumer Discretionary,0.020495795601403702
2020-01-31,ledoit_wolf,Consumer Staples,0.1661570710764136
2020-01-31,ledoit_wolf,Energy,0.0769203713524775
2020-01-31,ledoit_wolf,Financials,0.1450823025030547
2020-01-31,ledoit_wolf,Health Care,0.0938575721013517
2020-01-31,ledoit_wolf,Industrials,6.0918280074094065e-19
2020-01-31,ledoit_wolf,Information Technology,6.019635296906465e-19
2020-01-31,ledoit_wolf,Materials,0.1420471608210587
2020-01-31,ledoit_wolf,Real Estate,0.1006909128933694
2020-01-31,ledoit_wolf,Utilities,0.25
2020-01-31,sample,Communication Services,0.0039896893129611
2020-01-31,sample,Consumer Discretionary,0.017917061617266302
2020-01-31,sample,Consumer Staples,0.1677978748674456
2020-01-31,sample,Energy,0.0751679819055731
2020-01-31,sample,Financials,0.1489516555270706
2020-01-31,sample,Health Care,0.0929461297903544
2020-01-31,sample,Industrials,0.0
2020-01-31,sample,Information Technology,1.0943634686564102e-18
2020-01-31,sample,Materials,0.1435920334127219
2020-01-31,sample,Real Estate,0.0996375735666064
2020-01-31,sample,Utilities,0.25
2020-02-28,equal_weight,Communication Services,0.0909090909090908
2020-02-28,equal_weight,Consumer Discretionary,0.0909090909090908
2020-02-28,equal_weight,Consumer Staples,0.0909090909090908
2020-02-28,equal_weight,Energy,0.0909090909090908
2020-02-28,equal_weight,Financials,0.0909090909090908
2020-02-28,equal_weight,Health Care,0.0909090909090908
2020-02-28,equal_weight,Industrials,0.0909090909090908
2020-02-28,equal_weight,Information Technology,0.0909090909090908
2020-02-28,equal_weight,Materials,0.0909090909090908
2020-02-28,equal_weight,Real Estate,0.0909090909090908
2020-02-28,equal_weight,Utilities,0.0909090909090908
2020-02-28,ewma,Communication Services,0.1439963515014643
2020-02-28,ewma,Consumer Discretionary,0.0412401653974069
2020-02-28,ewma,Consumer Staples,0.0269550850307389
2020-02-28,ewma,Energy,0.0
2020-02-28,ewma,Financials,0.0
2020-02-28,ewma,Health Care,0.15
2020-02-28,ewma,Industrials,0.2123616001444541
2020-02-28,ewma,Information Technology,9.309674180887e-18
2020-02-28,ewma,Materials,0.025446797925935405
2020-02-28,ewma,Real Estate,0.15000000000000002
2020-02-28,ewma,Utilities,0.2499999999999998
2020-02-28,ledoit_wolf,Communication Services,0.012858092203944002
2020-02-28,ledoit_wolf,Consumer Discretionary,0.034521086142615
2020-02-28,ledoit_wolf,Consumer Staples,0.1446712095823876
2020-02-28,ledoit_wolf,Energy,0.08156879939256931
2020-02-28,ledoit_wolf,Financials,0.11946161462245089
2020-02-28,ledoit_wolf,Health Care,0.1031355515475014
2020-02-28,ledoit_wolf,Industrials,0.0161120766868468
2020-02-28,ledoit_wolf,Information Technology,5.185562396604177e-18
2020-02-28,ledoit_wolf,Materials,0.1343068420506084
2020-02-28,ledoit_wolf,Real Estate,0.10336472777107572
2020-02-28,ledoit_wolf,Utilities,0.2499999999999999
2020-02-28,sample,Communication Services,0.012184359050455607
2020-02-28,sample,Consumer Discretionary,0.0323583398363562
2020-02-28,sample,Consumer Staples,0.1439688660468525
2020-02-28,sample,Energy,0.0808349826630679
2020-02-28,sample,Financials,0.12420151866672641
2020-02-28,sample,Health Care,0.10231806917916919
2020-02-28,sample,Industrials,0.0140999710764395
2020-02-28,sample,Information Technology,5.6220665851833866e-18
2020-02-28,sample,Materials,0.1359782838059758
2020-02-28,sample,Real Estate,0.10405560967495632
2020-02-28,sample,Utilities,0.25
2020-03-31,equal_weight,Communication Services,0.0909090909090908
2020-03-31,equal_weight,Consumer Discretionary,0.0909090909090908
2020-03-31,equal_weight,Consumer Staples,0.0909090909090908
2020-03-31,equal_weight,Energy,0.0909090909090908
2020-03-31,equal_weight,Financials,0.0909090909090908
2020-03-31,equal_weight,Health Care,0.0909090909090908
2020-03-31,equal_weight,Industrials,0.0909090909090908
2020-03-31,equal_weight,Information Technology,0.0909090909090908
2020-03-31,equal_weight,Materials,0.0909090909090908
2020-03-31,equal_weight,Real Estate,0.0909090909090908
2020-03-31,equal_weight,Utilities,0.0909090909090908
2020-03-31,ewma,Communication Services,0.25
2020-03-31,ewma,Consumer Discretionary,0.15
2020-03-31,ewma,Consumer Staples,0.2499999999999999
2020-03-31,ewma,Energy,1.2587542377113293e-17
2020-03-31,ewma,Financials,3.319698180155977e-18
2020-03-31,ewma,Health Care,0.15000000000000002
2020-03-31,ewma,Industrials,0.049999999999999906
2020-03-31,ewma,Information Technology,0.0
2020-03-31,ewma,Materials,0.1499999999999999
2020-03-31,ewma,Real Estate,0.0
2020-03-31,ewma,Utilities,8.776557549921429e-18
2020-03-31,ledoit_wolf,Communication Services,0.0581958784992843
2020-03-31,ledoit_wolf,Consumer Discretionary,0.15
2020-03-31,ledoit_wolf,Consumer Staples,0.24999999999999992
2020-03-31,ledoit_wolf,Energy,0.0427283476370044
2020-03-31,ledoit_wolf,Financials,1.8008126956255327e-18
2020-03-31,ledoit_wolf,Health Care,0.15
2020-03-31,ledoit_wolf,Industrials,0.047640093682073704
2020-03-31,ledoit_wolf,Information Technology,1.2565196796818599e-17
2020-03-31,ledoit_wolf,Materials,0.15
2020-03-31,ledoit_wolf,Real Estate,0.0305264637743786
2020-03-31,ledoit_wolf,Utilities,0.12090921640725871
2020-03-31,sample,Communication Services,0.057814386826887
2020-03-31,sample,Consumer Discretionary,0.15
2020-03-31,sample,Consumer Staples,0.25
2020-03-31,sample,Energy,0.0413926953406397
2020-03-31,sample,Financials,1.9901534484930505e-18
2020-03-31,sample,Health Care,0.15
2020-03-31,sample,Industrials,0.048545561432915
2020-03-31,sample,Information Technology,8.182804866626934e-18
2020-03-31,sample,Materials,0.15
2020-03-31,sample,Real Estate,0.0249162924647663
2020-03-31,sample,Utilities,0.1273310639347916
2020-04-30,equal_weight,Communication Services,0.0909090909090908
2020-04-30,equal_weight,Consumer Discretionary,0.0909090909090908
2020-04-30,equal_weight,Consumer Staples,0.0909090909090908
2020-04-30,equal_weight,Energy,0.0909090909090908
2020-04-30,equal_weight,Financials,0.0909090909090908
2020-04-30,equal_weight,Health Care,0.0909090909090908
2020-04-30,equal_weight,Industrials,0.0909090909090908
2020-04-30,equal_weight,Information Technology,0.0909090909090908
2020-04-30,equal_weight,Materials,0.0909090909090908
2020-04-30,equal_weight,Real Estate,0.0909090909090908
2020-04-30,equal_weight,Utilities,0.0909090909090908
2020-04-30,ewma,Communication Services,0.1217187030601966
2020-04-30,ewma,Consumer Discretionary,0.15
2020-04-30,ewma,Consumer Staples,0.2499999999999999
2020-04-30,ewma,Energy,2.754104919611481e-17
2020-04-30,ewma,Financials,0.0
2020-04-30,ewma,Health Care,0.1499999999999999
2020-04-30,ewma,Industrials,0.1782812969398033
2020-04-30,ewma,Information Technology,4.7904452293541153e-17
2020-04-30,ewma,Materials,0.15
2020-04-30,ewma,Real Estate,1.2102935029781056e-17
2020-04-30,ewma,Utilities,4.867272556882325e-18
2020-04-30,ledoit_wolf,Communication Services,0.0699214386091136
2020-04-30,ledoit_wolf,Consumer Discretionary,0.15
2020-04-30,ledoit_wolf,Consumer Staples,0.25
2020-04-30,ledoit_wolf,Energy,0.0506318179779426
2020-04-30,ledoit_wolf,Financials,1.839330015918915e-17
2020-04-30,ledoit_wolf,Health Care,0.15
2020-04-30,ledoit_wolf,Industrials,0.057044052537644
2020-04-30,ledoit_wolf,Information Technology,5.8611758293084916e-18
2020-04-30,ledoit_wolf,Materials,0.1499999999999999
2020-04-30,ledoit_wolf,Real Estate,0.010791289528237406
2020-04-30,ledoit_wolf,Utilities,0.111611401347062
2020-04-30,sample,Communication Services,0.06736760898469679
2020-04-30,sample,Consumer Discretionary,0.15
2020-04-30,sample,Consumer Staples,0.2499999999999999
2020-04-30,sample,Energy,0.049935309920472
2020-04-30,sample,Financials,2.0814134734677611e-19
2020-04-30,sample,Health Care,0.15
2020-04-30,sample,Industrials,0.0609557643183537
2020-04-30,sample,Information Technology,7.296004146299459e-19
2020-04-30,sample,Materials,0.15
2020-04-30,sample,Real Estate,0.0036140613248695
2020-04-30,sample,Utilities,0.1181272554516076
2020-05-29,equal_weight,Communication Services,0.0909090909090908
2020-05-29,equal_weight,Consumer Discretionary,0.0909090909090908
2020-05-29,equal_weight,Consumer Staples,0.0909090909090908
2020-05-29,equal_weight,Energy,0.0909090909090908
2020-05-29,equal_weight,Financials,0.0909090909090908
2020-05-29,equal_weight,Health Care,0.0909090909090908
2020-05-29,equal_weight,Industrials,0.0909090909090908
2020-05-29,equal_weight,Information Technology,0.0909090909090908
2020-05-29,equal_weight,Materials,0.0909090909090908
2020-05-29,equal_weight,Real Estate,0.0909090909090908
2020-05-29,equal_weight,Utilities,0.0909090909090908
2020-05-29,ewma,Communication Services,0.1739577101076178
2020-05-29,ewma,Consumer Discretionary,0.1499999999999999
2020-05-29,ewma,Consumer Staples,0.2499999999999999
2020-05-29,ewma,Energy,5.48733761318033e-18
2020-05-29,ewma,Financials,7.800373750976629e-18
2020-05-29,ewma,Health Care,0.15
2020-05-29,ewma,Industrials,0.1260422898923822
2020-05-29,ewma,Information Technology,2.688202131259778e-17
2020-05-29,ewma,Materials,0.15
2020-05-29,ewma,Real Estate,0.0
2020-05-29,ewma,Utilities,0.0
2020-05-29,ledoit_wolf,Communication Services,0.0848015058729654
2020-05-29,ledoit_wolf,Consumer Discretionary,0.15
2020-05-29,ledoit_wolf,Consumer Staples,0.2499999999999999
2020-05-29,ledoit_wolf,Energy,0.0265289130441565
2020-05-29,ledoit_wolf,Financials,0.0
2020-05-29,ledoit_wolf,Health Care,0.15
2020-05-29,ledoit_wolf,Industrials,0.0650273268784044
2020-05-29,ledoit_wolf,Information Technology,0.0
2020-05-29,ledoit_wolf,Materials,0.15
2020-05-29,ledoit_wolf,Real Estate,0.011069743945253807
2020-05-29,ledoit_wolf,Utilities,0.1125725102592196
2020-05-29,sample,Communication Services,0.0846352486555946
2020-05-29,sample,Consumer Discretionary,0.15
2020-05-29,sample,Consumer Staples,0.24999999999999992
2020-05-29,sample,Energy,0.0245474003082737
2020-05-29,sample,Financials,2.5451762213386982e-18
2020-05-29,sample,Health Care,0.1499999999999999
2020-05-29,sample,Industrials,0.0678575330933029
2020-05-29,sample,Information Technology,1.4977240378674146e-18
2020-05-29,sample,Materials,0.15
2020-05-29,sample,Real Estate,0.003469074229371102
2020-05-29,sample,Utilities,0.11949074371345719
2020-06-30,equal_weight,Communication Services,0.0909090909090908
2020-06-30,equal_weight,Consumer Discretionary,0.0909090909090908
2020-06-30,equal_weight,Consumer Staples,0.0909090909090908
2020-06-30,equal_weight,Energy,0.0909090909090908
2020-06-30,equal_weight,Financials,0.0909090909090908
2020-06-30,equal_weight,Health Care,0.0909090909090908
2020-06-30,equal_weight,Industrials,0.0909090909090908
2020-06-30,equal_weight,Information Technology,0.0909090909090908
2020-06-30,equal_weight,Materials,0.0909090909090908
2020-06-30,equal_weight,Real Estate,0.0909090909090908
2020-06-30,equal_weight,Utilities,0.0909090909090908
2020-06-30,ewma,Communication Services,0.0090964463922842
2020-06-30,ewma,Consumer Discretionary,0.1637615923681704
2020-06-30,ewma,Consumer Staples,0.2344711380635171
2020-06-30,ewma,Energy,1.7618285302889447e-18
2020-06-30,ewma,Financials,0.0
2020-06-30,ewma,Health Care,0.15
2020-06-30,ewma,Industrials,7.974815198399239e-19
2020-06-30,ewma,Information Technology,0.0039483708346588
2020-06-30,ewma,Materials,0.1887224523413693
2020-06-30,ewma,Real Estate,0.0
2020-06-30,ewma,Utilities,0.2499999999999999
2020-06-30,ledoit_wolf,Communication Services,0.08601155077562041
2020-06-30,ledoit_wolf,Consumer Discretionary,0.1499999999999999
2020-06-30,ledoit_wolf,Consumer Staples,0.2499999999999999
2020-06-30,ledoit_wolf,Energy,0.007814249631903
2020-06-30,ledoit_wolf,Financials,9.854712441868561e-19
2020-06-30,ledoit_wolf,Health Care,0.15
2020-06-30,ledoit_wolf,Industrials,0.0705268212116952
2020-06-30,ledoit_wolf,Information Technology,1.0530538521763084e-17
2020-06-30,ledoit_wolf,Materials,0.15
2020-06-30,ledoit_wolf,Real Estate,1.0970306113597435e-17
2020-06-30,ledoit_wolf,Utilities,0.13564737838078111
2020-06-30,sample,Communication Services,0.0861261080192073
2020-06-30,sample,Consumer Discretionary,0.1499999999999999
2020-06-30,sample,Consumer Staples,0.25
2020-06-30,sample,Energy,0.0003118298475687007
2020-06-30,sample,Financials,2.4522645509351864e-18
2020-06-30,sample,Health Care,0.15
2020-06-30,sample,Industrials,0.0754359872638477
2020-06-30,sample,Information Technology,1.4921781658030196e-17
2020-06-30,sample,Materials,0.1499999999999999
2020-06-30,sample,Real Estate,1.4558730095420735e-17
2020-06-30,sample,Utilities,0.1381260748693761
2020-07-31,equal_weight,Communication Services,0.0909090909090908
2020-07-31,equal_weight,Consumer Discretionary,0.0909090909090908
2020-07-31,equal_weight,Consumer Staples,0.0909090909090908
2020-07-31,equal_weight,Energy,0.0909090909090908
2020-07-31,equal_weight,Financials,0.0909090909090908
2020-07-31,equal_weight,Health Care,0.0909090909090908
2020-07-31,equal_weight,Industrials,0.0909090909090908
2020-07-31,equal_weight,Information Technology,0.0909090909090908
2020-07-31,equal_weight,Materials,0.0909090909090908
2020-07-31,equal_weight,Real Estate,0.0909090909090908
2020-07-31,equal_weight,Utilities,0.0909090909090908
2020-07-31,ewma,Communication Services,0.025432030712259506
2020-07-31,ewma,Consumer Discretionary,0.25
2020-07-31,ewma,Consumer Staples,0.2377029662473689
2020-07-31,ewma,Energy,6.683714678625005e-18
2020-07-31,ewma,Financials,2.5464502458276945e-17
2020-07-31,ewma,Health Care,0.1499999999999999
2020-07-31,ewma,Industrials,0.007116590886844812
2020-07-31,ewma,Information Technology,5.6697272074812856e-18
2020-07-31,ewma,Materials,0.1195934136576439
2020-07-31,ewma,Real Estate,0.029203865145062107
2020-07-31,ewma,Utilities,0.1809511333508205
2020-07-31,ledoit_wolf,Communication Services,0.0893497928282351
2020-07-31,ledoit_wolf,Consumer Discretionary,0.15
2020-07-31,ledoit_wolf,Consumer Staples,0.25
2020-07-31,ledoit_wolf,Energy,0.0100791680409605
2020-07-31,ledoit_wolf,Financials,9.218841441585524e-20
2020-07-31,ledoit_wolf,Health Care,0.1499999999999999
2020-07-31,ledoit_wolf,Industrials,0.0668708655777303
2020-07-31,ledoit_wolf,Information Technology,1.2521421848285203e-17
2020-07-31,ledoit_wolf,Materials,0.15
2020-07-31,ledoit_wolf,Real Estate,1.0118158737360076e-17
2020-07-31,ledoit_wolf,Utilities,0.133700173553074
2020-07-31,sample,Communication Services,0.0895668955079514
2020-07-31,sample,Consumer Discretionary,0.1499999999999999
2020-07-31,sample,Consumer Staples,0.2499999999999999
2020-07-31,sample,Energy,0.0030711284264479024
2020-07-31,sample,Financials,6.951791082514689e-18
2020-07-31,sample,Health Care,0.15
2020-07-31,sample,Industrials,0.0717101977331751
2020-07-31,sample,Information Technology,2.6777434052758776e-17
2020-07-31,sample,Materials,0.15
2020-07-31,sample,Real Estate,0.0
2020-07-31,sample,Utilities,0.1356517783324254
2020-08-31,equal_weight,Communication Services,0.0909090909090908
2020-08-31,equal_weight,Consumer Discretionary,0.0909090909090908
2020-08-31,equal_weight,Consumer Staples,0.0909090909090908
2020-08-31,equal_weight,Energy,0.0909090909090908
2020-08-31,equal_weight,Financials,0.0909090909090908
2020-08-31,equal_weight,Health Care,0.0909090909090908
2020-08-31,equal_weight,Industrials,0.0909090909090908
2020-08-31,equal_weight,Information Technology,0.0909090909090908
2020-08-31,equal_weight,Materials,0.0909090909090908
2020-08-31,equal_weight,Real Estate,0.0909090909090908
2020-08-31,equal_weight,Utilities,0.0909090909090908
2020-08-31,ewma,Communication Services,0.0409184141727683
2020-08-31,ewma,Consumer Discretionary,0.1654820565256957
2020-08-31,ewma,Consumer Staples,0.15
2020-08-31,ewma,Energy,8.120504865326977e-18
2020-08-31,ewma,Financials,0.0969135944210595
2020-08-31,ewma,Health Care,0.176807216027221
2020-08-31,ewma,Industrials,0.051939619595418
2020-08-31,ewma,Information Technology,0.0472303548589227
2020-08-31,ewma,Materials,0.1207087443989145
2020-08-31,ewma,Real Estate,2.2708953315887792e-17
2020-08-31,ewma,Utilities,0.15
2020-08-31,ledoit_wolf,Communication Services,0.08350652760427821
2020-08-31,ledoit_wolf,Consumer Discretionary,0.15
2020-08-31,ledoit_wolf,Consumer Staples,0.24999999999999992
2020-08-31,ledoit_wolf,Energy,0.015516683273698902
2020-08-31,ledoit_wolf,Financials,2.097289460895989e-18
2020-08-31,ledoit_wolf,Health Care,0.15
2020-08-31,ledoit_wolf,Industrials,0.0714473685484667
2020-08-31,ledoit_wolf,Information Technology,0.0
2020-08-31,ledoit_wolf,Materials,0.15
2020-08-31,ledoit_wolf,Real Estate,0.0
2020-08-31,ledoit_wolf,Utilities,0.129529420573556
2020-08-31,sample,Communication Services,0.0842445238147233
2020-08-31,sample,Consumer Discretionary,0.15
2020-08-31,sample,Consumer Staples,0.2499999999999999
2020-08-31,sample,Energy,0.0090739837798468
2020-08-31,sample,Financials,1.2305807797281092e-20
2020-08-31,sample,Health Care,0.15
2020-08-31,sample,Industrials,0.0754347195782114
2020-08-31,sample,Information Technology,0.0
2020-08-31,sample,Materials,0.15
2020-08-31,sample,Real Estate,6.641782345241382e-18
2020-08-31,sample,Utilities,0.13124677282721808
2020-09-30,equal_weight,Communication Services,0.0909090909090908
2020-09-30,equal_weight,Consumer Discretionary,0.0909090909090908
2020-09-30,equal_weight,Consumer Staples,0.0909090909090908
2020-09-30,equal_weight,Energy,0.0909090909090908
2020-09-30,equal_weight,Financials,0.0909090909090908
2020-09-30,equal_weight,Health Care,0.0909090909090908
2020-09-30,equal_weight,Industrials,0.0909090909090908
2020-09-30,equal_weight,Information Technology,0.0909090909090908
2020-09-30,equal_weight,Materials,0.0909090909090908
2020-09-30,equal_weight,Real Estate,0.0909090909090908
2020-09-30,equal_weight,Utilities,0.0909090909090908
2020-09-30,ewma,Communication Services,0.0512378082440595
2020-09-30,ewma,Consumer Discretionary,2.0307118689558644e-17
2020-09-30,ewma,Consumer Staples,0.1499999999999999
2020-09-30,ewma,Energy,0.15
2020-09-30,ewma,Financials,0.04719999350545801
2020-09-30,ewma,Health Care,0.1970617842700274
2020-09-30,ewma,Industrials,0.1813579775543108
2020-09-30,ewma,Information Technology,4.901596786003001e-17
2020-09-30,ewma,Materials,0.0038416279567750084
2020-09-30,ewma,Real Estate,0.0
2020-09-30,ewma,Utilities,0.219300808469369
2020-09-30,ledoit_wolf,Communication Services,0.0644817070794426
2020-09-30,ledoit_wolf,Consumer Discretionary,0.15
2020-09-30,ledoit_wolf,Consumer Staples,0.2499999999999999
2020-09-30,ledoit_wolf,Energy,0.0296704751886267
2020-09-30,ledoit_wolf,Financials,1.0098238927501273e-17
2020-09-30,ledoit_wolf,Health Care,0.15
2020-09-30,ledoit_wolf,Industrials,0.0761365663340201
2020-09-30,ledoit_wolf,Information Technology,1.2189692101370866e-18
2020-09-30,ledoit_wolf,Materials,0.1499999999999999
2020-09-30,ledoit_wolf,Real Estate,0.0
2020-09-30,ledoit_wolf,Utilities,0.1297112513979102
2020-09-30,sample,Communication Services,0.06313072600825409
2020-09-30,sample,Consumer Discretionary,0.15
2020-09-30,sample,Consumer Staples,0.25
2020-09-30,sample,Energy,0.0251842675615066
2020-09-30,sample,Financials,8.706025955662504e-18
2020-09-30,sample,Health Care,0.15
2020-09-30,sample,Industrials,0.0805817197733554
2020-09-30,sample,Information Technology,3.2472273912148366e-18
2020-09-30,sample,Materials,0.1499999999999999
2020-09-30,sample,Real Estate,0.0
2020-09-30,sample,Utilities,0.1311032866568836
2020-10-30,equal_weight,Communication Services,0.0909090909090908
2020-10-30,equal_weight,Consumer Discretionary,0.0909090909090908
2020-10-30,equal_weight,Consumer Staples,0.0909090909090908
2020-10-30,equal_weight,Energy,0.0909090909090908
2020-10-30,equal_weight,Financials,0.0909090909090908
2020-10-30,equal_weight,Health Care,0.0909090909090908
2020-10-30,equal_weight,Industrials,0.0909090909090908
2020-10-30,equal_weight,Information Technology,0.0909090909090908
2020-10-30,equal_weight,Materials,0.0909090909090908
2020-10-30,equal_weight,Real Estate,0.0909090909090908
2020-10-30,equal_weight,Utilities,0.0909090909090908
2020-10-30,ewma,Communication Services,0.0
2020-10-30,ewma,Consumer Discretionary,0.1499999999999999
2020-10-30,ewma,Consumer Staples,0.1512659404745338
2020-10-30,ewma,Energy,0.0
2020-10-30,ewma,Financials,0.1055244878520927
2020-10-30,ewma,Health Care,0.15
2020-10-30,ewma,Industrials,0.0223368964932215
2020-10-30,ewma,Information Technology,1.1460752591929597e-18
2020-10-30,ewma,Materials,0.00864506971001101
2020-10-30,ewma,Real Estate,0.1622276054701407
2020-10-30,ewma,Utilities,0.25
2020-10-30,ledoit_wolf,Communication Services,0.060802509898660095
2020-10-30,ledoit_wolf,Consumer Discretionary,0.15
2020-10-30,ledoit_wolf,Consumer Staples,0.2499999999999999
2020-10-30,ledoit_wolf,Energy,0.0269075532401073
2020-10-30,ledoit_wolf,Financials,1.3891172790759102e-18
2020-10-30,ledoit_wolf,Health Care,0.15
2020-10-30,ledoit_wolf,Industrials,0.0811794641297185
2020-10-30,ledoit_wolf,Information Technology,1.871699308327232e-17
2020-10-30,ledoit_wolf,Materials,0.15
2020-10-30,ledoit_wolf,Real Estate,1.167866609807097e-19
2020-10-30,ledoit_wolf,Utilities,0.1311104727315138
2020-10-30,sample,Communication Services,0.0600344389117959
2020-10-30,sample,Consumer Discretionary,0.15
2020-10-30,sample,Consumer Staples,0.25
2020-10-30,sample,Energy,0.021449220572525404
2020-10-30,sample,Financials,0.0
2020-10-30,sample,Health Care,0.15
2020-10-30,sample,Industrials,0.0857090544417444
2020-10-30,sample,Information Technology,0.0
2020-10-30,sample,Materials,0.15
2020-10-30,sample,Real Estate,3.111788925890176e-18
2020-10-30,sample,Utilities,0.13280728607393422
2020-11-30,equal_weight,Communication Services,0.0909090909090908
2020-11-30,equal_weight,Consumer Discretionary,0.0909090909090908
2020-11-30,equal_weight,Consumer Staples,0.0909090909090908
2020-11-30,equal_weight,Energy,0.0909090909090908
2020-11-30,equal_weight,Financials,0.0909090909090908
2020-11-30,equal_weight,Health Care,0.0909090909090908
2020-11-30,equal_weight,Industrials,0.0909090909090908
2020-11-30,equal_weight,Information Technology,0.0909090909090908
2020-11-30,equal_weight,Materials,0.0909090909090908
2020-11-30,equal_weight,Real Estate,0.0909090909090908
2020-11-30,equal_weight,Utilities,0.0909090909090908
2020-11-30,ewma,Communication Services,8.375243426683375e-18
2020-11-30,ewma,Consumer Discretionary,0.08918937639691159
2020-11-30,ewma,Consumer Staples,0.24999999999999992
2020-11-30,ewma,Energy,0.0
2020-11-30,ewma,Financials,0.0
2020-11-30,ewma,Health Care,0.1520766154116495
2020-11-30,ewma,Industrials,0.02462125433504521
2020-11-30,ewma,Information Technology,2.1833923156798204e-18
2020-11-30,ewma,Materials,0.07654161779203163
2020-11-30,ewma,Real Estate,0.2499999999999999
2020-11-30,ewma,Utilities,0.1575711360643618
2020-11-30,ledoit_wolf,Communication Services,0.0673056475606464
2020-11-30,ledoit_wolf,Consumer Discretionary,0.15
2020-11-30,ledoit_wolf,Consumer Staples,0.2499999999999999
2020-11-30,ledoit_wolf,Energy,0.026789594337981504
2020-11-30,ledoit_wolf,Financials,3.755224358905767e-17
2020-11-30,ledoit_wolf,Health Care,0.15
2020-11-30,ledoit_wolf,Industrials,0.0915535958221612
2020-11-30,ledoit_wolf,Information Technology,0.0
2020-11-30,ledoit_wolf,Materials,0.15
2020-11-30,ledoit_wolf,Real Estate,8.388374012376424e-18
2020-11-30,ledoit_wolf,Utilities,0.1143511622792106
2020-11-30,sample,Communication Services,0.0684035138888095
2020-11-30,sample,Consumer Discretionary,0.15
2020-11-30,sample,Consumer Staples,0.2499999999999999
2020-11-30,sample,Energy,0.0230679784982366
2020-11-30,sample,Financials,1.0982344075647893e-18
2020-11-30,sample,Health Care,0.15
2020-11-30,sample,Industrials,0.0931676035486505
2020-11-30,sample,Information Technology,1.500891968395211e-17
2020-11-30,sample,Materials,0.15
2020-11-30,sample,Real Estate,2.132730052400291e-17
2020-11-30,sample,Utilities,0.1153609040643032
2020-12-31,equal_weight,Communication Services,0.0909090909090908
2020-12-31,equal_weight,Consumer Discretionary,0.0909090909090908
2020-12-31,equal_weight,Consumer Staples,0.0909090909090908
2020-12-31,equal_weight,Energy,0.0909090909090908
2020-12-31,equal_weight,Financials,0.0909090909090908
2020-12-31,equal_weight,Health Care,0.0909090909090908
2020-12-31,equal_weight,Industrials,0.0909090909090908
2020-12-31,equal_weight,Information Technology,0.0909090909090908
2020-12-31,equal_weight,Materials,0.0909090909090908
2020-12-31,equal_weight,Real Estate,0.0909090909090908
2020-12-31,equal_weight,Utilities,0.0909090909090908
2020-12-31,ewma,Communication Services,1.6737469176238266e-17
2020-12-31,ewma,Consumer Discretionary,0.2499999999999999
2020-12-31,ewma,Consumer Staples,0.2499999999999999
2020-12-31,ewma,Energy,1.2156269120265512e-17
2020-12-31,ewma,Financials,0.0514538372535683
2020-12-31,ewma,Health Care,0.15
2020-12-31,ewma,Industrials,0.07051896347103581
2020-12-31,ewma,Information Technology,0.1005097210541174
2020-12-31,ewma,Materials,3.330651860451793e-17
2020-12-31,ewma,Real Estate,1.666069313019209e-17
2020-12-31,ewma,Utilities,0.1275174782212783
2020-12-31,ledoit_wolf,Communication Services,0.0750289012848118
2020-12-31,ledoit_wolf,Consumer Discretionary,0.15000000000000002
2020-12-31,ledoit_wolf,Consumer Staples,0.2499999999999999
2020-12-31,ledoit_wolf,Energy,0.01996374318206281
2020-12-31,ledoit_wolf,Financials,0.0
2020-12-31,ledoit_wolf,Health Care,0.15
2020-12-31,ledoit_wolf,Industrials,0.1094303469109732
2020-12-31,ledoit_wolf,Information Technology,9.22044211408798e-18
2020-12-31,ledoit_wolf,Materials,0.15
2020-12-31,ledoit_wolf,Real Estate,2.4203613215372556e-17
2020-12-31,ledoit_wolf,Utilities,0.0955770086221516
2020-12-31,sample,Communication Services,0.076019024818569
2020-12-31,sample,Consumer Discretionary,0.15
2020-12-31,sample,Consumer Staples,0.2499999999999999
2020-12-31,sample,Energy,0.014420670428679203
2020-12-31,sample,Financials,5.475320254709888e-18
2020-12-31,sample,Health Care,0.15
2020-12-31,sample,Industrials,0.1138137235868467
2020-12-31,sample,Information Technology,1.5687880466377311e-19
2020-12-31,sample,Materials,0.15
2020-12-31,sample,Real Estate,1.2915481671204776e-17
2020-12-31,sample,Utilities,0.0957465811659047
2021-01-29,equal_weight,Communication Services,0.0909090909090908
2021-01-29,equal_weight,Consumer Discretionary,0.0909090909090908
2021-01-29,equal_weight,Consumer Staples,0.0909090909090908
2021-01-29,equal_weight,Energy,0.0909090909090908
2021-01-29,equal_weight,Financials,0.0909090909090908
2021-01-29,equal_weight,Health Care,0.0909090909090908
2021-01-29,equal_weight,Industrials,0.0909090909090908
2021-01-29,equal_weight,Information Technology,0.0909090909090908
2021-01-29,equal_weight,Materials,0.0909090909090908
2021-01-29,equal_weight,Real Estate,0.0909090909090908
2021-01-29,equal_weight,Utilities,0.0909090909090908
2021-01-29,ewma,Communication Services,4.733897735614834e-17
2021-01-29,ewma,Consumer Discretionary,0.1024962125726147
2021-01-29,ewma,Consumer Staples,0.1112863614499421
2021-01-29,ewma,Energy,0.060025166099568
2021-01-29,ewma,Financials,0.0469290692592564
2021-01-29,ewma,Health Care,0.15537201069604972
2021-01-29,ewma,Industrials,0.0660869159913595
2021-01-29,ewma,Information Technology,0.0939966618013496
2021-01-29,ewma,Materials,0.06380760212985942
2021-01-29,ewma,Real Estate,0.15
2021-01-29,ewma,Utilities,0.15000000000000002
2021-01-29,ledoit_wolf,Communication Services,0.074716006190937
2021-01-29,ledoit_wolf,Consumer Discretionary,0.15
2021-01-29,ledoit_wolf,Consumer Staples,0.25
2021-01-29,ledoit_wolf,Energy,0.0091464075333134
2021-01-29,ledoit_wolf,Financials,2.429661841179568e-18
2021-01-29,ledoit_wolf,Health Care,0.15
2021-01-29,ledoit_wolf,Industrials,0.1301272955513669
2021-01-29,ledoit_wolf,Information Technology,0.0
2021-01-29,ledoit_wolf,Materials,0.15
2021-01-29,ledoit_wolf,Real Estate,9.635817740017282e-18
2021-01-29,ledoit_wolf,Utilities,0.0860102907243824
2021-01-29,sample,Communication Services,0.0716027648638639
2021-01-29,sample,Consumer Discretionary,0.15
2021-01-29,sample,Consumer Staples,0.25
2021-01-29,sample,Energy,0.0036063661627518
2021-01-29,sample,Financials,0.0
2021-01-29,sample,Health Care,0.15
2021-01-29,sample,Industrials,0.1351011946061276
2021-01-29,sample,Information Technology,0.0
2021-01-29,sample,Materials,0.15
2021-01-29,sample,Real Estate,3.4429581855199506e-19
2021-01-29,sample,Utilities,0.0896896743672564
2021-02-26,equal_weight,Communication Services,0.0909090909090908
2021-02-26,equal_weight,Consumer Discretionary,0.0909090909090908
2021-02-26,equal_weight,Consumer Staples,0.0909090909090908
2021-02-26,equal_weight,Energy,0.0909090909090908
2021-02-26,equal_weight,Financials,0.0909090909090908
2021-02-26,equal_weight,Health Care,0.0909090909090908
2021-02-26,equal_weight,Industrials,0.0909090909090908
2021-02-26,equal_weight,Information Technology,0.0909090909090908
2021-02-26,equal_weight,Materials,0.0909090909090908
2021-02-26,equal_weight,Real Estate,0.0909090909090908
2021-02-26,equal_weight,Utilities,0.0909090909090908
2021-02-26,ewma,Communication Services,0.0
2021-02-26,ewma,Consumer Discretionary,0.1149278542175099
2021-02-26,ewma,Consumer Staples,0.10762514345970639
2021-02-26,ewma,Energy,9.943319767818232e-18
2021-02-26,ewma,Financials,2.5868386209146332e-18
2021-02-26,ewma,Health Care,0.25
2021-02-26,ewma,Industrials,0.1760149510462916
2021-02-26,ewma,Information Technology,0.1945329399527398
2021-02-26,ewma,Materials,5.440492620214371e-18
2021-02-26,ewma,Real Estate,0.006899111323752104
2021-02-26,ewma,Utilities,0.15
2021-02-26,ledoit_wolf,Communication Services,0.077939855323611
2021-02-26,ledoit_wolf,Consumer Discretionary,0.15
2021-02-26,ledoit_wolf,Consumer Staples,0.2499999999999998
2021-02-26,ledoit_wolf,Energy,0.0035530819481872002
2021-02-26,ledoit_wolf,Financials,1.1571602534513551e-17
2021-02-26,ledoit_wolf,Health Care,0.1499999999999999
2021-02-26,ledoit_wolf,Industrials,0.1329517650026246
2021-02-26,ledoit_wolf,Information Technology,1.6558179291291386e-17
2021-02-26,ledoit_wolf,Materials,0.15
2021-02-26,ledoit_wolf,Real Estate,1.3594443473458279e-17
2021-02-26,ledoit_wolf,Utilities,0.0855552977255768
2021-02-26,sample,Communication Services,0.0746430932273188
2021-02-26,sample,Consumer Discretionary,0.15
2021-02-26,sample,Consumer Staples,0.25
2021-02-26,sample,Energy,0.0
2021-02-26,sample,Financials,3.205210424086016e-18
2021-02-26,sample,Health Care,0.15
2021-02-26,sample,Industrials,0.1361736850434092
2021-02-26,sample,Information Technology,0.0
2021-02-26,sample,Materials,0.15
2021-02-26,sample,Real Estate,0.0
2021-02-26,sample,Utilities,0.0891832217292718
2021-03-31,equal_weight,Communication Services,0.0909090909090908
2021-03-31,equal_weight,Consumer Discretionary,0.0909090909090908
2021-03-31,equal_weight,Consumer Staples,0.0909090909090908
2021-03-31,equal_weight,Energy,0.0909090909090908
2021-03-31,equal_weight,Financials,0.0909090909090908
2021-03-31,equal_weight,Health Care,0.0909090909090908
2021-03-31,equal_weight,Industrials,0.0909090909090908
2021-03-31,equal_weight,Information Technology,0.0909090909090908
2021-03-31,equal_weight,Materials,0.0909090909090908
2021-03-31,equal_weight,Real Estate,0.0909090909090908
2021-03-31,equal_weight,Utilities,0.0909090909090908
2021-03-31,ewma,Communication Services,0.0652928322154695
2021-03-31,ewma,Consumer Discretionary,0.2055111453829811
2021-03-31,ewma,Consumer Staples,0.0639703616961663
2021-03-31,ewma,Energy,9.161906352001779e-18
2021-03-31,ewma,Financials,0.2101935644218432
2021-03-31,ewma,Health Care,0.2499999999999999
2021-03-31,ewma,Industrials,0.019969751965929903
2021-03-31,ewma,Information Technology,0.0350623443176099
2021-03-31,ewma,Materials,4.5206436740221826e-17
2021-03-31,ewma,Real Estate,0.0
2021-03-31,ewma,Utilities,0.15
2021-03-31,ledoit_wolf,Communication Services,0.08028220916449941
2021-03-31,ledoit_wolf,Consumer Discretionary,0.14999999999999994
2021-03-31,ledoit_wolf,Consumer Staples,0.2499999999999998
2021-03-31,ledoit_wolf,Energy,0.0033534193880168043
2021-03-31,ledoit_wolf,Financials,4.329960212697027e-18
2021-03-31,ledoit_wolf,Health Care,0.14999999999999994
2021-03-31,ledoit_wolf,Industrials,0.1318890873970755
2021-03-31,ledoit_wolf,Information Technology,1.567485536289737e-17
2021-03-31,ledoit_wolf,Materials,0.15000000000000002
2021-03-31,ledoit_wolf,Real Estate,1.6934641421499413e-17
2021-03-31,ledoit_wolf,Utilities,0.08447528405040822
2021-03-31,sample,Communication Services,0.0771853828500257
2021-03-31,sample,Consumer Discretionary,0.15
2021-03-31,sample,Consumer Staples,0.25
2021-03-31,sample,Energy,2.5895593696818077e-17
2021-03-31,sample,Financials,1.6554237470579325e-18
2021-03-31,sample,Health Care,0.15
2021-03-31,sample,Industrials,0.1349755673548838
2021-03-31,sample,Information Technology,0.0
2021-03-31,sample,Materials,0.15
2021-03-31,sample,Real Estate,0.0
2021-03-31,sample,Utilities,0.0878390497950902
2021-04-30,equal_weight,Communication Services,0.0909090909090908
2021-04-30,equal_weight,Consumer Discretionary,0.0909090909090908
2021-04-30,equal_weight,Consumer Staples,0.0909090909090908
2021-04-30,equal_weight,Energy,0.0909090909090908
2021-04-30,equal_weight,Financials,0.0909090909090908
2021-04-30,equal_weight,Health Care,0.0909090909090908
2021-04-30,equal_weight,Industrials,0.0909090909090908
2021-04-30,equal_weight,Information Technology,0.0909090909090908
2021-04-30,equal_weight,Materials,0.0909090909090908
2021-04-30,equal_weight,Real Estate,0.0909090909090908
2021-04-30,equal_weight,Utilities,0.0909090909090908
2021-04-30,ewma,Communication Services,4.5826957845443666e-18
2021-04-30,ewma,Consumer Discretionary,0.12338773013388771
2021-04-30,ewma,Consumer Staples,0.1560032632736186
2021-04-30,ewma,Energy,0.0
2021-04-30,ewma,Financials,0.0863379442506822
2021-04-30,ewma,Health Care,0.1347429066976665
2021-04-30,ewma,Industrials,0.15
2021-04-30,ewma,Information Technology,0.0095871040658624
2021-04-30,ewma,Materials,1.5758930103704583e-17
2021-04-30,ewma,Real Estate,0.08994105157828221
2021-04-30,ewma,Utilities,0.2499999999999999
2021-04-30,ledoit_wolf,Communication Services,0.07309864462337651
2021-04-30,ledoit_wolf,Consumer Discretionary,0.15
2021-04-30,ledoit_wolf,Consumer Staples,0.2499999999999999
2021-04-30,ledoit_wolf,Energy,0.0044001673268785
2021-04-30,ledoit_wolf,Financials,7.850495828710443e-20
2021-04-30,ledoit_wolf,Health Care,0.15
2021-04-30,ledoit_wolf,Industrials,0.1367851323737328
2021-04-30,ledoit_wolf,Information Technology,6.574128173381452e-18
2021-04-30,ledoit_wolf,Materials,0.15
2021-04-30,ledoit_wolf,Real Estate,0.0
2021-04-30,ledoit_wolf,Utilities,0.085716055676012
2021-04-30,sample,Communication Services,0.0700507312114385
2021-04-30,sample,Consumer Discretionary,0.15
2021-04-30,sample,Consumer Staples,0.2499999999999998
2021-04-30,sample,Energy,9.906354236230949e-18
2021-04-30,sample,Financials,5.0983520636556656e-18
2021-04-30,sample,Health Care,0.15000000000000002
2021-04-30,sample,Industrials,0.14065524506741012
2021-04-30,sample,Information Technology,1.053939554143756e-17
2021-04-30,sample,Materials,0.15
2021-04-30,sample,Real Estate,4.140341168125809e-18
2021-04-30,sample,Utilities,0.0892940237211514
2021-05-28,equal_weight,Communication Services,0.0909090909090908
2021-05-28,equal_weight,Consumer Discretionary,0.0909090909090908
2021-05-28,equal_weight,Consumer Staples,0.0909090909090908
2021-05-28,equal_weight,Energy,0.0909090909090908
2021-05-28,equal_weight,Financials,0.0909090909090908
2021-05-28,equal_weight,Health Care,0.0909090909090908
2021-05-28,equal_weight,Industrials,0.0909090909090908
2021-05-28,equal_weight,Information Technology,0.0909090909090908
2021-05-28,equal_weight,Materials,0.0909090909090908
2021-05-28,equal_weight,Real Estate,0.0909090909090908
2021-05-28,equal_weight,Utilities,0.0909090909090908
2021-05-28,ewma,Communication Services,1.6360909889808767e-17
2021-05-28,ewma,Consumer Discretionary,0.15000000000000005
2021-05-28,ewma,Consumer Staples,0.2499999999999999
2021-05-28,ewma,Energy,1.947698417049876e-18
2021-05-28,ewma,Financials,0.0422785644816893
2021-05-28,ewma,Health Care,0.2499999999999999
2021-05-28,ewma,Industrials,0.1489903880020622
2021-05-28,ewma,Information Technology,6.596367982374007e-17
2021-05-28,ewma,Materials,0.04656494159429682
2021-05-28,ewma,Real Estate,0.05601237194472494
2021-05-28,ewma,Utilities,0.05615373397722671
2021-05-28,ledoit_wolf,Communication Services,0.0734724709463899
2021-05-28,ledoit_wolf,Consumer Discretionary,0.15
2021-05-28,ledoit_wolf,Consumer Staples,0.2499999999999999
2021-05-28,ledoit_wolf,Energy,0.0
2021-05-28,ledoit_wolf,Financials,9.635926762337148e-18
2021-05-28,ledoit_wolf,Health Care,0.1499999999999999
2021-05-28,ledoit_wolf,Industrials,0.1442380639143441
2021-05-28,ledoit_wolf,Information Technology,1.327010891955591e-17
2021-05-28,ledoit_wolf,Materials,0.15000000000000002
2021-05-28,ledoit_wolf,Real Estate,1.9303171742955562e-18
2021-05-28,ledoit_wolf,Utilities,0.08228946513926591
2021-05-28,sample,Communication Services,0.0705176982393397
2021-05-28,sample,Consumer Discretionary,0.15000000000000002
2021-05-28,sample,Consumer Staples,0.24999999999999992
2021-05-28,sample,Energy,2.2913129114614844e-17
2021-05-28,sample,Financials,3.74468421487285e-17
2021-05-28,sample,Health Care,0.15000000000000002
2021-05-28,sample,Industrials,0.1450557058754623
2021-05-28,sample,Information Technology,2.962250465653764e-17
2021-05-28,sample,Materials,0.15
2021-05-28,sample,Real Estate,1.0965823098483916e-17
2021-05-28,sample,Utilities,0.08442659588519771
2021-06-30,equal_weight,Communication Services,0.0909090909090908
2021-06-30,equal_weight,Consumer Discretionary,0.0909090909090908
2021-06-30,equal_weight,Consumer Staples,0.0909090909090908
2021-06-30,equal_weight,Energy,0.0909090909090908
2021-06-30,equal_weight,Financials,0.0909090909090908
2021-06-30,equal_weight,Health Care,0.0909090909090908
2021-06-30,equal_weight,Industrials,0.0909090909090908
2021-06-30,equal_weight,Information Technology,0.0909090909090908
2021-06-30,equal_weight,Materials,0.0909090909090908
2021-06-30,equal_weight,Real Estate,0.0909090909090908
2021-06-30,equal_weight,Utilities,0.0909090909090908
2021-06-30,ewma,Communication Services,3.703531917965971e-18
2021-06-30,ewma,Consumer Discretionary,0.23933088289504179
2021-06-30,ewma,Consumer Staples,0.23137920449514168
2021-06-30,ewma,Energy,4.2566071006987176e-18
2021-06-30,ewma,Financials,1.8207327181573018e-17
2021-06-30,ewma,Health Care,0.15
2021-06-30,ewma,Industrials,0.25
2021-06-30,ewma,Information Technology,0.007991681278704
2021-06-30,ewma,Materials,0.005233136480127201
2021-06-30,ewma,Real Estate,0.116065094850985
2021-06-30,ewma,Utilities,4.200610018942189e-18
2021-06-30,ledoit_wolf,Communication Services,0.078620458290485
2021-06-30,ledoit_wolf,Consumer Discretionary,0.15
2021-06-30,ledoit_wolf,Consumer Staples,0.25
2021-06-30,ledoit_wolf,Energy,1.0002125688533636e-18
2021-06-30,ledoit_wolf,Financials,0.0
2021-06-30,ledoit_wolf,Health Care,0.15
2021-06-30,ledoit_wolf,Industrials,0.1442195724640543
2021-06-30,ledoit_wolf,Information Technology,0.0
2021-06-30,ledoit_wolf,Materials,0.15
2021-06-30,ledoit_wolf,Real Estate,1.9398293379012926e-17
2021-06-30,ledoit_wolf,Utilities,0.07715996924546041
2021-06-30,sample,Communication Services,0.07600533181677
2021-06-30,sample,Consumer Discretionary,0.15
2021-06-30,sample,Consumer Staples,0.24999999999999992
2021-06-30,sample,Energy,3.3182239284497854e-17
2021-06-30,sample,Financials,8.550679893637831e-18
2021-06-30,sample,Health Care,0.15
2021-06-30,sample,Industrials,0.1450385329515977
2021-06-30,sample,Information Technology,1.3631054344406275e-17
2021-06-30,sample,Materials,0.15
2021-06-30,sample,Real Estate,1.0234116791324085e-17
2021-06-30,sample,Utilities,0.07895613523163213
2021-07-30,equal_weight,Communication Services,0.0909090909090908
2021-07-30,equal_weight,Consumer Discretionary,0.0909090909090908
2021-07-30,equal_weight,Consumer Staples,0.0909090909090908
2021-07-30,equal_weight,Energy,0.0909090909090908
2021-07-30,equal_weight,Financials,0.0909090909090908
2021-07-30,equal_weight,Health Care,0.0909090909090908
2021-07-30,equal_weight,Industrials,0.0909090909090908
2021-07-30,equal_weight,Information Technology,0.0909090909090908
2021-07-30,equal_weight,Materials,0.0909090909090908
2021-07-30,equal_weight,Real Estate,0.0909090909090908
2021-07-30,equal_weight,Utilities,0.0909090909090908
2021-07-30,ewma,Communication Services,0.0
2021-07-30,ewma,Consumer Discretionary,0.03913366789250262
2021-07-30,ewma,Consumer Staples,0.2475307264787831
2021-07-30,ewma,Energy,0.037379978820494306
2021-07-30,ewma,Financials,0.0120159757307197
2021-07-30,ewma,Health Care,0.15000000000000002
2021-07-30,ewma,Industrials,0.0594849579917566
2021-07-30,ewma,Information Technology,0.0778482914084672
2021-07-30,ewma,Materials,0.1160988943870889
2021-07-30,ewma,Real Estate,0.15000000000000002
2021-07-30,ewma,Utilities,0.11050750729018721
2021-07-30,ledoit_wolf,Communication Services,0.0761698067171219
2021-07-30,ledoit_wolf,Consumer Discretionary,0.15
2021-07-30,ledoit_wolf,Consumer Staples,0.2499999999999998
2021-07-30,ledoit_wolf,Energy,1.362204671778292e-18
2021-07-30,ledoit_wolf,Financials,0.0
2021-07-30,ledoit_wolf,Health Care,0.15
2021-07-30,ledoit_wolf,Industrials,0.1417884457322431
2021-07-30,ledoit_wolf,Information Technology,1.1179935915228737e-17
2021-07-30,ledoit_wolf,Materials,0.15
2021-07-30,ledoit_wolf,Real Estate,0.0
2021-07-30,ledoit_wolf,Utilities,0.0820417475506348
2021-07-30,sample,Communication Services,0.0732964041916638
2021-07-30,sample,Consumer Discretionary,0.14999999999999994
2021-07-30,sample,Consumer Staples,0.2499999999999998
2021-07-30,sample,Energy,5.721887815593298e-18
2021-07-30,sample,Financials,1.217686027770973e-18
2021-07-30,sample,Health Care,0.1499999999999999
2021-07-30,sample,Industrials,0.1422898675788768
2021-07-30,sample,Information Technology,2.3805289156339365e-17
2021-07-30,sample,Materials,0.15
2021-07-30,sample,Real Estate,4.098765350881324e-18
2021-07-30,sample,Utilities,0.08441372822945922
2021-08-31,equal_weight,Communication Services,0.0909090909090908
2021-08-31,equal_weight,Consumer Discretionary,0.0909090909090908
2021-08-31,equal_weight,Consumer Staples,0.0909090909090908
2021-08-31,equal_weight,Energy,0.0909090909090908
2021-08-31,equal_weight,Financials,0.0909090909090908
2021-08-31,equal_weight,Health Care,0.0909090909090908
2021-08-31,equal_weight,Industrials,0.0909090909090908
2021-08-31,equal_weight,Information Technology,0.0909090909090908
2021-08-31,equal_weight,Materials,0.0909090909090908
2021-08-31,equal_weight,Real Estate,0.0909090909090908
2021-08-31,equal_weight,Utilities,0.0909090909090908
2021-08-31,ewma,Communication Services,0.0397492217014674
2021-08-31,ewma,Consumer Discretionary,0.0965107930646126
2021-08-31,ewma,Consumer Staples,0.1896140625764447
2021-08-31,ewma,Energy,6.0000290745207794e-18
2021-08-31,ewma,Financials,0.1723055463618316
2021-08-31,ewma,Health Care,0.1111630995158486
2021-08-31,ewma,Industrials,0.037595988422588406
2021-08-31,ewma,Information Technology,2.629298715262215e-18
2021-08-31,ewma,Materials,1.1612421240370568e-17
2021-08-31,ewma,Real Estate,0.1084187575391353
2021-08-31,ewma,Utilities,0.24464253081807108
2021-08-31,ledoit_wolf,Communication Services,0.0823516040995608
2021-08-31,ledoit_wolf,Consumer Discretionary,0.15
2021-08-31,ledoit_wolf,Consumer Staples,0.25
2021-08-31,ledoit_wolf,Energy,1.6571978309662396e-17
2021-08-31,ledoit_wolf,Financials,1.9561488664153088e-18
2021-08-31,ledoit_wolf,Health Care,0.15000000000000005
2021-08-31,ledoit_wolf,Industrials,0.1447910387128044
2021-08-31,ledoit_wolf,Information Technology,0.0
2021-08-31,ledoit_wolf,Materials,0.15
2021-08-31,ledoit_wolf,Real Estate,0.0
2021-08-31,ledoit_wolf,Utilities,0.07285735718763471
2021-08-31,sample,Communication Services,0.0799247318107847
2021-08-31,sample,Consumer Discretionary,0.15
2021-08-31,sample,Consumer Staples,0.25
2021-08-31,sample,Energy,1.1567997508722849e-18
2021-08-31,sample,Financials,4.9814065349737756e-18
2021-08-31,sample,Health Care,0.15
2021-08-31,sample,Industrials,0.14691075310826368
2021-08-31,sample,Information Technology,4.121682961894503e-18
2021-08-31,sample,Materials,0.15
2021-08-31,sample,Real Estate,0.0
2021-08-31,sample,Utilities,0.0731645150809515
2021-09-30,equal_weight,Communication Services,0.0909090909090908
2021-09-30,equal_weight,Consumer Discretionary,0.0909090909090908
2021-09-30,equal_weight,Consumer Staples,0.0909090909090908
2021-09-30,equal_weight,Energy,0.0909090909090908
2021-09-30,equal_weight,Financials,0.0909090909090908
2021-09-30,equal_weight,Health Care,0.0909090909090908
2021-09-30,equal_weight,Industrials,0.0909090909090908
2021-09-30,equal_weight,Information Technology,0.0909090909090908
2021-09-30,equal_weight,Materials,0.0909090909090908
2021-09-30,equal_weight,Real Estate,0.0909090909090908
2021-09-30,equal_weight,Utilities,0.0909090909090908
2021-09-30,ewma,Communication Services,0.07430555655252241
2021-09-30,ewma,Consumer Discretionary,0.0368401065718488
2021-09-30,ewma,Consumer Staples,0.1499999999999999
2021-09-30,ewma,Energy,0.0
2021-09-30,ewma,Financials,0.0705634467454958
2021-09-30,ewma,Health Care,0.168290890130133
2021-09-30,ewma,Industrials,3.6947757218434963e-17
2021-09-30,ewma,Information Technology,0.0
2021-09-30,ewma,Materials,0.24999999999999992
2021-09-30,ewma,Real Estate,2.6785025787360438e-17
2021-09-30,ewma,Utilities,0.2499999999999999
2021-09-30,ledoit_wolf,Communication Services,0.0852172937897519
2021-09-30,ledoit_wolf,Consumer Discretionary,0.1499999999999999
2021-09-30,ledoit_wolf,Consumer Staples,0.25
2021-09-30,ledoit_wolf,Energy,1.4789885619595616e-18
2021-09-30,ledoit_wolf,Financials,4.6005497388549606e-17
2021-09-30,ledoit_wolf,Health Care,0.15
2021-09-30,ledoit_wolf,Industrials,0.1419246861120282
2021-09-30,ledoit_wolf,Information Technology,1.899279439161872e-17
2021-09-30,ledoit_wolf,Materials,0.1499999999999999
2021-09-30,ledoit_wolf,Real Estate,3.0344577012701057e-17
2021-09-30,ledoit_wolf,Utilities,0.0728580200982197
2021-09-30,sample,Communication Services,0.0826674704165467
2021-09-30,sample,Consumer Discretionary,0.1499999999999999
2021-09-30,sample,Consumer Staples,0.2499999999999999
2021-09-30,sample,Energy,4.4153763913046096e-18
2021-09-30,sample,Financials,6.040113516097427e-18
2021-09-30,sample,Health Care,0.1499999999999999
2021-09-30,sample,Industrials,0.1440172850147693
2021-09-30,sample,Information Technology,2.7969474261634444e-18
2021-09-30,sample,Materials,0.15000000000000002
2021-09-30,sample,Real Estate,2.827676957799738e-17
2021-09-30,sample,Utilities,0.0733152445686841
2021-10-29,equal_weight,Communication Services,0.0909090909090908
2021-10-29,equal_weight,Consumer Discretionary,0.0909090909090908
2021-10-29,equal_weight,Consumer Staples,0.0909090909090908
2021-10-29,equal_weight,Energy,0.0909090909090908
2021-10-29,equal_weight,Financials,0.0909090909090908
2021-10-29,equal_weight,Health Care,0.0909090909090908
2021-10-29,equal_weight,Industrials,0.0909090909090908
2021-10-29,equal_weight,Information Technology,0.0909090909090908
2021-10-29,equal_weight,Materials,0.0909090909090908
2021-10-29,equal_weight,Real Estate,0.0909090909090908
2021-10-29,equal_weight,Utilities,0.0909090909090908
2021-10-29,ewma,Communication Services,0.07036358588437809
2021-10-29,ewma,Consumer Discretionary,0.1737199305496183
2021-10-29,ewma,Consumer Staples,0.2499999999999999
2021-10-29,ewma,Energy,0.0606426686275298
2021-10-29,ewma,Financials,0.0348843045182573
2021-10-29,ewma,Health Care,0.1159557316480234
2021-10-29,ewma,Industrials,1.944447100740111e-18
2021-10-29,ewma,Information Technology,0.02956179690366003
2021-10-29,ewma,Materials,0.0948209202367695
2021-10-29,ewma,Real Estate,0.0200510616317631
2021-10-29,ewma,Utilities,0.15
2021-10-29,ledoit_wolf,Communication Services,0.08453090816243711
2021-10-29,ledoit_wolf,Consumer Discretionary,0.1499999999999999
2021-10-29,ledoit_wolf,Consumer Staples,0.25
2021-10-29,ledoit_wolf,Energy,0.0006852764790027
2021-10-29,ledoit_wolf,Financials,0.0
2021-10-29,ledoit_wolf,Health Care,0.15
2021-10-29,ledoit_wolf,Industrials,0.142796592269888
2021-10-29,ledoit_wolf,Information Technology,8.365964337979239e-18
2021-10-29,ledoit_wolf,Materials,0.15
2021-10-29,ledoit_wolf,Real Estate,5.3406426399458674e-18
2021-10-29,ledoit_wolf,Utilities,0.071987223088672
2021-10-29,sample,Communication Services,0.0816526247911572
2021-10-29,sample,Consumer Discretionary,0.15
2021-10-29,sample,Consumer Staples,0.2499999999999999
2021-10-29,sample,Energy,5.536988405833291e-19
2021-10-29,sample,Financials,0.0
2021-10-29,sample,Health Care,0.15
2021-10-29,sample,Industrials,0.14621042981588261
2021-10-29,sample,Information Technology,2.118663548984496e-17
2021-10-29,sample,Materials,0.15
2021-10-29,sample,Real Estate,2.9448606021053356e-17
2021-10-29,sample,Utilities,0.0721369453929601
2021-11-30,equal_weight,Communication Services,0.0909090909090908
2021-11-30,equal_weight,Consumer Discretionary,0.0909090909090908
2021-11-30,equal_weight,Consumer Staples,0.0909090909090908
2021-11-30,equal_weight,Energy,0.0909090909090908
2021-11-30,equal_weight,Financials,0.0909090909090908
2021-11-30,equal_weight,Health Care,0.0909090909090908
2021-11-30,equal_weight,Industrials,0.0909090909090908
2021-11-30,equal_weight,Information Technology,0.0909090909090908
2021-11-30,equal_weight,Materials,0.0909090909090908
2021-11-30,equal_weight,Real Estate,0.0909090909090908
2021-11-30,equal_weight,Utilities,0.0909090909090908
2021-11-30,ewma,Communication Services,0.0
2021-11-30,ewma,Consumer Discretionary,0.0759186647986539
2021-11-30,ewma,Consumer Staples,0.1243678244699535
2021-11-30,ewma,Energy,0.0960130995949376
2021-11-30,ewma,Financials,0.001578918848012403
2021-11-30,ewma,Health Care,0.15
2021-11-30,ewma,Industrials,2.4442652438142057e-17
2021-11-30,ewma,Information Technology,0.1706867995602864
2021-11-30,ewma,Materials,0.25
2021-11-30,ewma,Real Estate,0.04730191235830691
2021-11-30,ewma,Utilities,0.0841327803698488
2021-11-30,ledoit_wolf,Communication Services,0.0794632627763239
2021-11-30,ledoit_wolf,Consumer Discretionary,0.15
2021-11-30,ledoit_wolf,Consumer Staples,0.2499999999999999
2021-11-30,ledoit_wolf,Energy,1.7234217862599158e-18
2021-11-30,ledoit_wolf,Financials,0.0
2021-11-30,ledoit_wolf,Health Care,0.15
2021-11-30,ledoit_wolf,Industrials,0.1446511601672111
2021-11-30,ledoit_wolf,Information Technology,1.8954519747553933e-18
2021-11-30,ledoit_wolf,Materials,0.15
2021-11-30,ledoit_wolf,Real Estate,0.0
2021-11-30,ledoit_wolf,Utilities,0.0758855770564649
2021-11-30,sample,Communication Services,0.0757535726080879
2021-11-30,sample,Consumer Discretionary,0.15
2021-11-30,sample,Consumer Staples,0.2499999999999999
2021-11-30,sample,Energy,3.6026877505416054e-19
2021-11-30,sample,Financials,1.3051809362516497e-17
2021-11-30,sample,Health Care,0.15
2021-11-30,sample,Industrials,0.14815229413768038
2021-11-30,sample,Information Technology,0.0
2021-11-30,sample,Materials,0.15000000000000002
2021-11-30,sample,Real Estate,1.1692011028094226e-17
2021-11-30,sample,Utilities,0.0760941332542314
2021-12-31,equal_weight,Communication Services,0.0909090909090908
2021-12-31,equal_weight,Consumer Discretionary,0.0909090909090908
2021-12-31,equal_weight,Consumer Staples,0.0909090909090908
2021-12-31,equal_weight,Energy,0.0909090909090908
2021-12-31,equal_weight,Financials,0.0909090909090908
2021-12-31,equal_weight,Health Care,0.0909090909090908
2021-12-31,equal_weight,Industrials,0.0909090909090908
2021-12-31,equal_weight,Information Technology,0.0909090909090908
2021-12-31,equal_weight,Materials,0.0909090909090908
2021-12-31,equal_weight,Real Estate,0.0909090909090908
2021-12-31,equal_weight,Utilities,0.0909090909090908
2021-12-31,ewma,Communication Services,3.258027528318941e-17
2021-12-31,ewma,Consumer Discretionary,0.2292049631744637
2021-12-31,ewma,Consumer Staples,0.1024458612200469
2021-12-31,ewma,Energy,4.797594613248357e-18
2021-12-31,ewma,Financials,0.057098473340603716
2021-12-31,ewma,Health Care,0.1267139172814676
2021-12-31,ewma,Industrials,5.393905808115385e-18
2021-12-31,ewma,Information Technology,0.1149727195777586
2021-12-31,ewma,Materials,0.21956406540565931
2021-12-31,ewma,Real Estate,1.5226264259843303e-17
2021-12-31,ewma,Utilities,0.15000000000000002
2021-12-31,ledoit_wolf,Communication Services,0.0813515729303396
2021-12-31,ledoit_wolf,Consumer Discretionary,0.15
2021-12-31,ledoit_wolf,Consumer Staples,0.2499999999999999
2021-12-31,ledoit_wolf,Energy,8.192581192297977e-19
2021-12-31,ledoit_wolf,Financials,2.1886467084004538e-17
2021-12-31,ledoit_wolf,Health Care,0.15
2021-12-31,ledoit_wolf,Industrials,0.142927829548976
2021-12-31,ledoit_wolf,Information Technology,0.0
2021-12-31,ledoit_wolf,Materials,0.15
2021-12-31,ledoit_wolf,Real Estate,3.736171074660432e-17
2021-12-31,ledoit_wolf,Utilities,0.0757205975206842
2021-12-31,sample,Communication Services,0.07839531823649529
2021-12-31,sample,Consumer Discretionary,0.15
2021-12-31,sample,Consumer Staples,0.25
2021-12-31,sample,Energy,3.232521106574272e-17
2021-12-31,sample,Financials,2.361360777759998e-18
2021-12-31,sample,Health Care,0.15
2021-12-31,sample,Industrials,0.1459101466020719
2021-12-31,sample,Information Technology,3.834425665013458e-17
2021-12-31,sample,Materials,0.1499999999999999
2021-12-31,sample,Real Estate,1.0302851767280865e-17
2021-12-31,sample,Utilities,0.0756945351614325
2022-01-31,equal_weight,Communication Services,0.0909090909090908
2022-01-31,equal_weight,Consumer Discretionary,0.0909090909090908
2022-01-31,equal_weight,Consumer Staples,0.0909090909090908
2022-01-31,equal_weight,Energy,0.0909090909090908
2022-01-31,equal_weight,Financials,0.0909090909090908
2022-01-31,equal_weight,Health Care,0.0909090909090908
2022-01-31,equal_weight,Industrials,0.0909090909090908
2022-01-31,equal_weight,Information Technology,0.0909090909090908
2022-01-31,equal_weight,Materials,0.0909090909090908
2022-01-31,equal_weight,Real Estate,0.0909090909090908
2022-01-31,equal_weight,Utilities,0.0909090909090908
2022-01-31,ewma,Communication Services,0.0
2022-01-31,ewma,Consumer Discretionary,0.042367708822693
2022-01-31,ewma,Consumer Staples,0.0664046728579718
2022-01-31,ewma,Energy,0.1276271428681518
2022-01-31,ewma,Financials,0.0
2022-01-31,ewma,Health Care,0.2189294315598115
2022-01-31,ewma,Industrials,0.19045857993105128
2022-01-31,ewma,Information Technology,0.0483637856709525
2022-01-31,ewma,Materials,0.0536125805542338
2022-01-31,ewma,Real Estate,0.1022360977351336
2022-01-31,ewma,Utilities,0.15
2022-01-31,ledoit_wolf,Communication Services,0.0737008414237126
2022-01-31,ledoit_wolf,Consumer Discretionary,0.15
2022-01-31,ledoit_wolf,Consumer Staples,0.25
2022-01-31,ledoit_wolf,Energy,1.531642809576721e-17
2022-01-31,ledoit_wolf,Financials,9.67553747811312e-18
2022-01-31,ledoit_wolf,Health Care,0.15
2022-01-31,ledoit_wolf,Industrials,0.151525212091756
2022-01-31,ledoit_wolf,Information Technology,0.0
2022-01-31,ledoit_wolf,Materials,0.1499999999999999
2022-01-31,ledoit_wolf,Real Estate,2.7085761474395863e-18
2022-01-31,ledoit_wolf,Utilities,0.07477394648453121
2022-01-31,sample,Communication Services,0.0705150842651531
2022-01-31,sample,Consumer Discretionary,0.15
2022-01-31,sample,Consumer Staples,0.24999999999999992
2022-01-31,sample,Energy,0.0
2022-01-31,sample,Financials,1.8643495576621018e-17
2022-01-31,sample,Health Care,0.15
2022-01-31,sample,Industrials,0.1531841276380752
2022-01-31,sample,Information Technology,2.3801805456779666e-17
2022-01-31,sample,Materials,0.15
2022-01-31,sample,Real Estate,5.9378514761243e-18
2022-01-31,sample,Utilities,0.0763007880967715
2022-02-28,equal_weight,Communication Services,0.0909090909090908
2022-02-28,equal_weight,Consumer Discretionary,0.0909090909090908
2022-02-28,equal_weight,Consumer Staples,0.0909090909090908
2022-02-28,equal_weight,Energy,0.0909090909090908
2022-02-28,equal_weight,Financials,0.0909090909090908
2022-02-28,equal_weight,Health Care,0.0909090909090908
2022-02-28,equal_weight,Industrials,0.0909090909090908
2022-02-28,equal_weight,Information Technology,0.0909090909090908
2022-02-28,equal_weight,Materials,0.0909090909090908
2022-02-28,equal_weight,Real Estate,0.0909090909090908
2022-02-28,equal_weight,Utilities,0.0909090909090908
2022-02-28,ewma,Communication Services,1.037401780071766e-17
2022-02-28,ewma,Consumer Discretionary,1.773059294545914e-17
2022-02-28,ewma,Consumer Staples,0.1499999999999999
2022-02-28,ewma,Energy,0.189239235283473
2022-02-28,ewma,Financials,1.1314107222323e-17
2022-02-28,ewma,Health Care,4.394518535461153e-18
2022-02-28,ewma,Industrials,0.2189151456694226
2022-02-28,ewma,Information Technology,0.1471571299149408
2022-02-28,ewma,Materials,0.1375893396985713
2022-02-28,ewma,Real Estate,0.15
2022-02-28,ewma,Utilities,0.0070991494335923
2022-02-28,ledoit_wolf,Communication Services,0.0706715030568564
2022-02-28,ledoit_wolf,Consumer Discretionary,0.15
2022-02-28,ledoit_wolf,Consumer Staples,0.25
2022-02-28,ledoit_wolf,Energy,0.0055143356708371
2022-02-28,ledoit_wolf,Financials,1.5983844077450462e-17
2022-02-28,ledoit_wolf,Health Care,0.15
2022-02-28,ledoit_wolf,Industrials,0.14956509464054202
2022-02-28,ledoit_wolf,Information Technology,0.0
2022-02-28,ledoit_wolf,Materials,0.1499999999999999
2022-02-28,ledoit_wolf,Real Estate,1.0829759631198256e-17
2022-02-28,ledoit_wolf,Utilities,0.0742490666317644
2022-02-28,sample,Communication Services,0.07062444334247492
2022-02-28,sample,Consumer Discretionary,0.14999999999999994
2022-02-28,sample,Consumer Staples,0.24999999999999992
2022-02-28,sample,Energy,0.0004295265128251063
2022-02-28,sample,Financials,2.8564135624668515e-17
2022-02-28,sample,Health Care,0.1499999999999999
2022-02-28,sample,Industrials,0.1533025863339263
2022-02-28,sample,Information Technology,3.5329968862036e-17
2022-02-28,sample,Materials,0.15000000000000002
2022-02-28,sample,Real Estate,9.30840149914986e-18
2022-02-28,sample,Utilities,0.07564344381077331
2022-03-31,equal_weight,Communication Services,0.0909090909090908
2022-03-31,equal_weight,Consumer Discretionary,0.0909090909090908
2022-03-31,equal_weight,Consumer Staples,0.0909090909090908
2022-03-31,equal_weight,Energy,0.0909090909090908
2022-03-31,equal_weight,Financials,0.0909090909090908
2022-03-31,equal_weight,Health Care,0.0909090909090908
2022-03-31,equal_weight,Industrials,0.0909090909090908
2022-03-31,equal_weight,Information Technology,0.0909090909090908
2022-03-31,equal_weight,Materials,0.0909090909090908
2022-03-31,equal_weight,Real Estate,0.0909090909090908
2022-03-31,equal_weight,Utilities,0.0909090909090908
2022-03-31,ewma,Communication Services,2.2960673245890687e-17
2022-03-31,ewma,Consumer Discretionary,0.0008976996869877043
2022-03-31,ewma,Consumer Staples,0.2190304163390483
2022-03-31,ewma,Energy,0.14631136871244524
2022-03-31,ewma,Financials,1.028028589231745e-17
2022-03-31,ewma,Health Care,1.0783001263493982e-17
2022-03-31,ewma,Industrials,0.1320771465118997
2022-03-31,ewma,Information Technology,0.1299276747945521
2022-03-31,ewma,Materials,0.0790280166160354
2022-03-31,ewma,Real Estate,0.06963644392785272
2022-03-31,ewma,Utilities,0.22309123341117848
2022-03-31,ledoit_wolf,Communication Services,4.7941905233903825e-18
2022-03-31,ledoit_wolf,Consumer Discretionary,0.20054829149443798
2022-03-31,ledoit_wolf,Consumer Staples,0.25
2022-03-31,ledoit_wolf,Energy,0.0178052050379066
2022-03-31,ledoit_wolf,Financials,0.009253275204498212
2022-03-31,ledoit_wolf,Health Care,0.1785349154162162
2022-03-31,ledoit_wolf,Industrials,0.0794608824583514
2022-03-31,ledoit_wolf,Information Technology,0.008202509562969805
2022-03-31,ledoit_wolf,Materials,0.0979871363628724
2022-03-31,ledoit_wolf,Real Estate,4.078139390643622e-18
2022-03-31,ledoit_wolf,Utilities,0.158207784462747
2022-03-31,sample,Communication Services,1.5751061072869228e-17
2022-03-31,sample,Consumer Discretionary,0.2091750269307997
2022-03-31,sample,Consumer Staples,0.25
2022-03-31,sample,Energy,0.0171725243732956
2022-03-31,sample,Financials,0.0074714334011839
2022-03-31,sample,Health Care,0.1776479816608306
2022-03-31,sample,Industrials,0.08259867096219281
2022-03-31,sample,Information Technology,0.0029649244528513
2022-03-31,sample,Materials,0.09813708269217271
2022-03-31,sample,Real Estate,0.0
2022-03-31,sample,Utilities,0.154832355526673
2022-04-29,equal_weight,Communication Services,0.0909090909090908
2022-04-29,equal_weight,Consumer Discretionary,0.0909090909090908
2022-04-29,equal_weight,Consumer Staples,0.0909090909090908
2022-04-29,equal_weight,Energy,0.0909090909090908
2022-04-29,equal_weight,Financials,0.0909090909090908
2022-04-29,equal_weight,Health Care,0.0909090909090908
2022-04-29,equal_weight,Industrials,0.0909090909090908
2022-04-29,equal_weight,Information Technology,0.0909090909090908
2022-04-29,equal_weight,Materials,0.0909090909090908
2022-04-29,equal_weight,Real Estate,0.0909090909090908
2022-04-29,equal_weight,Utilities,0.0909090909090908
2022-04-29,ewma,Communication Services,0.0
2022-04-29,ewma,Consumer Discretionary,0.0
2022-04-29,ewma,Consumer Staples,0.24999999999999992
2022-04-29,ewma,Energy,0.04776304104046183
2022-04-29,ewma,Financials,0.050010400066819796
2022-04-29,ewma,Health Care,0.15
2022-04-29,ewma,Industrials,0.1344274715234886
2022-04-29,ewma,Information Technology,3.627643444321862e-20
2022-04-29,ewma,Materials,0.2177990873692297
2022-04-29,ewma,Real Estate,6.986077902558628e-18
2022-04-29,ewma,Utilities,0.15
2022-04-29,ledoit_wolf,Communication Services,8.9961204220776e-18
2022-04-29,ledoit_wolf,Consumer Discretionary,0.1313045309927444
2022-04-29,ledoit_wolf,Consumer Staples,0.25
2022-04-29,ledoit_wolf,Energy,0.0273731082550286
2022-04-29,ledoit_wolf,Financials,0.0271065854941811
2022-04-29,ledoit_wolf,Health Care,0.1631436916678694
2022-04-29,ledoit_wolf,Industrials,0.0549931422202117
2022-04-29,ledoit_wolf,Information Technology,0.0406327278773396
2022-04-29,ledoit_wolf,Materials,0.1029034396475103
2022-04-29,ledoit_wolf,Real Estate,0.03998881347016401
2022-04-29,ledoit_wolf,Utilities,0.1625539603749504
2022-04-29,sample,Communication Services,1.2335709085078268e-17
2022-04-29,sample,Consumer Discretionary,0.1356716248377763
2022-04-29,sample,Consumer Staples,0.25
2022-04-29,sample,Energy,0.0262324079827305
2022-04-29,sample,Financials,0.028154050241256102
2022-04-29,sample,Health Care,0.1613497717512297
2022-04-29,sample,Industrials,0.0543968402181757
2022-04-29,sample,Information Technology,0.04048134666543381
2022-04-29,sample,Materials,0.1029687596437006
2022-04-29,sample,Real Estate,0.0402171792763004
2022-04-29,sample,Utilities,0.1605280193833961
2022-05-31,equal_weight,Communication Services,0.0909090909090908
2022-05-31,equal_weight,Consumer Discretionary,0.0909090909090908
2022-05-31,equal_weight,Consumer Staples,0.0909090909090908
2022-05-31,equal_weight,Energy,0.0909090909090908
2022-05-31,equal_weight,Financials,0.0909090909090908
2022-05-31,equal_weight,Health Care,0.0909090909090908
2022-05-31,equal_weight,Industrials,0.0909090909090908
2022-05-31,equal_weight,Information Technology,0.0909090909090908
2022-05-31,equal_weight,Materials,0.0909090909090908
2022-05-31,equal_weight,Real Estate,0.0909090909090908
2022-05-31,equal_weight,Utilities,0.0909090909090908
2022-05-31,ewma,Communication Services,0.0137031097994376
2022-05-31,ewma,Consumer Discretionary,1.3981439640557545e-17
2022-05-31,ewma,Consumer Staples,0.14999999999999997
2022-05-31,ewma,Energy,0.07701871709134231
2022-05-31,ewma,Financials,0.0461823790781865
2022-05-31,ewma,Health Care,0.1509367788466806
2022-05-31,ewma,Industrials,0.1621590151843528
2022-05-31,ewma,Information Technology,1.2633667752278157e-17
2022-05-31,ewma,Materials,0.2499999999999999
2022-05-31,ewma,Real Estate,8.404180676397099e-19
2022-05-31,ewma,Utilities,0.15
2022-05-31,ledoit_wolf,Communication Services,1.4179652619674422e-17
2022-05-31,ledoit_wolf,Consumer Discretionary,0.1141314616211061
2022-05-31,ledoit_wolf,Consumer Staples,0.23980050088863047
2022-05-31,ledoit_wolf,Energy,0.034026486112078605
2022-05-31,ledoit_wolf,Financials,0.032630991978018
2022-05-31,ledoit_wolf,Health Care,0.16010172583210258
2022-05-31,ledoit_wolf,Industrials,0.0638857237508332
2022-05-31,ledoit_wolf,Information Technology,0.027986214092128106
2022-05-31,ledoit_wolf,Materials,0.0990106970990437
2022-05-31,ledoit_wolf,Real Estate,0.0534167995095388
2022-05-31,ledoit_wolf,Utilities,0.17500939911651958
2022-05-31,sample,Communication Services,2.0705524839026993e-18
2022-05-31,sample,Consumer Discretionary,0.1171282552485754
2022-05-31,sample,Consumer Staples,0.2479274832434431
2022-05-31,sample,Energy,0.0321750195585647
2022-05-31,sample,Financials,0.03233345727962761
2022-05-31,sample,Health Care,0.15717111203309062
2022-05-31,sample,Industrials,0.062223996822785205
2022-05-31,sample,Information Technology,0.027195051884793212
2022-05-31,sample,Materials,0.0970918937966282
2022-05-31,sample,Real Estate,0.053040529980606606
2022-05-31,sample,Utilities,0.1737132001518846
2022-06-30,equal_weight,Communication Services,0.0909090909090908
2022-06-30,equal_weight,Consumer Discretionary,0.0909090909090908
2022-06-30,equal_weight,Consumer Staples,0.0909090909090908
2022-06-30,equal_weight,Energy,0.0909090909090908
2022-06-30,equal_weight,Financials,0.0909090909090908
2022-06-30,equal_weight,Health Care,0.0909090909090908
2022-06-30,equal_weight,Industrials,0.0909090909090908
2022-06-30,equal_weight,Information Technology,0.0909090909090908
2022-06-30,equal_weight,Materials,0.0909090909090908
2022-06-30,equal_weight,Real Estate,0.0909090909090908
2022-06-30,equal_weight,Utilities,0.0909090909090908
2022-06-30,ewma,Communication Services,0.0
2022-06-30,ewma,Consumer Discretionary,0.1020859629376368
2022-06-30,ewma,Consumer Staples,0.15000000000000002
2022-06-30,ewma,Energy,0.0611560821004163
2022-06-30,ewma,Financials,0.0358344241733622
2022-06-30,ewma,Health Care,0.17884266610342608
2022-06-30,ewma,Industrials,0.17208086468515849
2022-06-30,ewma,Information Technology,6.935219681623599e-18
2022-06-30,ewma,Materials,0.15000000000000002
2022-06-30,ewma,Real Estate,0.0
2022-06-30,ewma,Utilities,0.15
2022-06-30,ledoit_wolf,Communication Services,0.0
2022-06-30,ledoit_wolf,Consumer Discretionary,0.09656028070301881
2022-06-30,ledoit_wolf,Consumer Staples,0.25
2022-06-30,ledoit_wolf,Energy,0.0484454357917722
2022-06-30,ledoit_wolf,Financials,0.0288746246385231
2022-06-30,ledoit_wolf,Health Care,0.1726250087920213
2022-06-30,ledoit_wolf,Industrials,0.0873950300338205
2022-06-30,ledoit_wolf,Information Technology,0.040327577533535
2022-06-30,ledoit_wolf,Materials,0.06783382054636129
2022-06-30,ledoit_wolf,Real Estate,0.0552032861677112
2022-06-30,ledoit_wolf,Utilities,0.152734935793236
2022-06-30,sample,Communication Services,7.750269738289056e-18
2022-06-30,sample,Consumer Discretionary,0.09862453668097751
2022-06-30,sample,Consumer Staples,0.2499999999999999
2022-06-30,sample,Energy,0.0467424915546325
2022-06-30,sample,Financials,0.029072597739121808
2022-06-30,sample,Health Care,0.1725999958734616
2022-06-30,sample,Industrials,0.0872441902669856
2022-06-30,sample,Information Technology,0.042066641176779
2022-06-30,sample,Materials,0.0674287307728636
2022-06-30,sample,Real Estate,0.0562208159351779
2022-06-30,sample,Utilities,0.15
2022-07-29,equal_weight,Communication Services,0.0909090909090908
2022-07-29,equal_weight,Consumer Discretionary,0.0909090909090908
2022-07-29,equal_weight,Consumer Staples,0.0909090909090908
2022-07-29,equal_weight,Energy,0.0909090909090908
2022-07-29,equal_weight,Financials,0.0909090909090908
2022-07-29,equal_weight,Health Care,0.0909090909090908
2022-07-29,equal_weight,Industrials,0.0909090909090908
2022-07-29,equal_weight,Information Technology,0.0909090909090908
2022-07-29,equal_weight,Materials,0.0909090909090908
2022-07-29,equal_weight,Real Estate,0.0909090909090908
2022-07-29,equal_weight,Utilities,0.0909090909090908
2022-07-29,ewma,Communication Services,0.0429407353192442
2022-07-29,ewma,Consumer Discretionary,0.15
2022-07-29,ewma,Consumer Staples,0.2499999999999998
2022-07-29,ewma,Energy,0.11449204078796489
2022-07-29,ewma,Financials,6.593425303800592e-17
2022-07-29,ewma,Health Care,0.15
2022-07-29,ewma,Industrials,0.068912737820344
2022-07-29,ewma,Information Technology,1.6152089629739568e-17
2022-07-29,ewma,Materials,0.0736544860724466
2022-07-29,ewma,Real Estate,1.1864095864961649e-17
2022-07-29,ewma,Utilities,0.14999999999999994
2022-07-29,ledoit_wolf,Communication Services,1.3166184792026059e-17
2022-07-29,ledoit_wolf,Consumer Discretionary,0.111944017397753
2022-07-29,ledoit_wolf,Consumer Staples,0.2499999999999999
2022-07-29,ledoit_wolf,Energy,0.0564063487707488
2022-07-29,ledoit_wolf,Financials,0.0292720962023849
2022-07-29,ledoit_wolf,Health Care,0.17017271642607168
2022-07-29,ledoit_wolf,Industrials,0.0807480794486019
2022-07-29,ledoit_wolf,Information Technology,0.03726359673087651
2022-07-29,ledoit_wolf,Materials,0.0639959811270954
2022-07-29,ledoit_wolf,Real Estate,0.04448717803565701
2022-07-29,ledoit_wolf,Utilities,0.1557099858608104
2022-07-29,sample,Communication Services,0.0
2022-07-29,sample,Consumer Discretionary,0.11499102344612461
2022-07-29,sample,Consumer Staples,0.25
2022-07-29,sample,Energy,0.056000383692777
2022-07-29,sample,Financials,0.0291512992529536
2022-07-29,sample,Health Care,0.1688199724273654
2022-07-29,sample,Industrials,0.0801411466703142
2022-07-29,sample,Information Technology,0.0375215583150704
2022-07-29,sample,Materials,0.0643156789715641
2022-07-29,sample,Real Estate,0.045213951288077904
2022-07-29,sample,Utilities,0.15384498593575238
2022-08-31,equal_weight,Communication Services,0.0909090909090908
2022-08-31,equal_weight,Consumer Discretionary,0.0909090909090908
2022-08-31,equal_weight,Consumer Staples,0.0909090909090908
2022-08-31,equal_weight,Energy,0.0909090909090908
2022-08-31,equal_weight,Financials,0.0909090909090908
2022-08-31,equal_weight,Health Care,0.0909090909090908
2022-08-31,equal_weight,Industrials,0.0909090909090908
2022-08-31,equal_weight,Information Technology,0.0909090909090908
2022-08-31,equal_weight,Materials,0.0909090909090908
2022-08-31,equal_weight,Real Estate,0.0909090909090908
2022-08-31,equal_weight,Utilities,0.0909090909090908
2022-08-31,ewma,Communication Services,0.0364849247706594
2022-08-31,ewma,Consumer Discretionary,5.7749903715759234e-18
2022-08-31,ewma,Consumer Staples,0.25
2022-08-31,ewma,Energy,0.16043440800362452
2022-08-31,ewma,Financials,2.0693642383418007e-17
2022-08-31,ewma,Health Care,0.2315081663460945
2022-08-31,ewma,Industrials,2.182051659799324e-17
2022-08-31,ewma,Information Technology,2.374671306312335e-17
2022-08-31,ewma,Materials,0.0715725008796211
2022-08-31,ewma,Real Estate,2.4852372381987522e-17
2022-08-31,ewma,Utilities,0.2499999999999998
2022-08-31,ledoit_wolf,Communication Services,1.0139036853108385e-17
2022-08-31,ledoit_wolf,Consumer Discretionary,0.1008386644470655
2022-08-31,ledoit_wolf,Consumer Staples,0.25
2022-08-31,ledoit_wolf,Energy,0.0735003384173793
2022-08-31,ledoit_wolf,Financials,0.0223819820113478
2022-08-31,ledoit_wolf,Health Care,0.1698252562108445
2022-08-31,ledoit_wolf,Industrials,0.0663992679632041
2022-08-31,ledoit_wolf,Information Technology,0.0317808378339831
2022-08-31,ledoit_wolf,Materials,0.06836071758990729
2022-08-31,ledoit_wolf,Real Estate,0.0509352902507935
2022-08-31,ledoit_wolf,Utilities,0.16597764527547448
2022-08-31,sample,Communication Services,2.296058038830125e-18
2022-08-31,sample,Consumer Discretionary,0.10394881519944431
2022-08-31,sample,Consumer Staples,0.25
2022-08-31,sample,Energy,0.074210453068255
2022-08-31,sample,Financials,0.0218792099003572
2022-08-31,sample,Health Care,0.16829921227529598
2022-08-31,sample,Industrials,0.0660555626676509
2022-08-31,sample,Information Technology,0.0320517853374469
2022-08-31,sample,Materials,0.0665005087003312
2022-08-31,sample,Real Estate,0.052530662094288305
2022-08-31,sample,Utilities,0.16452379075692938
2022-09-30,equal_weight,Communication Services,0.0909090909090908
2022-09-30,equal_weight,Consumer Discretionary,0.0909090909090908
2022-09-30,equal_weight,Consumer Staples,0.0909090909090908
2022-09-30,equal_weight,Energy,0.0909090909090908
2022-09-30,equal_weight,Financials,0.0909090909090908
2022-09-30,equal_weight,Health Care,0.0909090909090908
2022-09-30,equal_weight,Industrials,0.0909090909090908
2022-09-30,equal_weight,Information Technology,0.0909090909090908
2022-09-30,equal_weight,Materials,0.0909090909090908
2022-09-30,equal_weight,Real Estate,0.0909090909090908
2022-09-30,equal_weight,Utilities,0.0909090909090908
2022-09-30,ewma,Communication Services,1.0027796945718757e-17
2022-09-30,ewma,Consumer Discretionary,0.0
2022-09-30,ewma,Consumer Staples,0.25
2022-09-30,ewma,Energy,0.1275895298905032
2022-09-30,ewma,Financials,0.000846283780013
2022-09-30,ewma,Health Care,0.24999999999999978
2022-09-30,ewma,Industrials,0.15
2022-09-30,ewma,Information Technology,4.330899446294613e-17
2022-09-30,ewma,Materials,0.1499999999999999
2022-09-30,ewma,Real Estate,0.030546656775050213
2022-09-30,ewma,Utilities,0.0410175295544337
2022-09-30,ledoit_wolf,Communication Services,1.6964824745721644e-17
2022-09-30,ledoit_wolf,Consumer Discretionary,0.0809092494073462
2022-09-30,ledoit_wolf,Consumer Staples,0.25
2022-09-30,ledoit_wolf,Energy,0.0773542691207517
2022-09-30,ledoit_wolf,Financials,0.017849757715596
2022-09-30,ledoit_wolf,Health Care,0.1818437537891506
2022-09-30,ledoit_wolf,Industrials,0.0536829971817269
2022-09-30,ledoit_wolf,Information Technology,0.0527055509361187
2022-09-30,ledoit_wolf,Materials,0.0861134097663577
2022-09-30,ledoit_wolf,Real Estate,0.04379218675105341
2022-09-30,ledoit_wolf,Utilities,0.1557488253318983
2022-09-30,sample,Communication Services,1.1350951294436364e-18
2022-09-30,sample,Consumer Discretionary,0.0817154007590393
2022-09-30,sample,Consumer Staples,0.25
2022-09-30,sample,Energy,0.0794917135397998
2022-09-30,sample,Financials,0.017398891203291904
2022-09-30,sample,Health Care,0.1808080189441021
2022-09-30,sample,Industrials,0.0510270467173269
2022-09-30,sample,Information Technology,0.0559137439174209
2022-09-30,sample,Materials,0.0854746289210433
2022-09-30,sample,Real Estate,0.0443599671423221
2022-09-30,sample,Utilities,0.1538105888556531
2022-10-31,equal_weight,Communication Services,0.0909090909090908
2022-10-31,equal_weight,Consumer Discretionary,0.0909090909090908
2022-10-31,equal_weight,Consumer Staples,0.0909090909090908
2022-10-31,equal_weight,Energy,0.0909090909090908
2022-10-31,equal_weight,Financials,0.0909090909090908
2022-10-31,equal_weight,Health Care,0.0909090909090908
2022-10-31,equal_weight,Industrials,0.0909090909090908
2022-10-31,equal_weight,Information Technology,0.0909090909090908
2022-10-31,equal_weight,Materials,0.0909090909090908
2022-10-31,equal_weight,Real Estate,0.0909090909090908
2022-10-31,equal_weight,Utilities,0.0909090909090908
2022-10-31,ewma,Communication Services,1.104260462076283e-18
2022-10-31,ewma,Consumer Discretionary,0.0371807072822917
2022-10-31,ewma,Consumer Staples,0.25
2022-10-31,ewma,Energy,0.2164408943923337
2022-10-31,ewma,Financials,7.507029126081799e-18
2022-10-31,ewma,Health Care,0.2499999999999999
2022-10-31,ewma,Industrials,0.0627143469739312
2022-10-31,ewma,Information Technology,1.1473376245013611e-17
2022-10-31,ewma,Materials,0.15
2022-10-31,ewma,Real Estate,0.005657014116663603
2022-10-31,ewma,Utilities,0.0280070372347796
2022-10-31,ledoit_wolf,Communication Services,4.575228144221178e-18
2022-10-31,ledoit_wolf,Consumer Discretionary,0.0935087349909278
2022-10-31,ledoit_wolf,Consumer Staples,0.25
2022-10-31,ledoit_wolf,Energy,0.082926075037315
2022-10-31,ledoit_wolf,Financials,0.002770844814325906
2022-10-31,ledoit_wolf,Health Care,0.21381041127075
2022-10-31,ledoit_wolf,Industrials,0.0535765002387004
2022-10-31,ledoit_wolf,Information Technology,0.0447180027661328
2022-10-31,ledoit_wolf,Materials,0.0885698708401224
2022-10-31,ledoit_wolf,Real Estate,0.0201195600417251
2022-10-31,ledoit_wolf,Utilities,0.15
2022-10-31,sample,Communication Services,1.8129644856071888e-18
2022-10-31,sample,Consumer Discretionary,0.0944712874566084
2022-10-31,sample,Consumer Staples,0.25
2022-10-31,sample,Energy,0.08387207745316899
2022-10-31,sample,Financials,0.001249864673006204
2022-10-31,sample,Health Care,0.215342327460032
2022-10-31,sample,Industrials,0.052263094229451204
2022-10-31,sample,Information Technology,0.0462178645600416
2022-10-31,sample,Materials,0.0877608618929272
2022-10-31,sample,Real Estate,0.0188226222747639
2022-10-31,sample,Utilities,0.15
2022-11-30,equal_weight,Communication Services,0.0909090909090908
2022-11-30,equal_weight,Consumer Discretionary,0.0909090909090908
2022-11-30,equal_weight,Consumer Staples,0.0909090909090908
2022-11-30,equal_weight,Energy,0.0909090909090908
2022-11-30,equal_weight,Financials,0.0909090909090908
2022-11-30,equal_weight,Health Care,0.0909090909090908
2022-11-30,equal_weight,Industrials,0.0909090909090908
2022-11-30,equal_weight,Information Technology,0.0909090909090908
2022-11-30,equal_weight,Materials,0.0909090909090908
2022-11-30,equal_weight,Real Estate,0.0909090909090908
2022-11-30,equal_weight,Utilities,0.0909090909090908
2022-11-30,ewma,Communication Services,6.3981554797653216e-18
2022-11-30,ewma,Consumer Discretionary,6.676538114754126e-18
2022-11-30,ewma,Consumer Staples,0.2499999999999999
2022-11-30,ewma,Energy,0.2484479468120521
2022-11-30,ewma,Financials,0.07244323577807392
2022-11-30,ewma,Health Care,0.2499999999999999
2022-11-30,ewma,Industrials,0.029108817409873998
2022-11-30,ewma,Information Technology,1.0372265793208228e-17
2022-11-30,ewma,Materials,0.0
2022-11-30,ewma,Real Estate,0.0
2022-11-30,ewma,Utilities,0.15
2022-11-30,ledoit_wolf,Communication Services,0.0
2022-11-30,ledoit_wolf,Consumer Discretionary,0.0569199599145112
2022-11-30,ledoit_wolf,Consumer Staples,0.2499999999999999
2022-11-30,ledoit_wolf,Energy,0.11687037836286379
2022-11-30,ledoit_wolf,Financials,0.041291719347902614
2022-11-30,ledoit_wolf,Health Care,0.2394547086623177
2022-11-30,ledoit_wolf,Industrials,0.0335173936392594
2022-11-30,ledoit_wolf,Information Technology,0.0250457096385696
2022-11-30,ledoit_wolf,Materials,0.0728224929146509
2022-11-30,ledoit_wolf,Real Estate,0.0038021896987122006
2022-11-30,ledoit_wolf,Utilities,0.160275447821212
2022-11-30,sample,Communication Services,1.3089159129475017e-17
2022-11-30,sample,Consumer Discretionary,0.0587215521744776
2022-11-30,sample,Consumer Staples,0.25
2022-11-30,sample,Energy,0.11826071574968419
2022-11-30,sample,Financials,0.0418515898760514
2022-11-30,sample,Health Care,0.2433116993746218
2022-11-30,sample,Industrials,0.030106903310090298
2022-11-30,sample,Information Technology,0.024328494396777006
2022-11-30,sample,Materials,0.072486679424922
2022-11-30,sample,Real Estate,0.0015993200370588
2022-11-30,sample,Utilities,0.1593330456563164
2022-12-30,equal_weight,Communication Services,0.0909090909090908
2022-12-30,equal_weight,Consumer Discretionary,0.0909090909090908
2022-12-30,equal_weight,Consumer Staples,0.0909090909090908
2022-12-30,equal_weight,Energy,0.0909090909090908
2022-12-30,equal_weight,Financials,0.0909090909090908
2022-12-30,equal_weight,Health Care,0.0909090909090908
2022-12-30,equal_weight,Industrials,0.0909090909090908
2022-12-30,equal_weight,Information Technology,0.0909090909090908
2022-12-30,equal_weight,Materials,0.0909090909090908
2022-12-30,equal_weight,Real Estate,0.0909090909090908
2022-12-30,equal_weight,Utilities,0.0909090909090908
2022-12-30,ewma,Communication Services,5.5877830334096216e-18
2022-12-30,ewma,Consumer Discretionary,9.024971817171861e-18
2022-12-30,ewma,Consumer Staples,0.2499999999999999
2022-12-30,ewma,Energy,0.08716354247755131
2022-12-30,ewma,Financials,0.20338666694354382
2022-12-30,ewma,Health Care,0.2499999999999999
2022-12-30,ewma,Industrials,1.514614478050555e-17
2022-12-30,ewma,Information Technology,3.0373784305599948e-18
2022-12-30,ewma,Materials,0.059449790578904704
2022-12-30,ewma,Real Estate,5.1540786321647845e-18
2022-12-30,ewma,Utilities,0.15
2022-12-30,ledoit_wolf,Communication Services,2.29049375200931e-19
2022-12-30,ledoit_wolf,Consumer Discretionary,0.0477907990541046
2022-12-30,ledoit_wolf,Consumer Staples,0.2499999999999999
2022-12-30,ledoit_wolf,Energy,0.1173822763677348
2022-12-30,ledoit_wolf,Financials,0.0415492202227277
2022-12-30,ledoit_wolf,Health Care,0.2496917662927127
2022-12-30,ledoit_wolf,Industrials,0.0354030016631805
2022-12-30,ledoit_wolf,Information Technology,0.011797880199495101
2022-12-30,ledoit_wolf,Materials,0.0778780569822709
2022-12-30,ledoit_wolf,Real Estate,0.0101040165855596
2022-12-30,ledoit_wolf,Utilities,0.1584029826322135
2022-12-30,sample,Communication Services,1.7053498195993225e-18
2022-12-30,sample,Consumer Discretionary,0.0495417806832629
2022-12-30,sample,Consumer Staples,0.2499999999999999
2022-12-30,sample,Energy,0.1188391332274253
2022-12-30,sample,Financials,0.0422681041777477
2022-12-30,sample,Health Care,0.25
2022-12-30,sample,Industrials,0.0336260631548206
2022-12-30,sample,Information Technology,0.010734880339075001
2022-12-30,sample,Materials,0.0781877502525794
2022-12-30,sample,Real Estate,0.0092464695107673
2022-12-30,sample,Utilities,0.1575558186543214
2023-01-31,equal_weight,Communication Services,0.0909090909090908
2023-01-31,equal_weight,Consumer Discretionary,0.0909090909090908
2023-01-31,equal_weight,Consumer Staples,0.0909090909090908
2023-01-31,equal_weight,Energy,0.0909090909090908
2023-01-31,equal_weight,Financials,0.0909090909090908
2023-01-31,equal_weight,Health Care,0.0909090909090908
2023-01-31,equal_weight,Industrials,0.0909090909090908
2023-01-31,equal_weight,Information Technology,0.0909090909090908
2023-01-31,equal_weight,Materials,0.0909090909090908
2023-01-31,equal_weight,Real Estate,0.0909090909090908
2023-01-31,equal_weight,Utilities,0.0909090909090908
2023-01-31,ewma,Communication Services,0.0106747324812225
2023-01-31,ewma,Consumer Discretionary,4.889194132467232e-17
2023-01-31,ewma,Consumer Staples,0.2499999999999999
2023-01-31,ewma,Energy,0.0443158895104557
2023-01-31,ewma,Financials,0.0856875392931484
2023-01-31,ewma,Health Care,0.24999999999999992
2023-01-31,ewma,Industrials,0.1161433784212942
2023-01-31,ewma,Information Technology,1.550519023305342e-17
2023-01-31,ewma,Materials,0.029641019539445805
2023-01-31,ewma,Real Estate,8.474035828972069e-18
2023-01-31,ewma,Utilities,0.2135374407544331
2023-01-31,ledoit_wolf,Communication Services,0.0024162494374993003
2023-01-31,ledoit_wolf,Consumer Discretionary,0.0399618515848952
2023-01-31,ledoit_wolf,Consumer Staples,0.2499999999999999
2023-01-31,ledoit_wolf,Energy,0.1185005796557446
2023-01-31,ledoit_wolf,Financials,0.0434735181046539
2023-01-31,ledoit_wolf,Health Care,0.2450183330238434
2023-01-31,ledoit_wolf,Industrials,0.036344273015967904
2023-01-31,ledoit_wolf,Information Technology,0.0
2023-01-31,ledoit_wolf,Materials,0.07859567828334349
2023-01-31,ledoit_wolf,Real Estate,1.3491867411781585e-18
2023-01-31,ledoit_wolf,Utilities,0.1856895168940517
2023-01-31,sample,Communication Services,0.0008406379576240009
2023-01-31,sample,Consumer Discretionary,0.040216184515732806
2023-01-31,sample,Consumer Staples,0.25
2023-01-31,sample,Energy,0.1200736448690269
2023-01-31,sample,Financials,0.0444058771840224
2023-01-31,sample,Health Care,0.2487957080175964
2023-01-31,sample,Industrials,0.033072762218223
2023-01-31,sample,Information Technology,1.88852224398302e-17
2023-01-31,sample,Materials,0.07763830148346021
2023-01-31,sample,Real Estate,0.0
2023-01-31,sample,Utilities,0.1849568837543138
2023-02-28,equal_weight,Communication Services,0.0909090909090908
2023-02-28,equal_weight,Consumer Discretionary,0.0909090909090908
2023-02-28,equal_weight,Consumer Staples,0.0909090909090908
2023-02-28,equal_weight,Energy,0.0909090909090908
2023-02-28,equal_weight,Financials,0.0909090909090908
2023-02-28,equal_weight,Health Care,0.0909090909090908
2023-02-28,equal_weight,Industrials,0.0909090909090908
2023-02-28,equal_weight,Information Technology,0.0909090909090908
2023-02-28,equal_weight,Materials,0.0909090909090908
2023-02-28,equal_weight,Real Estate,0.0909090909090908
2023-02-28,equal_weight,Utilities,0.0909090909090908
2023-02-28,ewma,Communication Services,0.0415965175570469
2023-02-28,ewma,Consumer Discretionary,5.87485246464835e-18
2023-02-28,ewma,Consumer Staples,0.2499999999999999
2023-02-28,ewma,Energy,0.11933116805195679
2023-02-28,ewma,Financials,0.1532075681215982
2023-02-28,ewma,Health Care,0.1680717149697236
2023-02-28,ewma,Industrials,0.0143069643107106
2023-02-28,ewma,Information Technology,5.349739834237207e-18
2023-02-28,ewma,Materials,0.1034860669889637
2023-02-28,ewma,Real Estate,0.0
2023-02-28,ewma,Utilities,0.15
2023-02-28,ledoit_wolf,Communication Services,0.0062534254183129
2023-02-28,ledoit_wolf,Consumer Discretionary,0.0344565260552049
2023-02-28,ledoit_wolf,Consumer Staples,0.2499999999999999
2023-02-28,ledoit_wolf,Energy,0.1254527005329445
2023-02-28,ledoit_wolf,Financials,0.0568462234673736
2023-02-28,ledoit_wolf,Health Care,0.2364596431884613
2023-02-28,ledoit_wolf,Industrials,0.025430831875913502
2023-02-28,ledoit_wolf,Information Technology,1.2411815379662456e-18
2023-02-28,ledoit_wolf,Materials,0.07696813420314891
2023-02-28,ledoit_wolf,Real Estate,1.4105240283981245e-17
2023-02-28,ledoit_wolf,Utilities,0.1881325152586397
2023-02-28,sample,Communication Services,0.004589247139108
2023-02-28,sample,Consumer Discretionary,0.0345761803143163
2023-02-28,sample,Consumer Staples,0.2499999999999999
2023-02-28,sample,Energy,0.1273677042831897
2023-02-28,sample,Financials,0.059340018739393104
2023-02-28,sample,Health Care,0.2385489574615903
2023-02-28,sample,Industrials,0.0208573791412886
2023-02-28,sample,Information Technology,1.0015321912533025e-17
2023-02-28,sample,Materials,0.0762861382765434
2023-02-28,sample,Real Estate,2.22715553686381e-18
2023-02-28,sample,Utilities,0.18843437464457
2023-03-31,equal_weight,Communication Services,0.0909090909090908
2023-03-31,equal_weight,Consumer Discretionary,0.0909090909090908
2023-03-31,equal_weight,Consumer Staples,0.0909090909090908
2023-03-31,equal_weight,Energy,0.0909090909090908
2023-03-31,equal_weight,Financials,0.0909090909090908
2023-03-31,equal_weight,Health Care,0.0909090909090908
2023-03-31,equal_weight,Industrials,0.0909090909090908
2023-03-31,equal_weight,Information Technology,0.0909090909090908
2023-03-31,equal_weight,Materials,0.0909090909090908
2023-03-31,equal_weight,Real Estate,0.0909090909090908
2023-03-31,equal_weight,Utilities,0.0909090909090908
2023-03-31,ewma,Communication Services,1.4783743006808854e-17
2023-03-31,ewma,Consumer Discretionary,0.015375831461157
2023-03-31,ewma,Consumer Staples,0.2499999999999998
2023-03-31,ewma,Energy,0.1503182059706601
2023-03-31,ewma,Financials,0.0439089928025586
2023-03-31,ewma,Health Care,0.2499999999999999
2023-03-31,ewma,Industrials,0.0179085780269736
2023-03-31,ewma,Information Technology,0.0705502922794318
2023-03-31,ewma,Materials,0.1276127206973269
2023-03-31,ewma,Real Estate,4.6181765909188414e-18
2023-03-31,ewma,Utilities,0.07432537876189182
2023-03-31,ledoit_wolf,Communication Services,0.002045857629379001
2023-03-31,ledoit_wolf,Consumer Discretionary,0.0393674795304101
2023-03-31,ledoit_wolf,Consumer Staples,0.2499999999999999
2023-03-31,ledoit_wolf,Energy,0.1307757669579273
2023-03-31,ledoit_wolf,Financials,0.0361758294959853
2023-03-31,ledoit_wolf,Health Care,0.239956479989765
2023-03-31,ledoit_wolf,Industrials,0.0377421127353873
2023-03-31,ledoit_wolf,Information Technology,7.850415021120452e-18
2023-03-31,ledoit_wolf,Materials,0.08619143956598871
2023-03-31,ledoit_wolf,Real Estate,1.3288612573448916e-17
2023-03-31,ledoit_wolf,Utilities,0.17774503409515668
2023-03-31,sample,Communication Services,0.0003323839850765
2023-03-31,sample,Consumer Discretionary,0.039397143152866
2023-03-31,sample,Consumer Staples,0.2499999999999999
2023-03-31,sample,Energy,0.1322076618214129
2023-03-31,sample,Financials,0.0364007488534505
2023-03-31,sample,Health Care,0.24291070895823869
2023-03-31,sample,Industrials,0.0361351815310991
2023-03-31,sample,Information Technology,6.204008692181222e-18
2023-03-31,sample,Materials,0.0856951333652243
2023-03-31,sample,Real Estate,3.13936158386404e-17
2023-03-31,sample,Utilities,0.1769210383326314
2023-04-28,equal_weight,Communication Services,0.0909090909090908
2023-04-28,equal_weight,Consumer Discretionary,0.0909090909090908
2023-04-28,equal_weight,Consumer Staples,0.0909090909090908
2023-04-28,equal_weight,Energy,0.0909090909090908
2023-04-28,equal_weight,Financials,0.0909090909090908
2023-04-28,equal_weight,Health Care,0.0909090909090908
2023-04-28,equal_weight,Industrials,0.0909090909090908
2023-04-28,equal_weight,Information Technology,0.0909090909090908
2023-04-28,equal_weight,Materials,0.0909090909090908
2023-04-28,equal_weight,Real Estate,0.0909090909090908
2023-04-28,equal_weight,Utilities,0.0909090909090908
2023-04-28,ewma,Communication Services,1.070478899614072e-17
2023-04-28,ewma,Consumer Discretionary,0.0
2023-04-28,ewma,Consumer Staples,0.25
2023-04-28,ewma,Energy,0.019867236481302605
2023-04-28,ewma,Financials,0.0827869158272777
2023-04-28,ewma,Health Care,0.1633993369741158
2023-04-28,ewma,Industrials,0.1347774803640514
2023-04-28,ewma,Information Technology,0.1236501220596646
2023-04-28,ewma,Materials,0.0755189082935876
2023-04-28,ewma,Real Estate,3.064688645468789e-18
2023-04-28,ewma,Utilities,0.15
2023-04-28,ledoit_wolf,Communication Services,6.782315440012532e-18
2023-04-28,ledoit_wolf,Consumer Discretionary,0.0377850834611776
2023-04-28,ledoit_wolf,Consumer Staples,0.2499999999999999
2023-04-28,ledoit_wolf,Energy,0.1208511719799093
2023-04-28,ledoit_wolf,Financials,0.0386014878339814
2023-04-28,ledoit_wolf,Health Care,0.23358631432386118
2023-04-28,ledoit_wolf,Industrials,0.050969413176012
2023-04-28,ledoit_wolf,Information Technology,0.013453044257050907
2023-04-28,ledoit_wolf,Materials,0.0888580087005218
2023-04-28,ledoit_wolf,Real Estate,8.4443708687378535e-19
2023-04-28,ledoit_wolf,Utilities,0.1658954762674852
2023-04-28,sample,Communication Services,0.0
2023-04-28,sample,Consumer Discretionary,0.03890535563348361
2023-04-28,sample,Consumer Staples,0.2499999999999999
2023-04-28,sample,Energy,0.12314843889902541
2023-04-28,sample,Financials,0.03873538180053262
2023-04-28,sample,Health Care,0.2366364108852727
2023-04-28,sample,Industrials,0.048181534116891196
2023-04-28,sample,Information Technology,0.0117486198144904
2023-04-28,sample,Materials,0.0885445098826578
2023-04-28,sample,Real Estate,6.9226312733117675e-18
2023-04-28,sample,Utilities,0.1640997489676455
2023-05-31,equal_weight,Communication Services,0.0909090909090908
2023-05-31,equal_weight,Consumer Discretionary,0.0909090909090908
2023-05-31,equal_weight,Consumer Staples,0.0909090909090908
2023-05-31,equal_weight,Energy,0.0909090909090908
2023-05-31,equal_weight,Financials,0.0909090909090908
2023-05-31,equal_weight,Health Care,0.0909090909090908
2023-05-31,equal_weight,Industrials,0.0909090909090908
2023-05-31,equal_weight,Information Technology,0.0909090909090908
2023-05-31,equal_weight,Materials,0.0909090909090908
2023-05-31,equal_weight,Real Estate,0.0909090909090908
2023-05-31,equal_weight,Utilities,0.0909090909090908
2023-05-31,ewma,Communication Services,0.0367681857469298
2023-05-31,ewma,Consumer Discretionary,0.0285486656298055
2023-05-31,ewma,Consumer Staples,0.2499999999999999
2023-05-31,ewma,Energy,0.0616713814127578
2023-05-31,ewma,Financials,0.011405690690003401
2023-05-31,ewma,Health Care,0.25
2023-05-31,ewma,Industrials,0.1396750480607168
2023-05-31,ewma,Information Technology,0.1069578705177637
2023-05-31,ewma,Materials,0.019184691918948504
2023-05-31,ewma,Real Estate,1.1940734741465275e-17
2023-05-31,ewma,Utilities,0.095788466023074
2023-05-31,ledoit_wolf,Communication Services,0.0012742728783497
2023-05-31,ledoit_wolf,Consumer Discretionary,0.044412631657712004
2023-05-31,ledoit_wolf,Consumer Staples,0.2499999999999999
2023-05-31,ledoit_wolf,Energy,0.12031252748955859
2023-05-31,ledoit_wolf,Financials,0.0421502979380154
2023-05-31,ledoit_wolf,Health Care,0.2359411235439673
2023-05-31,ledoit_wolf,Industrials,0.0490646902163689
2023-05-31,ledoit_wolf,Information Technology,0.0168191547561921
2023-05-31,ledoit_wolf,Materials,0.0791067067549818
2023-05-31,ledoit_wolf,Real Estate,0.0
2023-05-31,ledoit_wolf,Utilities,0.16091859476485348
2023-05-31,sample,Communication Services,9.508138688088355e-18
2023-05-31,sample,Consumer Discretionary,0.0452220958451437
2023-05-31,sample,Consumer Staples,0.2499999999999999
2023-05-31,sample,Energy,0.1222158460496281
2023-05-31,sample,Financials,0.04258143393592211
2023-05-31,sample,Health Care,0.23904433820400411
2023-05-31,sample,Industrials,0.047243841433590596
2023-05-31,sample,Information Technology,0.0166035388340817
2023-05-31,sample,Materials,0.0782537300357757
2023-05-31,sample,Real Estate,1.6826311607740722e-17
2023-05-31,sample,Utilities,0.1588351756618534
2023-06-30,equal_weight,Communication Services,0.0909090909090908
2023-06-30,equal_weight,Consumer Discretionary,0.0909090909090908
2023-06-30,equal_weight,Consumer Staples,0.0909090909090908
2023-06-30,equal_weight,Energy,0.0909090909090908
2023-06-30,equal_weight,Financials,0.0909090909090908
2023-06-30,equal_weight,Health Care,0.0909090909090908
2023-06-30,equal_weight,Industrials,0.0909090909090908
2023-06-30,equal_weight,Information Technology,0.0909090909090908
2023-06-30,equal_weight,Materials,0.0909090909090908
2023-06-30,equal_weight,Real Estate,0.0909090909090908
2023-06-30,equal_weight,Utilities,0.0909090909090908
2023-06-30,ewma,Communication Services,0.15
2023-06-30,ewma,Consumer Discretionary,0.0013141662247408
2023-06-30,ewma,Consumer Staples,0.15806550623736398
2023-06-30,ewma,Energy,0.0789897969139012
2023-06-30,ewma,Financials,0.045207655394392
2023-06-30,ewma,Health Care,0.2309761114376312
2023-06-30,ewma,Industrials,0.0703557844587339
2023-06-30,ewma,Information Technology,0.0614372192508442
2023-06-30,ewma,Materials,0.0097448141405727
2023-06-30,ewma,Real Estate,0.056712804132224195
2023-06-30,ewma,Utilities,0.1371961418095953
2023-06-30,ledoit_wolf,Communication Services,0.015254013113234202
2023-06-30,ledoit_wolf,Consumer Discretionary,0.0380024572401885
2023-06-30,ledoit_wolf,Consumer Staples,0.2499999999999999
2023-06-30,ledoit_wolf,Energy,0.1279935129082126
2023-06-30,ledoit_wolf,Financials,0.043771558479189
2023-06-30,ledoit_wolf,Health Care,0.2393983494987812
2023-06-30,ledoit_wolf,Industrials,0.039725489313145006
2023-06-30,ledoit_wolf,Information Technology,0.0068018113216064
2023-06-30,ledoit_wolf,Materials,0.0786559808486705
2023-06-30,ledoit_wolf,Real Estate,6.823331269428186e-18
2023-06-30,ledoit_wolf,Utilities,0.1603968272769722
2023-06-30,sample,Communication Services,0.015153691170499502
2023-06-30,sample,Consumer Discretionary,0.0393781409729449
2023-06-30,sample,Consumer Staples,0.2499999999999999
2023-06-30,sample,Energy,0.1290813395056803
2023-06-30,sample,Financials,0.043159073949012
2023-06-30,sample,Health Care,0.24341459095717488
2023-06-30,sample,Industrials,0.039630069064831
2023-06-30,sample,Information Technology,0.005057979612496601
2023-06-30,sample,Materials,0.0768575404130811
2023-06-30,sample,Real Estate,6.0913652546783136e-18
2023-06-30,sample,Utilities,0.1582675743542789
2023-07-31,equal_weight,Communication Services,0.0909090909090908
2023-07-31,equal_weight,Consumer Discretionary,0.0909090909090908
2023-07-31,equal_weight,Consumer Staples,0.0909090909090908
2023-07-31,equal_weight,Energy,0.0909090909090908
2023-07-31,equal_weight,Financials,0.0909090909090908
2023-07-31,equal_weight,Health Care,0.0909090909090908
2023-07-31,equal_weight,Industrials,0.0909090909090908
2023-07-31,equal_weight,Information Technology,0.0909090909090908
2023-07-31,equal_weight,Materials,0.0909090909090908
2023-07-31,equal_weight,Real Estate,0.0909090909090908
2023-07-31,equal_weight,Utilities,0.0909090909090908
2023-07-31,ewma,Communication Services,0.09130212440324889
2023-07-31,ewma,Consumer Discretionary,0.012414658819181103
2023-07-31,ewma,Consumer Staples,0.1110876408862001
2023-07-31,ewma,Energy,0.1470852830652548
2023-07-31,ewma,Financials,0.026486286597272802
2023-07-31,ewma,Health Care,0.2106911544756761
2023-07-31,ewma,Industrials,0.0066885034723786
2023-07-31,ewma,Information Technology,0.1697549216111953
2023-07-31,ewma,Materials,0.0734413566620441
2023-07-31,ewma,Real Estate,0.07643101994479269
2023-07-31,ewma,Utilities,0.074617050062755
2023-07-31,ledoit_wolf,Communication Services,0.0117131744393175
2023-07-31,ledoit_wolf,Consumer Discretionary,0.0370788127223196
2023-07-31,ledoit_wolf,Consumer Staples,0.2499999999999999
2023-07-31,ledoit_wolf,Energy,0.12773842778904598
2023-07-31,ledoit_wolf,Financials,0.0518042787201248
2023-07-31,ledoit_wolf,Health Care,0.2395512813112253
2023-07-31,ledoit_wolf,Industrials,0.033163503209772
2023-07-31,ledoit_wolf,Information Technology,0.0149812290889615
2023-07-31,ledoit_wolf,Materials,0.083692215494609
2023-07-31,ledoit_wolf,Real Estate,6.286194197921534e-18
2023-07-31,ledoit_wolf,Utilities,0.1502770772246238
2023-07-31,sample,Communication Services,0.011023158794379402
2023-07-31,sample,Consumer Discretionary,0.0373621112087528
2023-07-31,sample,Consumer Staples,0.25
2023-07-31,sample,Energy,0.128260288734974
2023-07-31,sample,Financials,0.05233503072247991
2023-07-31,sample,Health Care,0.2425302988338163
2023-07-31,sample,Industrials,0.0322816318163978
2023-07-31,sample,Information Technology,0.0138784999187995
2023-07-31,sample,Materials,0.0823289799703998
2023-07-31,sample,Real Estate,4.7896213197809e-19
2023-07-31,sample,Utilities,0.15
2023-08-31,equal_weight,Communication Services,0.0909090909090908
2023-08-31,equal_weight,Consumer Discretionary,0.0909090909090908
2023-08-31,equal_weight,Consumer Staples,0.0909090909090908
2023-08-31,equal_weight,Energy,0.0909090909090908
2023-08-31,equal_weight,Financials,0.0909090909090908
2023-08-31,equal_weight,Health Care,0.0909090909090908
2023-08-31,equal_weight,Industrials,0.0909090909090908
2023-08-31,equal_weight,Information Technology,0.0909090909090908
2023-08-31,equal_weight,Materials,0.0909090909090908
2023-08-31,equal_weight,Real Estate,0.0909090909090908
2023-08-31,equal_weight,Utilities,0.0909090909090908
2023-08-31,ewma,Communication Services,2.083673773568692e-18
2023-08-31,ewma,Consumer Discretionary,0.196697960162452
2023-08-31,ewma,Consumer Staples,0.2499999999999999
2023-08-31,ewma,Energy,0.0947330140879279
2023-08-31,ewma,Financials,0.0110167105849719
2023-08-31,ewma,Health Care,0.17866219690151988
2023-08-31,ewma,Industrials,0.0179654024095738
2023-08-31,ewma,Information Technology,0.089450017263891
2023-08-31,ewma,Materials,0.065800506153589
2023-08-31,ewma,Real Estate,0.0532921632183408
2023-08-31,ewma,Utilities,0.0423820292177332
2023-08-31,ledoit_wolf,Communication Services,0.007409739955445002
2023-08-31,ledoit_wolf,Consumer Discretionary,0.0397498791311939
2023-08-31,ledoit_wolf,Consumer Staples,0.24999999999999992
2023-08-31,ledoit_wolf,Energy,0.1294922781796758
2023-08-31,ledoit_wolf,Financials,0.0482494594562553
2023-08-31,ledoit_wolf,Health Care,0.23572260161625508
2023-08-31,ledoit_wolf,Industrials,0.0302858643604748
2023-08-31,ledoit_wolf,Information Technology,0.0195513394559806
2023-08-31,ledoit_wolf,Materials,0.0895388378447191
2023-08-31,ledoit_wolf,Real Estate,3.2969929165573385e-18
2023-08-31,ledoit_wolf,Utilities,0.15
2023-08-31,sample,Communication Services,0.0060684751066212
2023-08-31,sample,Consumer Discretionary,0.0399631776229642
2023-08-31,sample,Consumer Staples,0.25
2023-08-31,sample,Energy,0.1298204798889931
2023-08-31,sample,Financials,0.0482918215752381
2023-08-31,sample,Health Care,0.2381608518138335
2023-08-31,sample,Industrials,0.0302783196616102
2023-08-31,sample,Information Technology,0.0188774075091053
2023-08-31,sample,Materials,0.088539466821634
2023-08-31,sample,Real Estate,1.2729432426571463e-17
2023-08-31,sample,Utilities,0.15000000000000002
2023-09-29,equal_weight,Communication Services,0.0909090909090908
2023-09-29,equal_weight,Consumer Discretionary,0.0909090909090908
2023-09-29,equal_weight,Consumer Staples,0.0909090909090908
2023-09-29,equal_weight,Energy,0.0909090909090908
2023-09-29,equal_weight,Financials,0.0909090909090908
2023-09-29,equal_weight,Health Care,0.0909090909090908
2023-09-29,equal_weight,Industrials,0.0909090909090908
2023-09-29,equal_weight,Information Technology,0.0909090909090908
2023-09-29,equal_weight,Materials,0.0909090909090908
2023-09-29,equal_weight,Real Estate,0.0909090909090908
2023-09-29,equal_weight,Utilities,0.0909090909090908
2023-09-29,ewma,Communication Services,8.608902596229661e-18
2023-09-29,ewma,Consumer Discretionary,0.0523606281273595
2023-09-29,ewma,Consumer Staples,0.24999999999999992
2023-09-29,ewma,Energy,0.2226223778280772
2023-09-29,ewma,Financials,1.593648950227562e-17
2023-09-29,ewma,Health Care,0.2499999999999999
2023-09-29,ewma,Industrials,0.030085800066453103
2023-09-29,ewma,Information Technology,0.1398568200288943
2023-09-29,ewma,Materials,0.0550743739492158
2023-09-29,ewma,Real Estate,0.0
2023-09-29,ewma,Utilities,1.3686677393534294e-17
2023-09-29,ledoit_wolf,Communication Services,0.0054404038594658
2023-09-29,ledoit_wolf,Consumer Discretionary,0.0336772418570149
2023-09-29,ledoit_wolf,Consumer Staples,0.25
2023-09-29,ledoit_wolf,Energy,0.13530423391452112
2023-09-29,ledoit_wolf,Financials,0.0488982958281037
2023-09-29,ledoit_wolf,Health Care,0.2386787899330901
2023-09-29,ledoit_wolf,Industrials,0.0339732366730314
2023-09-29,ledoit_wolf,Information Technology,0.024817025616867903
2023-09-29,ledoit_wolf,Materials,0.0792107723179048
2023-09-29,ledoit_wolf,Real Estate,4.504599903330399e-19
2023-09-29,ledoit_wolf,Utilities,0.1499999999999999
2023-09-29,sample,Communication Services,0.003560523767574102
2023-09-29,sample,Consumer Discretionary,0.0343431859791995
2023-09-29,sample,Consumer Staples,0.25
2023-09-29,sample,Energy,0.13706620826431581
2023-09-29,sample,Financials,0.0504648158971661
2023-09-29,sample,Health Care,0.24058051254148038
2023-09-29,sample,Industrials,0.0318553982839889
2023-09-29,sample,Information Technology,0.024568349232093206
2023-09-29,sample,Materials,0.0775610060341813
2023-09-29,sample,Real Estate,3.6305481524249025e-18
2023-09-29,sample,Utilities,0.15
2023-10-31,equal_weight,Communication Services,0.0909090909090908
2023-10-31,equal_weight,Consumer Discretionary,0.0909090909090908
2023-10-31,equal_weight,Consumer Staples,0.0909090909090908
2023-10-31,equal_weight,Energy,0.0909090909090908
2023-10-31,equal_weight,Financials,0.0909090909090908
2023-10-31,equal_weight,Health Care,0.0909090909090908
2023-10-31,equal_weight,Industrials,0.0909090909090908
2023-10-31,equal_weight,Information Technology,0.0909090909090908
2023-10-31,equal_weight,Materials,0.0909090909090908
2023-10-31,equal_weight,Real Estate,0.0909090909090908
2023-10-31,equal_weight,Utilities,0.0909090909090908
2023-10-31,ewma,Communication Services,3.3203691532368573e-19
2023-10-31,ewma,Consumer Discretionary,1.4331797467542762e-18
2023-10-31,ewma,Consumer Staples,0.1771446121687733
2023-10-31,ewma,Energy,0.1451322528977534
2023-10-31,ewma,Financials,4.395992470153452e-17
2023-10-31,ewma,Health Care,0.25
2023-10-31,ewma,Industrials,0.0242684301263385
2023-10-31,ewma,Information Technology,0.2158036379405879
2023-10-31,ewma,Materials,0.12666261513328364
2023-10-31,ewma,Real Estate,0.0609884517332632
2023-10-31,ewma,Utilities,3.0180842701854793e-18
2023-10-31,ledoit_wolf,Communication Services,0.0051088408661319
2023-10-31,ledoit_wolf,Consumer Discretionary,0.0278025724398937
2023-10-31,ledoit_wolf,Consumer Staples,0.25
2023-10-31,ledoit_wolf,Energy,0.126291607526128
2023-10-31,ledoit_wolf,Financials,0.042749071046973605
2023-10-31,ledoit_wolf,Health Care,0.2499999999999999
2023-10-31,ledoit_wolf,Industrials,0.05092540542212361
2023-10-31,ledoit_wolf,Information Technology,0.026595137920857704
2023-10-31,ledoit_wolf,Materials,0.0722081693966789
2023-10-31,ledoit_wolf,Real Estate,1.9107278334207488e-17
2023-10-31,ledoit_wolf,Utilities,0.1483191953812121
2023-10-31,sample,Communication Services,0.0039741472270342
2023-10-31,sample,Consumer Discretionary,0.0276163939957048
2023-10-31,sample,Consumer Staples,0.25
2023-10-31,sample,Energy,0.1278593804157054
2023-10-31,sample,Financials,0.045457111460366
2023-10-31,sample,Health Care,0.25
2023-10-31,sample,Industrials,0.0490818811445321
2023-10-31,sample,Information Technology,0.026135519530277616
2023-10-31,sample,Materials,0.0698755662263796
2023-10-31,sample,Real Estate,2.989993217152862e-18
2023-10-31,sample,Utilities,0.15
2023-11-30,equal_weight,Communication Services,0.0909090909090908
2023-11-30,equal_weight,Consumer Discretionary,0.0909090909090908
2023-11-30,equal_weight,Consumer Staples,0.0909090909090908
2023-11-30,equal_weight,Energy,0.0909090909090908
2023-11-30,equal_weight,Financials,0.0909090909090908
2023-11-30,equal_weight,Health Care,0.0909090909090908
2023-11-30,equal_weight,Industrials,0.0909090909090908
2023-11-30,equal_weight,Information Technology,0.0909090909090908
2023-11-30,equal_weight,Materials,0.0909090909090908
2023-11-30,equal_weight,Real Estate,0.0909090909090908
2023-11-30,equal_weight,Utilities,0.0909090909090908
2023-11-30,ewma,Communication Services,0.0380092129718347
2023-11-30,ewma,Consumer Discretionary,0.036359126171309
2023-11-30,ewma,Consumer Staples,0.2499999999999999
2023-11-30,ewma,Energy,0.1260540381712091
2023-11-30,ewma,Financials,0.0632555557040122
2023-11-30,ewma,Health Care,0.23604673181462638
2023-11-30,ewma,Industrials,1.3252931635089893e-18
2023-11-30,ewma,Information Technology,0.17985618800092112
2023-11-30,ewma,Materials,0.036006467431365104
2023-11-30,ewma,Real Estate,0.0344126797347219
2023-11-30,ewma,Utilities,8.864775303570668e-18
2023-11-30,ledoit_wolf,Communication Services,0.010878472520566201
2023-11-30,ledoit_wolf,Consumer Discretionary,0.0154694557172841
2023-11-30,ledoit_wolf,Consumer Staples,0.2499999999999999
2023-11-30,ledoit_wolf,Energy,0.1309907110970019
2023-11-30,ledoit_wolf,Financials,0.050797391261766
2023-11-30,ledoit_wolf,Health Care,0.24999999999999992
2023-11-30,ledoit_wolf,Industrials,0.052143618678180396
2023-11-30,ledoit_wolf,Information Technology,0.0290620961291849
2023-11-30,ledoit_wolf,Materials,0.060658254596016106
2023-11-30,ledoit_wolf,Real Estate,4.317191788190235e-18
2023-11-30,ledoit_wolf,Utilities,0.15
2023-11-30,sample,Communication Services,0.009317178120048002
2023-11-30,sample,Consumer Discretionary,0.0146997121949927
2023-11-30,sample,Consumer Staples,0.2499999999999999
2023-11-30,sample,Energy,0.1329698725526825
2023-11-30,sample,Financials,0.0526467835375161
2023-11-30,sample,Health Care,0.24999999999999992
2023-11-30,sample,Industrials,0.050216302285514304
2023-11-30,sample,Information Technology,0.0304372910064837
2023-11-30,sample,Materials,0.0597128603027622
2023-11-30,sample,Real Estate,1.9637073675028276e-18
2023-11-30,sample,Utilities,0.15
2023-12-29,equal_weight,Communication Services,0.0909090909090908
2023-12-29,equal_weight,Consumer Discretionary,0.0909090909090908
2023-12-29,equal_weight,Consumer Staples,0.0909090909090908
2023-12-29,equal_weight,Energy,0.0909090909090908
2023-12-29,equal_weight,Financials,0.0909090909090908
2023-12-29,equal_weight,Health Care,0.0909090909090908
2023-12-29,equal_weight,Industrials,0.0909090909090908
2023-12-29,equal_weight,Information Technology,0.0909090909090908
2023-12-29,equal_weight,Materials,0.0909090909090908
2023-12-29,equal_weight,Real Estate,0.0909090909090908
2023-12-29,equal_weight,Utilities,0.0909090909090908
2023-12-29,ewma,Communication Services,0.0897095144764299
2023-12-29,ewma,Consumer Discretionary,0.0343746888472209
2023-12-29,ewma,Consumer Staples,0.140686811721681
2023-12-29,ewma,Energy,0.1363017285725042
2023-12-29,ewma,Financials,0.15
2023-12-29,ewma,Health Care,0.1805750595339307
2023-12-29,ewma,Industrials,0.0159763501145569
2023-12-29,ewma,Information Technology,0.18058920407287737
2023-12-29,ewma,Materials,3.6253010142484055e-18
2023-12-29,ewma,Real Estate,0.0353864846418764
2023-12-29,ewma,Utilities,0.0364001580189221
2023-12-29,ledoit_wolf,Communication Services,0.0150515368739907
2023-12-29,ledoit_wolf,Consumer Discretionary,0.014584809293412203
2023-12-29,ledoit_wolf,Consumer Staples,0.25
2023-12-29,ledoit_wolf,Energy,0.1323264956194213
2023-12-29,ledoit_wolf,Financials,0.05171709472880321
2023-12-29,ledoit_wolf,Health Care,0.25
2023-12-29,ledoit_wolf,Industrials,0.0510704926351372
2023-12-29,ledoit_wolf,Information Technology,0.029812357726220103
2023-12-29,ledoit_wolf,Materials,0.055437213123014695
2023-12-29,ledoit_wolf,Real Estate,1.1401613425263845e-18
2023-12-29,ledoit_wolf,Utilities,0.15
2023-12-29,sample,Communication Services,0.014371277400935101
2023-12-29,sample,Consumer Discretionary,0.013490832817320803
2023-12-29,sample,Consumer Staples,0.2499999999999999
2023-12-29,sample,Energy,0.1343557675837388
2023-12-29,sample,Financials,0.0532380724999271
2023-12-29,sample,Health Care,0.25
2023-12-29,sample,Industrials,0.0499274375041248
2023-12-29,sample,Information Technology,0.0303441546262739
2023-12-29,sample,Materials,0.0542724575676792
2023-12-29,sample,Real Estate,0.0
2023-12-29,sample,Utilities,0.15
2024-01-31,equal_weight,Communication Services,0.0909090909090908
2024-01-31,equal_weight,Consumer Discretionary,0.0909090909090908
2024-01-31,equal_weight,Consumer Staples,0.0909090909090908
2024-01-31,equal_weight,Energy,0.0909090909090908
2024-01-31,equal_weight,Financials,0.0909090909090908
2024-01-31,equal_weight,Health Care,0.0909090909090908
2024-01-31,equal_weight,Industrials,0.0909090909090908
2024-01-31,equal_weight,Information Technology,0.0909090909090908
2024-01-31,equal_weight,Materials,0.0909090909090908
2024-01-31,equal_weight,Real Estate,0.0909090909090908
2024-01-31,equal_weight,Utilities,0.0909090909090908
2024-01-31,ewma,Communication Services,0.0
2024-01-31,ewma,Consumer Discretionary,0.0379875167096202
2024-01-31,ewma,Consumer Staples,0.1285548968956531
2024-01-31,ewma,Energy,0.0612587767675744
2024-01-31,ewma,Financials,0.15
2024-01-31,ewma,Health Care,0.2499999999999999
2024-01-31,ewma,Industrials,0.0
2024-01-31,ewma,Information Technology,0.2029667599345128
2024-01-31,ewma,Materials,0.0
2024-01-31,ewma,Real Estate,0.019232049692639305
2024-01-31,ewma,Utilities,0.15
2024-01-31,ledoit_wolf,Communication Services,0.010468129526130602
2024-01-31,ledoit_wolf,Consumer Discretionary,0.012177754791088
2024-01-31,ledoit_wolf,Consumer Staples,0.24999999999999992
2024-01-31,ledoit_wolf,Energy,0.1298899586105359
2024-01-31,ledoit_wolf,Financials,0.057809334545810505
2024-01-31,ledoit_wolf,Health Care,0.2499999999999999
2024-01-31,ledoit_wolf,Industrials,0.0519021936302859
2024-01-31,ledoit_wolf,Information Technology,0.03505957682549761
2024-01-31,ledoit_wolf,Materials,0.0526930520706511
2024-01-31,ledoit_wolf,Real Estate,1.3975039654997884e-17
2024-01-31,ledoit_wolf,Utilities,0.15
2024-01-31,sample,Communication Services,0.0090759978960226
2024-01-31,sample,Consumer Discretionary,0.0111906889220077
2024-01-31,sample,Consumer Staples,0.25
2024-01-31,sample,Energy,0.131859113269444
2024-01-31,sample,Financials,0.059461316476512004
2024-01-31,sample,Health Care,0.25
2024-01-31,sample,Industrials,0.0512838061605288
2024-01-31,sample,Information Technology,0.0364133016793208
2024-01-31,sample,Materials,0.050715775596163803
2024-01-31,sample,Real Estate,4.149006672802156e-18
2024-01-31,sample,Utilities,0.15
2024-02-29,equal_weight,Communication Services,0.0909090909090908
2024-02-29,equal_weight,Consumer Discretionary,0.0909090909090908
2024-02-29,equal_weight,Consumer Staples,0.0909090909090908
2024-02-29,equal_weight,Energy,0.0909090909090908
2024-02-29,equal_weight,Financials,0.0909090909090908
2024-02-29,equal_weight,Health Care,0.0909090909090908
2024-02-29,equal_weight,Industrials,0.0909090909090908
2024-02-29,equal_weight,Information Technology,0.0909090909090908
2024-02-29,equal_weight,Materials,0.0909090909090908
2024-02-29,equal_weight,Real Estate,0.0909090909090908
2024-02-29,equal_weight,Utilities,0.0909090909090908
2024-02-29,ewma,Communication Services,1.2416700242139386e-17
2024-02-29,ewma,Consumer Discretionary,0.0085334222499966
2024-02-29,ewma,Consumer Staples,0.2499999999999999
2024-02-29,ewma,Energy,0.0729098694629624
2024-02-29,ewma,Financials,0.16377017962262738
2024-02-29,ewma,Health Care,0.2499999999999999
2024-02-29,ewma,Industrials,1.5055426747643087e-17
2024-02-29,ewma,Information Technology,0.2065400692938858
2024-02-29,ewma,Materials,0.0
2024-02-29,ewma,Real Estate,0.048246459370527406
2024-02-29,ewma,Utilities,6.4501063039220415e-18
2024-02-29,ledoit_wolf,Communication Services,0.017639646271900004
2024-02-29,ledoit_wolf,Consumer Discretionary,0.022433422005593708
2024-02-29,ledoit_wolf,Consumer Staples,0.2499999999999999
2024-02-29,ledoit_wolf,Energy,0.133364712760015
2024-02-29,ledoit_wolf,Financials,0.0593969464934035
2024-02-29,ledoit_wolf,Health Care,0.2499999999999999
2024-02-29,ledoit_wolf,Industrials,0.054532870675149205
2024-02-29,ledoit_wolf,Information Technology,0.0267019905260957
2024-02-29,ledoit_wolf,Materials,0.0359304112678425
2024-02-29,ledoit_wolf,Real Estate,0.0
2024-02-29,ledoit_wolf,Utilities,0.15
2024-02-29,sample,Communication Services,0.0170471610820173
2024-02-29,sample,Consumer Discretionary,0.020343494668846107
2024-02-29,sample,Consumer Staples,0.2499999999999999
2024-02-29,sample,Energy,0.1352694481131544
2024-02-29,sample,Financials,0.0606843817298043
2024-02-29,sample,Health Care,0.25
2024-02-29,sample,Industrials,0.0553707472832083
2024-02-29,sample,Information Technology,0.0266355701168484
2024-02-29,sample,Materials,0.0346491970061209
2024-02-29,sample,Real Estate,0.0
2024-02-29,sample,Utilities,0.15
2024-03-28,equal_weight,Communication Services,0.0909090909090908
2024-03-28,equal_weight,Consumer Discretionary,0.0909090909090908
2024-03-28,equal_weight,Consumer Staples,0.0909090909090908
2024-03-28,equal_weight,Energy,0.0909090909090908
2024-03-28,equal_weight,Financials,0.0909090909090908
2024-03-28,equal_weight,Health Care,0.0909090909090908
2024-03-28,equal_weight,Industrials,0.0909090909090908
2024-03-28,equal_weight,Information Technology,0.0909090909090908
2024-03-28,equal_weight,Materials,0.0909090909090908
2024-03-28,equal_weight,Real Estate,0.0909090909090908
2024-03-28,equal_weight,Utilities,0.0909090909090908
2024-03-28,ewma,Communication Services,0.06563990925271801
2024-03-28,ewma,Consumer Discretionary,0.0
2024-03-28,ewma,Consumer Staples,0.25
2024-03-28,ewma,Energy,0.1677792793584042
2024-03-28,ewma,Financials,0.0924038801944657
2024-03-28,ewma,Health Care,0.2493035671040805
2024-03-28,ewma,Industrials,1.2955659926810019e-17
2024-03-28,ewma,Information Technology,0.0551521674569748
2024-03-28,ewma,Materials,0.0
2024-03-28,ewma,Real Estate,0.1197211966333567
2024-03-28,ewma,Utilities,0.0
2024-03-28,ledoit_wolf,Communication Services,0.0140833727850409
2024-03-28,ledoit_wolf,Consumer Discretionary,0.0138557406609378
2024-03-28,ledoit_wolf,Consumer Staples,0.25
2024-03-28,ledoit_wolf,Energy,0.1238467332813791
2024-03-28,ledoit_wolf,Financials,0.06079735680335091
2024-03-28,ledoit_wolf,Health Care,0.25
2024-03-28,ledoit_wolf,Industrials,0.0706344233710822
2024-03-28,ledoit_wolf,Information Technology,0.03140121381291241
2024-03-28,ledoit_wolf,Materials,0.0353811592852963
2024-03-28,ledoit_wolf,Real Estate,5.8341765111544154e-18
2024-03-28,ledoit_wolf,Utilities,0.15
2024-03-28,sample,Communication Services,0.0132261197916446
2024-03-28,sample,Consumer Discretionary,0.011544659047928
2024-03-28,sample,Consumer Staples,0.2499999999999999
2024-03-28,sample,Energy,0.1241712152845378
2024-03-28,sample,Financials,0.0617808913855862
2024-03-28,sample,Health Care,0.2499999999999999
2024-03-28,sample,Industrials,0.07283139451103432
2024-03-28,sample,Information Technology,0.0319378950298161
2024-03-28,sample,Materials,0.034507824949452606
2024-03-28,sample,Real Estate,7.973050417467636e-18
2024-03-28,sample,Utilities,0.15
2024-04-30,equal_weight,Communication Services,0.0909090909090908
2024-04-30,equal_weight,Consumer Discretionary,0.0909090909090908
2024-04-30,equal_weight,Consumer Staples,0.0909090909090908
2024-04-30,equal_weight,Energy,0.0909090909090908
2024-04-30,equal_weight,Financials,0.0909090909090908
2024-04-30,equal_weight,Health Care,0.0909090909090908
2024-04-30,equal_weight,Industrials,0.0909090909090908
2024-04-30,equal_weight,Information Technology,0.0909090909090908
2024-04-30,equal_weight,Materials,0.0909090909090908
2024-04-30,equal_weight,Real Estate,0.0909090909090908
2024-04-30,equal_weight,Utilities,0.0909090909090908
2024-04-30,ewma,Communication Services,0.1244898295993091
2024-04-30,ewma,Consumer Discretionary,0.0229533642503821
2024-04-30,ewma,Consumer Staples,0.25
2024-04-30,ewma,Energy,0.15
2024-04-30,ewma,Financials,1.437076098311646e-17
2024-04-30,ewma,Health Care,0.1747304279162128
2024-04-30,ewma,Industrials,0.1381489891906611
2024-04-30,ewma,Information Technology,0.0991532884655217
2024-04-30,ewma,Materials,6.420509740187598e-19
2024-04-30,ewma,Real Estate,4.5451787949665764e-18
2024-04-30,ewma,Utilities,0.04052410057791291
2024-04-30,ledoit_wolf,Communication Services,0.0208556496828772
2024-04-30,ledoit_wolf,Consumer Discretionary,0.0210385928679976
2024-04-30,ledoit_wolf,Consumer Staples,0.2499999999999999
2024-04-30,ledoit_wolf,Energy,0.1289621731759107
2024-04-30,ledoit_wolf,Financials,0.0453945818903455
2024-04-30,ledoit_wolf,Health Care,0.2499999999999999
2024-04-30,ledoit_wolf,Industrials,0.067650294290822
2024-04-30,ledoit_wolf,Information Technology,0.034092304407030205
2024-04-30,ledoit_wolf,Materials,0.032006403685016296
2024-04-30,ledoit_wolf,Real Estate,1.0219769846355365e-18
2024-04-30,ledoit_wolf,Utilities,0.15
2024-04-30,sample,Communication Services,0.0193736474228935
2024-04-30,sample,Consumer Discretionary,0.0194952459889614
2024-04-30,sample,Consumer Staples,0.25
2024-04-30,sample,Energy,0.1299161155892142
2024-04-30,sample,Financials,0.046773969890737
2024-04-30,sample,Health Care,0.2499999999999999
2024-04-30,sample,Industrials,0.0688340373043701
2024-04-30,sample,Information Technology,0.0355398508965797
2024-04-30,sample,Materials,0.0300671329072438
2024-04-30,sample,Real Estate,0.0
2024-04-30,sample,Utilities,0.15
2024-05-31,equal_weight,Communication Services,0.0909090909090908
2024-05-31,equal_weight,Consumer Discretionary,0.0909090909090908
2024-05-31,equal_weight,Consumer Staples,0.0909090909090908
2024-05-31,equal_weight,Energy,0.0909090909090908
2024-05-31,equal_weight,Financials,0.0909090909090908
2024-05-31,equal_weight,Health Care,0.0909090909090908
2024-05-31,equal_weight,Industrials,0.0909090909090908
2024-05-31,equal_weight,Information Technology,0.0909090909090908
2024-05-31,equal_weight,Materials,0.0909090909090908
2024-05-31,equal_weight,Real Estate,0.0909090909090908
2024-05-31,equal_weight,Utilities,0.0909090909090908
2024-05-31,ewma,Communication Services,0.0110242654954753
2024-05-31,ewma,Consumer Discretionary,0.15
2024-05-31,ewma,Consumer Staples,0.25
2024-05-31,ewma,Energy,0.1220089636881301
2024-05-31,ewma,Financials,0.0097993320732216
2024-05-31,ewma,Health Care,0.090602371432192
2024-05-31,ewma,Industrials,0.1060693475058059
2024-05-31,ewma,Information Technology,0.1838857121816043
2024-05-31,ewma,Materials,3.9039748538950695e-18
2024-05-31,ewma,Real Estate,0.0
2024-05-31,ewma,Utilities,0.07661000762357043
2024-05-31,ledoit_wolf,Communication Services,0.022880716401471702
2024-05-31,ledoit_wolf,Consumer Discretionary,0.0288710284035629
2024-05-31,ledoit_wolf,Consumer Staples,0.24999999999999992
2024-05-31,ledoit_wolf,Energy,0.1421463534369178
2024-05-31,ledoit_wolf,Financials,0.048476163605663904
2024-05-31,ledoit_wolf,Health Care,0.24999999999999992
2024-05-31,ledoit_wolf,Industrials,0.055239888083073
2024-05-31,ledoit_wolf,Information Technology,0.05056860079916821
2024-05-31,ledoit_wolf,Materials,0.027271533104633098
2024-05-31,ledoit_wolf,Real Estate,3.57240650295336e-18
2024-05-31,ledoit_wolf,Utilities,0.124545716165509
2024-05-31,sample,Communication Services,0.0214367248789965
2024-05-31,sample,Consumer Discretionary,0.0265333606819688
2024-05-31,sample,Consumer Staples,0.2499999999999999
2024-05-31,sample,Energy,0.1417796708138986
2024-05-31,sample,Financials,0.04707081939578481
2024-05-31,sample,Health Care,0.25
2024-05-31,sample,Industrials,0.0550266185152478
2024-05-31,sample,Information Technology,0.0518705371075711
2024-05-31,sample,Materials,0.0246871016702495
2024-05-31,sample,Real Estate,3.8007866721077443e-19
2024-05-31,sample,Utilities,0.1315951669362825
2024-06-28,equal_weight,Communication Services,0.0909090909090908
2024-06-28,equal_weight,Consumer Discretionary,0.0909090909090908
2024-06-28,equal_weight,Consumer Staples,0.0909090909090908
2024-06-28,equal_weight,Energy,0.0909090909090908
2024-06-28,equal_weight,Financials,0.0909090909090908
2024-06-28,equal_weight,Health Care,0.0909090909090908
2024-06-28,equal_weight,Industrials,0.0909090909090908
2024-06-28,equal_weight,Information Technology,0.0909090909090908
2024-06-28,equal_weight,Materials,0.0909090909090908
2024-06-28,equal_weight,Real Estate,0.0909090909090908
2024-06-28,equal_weight,Utilities,0.0909090909090908
2024-06-28,ewma,Communication Services,0.07120515824035
2024-06-28,ewma,Consumer Discretionary,0.02421792915346701
2024-06-28,ewma,Consumer Staples,0.24999999999999992
2024-06-28,ewma,Energy,2.9929909191230706e-18
2024-06-28,ewma,Financials,0.126136763442717
2024-06-28,ewma,Health Care,0.1113157629833275
2024-06-28,ewma,Industrials,0.17042806150155598
2024-06-28,ewma,Information Technology,0.2104118467402614
2024-06-28,ewma,Materials,0.036284477938320604
2024-06-28,ewma,Real Estate,0.0
2024-06-28,ewma,Utilities,1.1816109614197491e-17
2024-06-28,ledoit_wolf,Communication Services,0.026910725841294697
2024-06-28,ledoit_wolf,Consumer Discretionary,0.0138419315749672
2024-06-28,ledoit_wolf,Consumer Staples,0.2499999999999999
2024-06-28,ledoit_wolf,Energy,0.1476385631709559
2024-06-28,ledoit_wolf,Financials,0.048576101586459905
2024-06-28,ledoit_wolf,Health Care,0.2499999999999999
2024-06-28,ledoit_wolf,Industrials,0.0469698615923719
2024-06-28,ledoit_wolf,Information Technology,0.0661952334900117
2024-06-28,ledoit_wolf,Materials,0.025545304613995998
2024-06-28,ledoit_wolf,Real Estate,8.008484758052596e-18
2024-06-28,ledoit_wolf,Utilities,0.1243222781299421
2024-06-28,sample,Communication Services,0.026235238559548
2024-06-28,sample,Consumer Discretionary,0.009667669237090299
2024-06-28,sample,Consumer Staples,0.25
2024-06-28,sample,Energy,0.14938984747348588
2024-06-28,sample,Financials,0.0482675539715556
2024-06-28,sample,Health Care,0.25
2024-06-28,sample,Industrials,0.0476420099153973
2024-06-28,sample,Information Technology,0.06593231591624721
2024-06-28,sample,Materials,0.0201396955654122
2024-06-28,sample,Real Estate,1.534400183951165e-18
2024-06-28,sample,Utilities,0.132725669361263
2024-07-31,equal_weight,Communication Services,0.0909090909090908
2024-07-31,equal_weight,Consumer Discretionary,0.0909090909090908
2024-07-31,equal_weight,Consumer Staples,0.0909090909090908
2024-07-31,equal_weight,Energy,0.0909090909090908
2024-07-31,equal_weight,Financials,0.0909090909090908
2024-07-31,equal_weight,Health Care,0.0909090909090908
2024-07-31,equal_weight,Industrials,0.0909090909090908
2024-07-31,equal_weight,Information Technology,0.0909090909090908
2024-07-31,equal_weight,Materials,0.0909090909090908
2024-07-31,equal_weight,Real Estate,0.0909090909090908
2024-07-31,equal_weight,Utilities,0.0909090909090908
2024-07-31,ewma,Communication Services,0.1090096141265872
2024-07-31,ewma,Consumer Discretionary,0.0832574099284968
2024-07-31,ewma,Consumer Staples,0.2499999999999999
2024-07-31,ewma,Energy,0.198828298647037
2024-07-31,ewma,Financials,0.0114903486368419
2024-07-31,ewma,Health Care,0.0754075939560845
2024-07-31,ewma,Industrials,3.2051726724102725e-18
2024-07-31,ewma,Information Technology,0.0797110701832585
2024-07-31,ewma,Materials,0.027798398326823008
2024-07-31,ewma,Real Estate,4.277648732532225e-19
2024-07-31,ewma,Utilities,0.1644972661948706
2024-07-31,ledoit_wolf,Communication Services,0.0317717741098502
2024-07-31,ledoit_wolf,Consumer Discretionary,0.0090663140121416
2024-07-31,ledoit_wolf,Consumer Staples,0.2499999999999999
2024-07-31,ledoit_wolf,Energy,0.147880301476513
2024-07-31,ledoit_wolf,Financials,0.0494950372599435
2024-07-31,ledoit_wolf,Health Care,0.25
2024-07-31,ledoit_wolf,Industrials,0.048195315193088104
2024-07-31,ledoit_wolf,Information Technology,0.07205333386811359
2024-07-31,ledoit_wolf,Materials,0.0193297947559371
2024-07-31,ledoit_wolf,Real Estate,0.0
2024-07-31,ledoit_wolf,Utilities,0.1222081293244122
2024-07-31,sample,Communication Services,0.030949206404743503
2024-07-31,sample,Consumer Discretionary,0.008798366364159501
2024-07-31,sample,Consumer Staples,0.25
2024-07-31,sample,Energy,0.1492918342461869
2024-07-31,sample,Financials,0.0490829364514161
2024-07-31,sample,Health Care,0.2499999999999999
2024-07-31,sample,Industrials,0.04929278423422
2024-07-31,sample,Information Technology,0.0706575976425591
2024-07-31,sample,Materials,0.0116596764080224
2024-07-31,sample,Real Estate,1.0178900806273334e-17
2024-07-31,sample,Utilities,0.1302675982486922
2024-08-30,equal_weight,Communication Services,0.0909090909090908
2024-08-30,equal_weight,Consumer Discretionary,0.0909090909090908
2024-08-30,equal_weight,Consumer Staples,0.0909090909090908
2024-08-30,equal_weight,Energy,0.0909090909090908
2024-08-30,equal_weight,Financials,0.0909090909090908
2024-08-30,equal_weight,Health Care,0.0909090909090908
2024-08-30,equal_weight,Industrials,0.0909090909090908
2024-08-30,equal_weight,Information Technology,0.0909090909090908
2024-08-30,equal_weight,Materials,0.0909090909090908
2024-08-30,equal_weight,Real Estate,0.0909090909090908
2024-08-30,equal_weight,Utilities,0.0909090909090908
2024-08-30,ewma,Communication Services,0.0608588458719946
2024-08-30,ewma,Consumer Discretionary,0.05079746985182681
2024-08-30,ewma,Consumer Staples,0.25
2024-08-30,ewma,Energy,0.1304157048372362
2024-08-30,ewma,Financials,0.1037765898174168
2024-08-30,ewma,Health Care,0.1356886231527509
2024-08-30,ewma,Industrials,0.009172638910928501
2024-08-30,ewma,Information Technology,0.0825465465322167
2024-08-30,ewma,Materials,0.005590419994020907
2024-08-30,ewma,Real Estate,0.0211531610316081
2024-08-30,ewma,Utilities,0.15
2024-08-30,ledoit_wolf,Communication Services,0.0317151719569999
2024-08-30,ledoit_wolf,Consumer Discretionary,0.013816758719909608
2024-08-30,ledoit_wolf,Consumer Staples,0.25
2024-08-30,ledoit_wolf,Energy,0.1384547869013709
2024-08-30,ledoit_wolf,Financials,0.0609162381959225
2024-08-30,ledoit_wolf,Health Care,0.2499999999999999
2024-08-30,ledoit_wolf,Industrials,0.0558844340341659
2024-08-30,ledoit_wolf,Information Technology,0.0718163406578645
2024-08-30,ledoit_wolf,Materials,0.011803517140376299
2024-08-30,ledoit_wolf,Real Estate,3.5599735981914175e-18
2024-08-30,ledoit_wolf,Utilities,0.1155927523933896
2024-08-30,sample,Communication Services,0.0307788321630076
2024-08-30,sample,Consumer Discretionary,0.013681611214891505
2024-08-30,sample,Consumer Staples,0.24999999999999992
2024-08-30,sample,Energy,0.1397982601592856
2024-08-30,sample,Financials,0.0622460765166099
2024-08-30,sample,Health Care,0.25
2024-08-30,sample,Industrials,0.053375848062073405
2024-08-30,sample,Information Technology,0.07023207222226599
2024-08-30,sample,Materials,0.0083291077843793
2024-08-30,sample,Real Estate,0.0
2024-08-30,sample,Utilities,0.1215581918774862
2024-09-30,equal_weight,Communication Services,0.0909090909090908
2024-09-30,equal_weight,Consumer Discretionary,0.0909090909090908
2024-09-30,equal_weight,Consumer Staples,0.0909090909090908
2024-09-30,equal_weight,Energy,0.0909090909090908
2024-09-30,equal_weight,Financials,0.0909090909090908
2024-09-30,equal_weight,Health Care,0.0909090909090908
2024-09-30,equal_weight,Industrials,0.0909090909090908
2024-09-30,equal_weight,Information Technology,0.0909090909090908
2024-09-30,equal_weight,Materials,0.0909090909090908
2024-09-30,equal_weight,Real Estate,0.0909090909090908
2024-09-30,equal_weight,Utilities,0.0909090909090908
2024-09-30,ewma,Communication Services,0.0036103770729159026
2024-09-30,ewma,Consumer Discretionary,0.012611499469221004
2024-09-30,ewma,Consumer Staples,0.2499999999999999
2024-09-30,ewma,Energy,2.713467942965058e-18
2024-09-30,ewma,Financials,0.05283895727945111
2024-09-30,ewma,Health Care,0.1310428225613029
2024-09-30,ewma,Industrials,0.0518713436205204
2024-09-30,ewma,Information Technology,0.24208659851372588
2024-09-30,ewma,Materials,0.0279842761063467
2024-09-30,ewma,Real Estate,0.0555259236831983
2024-09-30,ewma,Utilities,0.1724282016933173
2024-09-30,ledoit_wolf,Communication Services,0.0323135799412608
2024-09-30,ledoit_wolf,Consumer Discretionary,0.023845282191421
2024-09-30,ledoit_wolf,Consumer Staples,0.25
2024-09-30,ledoit_wolf,Energy,0.1301384509810362
2024-09-30,ledoit_wolf,Financials,0.053670021027146
2024-09-30,ledoit_wolf,Health Care,0.25
2024-09-30,ledoit_wolf,Industrials,0.0566132641864462
2024-09-30,ledoit_wolf,Information Technology,0.0731442722966008
2024-09-30,ledoit_wolf,Materials,0.0098556086358671
2024-09-30,ledoit_wolf,Real Estate,1.4718044491490726e-17
2024-09-30,ledoit_wolf,Utilities,0.1204195207402214
2024-09-30,sample,Communication Services,0.0316562140066229
2024-09-30,sample,Consumer Discretionary,0.0237541203910858
2024-09-30,sample,Consumer Staples,0.25
2024-09-30,sample,Energy,0.1304211843639231
2024-09-30,sample,Financials,0.05370036499545781
2024-09-30,sample,Health Care,0.2499999999999999
2024-09-30,sample,Industrials,0.0535097984115174
2024-09-30,sample,Information Technology,0.0722515687149289
2024-09-30,sample,Materials,0.0067892787903735
2024-09-30,sample,Real Estate,0.0
2024-09-30,sample,Utilities,0.1279174703260902
2024-10-31,equal_weight,Communication Services,0.0909090909090908
2024-10-31,equal_weight,Consumer Discretionary,0.0909090909090908
2024-10-31,equal_weight,Consumer Staples,0.0909090909090908
2024-10-31,equal_weight,Energy,0.0909090909090908
2024-10-31,equal_weight,Financials,0.0909090909090908
2024-10-31,equal_weight,Health Care,0.0909090909090908
2024-10-31,equal_weight,Industrials,0.0909090909090908
2024-10-31,equal_weight,Information Technology,0.0909090909090908
2024-10-31,equal_weight,Materials,0.0909090909090908
2024-10-31,equal_weight,Real Estate,0.0909090909090908
2024-10-31,equal_weight,Utilities,0.0909090909090908
2024-10-31,ewma,Communication Services,0.18228777023998272
2024-10-31,ewma,Consumer Discretionary,5.691637889075271e-18
2024-10-31,ewma,Consumer Staples,0.15
2024-10-31,ewma,Energy,0.1828904807520548
2024-10-31,ewma,Financials,1.0614593378517265e-17
2024-10-31,ewma,Health Care,0.2150057123252564
2024-10-31,ewma,Industrials,1.219049817688389e-17
2024-10-31,ewma,Information Technology,0.07729256397248441
2024-10-31,ewma,Materials,0.0807264888529769
2024-10-31,ewma,Real Estate,0.0457652292140068
2024-10-31,ewma,Utilities,0.0660317546432378
2024-10-31,ledoit_wolf,Communication Services,0.031725058747788804
2024-10-31,ledoit_wolf,Consumer Discretionary,0.0081442502495239
2024-10-31,ledoit_wolf,Consumer Staples,0.25
2024-10-31,ledoit_wolf,Energy,0.1186269041282279
2024-10-31,ledoit_wolf,Financials,0.064607547569791
2024-10-31,ledoit_wolf,Health Care,0.2473240666077187
2024-10-31,ledoit_wolf,Industrials,0.047825558363603596
2024-10-31,ledoit_wolf,Information Technology,0.1068422167701451
2024-10-31,ledoit_wolf,Materials,0.0072901305991978
2024-10-31,ledoit_wolf,Real Estate,1.3976043629695956e-18
2024-10-31,ledoit_wolf,Utilities,0.1176142669640026
2024-10-31,sample,Communication Services,0.0294056691885444
2024-10-31,sample,Consumer Discretionary,0.0063468168476005
2024-10-31,sample,Consumer Staples,0.25
2024-10-31,sample,Energy,0.11836718474861141
2024-10-31,sample,Financials,0.0667249851094746
2024-10-31,sample,Health Care,0.2478012157135397
2024-10-31,sample,Industrials,0.0424863847204993
2024-10-31,sample,Information Technology,0.1097517233799338
2024-10-31,sample,Materials,0.003528717041619801
2024-10-31,sample,Real Estate,2.0210206121487606e-18
2024-10-31,sample,Utilities,0.1255873032501758
2024-11-29,equal_weight,Communication Services,0.0909090909090908
2024-11-29,equal_weight,Consumer Discretionary,0.0909090909090908
2024-11-29,equal_weight,Consumer Staples,0.0909090909090908
2024-11-29,equal_weight,Energy,0.0909090909090908
2024-11-29,equal_weight,Financials,0.0909090909090908
2024-11-29,equal_weight,Health Care,0.0909090909090908
2024-11-29,equal_weight,Industrials,0.0909090909090908
2024-11-29,equal_weight,Information Technology,0.0909090909090908
2024-11-29,equal_weight,Materials,0.0909090909090908
2024-11-29,equal_weight,Real Estate,0.0909090909090908
2024-11-29,equal_weight,Utilities,0.0909090909090908
2024-11-29,ewma,Communication Services,0.1611345388955898
2024-11-29,ewma,Consumer Discretionary,1.8626254510122064e-18
2024-11-29,ewma,Consumer Staples,0.2499999999999999
2024-11-29,ewma,Energy,0.2499999999999999
2024-11-29,ewma,Financials,0.030266384162453
2024-11-29,ewma,Health Care,0.15
2024-11-29,ewma,Industrials,0.0071847333252131
2024-11-29,ewma,Information Technology,0.0505697539426296
2024-11-29,ewma,Materials,0.0164693044961467
2024-11-29,ewma,Real Estate,0.0379788296973826
2024-11-29,ewma,Utilities,0.046396455480584804
2024-11-29,ledoit_wolf,Communication Services,0.0308474693334961
2024-11-29,ledoit_wolf,Consumer Discretionary,0.0287652150632415
2024-11-29,ledoit_wolf,Consumer Staples,0.2499999999999999
2024-11-29,ledoit_wolf,Energy,0.123386085143945
2024-11-29,ledoit_wolf,Financials,0.0553739981125676
2024-11-29,ledoit_wolf,Health Care,0.2304050551690629
2024-11-29,ledoit_wolf,Industrials,0.0221903397772636
2024-11-29,ledoit_wolf,Information Technology,0.13400010410786578
2024-11-29,ledoit_wolf,Materials,0.0230965455810904
2024-11-29,ledoit_wolf,Real Estate,0.0042547149159775
2024-11-29,ledoit_wolf,Utilities,0.097680472795489
2024-11-29,sample,Communication Services,0.0288737195720735
2024-11-29,sample,Consumer Discretionary,0.025454704972699298
2024-11-29,sample,Consumer Staples,0.2499999999999999
2024-11-29,sample,Energy,0.1229051437647021
2024-11-29,sample,Financials,0.0565879229841872
2024-11-29,sample,Health Care,0.2303393372236216
2024-11-29,sample,Industrials,0.019196653842163
2024-11-29,sample,Information Technology,0.1392530779402855
2024-11-29,sample,Materials,0.0184664242574594
2024-11-29,sample,Real Estate,1.6335030387799182e-18
2024-11-29,sample,Utilities,0.108923015442808
2024-12-31,equal_weight,Communication Services,0.0909090909090908
2024-12-31,equal_weight,Consumer Discretionary,0.0909090909090908
2024-12-31,equal_weight,Consumer Staples,0.0909090909090908
2024-12-31,equal_weight,Energy,0.0909090909090908
2024-12-31,equal_weight,Financials,0.0909090909090908
2024-12-31,equal_weight,Health Care,0.0909090909090908
2024-12-31,equal_weight,Industrials,0.0909090909090908
2024-12-31,equal_weight,Information Technology,0.0909090909090908
2024-12-31,equal_weight,Materials,0.0909090909090908
2024-12-31,equal_weight,Real Estate,0.0909090909090908
2024-12-31,equal_weight,Utilities,0.0909090909090908
2024-12-31,ewma,Communication Services,0.1127080609766949
2024-12-31,ewma,Consumer Discretionary,0.044461177726368206
2024-12-31,ewma,Consumer Staples,0.2499999999999999
2024-12-31,ewma,Energy,0.15
2024-12-31,ewma,Financials,3.1384312554893652e-18
2024-12-31,ewma,Health Care,0.2245330432964417
2024-12-31,ewma,Industrials,0.006638318079816303
2024-12-31,ewma,Information Technology,0.0642908598024054
2024-12-31,ewma,Materials,4.0898308311852276e-18
2024-12-31,ewma,Real Estate,1.80123570132015e-18
2024-12-31,ewma,Utilities,0.1473685401182731
2024-12-31,ledoit_wolf,Communication Services,0.0343080749816077
2024-12-31,ledoit_wolf,Consumer Discretionary,0.0412788987808961
2024-12-31,ledoit_wolf,Consumer Staples,0.24999999999999992
2024-12-31,ledoit_wolf,Energy,0.1246562404985765
2024-12-31,ledoit_wolf,Financials,0.0464836749245006
2024-12-31,ledoit_wolf,Health Care,0.2262253419514873
2024-12-31,ledoit_wolf,Industrials,0.014979092937953301
2024-12-31,ledoit_wolf,Information Technology,0.1526284484457377
2024-12-31,ledoit_wolf,Materials,0.0199333418988433
2024-12-31,ledoit_wolf,Real Estate,0.0
2024-12-31,ledoit_wolf,Utilities,0.0895068855803966
2024-12-31,sample,Communication Services,0.0322959503558068
2024-12-31,sample,Consumer Discretionary,0.0353293535919204
2024-12-31,sample,Consumer Staples,0.25
2024-12-31,sample,Energy,0.126793958760397
2024-12-31,sample,Financials,0.0478780284265408
2024-12-31,sample,Health Care,0.2265167235077269
2024-12-31,sample,Industrials,0.0094838745133984
2024-12-31,sample,Information Technology,0.1604071620647914
2024-12-31,sample,Materials,0.0158769337372187
2024-12-31,sample,Real Estate,1.9060358895589893e-17
2024-12-31,sample,Utilities,0.0954180150421987
2025-01-31,equal_weight,Communication Services,0.0909090909090908
2025-01-31,equal_weight,Consumer Discretionary,0.0909090909090908
2025-01-31,equal_weight,Consumer Staples,0.0909090909090908
2025-01-31,equal_weight,Energy,0.0909090909090908
2025-01-31,equal_weight,Financials,0.0909090909090908
2025-01-31,equal_weight,Health Care,0.0909090909090908
2025-01-31,equal_weight,Industrials,0.0909090909090908
2025-01-31,equal_weight,Information Technology,0.0909090909090908
2025-01-31,equal_weight,Materials,0.0909090909090908
2025-01-31,equal_weight,Real Estate,0.0909090909090908
2025-01-31,equal_weight,Utilities,0.0909090909090908
2025-01-31,ewma,Communication Services,0.1676236759419923
2025-01-31,ewma,Consumer Discretionary,0.0
2025-01-31,ewma,Consumer Staples,0.2196154398918864
2025-01-31,ewma,Energy,0.0413264349811543
2025-01-31,ewma,Financials,0.0
2025-01-31,ewma,Health Care,0.1467524712326282
2025-01-31,ewma,Industrials,0.012827687721460302
2025-01-31,ewma,Information Technology,0.1897322793345326
2025-01-31,ewma,Materials,0.0970807765800614
2025-01-31,ewma,Real Estate,0.0
2025-01-31,ewma,Utilities,0.1250412343162841
2025-01-31,ledoit_wolf,Communication Services,0.0359490528557977
2025-01-31,ledoit_wolf,Consumer Discretionary,0.0347406771448661
2025-01-31,ledoit_wolf,Consumer Staples,0.25
2025-01-31,ledoit_wolf,Energy,0.12701294834125781
2025-01-31,ledoit_wolf,Financials,0.0414913234601747
2025-01-31,ledoit_wolf,Health Care,0.2146870288301879
2025-01-31,ledoit_wolf,Industrials,0.0187944983561455
2025-01-31,ledoit_wolf,Information Technology,0.1692209392322751
2025-01-31,ledoit_wolf,Materials,0.024494621196791
2025-01-31,ledoit_wolf,Real Estate,4.0574731058053105e-18
2025-01-31,ledoit_wolf,Utilities,0.0836089105825034
2025-01-31,sample,Communication Services,0.0339863951505669
2025-01-31,sample,Consumer Discretionary,0.0263778697829586
2025-01-31,sample,Consumer Staples,0.25
2025-01-31,sample,Energy,0.1307196728651461
2025-01-31,sample,Financials,0.0421944769240678
2025-01-31,sample,Health Care,0.2205859377531931
2025-01-31,sample,Industrials,0.0118049133309082
2025-01-31,sample,Information Technology,0.1783461557630956
2025-01-31,sample,Materials,0.019522136491067498
2025-01-31,sample,Real Estate,0.0
2025-01-31,sample,Utilities,0.0864624419389956
2025-02-28,equal_weight,Communication Services,0.0909090909090908
2025-02-28,equal_weight,Consumer Discretionary,0.0909090909090908
2025-02-28,equal_weight,Consumer Staples,0.0909090909090908
2025-02-28,equal_weight,Energy,0.0909090909090908
2025-02-28,equal_weight,Financials,0.0909090909090908
2025-02-28,equal_weight,Health Care,0.0909090909090908
2025-02-28,equal_weight,Industrials,0.0909090909090908
2025-02-28,equal_weight,Information Technology,0.0909090909090908
2025-02-28,equal_weight,Materials,0.0909090909090908
2025-02-28,equal_weight,Real Estate,0.0909090909090908
2025-02-28,equal_weight,Utilities,0.0909090909090908
2025-02-28,ewma,Communication Services,0.14446350315731182
2025-02-28,ewma,Consumer Discretionary,9.689225814344642e-18
2025-02-28,ewma,Consumer Staples,0.157739072967648
2025-02-28,ewma,Energy,0.1430462131939833
2025-02-28,ewma,Financials,0.0320399915716492
2025-02-28,ewma,Health Care,0.1051481709439415
2025-02-28,ewma,Industrials,0.038902145561854916
2025-02-28,ewma,Information Technology,0.1493908786032229
2025-02-28,ewma,Materials,0.0792700240003877
2025-02-28,ewma,Real Estate,1.0329219701455837e-17
2025-02-28,ewma,Utilities,0.15
2025-02-28,ledoit_wolf,Communication Services,0.049481578168174306
2025-02-28,ledoit_wolf,Consumer Discretionary,0.0406742520276505
2025-02-28,ledoit_wolf,Consumer Staples,0.2499999999999999
2025-02-28,ledoit_wolf,Energy,0.1284203850205516
2025-02-28,ledoit_wolf,Financials,0.0403931503778065
2025-02-28,ledoit_wolf,Health Care,0.2071940944395597
2025-02-28,ledoit_wolf,Industrials,0.018160118632726305
2025-02-28,ledoit_wolf,Information Technology,0.16759550124209038
2025-02-28,ledoit_wolf,Materials,0.0177267885771343
2025-02-28,ledoit_wolf,Real Estate,0.0
2025-02-28,ledoit_wolf,Utilities,0.0803541315143057
2025-02-28,sample,Communication Services,0.048111493018194
2025-02-28,sample,Consumer Discretionary,0.0337658727335926
2025-02-28,sample,Consumer Staples,0.25
2025-02-28,sample,Energy,0.13057873403693132
2025-02-28,sample,Financials,0.0395462244980413
2025-02-28,sample,Health Care,0.2120100671136693
2025-02-28,sample,Industrials,0.0142089519607109
2025-02-28,sample,Information Technology,0.17657153051128072
2025-02-28,sample,Materials,0.014868130483719901
2025-02-28,sample,Real Estate,1.2993485410880967e-18
2025-02-28,sample,Utilities,0.0803389956438593
2025-03-31,equal_weight,Communication Services,0.0909090909090908
2025-03-31,equal_weight,Consumer Discretionary,0.0909090909090908
2025-03-31,equal_weight,Consumer Staples,0.0909090909090908
2025-03-31,equal_weight,Energy,0.0909090909090908
2025-03-31,equal_weight,Financials,0.0909090909090908
2025-03-31,equal_weight,Health Care,0.0909090909090908
2025-03-31,equal_weight,Industrials,0.0909090909090908
2025-03-31,equal_weight,Information Technology,0.0909090909090908
2025-03-31,equal_weight,Materials,0.0909090909090908
2025-03-31,equal_weight,Real Estate,0.0909090909090908
2025-03-31,equal_weight,Utilities,0.0909090909090908
2025-03-31,ewma,Communication Services,0.03325006912721751
2025-03-31,ewma,Consumer Discretionary,0.0572697307212434
2025-03-31,ewma,Consumer Staples,0.1104505461758405
2025-03-31,ewma,Energy,0.1349578000201041
2025-03-31,ewma,Financials,1.4520632229116656e-17
2025-03-31,ewma,Health Care,0.2056639371724755
2025-03-31,ewma,Industrials,3.7778461081816666e-18
2025-03-31,ewma,Information Technology,0.1499999999999999
2025-03-31,ewma,Materials,0.07540866777628191
2025-03-31,ewma,Real Estate,0.028602672549236905
2025-03-31,ewma,Utilities,0.20439657645759962
2025-03-31,ledoit_wolf,Communication Services,0.0584243503068666
2025-03-31,ledoit_wolf,Consumer Discretionary,0.0245407237593713
2025-03-31,ledoit_wolf,Consumer Staples,0.2499999999999999
2025-03-31,ledoit_wolf,Energy,0.1330630451201375
2025-03-31,ledoit_wolf,Financials,0.03950452006827751
2025-03-31,ledoit_wolf,Health Care,0.2073657942995531
2025-03-31,ledoit_wolf,Industrials,0.0130097942077397
2025-03-31,ledoit_wolf,Information Technology,0.1590817089138897
2025-03-31,ledoit_wolf,Materials,0.0088558309739844
2025-03-31,ledoit_wolf,Real Estate,0.0109390798149726
2025-03-31,ledoit_wolf,Utilities,0.0952151525352069
2025-03-31,sample,Communication Services,0.0569322459743003
2025-03-31,sample,Consumer Discretionary,0.019865221309980502
2025-03-31,sample,Consumer Staples,0.2499999999999999
2025-03-31,sample,Energy,0.13404724229813958
2025-03-31,sample,Financials,0.0380602592714554
2025-03-31,sample,Health Care,0.21422358221436638
2025-03-31,sample,Industrials,0.0089814254980531
2025-03-31,sample,Information Technology,0.16616109279489882
2025-03-31,sample,Materials,0.0054687159969935
2025-03-31,sample,Real Estate,0.004474007115914202
2025-03-31,sample,Utilities,0.1017862075258971
2025-04-30,equal_weight,Communication Services,0.0909090909090908
2025-04-30,equal_weight,Consumer Discretionary,0.0909090909090908
2025-04-30,equal_weight,Consumer Staples,0.0909090909090908
2025-04-30,equal_weight,Energy,0.0909090909090908
2025-04-30,equal_weight,Financials,0.0909090909090908
2025-04-30,equal_weight,Health Care,0.0909090909090908
2025-04-30,equal_weight,Industrials,0.0909090909090908
2025-04-30,equal_weight,Information Technology,0.0909090909090908
2025-04-30,equal_weight,Materials,0.0909090909090908
2025-04-30,equal_weight,Real Estate,0.0909090909090908
2025-04-30,equal_weight,Utilities,0.0909090909090908
2025-04-30,ewma,Communication Services,0.0679524589345054
2025-04-30,ewma,Consumer Discretionary,0.15000000000000005
2025-04-30,ewma,Consumer Staples,0.2499999999999999
2025-04-30,ewma,Energy,0.004325155672409
2025-04-30,ewma,Financials,0.0500522471874315
2025-04-30,ewma,Health Care,0.2378336619577168
2025-04-30,ewma,Industrials,0.018036093576774
2025-04-30,ewma,Information Technology,5.271858402477353e-18
2025-04-30,ewma,Materials,0.0055580465868449004
2025-04-30,ewma,Real Estate,0.0662423360843182
2025-04-30,ewma,Utilities,0.15
2025-04-30,ledoit_wolf,Communication Services,0.0632629206066328
2025-04-30,ledoit_wolf,Consumer Discretionary,0.0590318150521222
2025-04-30,ledoit_wolf,Consumer Staples,0.2499999999999999
2025-04-30,ledoit_wolf,Energy,0.1103962887405361
2025-04-30,ledoit_wolf,Financials,0.0107620619835723
2025-04-30,ledoit_wolf,Health Care,0.2257700804937594
2025-04-30,ledoit_wolf,Industrials,0.0071405246703184
2025-04-30,ledoit_wolf,Information Technology,0.128770056188726
2025-04-30,ledoit_wolf,Materials,1.5005552382131541e-18
2025-04-30,ledoit_wolf,Real Estate,0.00901043199364181
2025-04-30,ledoit_wolf,Utilities,0.1358558202706904
2025-04-30,sample,Communication Services,0.0618255892527677
2025-04-30,sample,Consumer Discretionary,0.04923116294330861
2025-04-30,sample,Consumer Staples,0.25
2025-04-30,sample,Energy,0.1149638669151459
2025-04-30,sample,Financials,0.0020211598704556024
2025-04-30,sample,Health Care,0.2250511492005472
2025-04-30,sample,Industrials,5.4025352887181226e-18
2025-04-30,sample,Information Technology,0.1469070718177746
2025-04-30,sample,Materials,3.099117615683846e-18
2025-04-30,sample,Real Estate,2.5615062102053836e-19
2025-04-30,sample,Utilities,0.15
2025-05-30,equal_weight,Communication Services,0.0909090909090908
2025-05-30,equal_weight,Consumer Discretionary,0.0909090909090908
2025-05-30,equal_weight,Consumer Staples,0.0909090909090908
2025-05-30,equal_weight,Energy,0.0909090909090908
2025-05-30,equal_weight,Financials,0.0909090909090908
2025-05-30,equal_weight,Health Care,0.0909090909090908
2025-05-30,equal_weight,Industrials,0.0909090909090908
2025-05-30,equal_weight,Information Technology,0.0909090909090908
2025-05-30,equal_weight,Materials,0.0909090909090908
2025-05-30,equal_weight,Real Estate,0.0909090909090908
2025-05-30,equal_weight,Utilities,0.0909090909090908
2025-05-30,ewma,Communication Services,0.11788371752023091
2025-05-30,ewma,Consumer Discretionary,0.1108691206881169
2025-05-30,ewma,Consumer Staples,0.2499999999999999
2025-05-30,ewma,Energy,2.8591739004002316e-17
2025-05-30,ewma,Financials,0.08830146845407522
2025-05-30,ewma,Health Care,0.1555409585796877
2025-05-30,ewma,Industrials,1.4340480948509527e-17
2025-05-30,ewma,Information Technology,0.0011569248725013
2025-05-30,ewma,Materials,0.0755159502098326
2025-05-30,ewma,Real Estate,0.050731859675555
2025-05-30,ewma,Utilities,0.15
2025-05-30,ledoit_wolf,Communication Services,0.07612459783670379
2025-05-30,ledoit_wolf,Consumer Discretionary,0.0528280987288334
2025-05-30,ledoit_wolf,Consumer Staples,0.2499999999999999
2025-05-30,ledoit_wolf,Energy,0.1222875420374644
2025-05-30,ledoit_wolf,Financials,0.0196091998386694
2025-05-30,ledoit_wolf,Health Care,0.2097771924026703
2025-05-30,ledoit_wolf,Industrials,2.4612522605533796e-18
2025-05-30,ledoit_wolf,Information Technology,0.1214106490681141
2025-05-30,ledoit_wolf,Materials,0.0
2025-05-30,ledoit_wolf,Real Estate,0.018586052232112404
2025-05-30,ledoit_wolf,Utilities,0.1293766678554315
2025-05-30,sample,Communication Services,0.0719267363546429
2025-05-30,sample,Consumer Discretionary,0.045263911659834
2025-05-30,sample,Consumer Staples,0.25
2025-05-30,sample,Energy,0.1249645365085615
2025-05-30,sample,Financials,0.0086947734238148
2025-05-30,sample,Health Care,0.2073684690499038
2025-05-30,sample,Industrials,5.797921532534501e-18
2025-05-30,sample,Information Technology,0.1403982531019508
2025-05-30,sample,Materials,0.0
2025-05-30,sample,Real Estate,0.0050366976319506
2025-05-30,sample,Utilities,0.1463466222693412
2025-06-30,equal_weight,Communication Services,0.0909090909090908
2025-06-30,equal_weight,Consumer Discretionary,0.0909090909090908
2025-06-30,equal_weight,Consumer Staples,0.0909090909090908
2025-06-30,equal_weight,Energy,0.0909090909090908
2025-06-30,equal_weight,Financials,0.0909090909090908
2025-06-30,equal_weight,Health Care,0.0909090909090908
2025-06-30,equal_weight,Industrials,0.0909090909090908
2025-06-30,equal_weight,Information Technology,0.0909090909090908
2025-06-30,equal_weight,Materials,0.0909090909090908
2025-06-30,equal_weight,Real Estate,0.0909090909090908
2025-06-30,equal_weight,Utilities,0.0909090909090908
2025-06-30,ewma,Communication Services,0.0887555004950561
2025-06-30,ewma,Consumer Discretionary,5.703436204463366e-18
2025-06-30,ewma,Consumer Staples,0.1983670707672375
2025-06-30,ewma,Energy,0.15582996188571469
2025-06-30,ewma,Financials,0.1283975581676739
2025-06-30,ewma,Health Care,0.12228637197728791
2025-06-30,ewma,Industrials,1.8462293111152162e-18
2025-06-30,ewma,Information Technology,0.0705072998124365
2025-06-30,ewma,Materials,0.0485252393749991
2025-06-30,ewma,Real Estate,0.1433607836909315
2025-06-30,ewma,Utilities,0.0439702138286623
2025-06-30,ledoit_wolf,Communication Services,0.0691849880219769
2025-06-30,ledoit_wolf,Consumer Discretionary,0.0478271968232688
2025-06-30,ledoit_wolf,Consumer Staples,0.2499999999999999
2025-06-30,ledoit_wolf,Energy,0.1273067702564674
2025-06-30,ledoit_wolf,Financials,0.0183785883889749
2025-06-30,ledoit_wolf,Health Care,0.2069211871626638
2025-06-30,ledoit_wolf,Industrials,0.0
2025-06-30,ledoit_wolf,Information Technology,0.1332403723642262
2025-06-30,ledoit_wolf,Materials,0.0014341004604551018
2025-06-30,ledoit_wolf,Real Estate,0.0220476138334836
2025-06-30,ledoit_wolf,Utilities,0.1236591826884825
2025-06-30,sample,Communication Services,0.0644126261958954
2025-06-30,sample,Consumer Discretionary,0.0421294525557114
2025-06-30,sample,Consumer Staples,0.2499999999999999
2025-06-30,sample,Energy,0.1301815965056884
2025-06-30,sample,Financials,0.008734337349828003
2025-06-30,sample,Health Care,0.20560382362517649
2025-06-30,sample,Industrials,6.54540571481131e-18
2025-06-30,sample,Information Technology,0.15
2025-06-30,sample,Materials,9.691651935691627e-18
2025-06-30,sample,Real Estate,0.009340622907178802
2025-06-30,sample,Utilities,0.13959754086052142
2025-07-31,equal_weight,Communication Services,0.0909090909090908
2025-07-31,equal_weight,Consumer Discretionary,0.0909090909090908
2025-07-31,equal_weight,Consumer Staples,0.0909090909090908
2025-07-31,equal_weight,Energy,0.0909090909090908
2025-07-31,equal_weight,Financials,0.0909090909090908
2025-07-31,equal_weight,Health Care,0.0909090909090908
2025-07-31,equal_weight,Industrials,0.0909090909090908
2025-07-31,equal_weight,Information Technology,0.0909090909090908
2025-07-31,equal_weight,Materials,0.0909090909090908
2025-07-31,equal_weight,Real Estate,0.0909090909090908
2025-07-31,equal_weight,Utilities,0.0909090909090908
2025-07-31,ewma,Communication Services,0.0491721710283372
2025-07-31,ewma,Consumer Discretionary,0.0630882619324024
2025-07-31,ewma,Consumer Staples,0.1428407037664819
2025-07-31,ewma,Energy,0.1613383162889763
2025-07-31,ewma,Financials,0.0713243307589771
2025-07-31,ewma,Health Care,0.0420035945776506
2025-07-31,ewma,Industrials,0.11723817699307021
2025-07-31,ewma,Information Technology,0.15
2025-07-31,ewma,Materials,1.6695878174305434e-18
2025-07-31,ewma,Real Estate,0.0529944446541039
2025-07-31,ewma,Utilities,0.15
2025-07-31,ledoit_wolf,Communication Services,0.0669383570968136
2025-07-31,ledoit_wolf,Consumer Discretionary,0.0445223618420019
2025-07-31,ledoit_wolf,Consumer Staples,0.24999999999999992
2025-07-31,ledoit_wolf,Energy,0.12661128377259231
2025-07-31,ledoit_wolf,Financials,0.0143688029773833
2025-07-31,ledoit_wolf,Health Care,0.19684776533046622
2025-07-31,ledoit_wolf,Industrials,0.005132895610092905
2025-07-31,ledoit_wolf,Information Technology,0.1424980560052169
2025-07-31,ledoit_wolf,Materials,1.4681180071480901e-18
2025-07-31,ledoit_wolf,Real Estate,0.014672561233743706
2025-07-31,ledoit_wolf,Utilities,0.1384079161316885
2025-07-31,sample,Communication Services,0.0652922221608877
2025-07-31,sample,Consumer Discretionary,0.043921593682246296
2025-07-31,sample,Consumer Staples,0.24999999999999992
2025-07-31,sample,Energy,0.1284966370665653
2025-07-31,sample,Financials,0.007341070479140302
2025-07-31,sample,Health Care,0.20403822000854338
2025-07-31,sample,Industrials,0.0
2025-07-31,sample,Information Technology,0.15
2025-07-31,sample,Materials,2.5765326978305024e-18
2025-07-31,sample,Real Estate,0.0009102566026167025
2025-07-31,sample,Utilities,0.15
2025-08-29,equal_weight,Communication Services,0.0909090909090908
2025-08-29,equal_weight,Consumer Discretionary,0.0909090909090908
2025-08-29,equal_weight,Consumer Staples,0.0909090909090908
2025-08-29,equal_weight,Energy,0.0909090909090908
2025-08-29,equal_weight,Financials,0.0909090909090908
2025-08-29,equal_weight,Health Care,0.0909090909090908
2025-08-29,equal_weight,Industrials,0.0909090909090908
2025-08-29,equal_weight,Information Technology,0.0909090909090908
2025-08-29,equal_weight,Materials,0.0909090909090908
2025-08-29,equal_weight,Real Estate,0.0909090909090908
2025-08-29,equal_weight,Utilities,0.0909090909090908
2025-08-29,ewma,Communication Services,0.007043749246794104
2025-08-29,ewma,Consumer Discretionary,0.021196141610412104
2025-08-29,ewma,Consumer Staples,0.1284257603915756
2025-08-29,ewma,Energy,0.1932396072701303
2025-08-29,ewma,Financials,0.15
2025-08-29,ewma,Health Care,0.08259017753102599
2025-08-29,ewma,Industrials,2.496417853795237e-18
2025-08-29,ewma,Information Technology,0.17372073824812428
2025-08-29,ewma,Materials,0.0009366252402975
2025-08-29,ewma,Real Estate,0.0577765841065256
2025-08-29,ewma,Utilities,0.185070616355114
2025-08-29,ledoit_wolf,Communication Services,0.0686960353025905
2025-08-29,ledoit_wolf,Consumer Discretionary,0.035643397812499304
2025-08-29,ledoit_wolf,Consumer Staples,0.2499999999999999
2025-08-29,ledoit_wolf,Energy,0.1300967795539422
2025-08-29,ledoit_wolf,Financials,0.017307507837720712
2025-08-29,ledoit_wolf,Health Care,0.19506951087752078
2025-08-29,ledoit_wolf,Industrials,0.004285500278783406
2025-08-29,ledoit_wolf,Information Technology,0.1428327291838898
2025-08-29,ledoit_wolf,Materials,4.5901934702377014e-18
2025-08-29,ledoit_wolf,Real Estate,0.0157045998724247
2025-08-29,ledoit_wolf,Utilities,0.1403639392806278
2025-08-29,sample,Communication Services,0.067573489532155
2025-08-29,sample,Consumer Discretionary,0.033739159851065396
2025-08-29,sample,Consumer Staples,0.2499999999999999
2025-08-29,sample,Energy,0.1330891843266596
2025-08-29,sample,Financials,0.0114271362975882
2025-08-29,sample,Health Care,0.1989220063644374
2025-08-29,sample,Industrials,9.11551740937008e-18
2025-08-29,sample,Information Technology,0.15
2025-08-29,sample,Materials,1.3517491970383665e-18
2025-08-29,sample,Real Estate,0.005249023628094102
2025-08-29,sample,Utilities,0.15
2025-09-30,equal_weight,Communication Services,0.0909090909090908
2025-09-30,equal_weight,Consumer Discretionary,0.0909090909090908
2025-09-30,equal_weight,Consumer Staples,0.0909090909090908
2025-09-30,equal_weight,Energy,0.0909090909090908
2025-09-30,equal_weight,Financials,0.0909090909090908
2025-09-30,equal_weight,Health Care,0.0909090909090908
2025-09-30,equal_weight,Industrials,0.0909090909090908
2025-09-30,equal_weight,Information Technology,0.0909090909090908
2025-09-30,equal_weight,Materials,0.0909090909090908
2025-09-30,equal_weight,Real Estate,0.0909090909090908
2025-09-30,equal_weight,Utilities,0.0909090909090908
2025-09-30,ewma,Communication Services,0.11124100106746329
2025-09-30,ewma,Consumer Discretionary,0.027549591994674605
2025-09-30,ewma,Consumer Staples,0.2326820782381907
2025-09-30,ewma,Energy,0.13884504710439
2025-09-30,ewma,Financials,0.002468789241513001
2025-09-30,ewma,Health Care,0.0749577121611409
2025-09-30,ewma,Industrials,0.1109847947762197
2025-09-30,ewma,Information Technology,0.12098579852652441
2025-09-30,ewma,Materials,0.0288365065995399
2025-09-30,ewma,Real Estate,0.008119687759328602
2025-09-30,ewma,Utilities,0.143328992531014
2025-09-30,ledoit_wolf,Communication Services,0.0689960857134091
2025-09-30,ledoit_wolf,Consumer Discretionary,0.049316947669955896
2025-09-30,ledoit_wolf,Consumer Staples,0.2499999999999999
2025-09-30,ledoit_wolf,Energy,0.1231157297429136
2025-09-30,ledoit_wolf,Financials,0.011454237188062003
2025-09-30,ledoit_wolf,Health Care,0.18490884314236788
2025-09-30,ledoit_wolf,Industrials,0.0092547364431077
2025-09-30,ledoit_wolf,Information Technology,0.1368494462821012
2025-09-30,ledoit_wolf,Materials,0.0
2025-09-30,ledoit_wolf,Real Estate,0.0189700773731336
2025-09-30,ledoit_wolf,Utilities,0.1471338964449487
2025-09-30,sample,Communication Services,0.0647900409678212
2025-09-30,sample,Consumer Discretionary,0.046587916423098
2025-09-30,sample,Consumer Staples,0.25
2025-09-30,sample,Energy,0.1289622534728974
2025-09-30,sample,Financials,0.0035745094687889057
2025-09-30,sample,Health Care,0.1939170606506682
2025-09-30,sample,Industrials,0.0021194725515306
2025-09-30,sample,Information Technology,0.15
2025-09-30,sample,Materials,2.677728710697508e-18
2025-09-30,sample,Real Estate,0.0100487464651953
2025-09-30,sample,Utilities,0.15
2025-10-31,equal_weight,Communication Services,0.0909090909090908
2025-10-31,equal_weight,Consumer Discretionary,0.0909090909090908
2025-10-31,equal_weight,Consumer Staples,0.0909090909090908
2025-10-31,equal_weight,Energy,0.0909090909090908
2025-10-31,equal_weight,Financials,0.0909090909090908
2025-10-31,equal_weight,Health Care,0.0909090909090908
2025-10-31,equal_weight,Industrials,0.0909090909090908
2025-10-31,equal_weight,Information Technology,0.0909090909090908
2025-10-31,equal_weight,Materials,0.0909090909090908
2025-10-31,equal_weight,Real Estate,0.0909090909090908
2025-10-31,equal_weight,Utilities,0.0909090909090908
2025-10-31,ewma,Communication Services,0.0033516757804956
2025-10-31,ewma,Consumer Discretionary,0.08821040782917319
2025-10-31,ewma,Consumer Staples,0.25
2025-10-31,ewma,Energy,0.0644935033747582
2025-10-31,ewma,Financials,0.0657112579949765
2025-10-31,ewma,Health Care,0.1281524987272389
2025-10-31,ewma,Industrials,0.0636514702674387
2025-10-31,ewma,Information Technology,0.144712397782075
2025-10-31,ewma,Materials,0.0329138500683627
2025-10-31,ewma,Real Estate,0.0088029381754807
2025-10-31,ewma,Utilities,0.15
2025-10-31,ledoit_wolf,Communication Services,0.06885702316390291
2025-10-31,ledoit_wolf,Consumer Discretionary,0.0489458628574665
2025-10-31,ledoit_wolf,Consumer Staples,0.25
2025-10-31,ledoit_wolf,Energy,0.12297556455415401
2025-10-31,ledoit_wolf,Financials,0.0126052646028718
2025-10-31,ledoit_wolf,Health Care,0.1863825191457098
2025-10-31,ledoit_wolf,Industrials,0.011723502332813501
2025-10-31,ledoit_wolf,Information Technology,0.13535814408390692
2025-10-31,ledoit_wolf,Materials,1.82652673058196e-18
2025-10-31,ledoit_wolf,Real Estate,0.0131521192591742
2025-10-31,ledoit_wolf,Utilities,0.15
2025-10-31,sample,Communication Services,0.0650033393721486
2025-10-31,sample,Consumer Discretionary,0.0486334819365754
2025-10-31,sample,Consumer Staples,0.25
2025-10-31,sample,Energy,0.1270340490350901
2025-10-31,sample,Financials,0.006247570864930507
2025-10-31,sample,Health Care,0.1917544244378624
2025-10-31,sample,Industrials,0.007182533635366301
2025-10-31,sample,Information Technology,0.15
2025-10-31,sample,Materials,1.2854999656238528e-17
2025-10-31,sample,Real Estate,0.0041446007180262
2025-10-31,sample,Utilities,0.15
2025-11-28,equal_weight,Communication Services,0.0909090909090908
2025-11-28,equal_weight,Consumer Discretionary,0.0909090909090908
2025-11-28,equal_weight,Consumer Staples,0.0909090909090908
2025-11-28,equal_weight,Energy,0.0909090909090908
2025-11-28,equal_weight,Financials,0.0909090909090908
2025-11-28,equal_weight,Health Care,0.0909090909090908
2025-11-28,equal_weight,Industrials,0.0909090909090908
2025-11-28,equal_weight,Information Technology,0.0909090909090908
2025-11-28,equal_weight,Materials,0.0909090909090908
2025-11-28,equal_weight,Real Estate,0.0909090909090908
2025-11-28,equal_weight,Utilities,0.0909090909090908
2025-11-28,ewma,Communication Services,0.053593383746012704
2025-11-28,ewma,Consumer Discretionary,0.012845180138287015
2025-11-28,ewma,Consumer Staples,0.24850922484270632
2025-11-28,ewma,Energy,0.2063662780228035
2025-11-28,ewma,Financials,0.048566657245912706
2025-11-28,ewma,Health Care,0.15
2025-11-28,ewma,Industrials,0.050529844168867605
2025-11-28,ewma,Information Technology,0.0625118733440069
2025-11-28,ewma,Materials,7.072890223835238e-19
2025-11-28,ewma,Real Estate,2.3018540846901683e-18
2025-11-28,ewma,Utilities,0.1670775584914029
2025-11-28,ledoit_wolf,Communication Services,0.0683631469677876
2025-11-28,ledoit_wolf,Consumer Discretionary,0.048971613518427104
2025-11-28,ledoit_wolf,Consumer Staples,0.2499999999999999
2025-11-28,ledoit_wolf,Energy,0.12134096116443549
2025-11-28,ledoit_wolf,Financials,0.0146929050988098
2025-11-28,ledoit_wolf,Health Care,0.1770818580035315
2025-11-28,ledoit_wolf,Industrials,0.014212546919804801
2025-11-28,ledoit_wolf,Information Technology,0.1345647737799886
2025-11-28,ledoit_wolf,Materials,0.0
2025-11-28,ledoit_wolf,Real Estate,0.0207721945472143
2025-11-28,ledoit_wolf,Utilities,0.15
2025-11-28,sample,Communication Services,0.0640714087559245
2025-11-28,sample,Consumer Discretionary,0.0480509817716863
2025-11-28,sample,Consumer Staples,0.2499999999999999
2025-11-28,sample,Energy,0.1257027225350698
2025-11-28,sample,Financials,0.0079442070438325
2025-11-28,sample,Health Care,0.1879687613710612
2025-11-28,sample,Industrials,0.0062730733852172016
2025-11-28,sample,Information Technology,0.15
2025-11-28,sample,Materials,1.7973053855560512e-18
2025-11-28,sample,Real Estate,0.0099888451372081
2025-11-28,sample,Utilities,0.15
2025-12-31,equal_weight,Communication Services,0.0909090909090908
2025-12-31,equal_weight,Consumer Discretionary,0.0909090909090908
2025-12-31,equal_weight,Consumer Staples,0.0909090909090908
2025-12-31,equal_weight,Energy,0.0909090909090908
2025-12-31,equal_weight,Financials,0.0909090909090908
2025-12-31,equal_weight,Health Care,0.0909090909090908
2025-12-31,equal_weight,Industrials,0.0909090909090908
2025-12-31,equal_weight,Information Technology,0.0909090909090908
2025-12-31,equal_weight,Materials,0.0909090909090908
2025-12-31,equal_weight,Real Estate,0.0909090909090908
2025-12-31,equal_weight,Utilities,0.0909090909090908
2025-12-31,ewma,Communication Services,0.06506239197965161
2025-12-31,ewma,Consumer Discretionary,0.0
2025-12-31,ewma,Consumer Staples,0.25
2025-12-31,ewma,Energy,0.11879071676277281
2025-12-31,ewma,Financials,0.0286385792281338
2025-12-31,ewma,Health Care,0.0532951427775574
2025-12-31,ewma,Industrials,0.0719364056828552
2025-12-31,ewma,Information Technology,0.2499999999999999
2025-12-31,ewma,Materials,2.1876367596582382e-18
2025-12-31,ewma,Real Estate,0.041893409123823416
2025-12-31,ewma,Utilities,0.1203833544452053
2025-12-31,ledoit_wolf,Communication Services,0.0686396034334625
2025-12-31,ledoit_wolf,Consumer Discretionary,0.042960146574367905
2025-12-31,ledoit_wolf,Consumer Staples,0.24999999999999992
2025-12-31,ledoit_wolf,Energy,0.1195649966762133
2025-12-31,ledoit_wolf,Financials,0.0078596531237824
2025-12-31,ledoit_wolf,Health Care,0.1752990775180395
2025-12-31,ledoit_wolf,Industrials,0.024457107968397
2025-12-31,ledoit_wolf,Information Technology,0.1381979386843559
2025-12-31,ledoit_wolf,Materials,6.1750761652629875e-19
2025-12-31,ledoit_wolf,Real Estate,0.023021476021381
2025-12-31,ledoit_wolf,Utilities,0.15
2025-12-31,sample,Communication Services,0.0650542527452323
2025-12-31,sample,Consumer Discretionary,0.0424708732930503
2025-12-31,sample,Consumer Staples,0.25
2025-12-31,sample,Energy,0.1242692914618715
2025-12-31,sample,Financials,0.0015338746705537
2025-12-31,sample,Health Care,0.1877990678480288
2025-12-31,sample,Industrials,0.0152224685847757
2025-12-31,sample,Information Technology,0.1499999999999999
2025-12-31,sample,Materials,4.88021224505756e-18
2025-12-31,sample,Real Estate,0.013650171396487101
2025-12-31,sample,Utilities,0.15
2026-01-30,equal_weight,Communication Services,0.0909090909090908
2026-01-30,equal_weight,Consumer Discretionary,0.0909090909090908
2026-01-30,equal_weight,Consumer Staples,0.0909090909090908
2026-01-30,equal_weight,Energy,0.0909090909090908
2026-01-30,equal_weight,Financials,0.0909090909090908
2026-01-30,equal_weight,Health Care,0.0909090909090908
2026-01-30,equal_weight,Industrials,0.0909090909090908
2026-01-30,equal_weight,Information Technology,0.0909090909090908
2026-01-30,equal_weight,Materials,0.0909090909090908
2026-01-30,equal_weight,Real Estate,0.0909090909090908
2026-01-30,equal_weight,Utilities,0.0909090909090908
2026-01-30,ewma,Communication Services,0.0955171435445373
2026-01-30,ewma,Consumer Discretionary,4.300754601691756e-18
2026-01-30,ewma,Consumer Staples,0.1813283017875127
2026-01-30,ewma,Energy,0.0229212216752579
2026-01-30,ewma,Financials,0.1085750288070079
2026-01-30,ewma,Health Care,0.1994263788418082
2026-01-30,ewma,Industrials,0.02187291861985
2026-01-30,ewma,Information Technology,0.1171872175666933
2026-01-30,ewma,Materials,0.0002889038114066041
2026-01-30,ewma,Real Estate,0.1028828853459255
2026-01-30,ewma,Utilities,0.15
2026-01-30,ledoit_wolf,Communication Services,0.0762817913543574
2026-01-30,ledoit_wolf,Consumer Discretionary,0.03786762770469
2026-01-30,ledoit_wolf,Consumer Staples,0.25
2026-01-30,ledoit_wolf,Energy,0.1157708936076862
2026-01-30,ledoit_wolf,Financials,0.0151466724671438
2026-01-30,ledoit_wolf,Health Care,0.175864407507408
2026-01-30,ledoit_wolf,Industrials,0.0230687119169792
2026-01-30,ledoit_wolf,Information Technology,0.127774634451568
2026-01-30,ledoit_wolf,Materials,0.00047088167753720004
2026-01-30,ledoit_wolf,Real Estate,0.0277543793126297
2026-01-30,ledoit_wolf,Utilities,0.15
2026-01-30,sample,Communication Services,0.0726137039431463
2026-01-30,sample,Consumer Discretionary,0.0290428310615935
2026-01-30,sample,Consumer Staples,0.2499999999999999
2026-01-30,sample,Energy,0.1200705927693553
2026-01-30,sample,Financials,0.0103978362392605
2026-01-30,sample,Health Care,0.18790965738725648
2026-01-30,sample,Industrials,0.015252114460824613
2026-01-30,sample,Information Technology,0.1455611516874712
2026-01-30,sample,Materials,1.1932807206394249e-18
2026-01-30,sample,Real Estate,0.0191521124510916
2026-01-30,sample,Utilities,0.15
2026-02-27,equal_weight,Communication Services,0.0909090909090908
2026-02-27,equal_weight,Consumer Discretionary,0.0909090909090908
2026-02-27,equal_weight,Consumer Staples,0.0909090909090908
2026-02-27,equal_weight,Energy,0.0909090909090908
2026-02-27,equal_weight,Financials,0.0909090909090908
2026-02-27,equal_weight,Health Care,0.0909090909090908
2026-02-27,equal_weight,Industrials,0.0909090909090908
2026-02-27,equal_weight,Information Technology,0.0909090909090908
2026-02-27,equal_weight,Materials,0.0909090909090908
2026-02-27,equal_weight,Real Estate,0.0909090909090908
2026-02-27,equal_weight,Utilities,0.0909090909090908
2026-02-27,ewma,Communication Services,0.0872058424049938
2026-02-27,ewma,Consumer Discretionary,0.010510473672404309
2026-02-27,ewma,Consumer Staples,0.23311943203973678
2026-02-27,ewma,Energy,0.0368490958695112
2026-02-27,ewma,Financials,0.0859682571916855
2026-02-27,ewma,Health Care,0.17975430918692079
2026-02-27,ewma,Industrials,2.14299335655338e-19
2026-02-27,ewma,Information Technology,0.1368335249790156
2026-02-27,ewma,Materials,0.0089580673493481
2026-02-27,ewma,Real Estate,0.0708009973063831
2026-02-27,ewma,Utilities,0.15
2026-02-27,ledoit_wolf,Communication Services,0.0849041828260213
2026-02-27,ledoit_wolf,Consumer Discretionary,0.0382885946583041
2026-02-27,ledoit_wolf,Consumer Staples,0.2499999999999999
2026-02-27,ledoit_wolf,Energy,0.1066116354230284
2026-02-27,ledoit_wolf,Financials,0.018655097195084798
2026-02-27,ledoit_wolf,Health Care,0.1740689740916643
2026-02-27,ledoit_wolf,Industrials,0.0232701658019214
2026-02-27,ledoit_wolf,Information Technology,0.1276561421777938
2026-02-27,ledoit_wolf,Materials,3.4513528415808912e-18
2026-02-27,ledoit_wolf,Real Estate,0.026545207826181205
2026-02-27,ledoit_wolf,Utilities,0.15
2026-02-27,sample,Communication Services,0.0813935768510212
2026-02-27,sample,Consumer Discretionary,0.0320871167587404
2026-02-27,sample,Consumer Staples,0.25
2026-02-27,sample,Energy,0.1091547561148865
2026-02-27,sample,Financials,0.0128251714409943
2026-02-27,sample,Health Care,0.1848754742511742
2026-02-27,sample,Industrials,0.015953806148646
2026-02-27,sample,Information Technology,0.1447924278804263
2026-02-27,sample,Materials,0.0
2026-02-27,sample,Real Estate,0.018917670554110505
2026-02-27,sample,Utilities,0.15
2026-03-31,equal_weight,Communication Services,0.0909090909090908
2026-03-31,equal_weight,Consumer Discretionary,0.0909090909090908
2026-03-31,equal_weight,Consumer Staples,0.0909090909090908
2026-03-31,equal_weight,Energy,0.0909090909090908
2026-03-31,equal_weight,Financials,0.0909090909090908
2026-03-31,equal_weight,Health Care,0.0909090909090908
2026-03-31,equal_weight,Industrials,0.0909090909090908
2026-03-31,equal_weight,Information Technology,0.0909090909090908
2026-03-31,equal_weight,Materials,0.0909090909090908
2026-03-31,equal_weight,Real Estate,0.0909090909090908
2026-03-31,equal_weight,Utilities,0.0909090909090908
2026-03-31,ewma,Communication Services,0.018050177313181506
2026-03-31,ewma,Consumer Discretionary,0.0
2026-03-31,ewma,Consumer Staples,0.1135893740149989
2026-03-31,ewma,Energy,0.2399465537023974
2026-03-31,ewma,Financials,0.15
2026-03-31,ewma,Health Care,0.1668503816474694
2026-03-31,ewma,Industrials,1.3666664845711324e-17
2026-03-31,ewma,Information Technology,0.0864879258688399
2026-03-31,ewma,Materials,0.0323469258296897
2026-03-31,ewma,Real Estate,0.0438941683386605
2026-03-31,ewma,Utilities,0.1488344932847624
2026-03-31,ledoit_wolf,Communication Services,0.0798636601185011
2026-03-31,ledoit_wolf,Consumer Discretionary,0.0288402656586774
2026-03-31,ledoit_wolf,Consumer Staples,0.25
2026-03-31,ledoit_wolf,Energy,0.12520339118088242
2026-03-31,ledoit_wolf,Financials,0.0178431749711831
2026-03-31,ledoit_wolf,Health Care,0.1740364417152126
2026-03-31,ledoit_wolf,Industrials,0.0152203290915582
2026-03-31,ledoit_wolf,Information Technology,0.1367755233274232
2026-03-31,ledoit_wolf,Materials,5.5539001668730505e-19
2026-03-31,ledoit_wolf,Real Estate,0.0222172139365614
2026-03-31,ledoit_wolf,Utilities,0.15
2026-03-31,sample,Communication Services,0.0770180947066773
2026-03-31,sample,Consumer Discretionary,0.023096795067381
2026-03-31,sample,Consumer Staples,0.25
2026-03-31,sample,Energy,0.1282051707602532
2026-03-31,sample,Financials,0.015828681575181
2026-03-31,sample,Health Care,0.1842999513670747
2026-03-31,sample,Industrials,0.0063883045235925
2026-03-31,sample,Information Technology,0.15
2026-03-31,sample,Materials,0.0
2026-03-31,sample,Real Estate,0.0151630019998399
2026-03-31,sample,Utilities,0.15
2026-04-30,equal_weight,Communication Services,0.0909090909090908
2026-04-30,equal_weight,Consumer Discretionary,0.0909090909090908
2026-04-30,equal_weight,Consumer Staples,0.0909090909090908
2026-04-30,equal_weight,Energy,0.0909090909090908
2026-04-30,equal_weight,Financials,0.0909090909090908
2026-04-30,equal_weight,Health Care,0.0909090909090908
2026-04-30,equal_weight,Industrials,0.0909090909090908
2026-04-30,equal_weight,Information Technology,0.0909090909090908
2026-04-30,equal_weight,Materials,0.0909090909090908
2026-04-30,equal_weight,Real Estate,0.0909090909090908
2026-04-30,equal_weight,Utilities,0.0909090909090908
2026-04-30,ewma,Communication Services,0.0072763592943531005
2026-04-30,ewma,Consumer Discretionary,0.0248806545197372
2026-04-30,ewma,Consumer Staples,0.1053788242526947
2026-04-30,ewma,Energy,0.204009286546495
2026-04-30,ewma,Financials,0.1655036958761385
2026-04-30,ewma,Health Care,0.1043336986956178
2026-04-30,ewma,Industrials,6.976163353586419e-18
2026-04-30,ewma,Information Technology,0.1131696312018823
2026-04-30,ewma,Materials,0.157872376404594
2026-04-30,ewma,Real Estate,3.7980957354882835e-18
2026-04-30,ewma,Utilities,0.1175754732084867
2026-04-30,ledoit_wolf,Communication Services,0.0787742631763072
2026-04-30,ledoit_wolf,Consumer Discretionary,0.027338276481205
2026-04-30,ledoit_wolf,Consumer Staples,0.24700886430852947
2026-04-30,ledoit_wolf,Energy,0.1249882302415124
2026-04-30,ledoit_wolf,Financials,0.0355427577811806
2026-04-30,ledoit_wolf,Health Care,0.1749572318614778
2026-04-30,ledoit_wolf,Industrials,0.0038813802361799
2026-04-30,ledoit_wolf,Information Technology,0.1361716311474468
2026-04-30,ledoit_wolf,Materials,8.446644244287907e-20
2026-04-30,ledoit_wolf,Real Estate,0.0213373647661602
2026-04-30,ledoit_wolf,Utilities,0.15
2026-04-30,sample,Communication Services,0.0768182854971587
2026-04-30,sample,Consumer Discretionary,0.018627238670669
2026-04-30,sample,Consumer Staples,0.25
2026-04-30,sample,Energy,0.1260987398804262
2026-04-30,sample,Financials,0.030843318433728898
2026-04-30,sample,Health Care,0.1824087231085717
2026-04-30,sample,Industrials,0.0017194473789085018
2026-04-30,sample,Information Technology,0.15
2026-04-30,sample,Materials,5.13430916446112e-18
2026-04-30,sample,Real Estate,0.013484247030536401
2026-04-30,sample,Utilities,0.15
2026-05-29,equal_weight,Communication Services,0.0909090909090908
2026-05-29,equal_weight,Consumer Discretionary,0.0909090909090908
2026-05-29,equal_weight,Consumer Staples,0.0909090909090908
2026-05-29,equal_weight,Energy,0.0909090909090908
2026-05-29,equal_weight,Financials,0.0909090909090908
2026-05-29,equal_weight,Health Care,0.0909090909090908
2026-05-29,equal_weight,Industrials,0.0909090909090908
2026-05-29,equal_weight,Information Technology,0.0909090909090908
2026-05-29,equal_weight,Materials,0.0909090909090908
2026-05-29,equal_weight,Real Estate,0.0909090909090908
2026-05-29,equal_weight,Utilities,0.0909090909090908
2026-05-29,ewma,Communication Services,0.1102682402191308
2026-05-29,ewma,Consumer Discretionary,0.0328316224314193
2026-05-29,ewma,Consumer Staples,0.0679695493203002
2026-05-29,ewma,Energy,0.1103068359286282
2026-05-29,ewma,Financials,0.0340072775734556
2026-05-29,ewma,Health Care,0.0229260689619259
2026-05-29,ewma,Industrials,0.0496733791569953
2026-05-29,ewma,Information Technology,0.24068388268584517
2026-05-29,ewma,Materials,0.1663829003616662
2026-05-29,ewma,Real Estate,0.0103490129971699
2026-05-29,ewma,Utilities,0.1546012303634629
2026-05-29,ledoit_wolf,Communication Services,0.0781160869981322
2026-05-29,ledoit_wolf,Consumer Discretionary,0.0262036466670477
2026-05-29,ledoit_wolf,Consumer Staples,0.23482868592468548
2026-05-29,ledoit_wolf,Energy,0.11648258266423159
2026-05-29,ledoit_wolf,Financials,0.0339887686233293
2026-05-29,ledoit_wolf,Health Care,0.17635394987751912
2026-05-29,ledoit_wolf,Industrials,0.008557763053443
2026-05-29,ledoit_wolf,Information Technology,0.1426213611103476
2026-05-29,ledoit_wolf,Materials,1.4373317633441973e-19
2026-05-29,ledoit_wolf,Real Estate,0.0328471550812635
2026-05-29,ledoit_wolf,Utilities,0.15
2026-05-29,sample,Communication Services,0.07738625186450959
2026-05-29,sample,Consumer Discretionary,0.0197226101777169
2026-05-29,sample,Consumer Staples,0.2409032401997807
2026-05-29,sample,Energy,0.1158343890655365
2026-05-29,sample,Financials,0.029952133789440002
2026-05-29,sample,Health Care,0.18246551043416429
2026-05-29,sample,Industrials,0.0073062993393652
2026-05-29,sample,Information Technology,0.15
2026-05-29,sample,Materials,0.0
2026-05-29,sample,Real Estate,0.026429565129486406
2026-05-29,sample,Utilities,0.15
2026-06-30,equal_weight,Communication Services,0.0909090909090908
2026-06-30,equal_weight,Consumer Discretionary,0.0909090909090908
2026-06-30,equal_weight,Consumer Staples,0.0909090909090908
2026-06-30,equal_weight,Energy,0.0909090909090908
2026-06-30,equal_weight,Financials,0.0909090909090908
2026-06-30,equal_weight,Health Care,0.0909090909090908
2026-06-30,equal_weight,Industrials,0.0909090909090908
2026-06-30,equal_weight,Information Technology,0.0909090909090908
2026-06-30,equal_weight,Materials,0.0909090909090908
2026-06-30,equal_weight,Real Estate,0.0909090909090908
2026-06-30,equal_weight,Utilities,0.0909090909090908
2026-06-30,ewma,Communication Services,0.0304930093777117
2026-06-30,ewma,Consumer Discretionary,0.0488374896350385
2026-06-30,ewma,Consumer Staples,0.2346647399653543
2026-06-30,ewma,Energy,0.2063534327508775
2026-06-30,ewma,Financials,0.1058195802353124
2026-06-30,ewma,Health Care,5.4612449274221014e-18
2026-06-30,ewma,Industrials,0.1208874195629381
2026-06-30,ewma,Information Technology,0.1595647562909338
2026-06-30,ewma,Materials,0.0391678694167843
2026-06-30,ewma,Real Estate,0.0
2026-06-30,ewma,Utilities,0.0542117027650485
2026-06-30,ledoit_wolf,Communication Services,0.0759045620889395
2026-06-30,ledoit_wolf,Consumer Discretionary,0.0188065714685915
2026-06-30,ledoit_wolf,Consumer Staples,0.2394408324776445
2026-06-30,ledoit_wolf,Energy,0.12566894838466902
2026-06-30,ledoit_wolf,Financials,0.0327810094384586
2026-06-30,ledoit_wolf,Health Care,0.162489720949925
2026-06-30,ledoit_wolf,Industrials,0.0317431436759656
2026-06-30,ledoit_wolf,Information Technology,0.1336005901272144
2026-06-30,ledoit_wolf,Materials,0.0038377159300468
2026-06-30,ledoit_wolf,Real Estate,0.025726905458544603
2026-06-30,ledoit_wolf,Utilities,0.15
2026-06-30,sample,Communication Services,0.0729363456575589
2026-06-30,sample,Consumer Discretionary,0.0074100028600734
2026-06-30,sample,Consumer Staples,0.243825317107079
2026-06-30,sample,Energy,0.1229729765765187
2026-06-30,sample,Financials,0.027559420716063505
2026-06-30,sample,Health Care,0.1769256911058352
2026-06-30,sample,Industrials,0.0338127736467048
2026-06-30,sample,Information Technology,0.1491868042336758
2026-06-30,sample,Materials,3.355710038612082e-18
2026-06-30,sample,Real Estate,0.01537066809649
2026-06-30,sample,Utilities,0.1499999999999999
2026-07-31,equal_weight,Communication Services,0.0909090909090908
2026-07-31,equal_weight,Consumer Discretionary,0.0909090909090908
2026-07-31,equal_weight,Consumer Staples,0.0909090909090908
2026-07-31,equal_weight,Energy,0.0909090909090908
2026-07-31,equal_weight,Financials,0.0909090909090908
2026-07-31,equal_weight,Health Care,0.0909090909090908
2026-07-31,equal_weight,Industrials,0.0909090909090908
2026-07-31,equal_weight,Information Technology,0.0909090909090908
2026-07-31,equal_weight,Materials,0.0909090909090908
2026-07-31,equal_weight,Real Estate,0.0909090909090908
2026-07-31,equal_weight,Utilities,0.0909090909090908
2026-07-31,ewma,Communication Services,0.1087958048236122
2026-07-31,ewma,Consumer Discretionary,3.7269449679189215e-20
2026-07-31,ewma,Consumer Staples,0.1072833203221696
2026-07-31,ewma,Energy,0.1984436039007568
2026-07-31,ewma,Financials,0.0421624639717848
2026-07-31,ewma,Health Care,0.0284358452336256
2026-07-31,ewma,Industrials,0.2341675509111113
2026-07-31,ewma,Information Technology,0.12322527454634441
2026-07-31,ewma,Materials,0.0105869880679428
2026-07-31,ewma,Real Estate,0.1104677030928266
2026-07-31,ewma,Utilities,0.0364314451298253
2026-07-31,ledoit_wolf,Communication Services,0.0869476275648899
2026-07-31,ledoit_wolf,Consumer Discretionary,0.0097832381976486
2026-07-31,ledoit_wolf,Consumer Staples,0.2267587539480982
2026-07-31,ledoit_wolf,Energy,0.1256648270320036
2026-07-31,ledoit_wolf,Financials,0.0360582183575876
2026-07-31,ledoit_wolf,Health Care,0.1636701885299635
2026-07-31,ledoit_wolf,Industrials,0.0459249576445837
2026-07-31,ledoit_wolf,Information Technology,0.1176420945392372
2026-07-31,ledoit_wolf,Materials,0.0036263607260274998
2026-07-31,ledoit_wolf,Real Estate,0.0339237334599597
2026-07-31,ledoit_wolf,Utilities,0.15
2026-07-31,sample,Communication Services,0.08740922287424399
2026-07-31,sample,Consumer Discretionary,1.6303810117187878e-18
2026-07-31,sample,Consumer Staples,0.22976376786315578
2026-07-31,sample,Energy,0.1201152916170479
2026-07-31,sample,Financials,0.02950744006124521
2026-07-31,sample,Health Care,0.17986068705364022
2026-07-31,sample,Industrials,0.0488997397792161
2026-07-31,sample,Information Technology,0.1284552838369546
2026-07-31,sample,Materials,0.0
2026-07-31,sample,Real Estate,0.0259885669144956
2026-07-31,sample,Utilities,0.15
