date,model,portfolio_return
2015-02-02,sample,0.007788204788709361
2015-02-03,sample,0.008743869370341838
2015-02-04,sample,-0.0036181852460255358
2015-02-05,sample,0.008138310150605368
2015-02-06,sample,-0.016002641911250115
2015-02-09,sample,-0.003354659406219746
2015-02-10,sample,0.011803893145953415
2015-02-11,sample,-0.0026170677893371875
2015-02-12,sample,0.002011088433535805
2015-02-13,sample,0.0005721897380792144
2015-02-17,sample,-0.0018283672965744642
2015-02-18,sample,0.003847901087331252
2015-02-19,sample,-0.007006279334588956
2015-02-20,sample,0.003890012536644053
2015-02-23,sample,0.004762413547035893
2015-02-24,sample,0.004305965772179309
2015-02-25,sample,-0.0030888456776183427
2015-02-26,sample,0.0021251787685267393
2015-02-27,sample,-0.0005430460853314007
2015-02-02,ewma,0.007785505805598562
2015-02-03,ewma,0.0019205393763047389
2015-02-04,ewma,-0.0028059615378931324
2015-02-05,ewma,0.010314197116496015
2015-02-06,ewma,-0.02220123580416621
2015-02-09,ewma,-0.0023485126030656387
2015-02-10,ewma,0.012277427762117769
2015-02-11,ewma,-0.0053793748440509595
2015-02-12,ewma,0.001179792567057744
2015-02-13,ewma,-0.00459226261558309
2015-02-17,ewma,-0.004880433372719086
2015-02-18,ewma,0.007839097590925222
2015-02-19,ewma,-0.00749813411531388
2015-02-20,ewma,0.0044707797884807055
2015-02-23,ewma,0.005339521787741309
2015-02-24,ewma,-0.004029882369288671
2015-02-25,ewma,0.0016600442699587614
2015-02-26,ewma,0.0013567452928750908
2015-02-27,ewma,0.0016649216063205504
2015-02-02,ledoit_wolf,0.007953233577087666
2015-02-03,ledoit_wolf,0.008908807798950836
2015-02-04,ledoit_wolf,-0.0036105041250243716
2015-02-05,ledoit_wolf,0.008137176063916975
2015-02-06,ledoit_wolf,-0.015909291940111925
2015-02-09,ledoit_wolf,-0.003053538872079044
2015-02-10,ledoit_wolf,0.01193635802723906
2015-02-11,ledoit_wolf,-0.002704584448877827
2015-02-12,ledoit_wolf,0.0023487504496201316
2015-02-13,ledoit_wolf,0.000557976573618728
2015-02-17,ledoit_wolf,-0.0019550037745316813
2015-02-18,ledoit_wolf,0.003972575488886311
2015-02-19,ledoit_wolf,-0.0072591721384444065
2015-02-20,ledoit_wolf,0.0039815062700893295
2015-02-23,ledoit_wolf,0.004823969779115325
2015-02-24,ledoit_wolf,0.004289409129711008
2015-02-25,ledoit_wolf,-0.002907772505297781
2015-02-26,ledoit_wolf,0.0016953379502829611
2015-02-27,ledoit_wolf,-0.0005556472768746686
2015-02-02,equal_weight,0.010505390438021265
2015-02-03,equal_weight,0.011188595381377162
2015-02-04,equal_weight,-0.003764769465552791
2015-02-05,equal_weight,0.010572936377490568
2015-02-06,equal_weight,-0.008866229288151603
2015-02-09,equal_weight,-0.0020949333081580666
2015-02-10,equal_weight,0.008956282168218758
2015-02-11,equal_weight,-0.0014249428730269782
2015-02-12,equal_weight,0.007781759527621659
2015-02-13,equal_weight,0.002037793807369593
2015-02-17,equal_weight,-0.0020679026995058334
2015-02-18,equal_weight,0.0004953577598167748
2015-02-19,equal_weight,-0.0038025953280661005
2015-02-20,equal_weight,0.008287395027380016
2015-02-23,equal_weight,0.0009798772137227867
2015-02-24,equal_weight,0.002052877414228808
2015-02-25,equal_weight,0.002603424566169466
2015-02-26,equal_weight,-0.0009347411494587973
2015-02-27,equal_weight,-0.0031556128554148305
2015-03-02,sample,-0.0009138266705042179
2015-03-03,sample,-0.0024528453659001127
2015-03-04,sample,-0.007043597377811551
2015-03-05,sample,0.001960167829416842
2015-03-06,sample,-0.021855973155085973
2015-03-09,sample,0.000588660216665514
2015-03-10,sample,-0.014625897923974366
2015-03-11,sample,-0.004982401652597083
2015-03-12,sample,0.013628417369847634
2015-03-13,sample,-0.007520981686468266
2015-03-16,sample,0.014352391214763153
2015-03-17,sample,-0.0044001835388816374
2015-03-18,sample,0.014869107262648548
2015-03-19,sample,-0.007159821926512837
2015-03-20,sample,0.008218328839785813
2015-03-23,sample,0.0021965046855932525
2015-03-24,sample,-0.0065783667130580765
2015-03-25,sample,-0.012641510841548494
2015-03-26,sample,-0.0052442258760511205
2015-03-27,sample,0.0010237592617278917
2015-03-30,sample,0.01225517811224753
2015-03-31,sample,-0.006598787787632675
2015-03-02,ewma,0.002800392568523713
2015-03-03,ewma,-0.002972180262242444
2015-03-04,ewma,-0.00578599094289651
2015-03-05,ewma,0.002554099156339101
2015-03-06,ewma,-0.023032307239517553
2015-03-09,ewma,-0.0017779286693773875
2015-03-10,ewma,-0.016505397824338713
2015-03-11,ewma,-0.0034690406144034236
2015-03-12,ewma,0.014394513463544985
2015-03-13,ewma,-0.007607921860409437
2015-03-16,ewma,0.012677984737051345
2015-03-17,ewma,-0.0015024313434973987
2015-03-18,ewma,0.014307534124186892
2015-03-19,ewma,-0.0029585442171157373
2015-03-20,ewma,0.009138463511821663
2015-03-23,ewma,0.004224745606355993
2015-03-24,ewma,-0.003957528430482265
2015-03-25,ewma,-0.013559720751884639
2015-03-26,ewma,-0.005494808811638158
2015-03-27,ewma,-0.0017490683175325427
2015-03-30,ewma,0.011770580001128907
2015-03-31,ewma,-0.008109508387765885
2015-03-02,ledoit_wolf,-0.0009947784814049957
2015-03-03,ledoit_wolf,-0.002490042746620705
2015-03-04,ledoit_wolf,-0.006863662446186488
2015-03-05,ledoit_wolf,0.002021983746178043
2015-03-06,ledoit_wolf,-0.021796051602138086
2015-03-09,ledoit_wolf,0.0008331151503099888
2015-03-10,ledoit_wolf,-0.014724442942240883
2015-03-11,ledoit_wolf,-0.004566027570416398
2015-03-12,ledoit_wolf,0.0133640591945484
2015-03-13,ledoit_wolf,-0.007606989524489009
2015-03-16,ledoit_wolf,0.014345070329510616
2015-03-17,ledoit_wolf,-0.004173130194419412
2015-03-18,ledoit_wolf,0.015116133939187471
2015-03-19,ledoit_wolf,-0.007259458989121207
2015-03-20,ledoit_wolf,0.008732686544111416
2015-03-23,ledoit_wolf,0.0016132881445462797
2015-03-24,ledoit_wolf,-0.006548474773152006
2015-03-25,ledoit_wolf,-0.012498247686966509
2015-03-26,ledoit_wolf,-0.005222552019362281
2015-03-27,ledoit_wolf,0.0011239974991473563
2015-03-30,ledoit_wolf,0.01220744269100678
2015-03-31,ledoit_wolf,-0.006875209102526947
2015-03-02,equal_weight,0.0023836718809642624
2015-03-03,equal_weight,-0.00429435643763536
2015-03-04,equal_weight,-0.004406214825400792
2015-03-05,equal_weight,0.0029603085806215014
2015-03-06,equal_weight,-0.01991415800815715
2015-03-09,equal_weight,0.0015935475218644133
2015-03-10,equal_weight,-0.017202189766105797
2015-03-11,equal_weight,-0.00039550602096268895
2015-03-12,equal_weight,0.011356704359766866
2015-03-13,equal_weight,-0.006496555074654364
2015-03-16,equal_weight,0.012123595311859399
2015-03-17,equal_weight,-0.0026854555895823896
2015-03-18,equal_weight,0.016189220718481008
2015-03-19,equal_weight,-0.006546251931985797
2015-03-20,equal_weight,0.009340404320976797
2015-03-23,equal_weight,-0.002132612944647375
2015-03-24,equal_weight,-0.004542226320468672
2015-03-25,equal_weight,-0.013625210164438954
2015-03-26,equal_weight,-0.005291607406001696
2015-03-27,equal_weight,0.0012443762670022928
2015-03-30,equal_weight,0.012558945664703
2015-03-31,equal_weight,-0.010487055856440528
2015-04-01,sample,4.372184217065053e-05
2015-04-02,sample,0.0016914326580937111
2015-04-06,sample,0.00901734976939297
2015-04-07,sample,-0.0033777568849382303
2015-04-08,sample,-0.0018499842230154011
2015-04-09,sample,0.002632826017152298
2015-04-10,sample,0.0054769975707448255
2015-04-13,sample,-0.004046111910848409
2015-04-14,sample,0.001674622126128854
2015-04-15,sample,0.0037219371205896626
2015-04-16,sample,-0.001455257500895314
2015-04-17,sample,-0.007923031737707264
2015-04-20,sample,0.009594968799264685
2015-04-21,sample,-0.0018074397695833
2015-04-22,sample,0.003929861813587532
2015-04-23,sample,0.001154535822801527
2015-04-24,sample,0.006194947282539061
2015-04-27,sample,-0.0029070191521751417
2015-04-28,sample,0.0019099517951827799
2015-04-29,sample,-0.00637539500185872
2015-04-30,sample,-0.009528524390055568
2015-04-01,ewma,-0.00201968325042795
2015-04-02,ewma,0.0005436447680662729
2015-04-06,ewma,0.009177159041310754
2015-04-07,ewma,-0.0025414085971599415
2015-04-08,ewma,-0.0014585212524738584
2015-04-09,ewma,0.002435667038035586
2015-04-10,ewma,0.0028673115119782887
2015-04-13,ewma,-0.00020785150540894917
2015-04-14,ewma,0.002926716806905723
2015-04-15,ewma,6.11810502242913e-05
2015-04-16,ewma,-0.000471307168782443
2015-04-17,ewma,-0.011220579052254103
2015-04-20,ewma,0.012442005402923556
2015-04-21,ewma,-0.0006807991296866767
2015-04-22,ewma,0.008150179038929874
2015-04-23,ewma,-0.005241440484008618
2015-04-24,ewma,0.0038571351266393594
2015-04-27,ewma,-0.0032957455913189956
2015-04-28,ewma,0.001315637424886019
2015-04-29,ewma,-0.0006860847565236181
2015-04-30,ewma,-0.012149529434733406
2015-04-01,ledoit_wolf,0.00037211965037758747
2015-04-02,ledoit_wolf,0.0017753859799001827
2015-04-06,ledoit_wolf,0.009268065011786236
2015-04-07,ledoit_wolf,-0.003532031145877475
2015-04-08,ledoit_wolf,-0.0016581733696725447
2015-04-09,ledoit_wolf,0.0022918912427541864
2015-04-10,ledoit_wolf,0.00526192990105579
2015-04-13,ledoit_wolf,-0.003926446280624059
2015-04-14,ledoit_wolf,0.0018031721553315927
2015-04-15,ledoit_wolf,0.0035198534598157036
2015-04-16,ledoit_wolf,-0.0010063120457126631
2015-04-17,ledoit_wolf,-0.00812647441730012
2015-04-20,ledoit_wolf,0.009711890186698616
2015-04-21,ledoit_wolf,-0.001860428731917154
2015-04-22,ledoit_wolf,0.0037070404097560663
2015-04-23,ledoit_wolf,0.001274614550512481
2015-04-24,ledoit_wolf,0.006234137858582252
2015-04-27,ledoit_wolf,-0.0031716463149065797
2015-04-28,ledoit_wolf,0.002080671329374202
2015-04-29,ledoit_wolf,-0.006542833350245023
2015-04-30,ledoit_wolf,-0.009507505905435056
2015-04-01,equal_weight,0.00015248978690814272
2015-04-02,equal_weight,0.0013591763034715026
2015-04-06,equal_weight,0.00914977612881712
2015-04-07,equal_weight,-0.003706107120737277
2015-04-08,equal_weight,0.0003690944955886243
2015-04-09,equal_weight,0.0016525445374230927
2015-04-10,equal_weight,0.004613524385810685
2015-04-13,equal_weight,-0.0027630250300868034
2015-04-14,equal_weight,0.003978929819551506
2015-04-15,equal_weight,0.003678621054793105
2015-04-16,equal_weight,0.0018845373465844013
2015-04-17,equal_weight,-0.010680776726046448
2015-04-20,equal_weight,0.011822805740258988
2015-04-21,equal_weight,-0.002941500434560811
2015-04-22,equal_weight,0.0027830623641660183
2015-04-23,equal_weight,0.000625824374570427
2015-04-24,equal_weight,0.01517075761973236
2015-04-27,equal_weight,-0.0022790919980203253
2015-04-28,equal_weight,0.003487448596382683
2015-04-29,equal_weight,-0.00506764675721213
2015-04-30,equal_weight,-0.012253656795831966
2015-05-01,sample,0.011207177883031811
2015-05-04,sample,0.002055675942819426
2015-05-05,sample,-0.011637963416327106
2015-05-06,sample,-0.0021757309361960806
2015-05-07,sample,0.003242144819331289
2015-05-08,sample,0.012371740687518631
2015-05-11,sample,-0.00635975204249333
2015-05-12,sample,-0.0025420884382180795
2015-05-13,sample,-0.0013279028782733444
2015-05-14,sample,0.011809739438862285
2015-05-15,sample,0.00423317126608752
2015-05-18,sample,0.0014301581097251894
2015-05-19,sample,0.0002658487855631571
2015-05-20,sample,0.0005669749457909872
2015-05-21,sample,-0.0014670637564421535
2015-05-22,sample,-0.0022301359599847825
2015-05-26,sample,-0.009984807241727027
2015-05-27,sample,0.006874453308107572
2015-05-28,sample,-0.00046232854311149303
2015-05-29,sample,-0.007402711647708333
2015-05-01,ewma,0.007959211631326643
2015-05-04,ewma,0.004266388485620181
2015-05-05,ewma,-0.008771065740114284
2015-05-06,ewma,-0.0018536999716627037
2015-05-07,ewma,0.0013608872898009912
2015-05-08,ewma,0.011676748755907542
2015-05-11,ewma,-0.005243369575826699
2015-05-12,ewma,-0.0022256558163015823
2015-05-13,ewma,0.0009643116157957753
2015-05-14,ewma,0.010619581728207794
2015-05-15,ewma,0.002399131301790401
2015-05-18,ewma,0.001075773949771424
2015-05-19,ewma,0.002124311695051942
2015-05-20,ewma,-0.0003825411299717527
2015-05-21,ewma,-0.0033642534114109654
2015-05-22,ewma,-0.0027673792451645743
2015-05-26,ewma,-0.009046848724903422
2015-05-27,ewma,0.006293872231314468
2015-05-28,ewma,-0.0007097053835673302
2015-05-29,ewma,-0.008078952638949213
2015-05-01,ledoit_wolf,0.010468885391377795
2015-05-04,ledoit_wolf,0.0019818621115724427
2015-05-05,ledoit_wolf,-0.01174295608236411
2015-05-06,ledoit_wolf,-0.0020428666298841092
2015-05-07,ledoit_wolf,0.0034045798487414448
2015-05-08,ledoit_wolf,0.012131935054649462
2015-05-11,ledoit_wolf,-0.006282035743933646
2015-05-12,ledoit_wolf,-0.0024859517306775585
2015-05-13,ledoit_wolf,-0.0012301709182954632
2015-05-14,ledoit_wolf,0.011904928049071173
2015-05-15,ledoit_wolf,0.004332461061630894
2015-05-18,ledoit_wolf,0.0011045296018625762
2015-05-19,ledoit_wolf,-0.00020913627151924628
2015-05-20,ledoit_wolf,0.0006383445112575518
2015-05-21,ledoit_wolf,-0.0013861269754071766
2015-05-22,ledoit_wolf,-0.0020870083265525407
2015-05-26,ledoit_wolf,-0.010011262742723768
2015-05-27,ledoit_wolf,0.006965287280518144
2015-05-28,ledoit_wolf,-0.0004810646205066425
2015-05-29,ledoit_wolf,-0.007370874625675842
2015-05-01,equal_weight,0.00789960240403308
2015-05-04,equal_weight,0.0026633238682102073
2015-05-05,equal_weight,-0.01208579553678898
2015-05-06,equal_weight,-0.0027277356689267636
2015-05-07,equal_weight,0.0054488426580333905
2015-05-08,equal_weight,0.01177381889033849
2015-05-11,equal_weight,-0.005311830029273068
2015-05-12,equal_weight,-0.002852282949992672
2015-05-13,equal_weight,-0.0005616503074647817
2015-05-14,equal_weight,0.012171890459075112
2015-05-15,equal_weight,0.0027664839115918143
2015-05-18,equal_weight,0.00041512722651515304
2015-05-19,equal_weight,-0.001359806708021064
2015-05-20,equal_weight,0.0008573485123422863
2015-05-21,equal_weight,0.0005138463979849107
2015-05-22,equal_weight,-0.0032792254042402756
2015-05-26,equal_weight,-0.010227759397383109
2015-05-27,equal_weight,0.008906342525944803
2015-05-28,equal_weight,-0.0017112326258085404
2015-05-29,equal_weight,-0.007271295323744518
2015-06-01,sample,0.0021645924217076513
2015-06-02,sample,-0.0020504452339306593
2015-06-03,sample,-0.0018394789022803232
2015-06-04,sample,-0.004652059533892446
2015-06-05,sample,-0.0081926225604631
2015-06-08,sample,-0.0023097507571576705
2015-06-09,sample,-0.0006047731098138154
2015-06-10,sample,0.0064918582611196195
2015-06-11,sample,0.0016731931192939572
2015-06-12,sample,-0.006758572199249344
2015-06-15,sample,-0.004578550115248556
2015-06-16,sample,0.007258251767092275
2015-06-17,sample,0.004281282165820127
2015-06-18,sample,0.012048228552469408
2015-06-19,sample,-0.006878254942539279
2015-06-22,sample,0.0015680118061084445
2015-06-23,sample,-0.0033736210691865786
2015-06-24,sample,-0.005397385848789441
2015-06-25,sample,-0.00390625316692433
2015-06-26,sample,0.0003352923340158359
2015-06-29,sample,-0.014778295624421968
2015-06-30,sample,9.979518068437443e-05
2015-06-01,ewma,0.0015835033583611624
2015-06-02,ewma,-0.0008869547416400605
2015-06-03,ewma,-0.0013005434104628115
2015-06-04,ewma,-0.004775250109103143
2015-06-05,ewma,-0.003251304548745477
2015-06-08,ewma,-0.0038845363558745387
2015-06-09,ewma,0.0007423688025325129
2015-06-10,ewma,0.00674111069037423
2015-06-11,ewma,0.0006666455434885005
2015-06-12,ewma,-0.005856256275489273
2015-06-15,ewma,-0.0041991237386909365
2015-06-16,ewma,0.006475602013593179
2015-06-17,ewma,0.0029769001969269853
2015-06-18,ewma,0.009939972073715563
2015-06-19,ewma,-0.008671903719054285
2015-06-22,ewma,0.0034427476331524366
2015-06-23,ewma,-0.0022954885817526144
2015-06-24,ewma,-0.00802737967216317
2015-06-25,ewma,-0.006070331665819898
2015-06-26,ewma,0.0014009603165213178
2015-06-29,ewma,-0.016165221586097196
2015-06-30,ewma,-0.0007499657842690267
2015-06-01,ledoit_wolf,0.0022907295074517673
2015-06-02,ledoit_wolf,-0.002194773149732413
2015-06-03,ledoit_wolf,-0.001934531647308536
2015-06-04,ledoit_wolf,-0.004576272380790911
2015-06-05,ledoit_wolf,-0.008215186861166977
2015-06-08,ledoit_wolf,-0.0024598357040816216
2015-06-09,ledoit_wolf,-0.0005513587553050718
2015-06-10,ledoit_wolf,0.006736917303640937
2015-06-11,ledoit_wolf,0.0016652157918467217
2015-06-12,ledoit_wolf,-0.00668540848796759
2015-06-15,ledoit_wolf,-0.004428215574335618
2015-06-16,ledoit_wolf,0.007186409024396817
2015-06-17,ledoit_wolf,0.004207497516805792
2015-06-18,ledoit_wolf,0.011945580310300272
2015-06-19,ledoit_wolf,-0.006892098516845615
2015-06-22,ledoit_wolf,0.0016590300098624714
2015-06-23,ledoit_wolf,-0.0032403247119975453
2015-06-24,ledoit_wolf,-0.005731464175207307
2015-06-25,ledoit_wolf,-0.003746562731388855
2015-06-26,ledoit_wolf,0.00040935362332416105
2015-06-29,ledoit_wolf,-0.014747117487634298
2015-06-30,ledoit_wolf,9.004025574232011e-05
2015-06-01,equal_weight,0.004570126765584376
2015-06-02,equal_weight,-0.001429745144816517
2015-06-03,equal_weight,0.0004883945899222072
2015-06-04,equal_weight,-0.004933835263645894
2015-06-05,equal_weight,-0.00445210515541151
2015-06-08,equal_weight,-0.0050896006989712235
2015-06-09,equal_weight,-0.002217475296510147
2015-06-10,equal_weight,0.009578452790638792
2015-06-11,equal_weight,0.0017015652880084347
2015-06-12,equal_weight,-0.006617686643608119
2015-06-15,equal_weight,-0.004175592866048947
2015-06-16,equal_weight,0.006261597261285208
2015-06-17,equal_weight,0.003539814244878859
2015-06-18,equal_weight,0.01193788398750756
2015-06-19,equal_weight,-0.007383585242766778
2015-06-22,equal_weight,0.0034486117335405914
2015-06-23,equal_weight,0.002202335499419911
2015-06-24,equal_weight,-0.0075230284711849185
2015-06-25,equal_weight,-0.00451168099329852
2015-06-26,equal_weight,-0.00020715020834252825
2015-06-29,equal_weight,-0.018054288453595246
2015-06-30,equal_weight,0.0007090151122557079
2015-07-01,sample,0.006866899495137541
2015-07-02,sample,0.004904108280182959
2015-07-06,sample,-0.0010993096078855064
2015-07-07,sample,0.009819058205503554
2015-07-08,sample,-0.011899588800304284
2015-07-09,sample,-0.002181538866565843
2015-07-10,sample,0.010169409975264457
2015-07-13,sample,0.008237953700080177
2015-07-14,sample,0.0014819363883968178
2015-07-15,sample,0.003425569934565214
2015-07-16,sample,0.007244299921361382
2015-07-17,sample,-0.0016859043141281868
2015-07-20,sample,-0.0037114080668519157
2015-07-21,sample,-0.00320936325524278
2015-07-22,sample,-0.0040042988944038425
2015-07-23,sample,-0.0052536231965716225
2015-07-24,sample,-0.008340851296928674
2015-07-27,sample,-0.003026297783475552
2015-07-28,sample,0.009587050806731803
2015-07-29,sample,0.004021580491373145
2015-07-30,sample,-0.006809932052527866
2015-07-31,sample,-0.0050117068957634976
2015-07-01,ewma,0.0015057680024122585
2015-07-02,ewma,0.006352449927894091
2015-07-06,ewma,-0.0029506280031770444
2015-07-07,ewma,0.006728602071405561
2015-07-08,ewma,-0.011965296195685097
2015-07-09,ewma,-0.0028231900906884174
2015-07-10,ewma,0.0077863275384941685
2015-07-13,ewma,0.007066339965210355
2015-07-14,ewma,0.004018469441956889
2015-07-15,ewma,-1.7967165467623028e-05
2015-07-16,ewma,0.003855770812491825
2015-07-17,ewma,-0.007664770928039517
2015-07-20,ewma,-0.011993658798518457
2015-07-21,ewma,-0.0020323987639694037
2015-07-22,ewma,-0.007021456946942895
2015-07-23,ewma,-0.01447719103881842
2015-07-24,ewma,-0.00758371162443129
2015-07-27,ewma,-0.004046372220514582
2015-07-28,ewma,0.017568519658553196
2015-07-29,ewma,0.0028564473042248344
2015-07-30,ewma,-0.004193241700644843
2015-07-31,ewma,-0.00748143103180323
2015-07-01,ledoit_wolf,0.006929342416440494
2015-07-02,ledoit_wolf,0.0047949292005243435
2015-07-06,ledoit_wolf,-0.0011496860871696144
2015-07-07,ledoit_wolf,0.010090154332103678
2015-07-08,ledoit_wolf,-0.012025935628072696
2015-07-09,ledoit_wolf,-0.0021334082761052184
2015-07-10,ledoit_wolf,0.01018108460364431
2015-07-13,ledoit_wolf,0.008206176751873136
2015-07-14,ledoit_wolf,0.0017995061855017192
2015-07-15,ledoit_wolf,0.003112852779910654
2015-07-16,ledoit_wolf,0.007155146393524405
2015-07-17,ledoit_wolf,-0.0012155452776335023
2015-07-20,ledoit_wolf,-0.003797183527115918
2015-07-21,ledoit_wolf,-0.003000906657189636
2015-07-22,ledoit_wolf,-0.004230388195485832
2015-07-23,ledoit_wolf,-0.00590478957876966
2015-07-24,ledoit_wolf,-0.00835389306130047
2015-07-27,ledoit_wolf,-0.0027934328407482117
2015-07-28,ledoit_wolf,0.009769876441583844
2015-07-29,ledoit_wolf,0.003968871151318765
2015-07-30,ledoit_wolf,-0.006719077227624612
2015-07-31,ledoit_wolf,-0.004563537125028025
2015-07-01,equal_weight,0.006621501774531706
2015-07-02,equal_weight,0.0026621790422087805
2015-07-06,equal_weight,-0.0022227430077729447
2015-07-07,equal_weight,0.0041957011349683555
2015-07-08,equal_weight,-0.01421292564655393
2015-07-09,equal_weight,0.0007145299328113353
2015-07-10,equal_weight,0.012528674934277086
2015-07-13,equal_weight,0.010462913090392729
2015-07-14,equal_weight,0.004626665027129101
2015-07-15,equal_weight,0.0018088449525346748
2015-07-16,equal_weight,0.0077809066156653926
2015-07-17,equal_weight,0.006541963620788597
2015-07-20,equal_weight,-0.003726965217649441
2015-07-21,equal_weight,-1.8875693803605724e-05
2015-07-22,equal_weight,-0.005557370151681075
2015-07-23,equal_weight,-0.011103336145863325
2015-07-24,equal_weight,-0.002574102421703431
2015-07-27,equal_weight,-0.005791766374508209
2015-07-28,equal_weight,0.013117574783834872
2015-07-29,equal_weight,0.006912232218948346
2015-07-30,equal_weight,-0.0005577868339515426
2015-07-31,equal_weight,-0.004883260879458474
2015-08-03,sample,-0.0033980770950861328
2015-08-04,sample,-0.005239882339600381
2015-08-05,sample,0.0033675507716241383
2015-08-06,sample,-0.0009228494189178715
2015-08-07,sample,0.00033741680532246464
2015-08-10,sample,0.011348388675660225
2015-08-11,sample,-0.005389849994188443
2015-08-12,sample,0.005129963342517625
2015-08-13,sample,-0.0024416723308020166
2015-08-14,sample,0.003624141935864923
2015-08-17,sample,0.004866081866281232
2015-08-18,sample,-0.00381941928939922
2015-08-19,sample,-0.0049269267342122135
2015-08-20,sample,-0.010999050508305354
2015-08-21,sample,-0.027082621256036256
2015-08-24,sample,-0.04118166322930959
2015-08-25,sample,-0.015563756414402151
2015-08-26,sample,0.035892311715924066
2015-08-27,sample,0.01945197197784557
2015-08-28,sample,-0.0005060719137537039
2015-08-31,sample,-0.008677190449722726
2015-08-03,ewma,0.0018776101365739794
2015-08-04,ewma,-0.0008728603352261463
2015-08-05,ewma,0.0045204385191426185
2015-08-06,ewma,-0.003032853363387725
2015-08-07,ewma,0.0018270776694516184
2015-08-10,ewma,0.006316531341716437
2015-08-11,ewma,-0.00019001090347366145
2015-08-12,ewma,0.000976945079116475
2015-08-13,ewma,-0.00019334453519504293
2015-08-14,ewma,0.004868143393539099
2015-08-17,ewma,0.004881620258319736
2015-08-18,ewma,-0.002112904499658975
2015-08-19,ewma,-0.0021275959364625645
2015-08-20,ewma,-0.011708869058133243
2015-08-21,ewma,-0.02508069829752352
2015-08-24,ewma,-0.04342675557890154
2015-08-25,ewma,-0.01790029405587963
2015-08-26,ewma,0.03559739175366548
2015-08-27,ewma,0.019231695241395366
2015-08-28,ewma,-0.0021084508300370126
2015-08-31,ewma,-0.010482470326289607
2015-08-03,ledoit_wolf,-0.0034038586990643984
2015-08-04,ledoit_wolf,-0.005204732719644361
2015-08-05,ledoit_wolf,0.0032299486365812
2015-08-06,ledoit_wolf,-0.0008405030150082363
2015-08-07,ledoit_wolf,0.00041707913096464765
2015-08-10,ledoit_wolf,0.011202264954587008
2015-08-11,ledoit_wolf,-0.005105164533718766
2015-08-12,ledoit_wolf,0.005190643172135365
2015-08-13,ledoit_wolf,-0.0025448266302584123
2015-08-14,ledoit_wolf,0.003692319271917466
2015-08-17,ledoit_wolf,0.004630040691284637
2015-08-18,ledoit_wolf,-0.0034102055967430143
2015-08-19,ledoit_wolf,-0.005068138624843206
2015-08-20,ledoit_wolf,-0.011066365880041838
2015-08-21,ledoit_wolf,-0.027057849630788923
2015-08-24,ledoit_wolf,-0.04138417420884609
2015-08-25,ledoit_wolf,-0.015901693613565845
2015-08-26,ledoit_wolf,0.035474009190068365
2015-08-27,ledoit_wolf,0.019762838835503532
2015-08-28,ledoit_wolf,-0.00010429912176402375
2015-08-31,ledoit_wolf,-0.008799352999685529
2015-08-03,equal_weight,-0.0034505434344647154
2015-08-04,equal_weight,-0.0034746184766264324
2015-08-05,equal_weight,0.004627741149416342
2015-08-06,equal_weight,-0.0033367703117465584
2015-08-07,equal_weight,-0.002746588517171757
2015-08-10,equal_weight,0.01198205727306329
2015-08-11,equal_weight,-0.0045093502026278395
2015-08-12,equal_weight,0.0047220783836084195
2015-08-13,equal_weight,-0.002793945356968186
2015-08-14,equal_weight,0.0038613638531803645
2015-08-17,equal_weight,0.004868020798019667
2015-08-18,equal_weight,-0.0001398954575631522
2015-08-19,equal_weight,-0.0065324345309733245
2015-08-20,equal_weight,-0.017646635995574415
2015-08-21,equal_weight,-0.0317339924556859
2015-08-24,equal_weight,-0.04408918272709891
2015-08-25,equal_weight,-0.013848829944177962
2015-08-26,equal_weight,0.03850993279591348
2015-08-27,equal_weight,0.025610581602486797
2015-08-28,equal_weight,0.0021629234340374984
2015-08-31,equal_weight,-0.009579933695054322
2015-09-01,sample,-0.026044219040157003
2015-09-02,sample,0.011653107362575113
2015-09-03,sample,-0.0009218377189414459
2015-09-04,sample,-0.016413786990274935
2015-09-08,sample,0.01905642040534741
2015-09-09,sample,-0.017966167528700026
2015-09-10,sample,0.0020800165665430374
2015-09-11,sample,0.006382792226575094
2015-09-14,sample,-0.0014162764747246645
2015-09-15,sample,0.010884685398559692
2015-09-16,sample,0.011619704744321644
2015-09-17,sample,0.0013937622458902832
2015-09-18,sample,-0.013011278761340152
2015-09-21,sample,0.005796827406615242
2015-09-22,sample,-0.010671341568078462
2015-09-23,sample,-0.0007165669555902689
2015-09-24,sample,0.005570032751898003
2015-09-25,sample,0.004016275219267186
2015-09-28,sample,-0.010451942056444613
2015-09-29,sample,0.0009906643480391952
2015-09-30,sample,0.011230515084472245
2015-09-01,ewma,-0.02298245875371841
2015-09-02,ewma,0.009108997495570705
2015-09-03,ewma,-0.002237195860014787
2015-09-04,ewma,-0.0166232892805978
2015-09-08,ewma,0.02000019071783625
2015-09-09,ewma,-0.017421266503413947
2015-09-10,ewma,-0.0015926602212525138
2015-09-11,ewma,0.0038331517179446234
2015-09-14,ewma,-0.0009682551784528115
2015-09-15,ewma,0.010113143989249864
2015-09-16,ewma,0.01375596738033576
2015-09-17,ewma,0.002218153466831121
2015-09-18,ewma,-0.016910497632150738
2015-09-21,ewma,0.004052409706621551
2015-09-22,ewma,-0.010060542051325852
2015-09-23,ewma,-0.006105860857931244
2015-09-24,ewma,-0.003638879527362725
2015-09-25,ewma,-8.392439335643204e-05
2015-09-28,ewma,-0.009498018507574273
2015-09-29,ewma,0.005541900914189688
2015-09-30,ewma,0.009656907151058287
2015-09-01,ledoit_wolf,-0.026169030844657635
2015-09-02,ledoit_wolf,0.011618249139442377
2015-09-03,ledoit_wolf,-0.0009317182668617465
2015-09-04,ledoit_wolf,-0.016374964484908466
2015-09-08,ledoit_wolf,0.01908789617833006
2015-09-09,ledoit_wolf,-0.017861235904796338
2015-09-10,ledoit_wolf,0.002093281638197193
2015-09-11,ledoit_wolf,0.0064673262865996405
2015-09-14,ledoit_wolf,-0.0015060720705406014
2015-09-15,ledoit_wolf,0.010965894583368295
2015-09-16,ledoit_wolf,0.01167251920152872
2015-09-17,ledoit_wolf,0.0014713343158753685
2015-09-18,ledoit_wolf,-0.012962857786095485
2015-09-21,ledoit_wolf,0.0059427159184418385
2015-09-22,ledoit_wolf,-0.010804414897548596
2015-09-23,ledoit_wolf,-0.0007123808069477989
2015-09-24,ledoit_wolf,0.005468927211988264
2015-09-25,ledoit_wolf,0.003944963682869879
2015-09-28,ledoit_wolf,-0.010780962219779287
2015-09-29,ledoit_wolf,0.0008760021323439992
2015-09-30,ledoit_wolf,0.011302874536867744
2015-09-01,equal_weight,-0.029332415216818362
2015-09-02,equal_weight,0.015562030994665802
2015-09-03,equal_weight,-0.0018644525747419463
2015-09-04,equal_weight,-0.01667896090429591
2015-09-08,equal_weight,0.021941885294473353
2015-09-09,equal_weight,-0.01457803997730989
2015-09-10,equal_weight,0.004936591605638924
2015-09-11,equal_weight,0.00645822143100531
2015-09-14,equal_weight,-0.003543844566669282
2015-09-15,equal_weight,0.012798353803699605
2015-09-16,equal_weight,0.013045983113463899
2015-09-17,equal_weight,0.0021030929013056065
2015-09-18,equal_weight,-0.014261735223880204
2015-09-21,equal_weight,0.007351699049608333
2015-09-22,equal_weight,-0.014066386492107638
2015-09-23,equal_weight,-0.0019558410763235354
2015-09-24,equal_weight,0.0005552492662126078
2015-09-25,equal_weight,4.844951469076548e-05
2015-09-28,equal_weight,-0.019338406871164886
2015-09-29,equal_weight,-0.0001809149250643926
2015-09-30,equal_weight,0.01663453545194723
2015-10-01,sample,-0.005205441573310926
2015-10-02,sample,0.01477652143946334
2015-10-05,sample,0.019378159752700207
2015-10-06,sample,5.469218382109654e-05
2015-10-07,sample,0.007098043308987358
2015-10-08,sample,0.006290142974517446
2015-10-09,sample,-0.0004693703227431011
2015-10-12,sample,0.0001580649916443335
2015-10-13,sample,-0.004658653213568221
2015-10-14,sample,-0.00013538851196721793
2015-10-15,sample,0.013774408893730182
2015-10-16,sample,0.003571115569264957
2015-10-19,sample,-0.0009299665620512866
2015-10-20,sample,0.002164720249879408
2015-10-21,sample,-0.0031948825966350005
2015-10-22,sample,0.02108815113009494
2015-10-23,sample,0.003901563363687432
2015-10-26,sample,-0.00760270834135837
2015-10-27,sample,-0.0015382481607549466
2015-10-28,sample,0.005783995391579836
2015-10-29,sample,0.00423597022514513
2015-10-30,sample,-0.0036639046728450374
2015-10-01,ewma,-0.004914029280474214
2015-10-02,ewma,0.014457298421215747
2015-10-05,ewma,0.023305115992355418
2015-10-06,ewma,-0.0009292544848760236
2015-10-07,ewma,0.00558481150246303
2015-10-08,ewma,0.010587272758817367
2015-10-09,ewma,-0.0006171878531560954
2015-10-12,ewma,0.00011976524138410604
2015-10-13,ewma,-0.0056162601519835435
2015-10-14,ewma,-0.002127751278147398
2015-10-15,ewma,0.01374307858139796
2015-10-16,ewma,0.0039985930799779955
2015-10-19,ewma,0.00022990036657616396
2015-10-20,ewma,0.0014780169726739541
2015-10-21,ewma,-0.0030106843906102946
2015-10-22,ewma,0.022449470768663972
2015-10-23,ewma,0.001767713529912963
2015-10-26,ewma,-0.003588149212669453
2015-10-27,ewma,-0.0018137138773196043
2015-10-28,ewma,0.003975976376762137
2015-10-29,ewma,0.0006138748169189354
2015-10-30,ewma,0.00034714704719581964
2015-10-01,ledoit_wolf,-0.0052024685385702015
2015-10-02,ledoit_wolf,0.014820896028404959
2015-10-05,ledoit_wolf,0.019350384394164925
2015-10-06,ledoit_wolf,9.044879910625927e-05
2015-10-07,ledoit_wolf,0.007118248864334769
2015-10-08,ledoit_wolf,0.006248858571408496
2015-10-09,ledoit_wolf,-0.0004786910393257894
2015-10-12,ledoit_wolf,0.00016568780567613608
2015-10-13,ledoit_wolf,-0.004620797846275721
2015-10-14,ledoit_wolf,-7.245621726451935e-05
2015-10-15,ledoit_wolf,0.013782240942355322
2015-10-16,ledoit_wolf,0.003572858118045411
2015-10-19,ledoit_wolf,-0.000970202224377483
2015-10-20,ledoit_wolf,0.002088142271987069
2015-10-21,ledoit_wolf,-0.0032402742818341728
2015-10-22,ledoit_wolf,0.021102347652907114
2015-10-23,ledoit_wolf,0.0040301234485855455
2015-10-26,ledoit_wolf,-0.007600444937635679
2015-10-27,ledoit_wolf,-0.0015230575875096704
2015-10-28,ledoit_wolf,0.005818666017746559
2015-10-29,ledoit_wolf,0.004261620569237042
2015-10-30,ledoit_wolf,-0.0037039944201585555
2015-10-01,equal_weight,0.0014753472317023146
2015-10-02,equal_weight,0.017565111028398153
2015-10-05,equal_weight,0.02127817104206379
2015-10-06,equal_weight,0.0009318878030147873
2015-10-07,equal_weight,0.0066520865786132855
2015-10-08,equal_weight,0.006271818690467133
2015-10-09,equal_weight,0.0027596731462384864
2015-10-12,equal_weight,0.0001786976809058012
2015-10-13,equal_weight,-0.0032573990575212606
2015-10-14,equal_weight,-0.0003644476225950794
2015-10-15,equal_weight,0.013515354857325643
2015-10-16,equal_weight,0.0027459618464792833
2015-10-19,equal_weight,-0.0006908891843157216
2015-10-20,equal_weight,6.231751322656465e-05
2015-10-21,equal_weight,-0.00661783425250912
2015-10-22,equal_weight,0.018766471466611718
2015-10-23,equal_weight,0.01680117322083159
2015-10-26,equal_weight,-0.0036263221967831587
2015-10-27,equal_weight,-0.004120014244980415
2015-10-28,equal_weight,0.011039433279293734
2015-10-29,equal_weight,0.0018337810585835473
2015-10-30,equal_weight,-0.0057154668841562775
2015-11-02,sample,0.008273076192786225
2015-11-03,sample,0.0011384454177378479
2015-11-04,sample,-0.003508457960373053
2015-11-05,sample,-0.003875287058709106
2015-11-06,sample,-0.013468155737785316
2015-11-09,sample,-0.006938490497663952
2015-11-10,sample,0.0022805498184734615
2015-11-11,sample,0.003530213561181679
2015-11-12,sample,-0.013062527775377378
2015-11-13,sample,-0.008433388625814272
2015-11-16,sample,0.014184897621314365
2015-11-17,sample,-0.004139309974290431
2015-11-18,sample,0.014014989837028834
2015-11-19,sample,0.006701275625286316
2015-11-20,sample,0.00310173897009285
2015-11-23,sample,-0.0003475617821993446
2015-11-24,sample,0.0030552695715633906
2015-11-25,sample,-0.0018518220855312567
2015-11-27,sample,0.00012557868868866263
2015-11-30,sample,-0.002095906516793114
2015-11-02,ewma,0.005655703860670547
2015-11-03,ewma,0.0013051359709128475
2015-11-04,ewma,-0.004678677821484813
2015-11-05,ewma,6.42322916385627e-05
2015-11-06,ewma,-0.015280163387558988
2015-11-09,ewma,-0.006752039095347764
2015-11-10,ewma,0.005585974247722098
2015-11-11,ewma,0.0012073670674081654
2015-11-12,ewma,-0.012622645066815374
2015-11-13,ewma,-0.009143070450314227
2015-11-16,ewma,0.01461156810418426
2015-11-17,ewma,-0.00017387323548660912
2015-11-18,ewma,0.01167781402392619
2015-11-19,ewma,-0.0010954669590103458
2015-11-20,ewma,0.007429520750962013
2015-11-23,ewma,0.0008597317237098083
2015-11-24,ewma,0.003996738052675214
2015-11-25,ewma,0.00026409203659214127
2015-11-27,ewma,0.0001522701314075556
2015-11-30,ewma,-0.005077367146643142
2015-11-02,ledoit_wolf,0.00838800903105191
2015-11-03,ledoit_wolf,0.0012016355415452487
2015-11-04,ledoit_wolf,-0.0034883119682155538
2015-11-05,ledoit_wolf,-0.003942843373546155
2015-11-06,ledoit_wolf,-0.013475654914550862
2015-11-09,ledoit_wolf,-0.0069542204728770835
2015-11-10,ledoit_wolf,0.0022765236895103762
2015-11-11,ledoit_wolf,0.0034940530840595688
2015-11-12,ledoit_wolf,-0.013160442200484571
2015-11-13,ledoit_wolf,-0.008430804696112553
2015-11-16,ledoit_wolf,0.014315537924788442
2015-11-17,ledoit_wolf,-0.004335233133206037
2015-11-18,ledoit_wolf,0.014067039499928977
2015-11-19,ledoit_wolf,0.006559819185532516
2015-11-20,ledoit_wolf,0.003097217523237634
2015-11-23,ledoit_wolf,-0.00042722360406303235
2015-11-24,ledoit_wolf,0.003103196295126381
2015-11-25,ledoit_wolf,-0.0019379867542034888
2015-11-27,ledoit_wolf,9.962776507131948e-05
2015-11-30,ledoit_wolf,-0.002130129328230165
2015-11-02,equal_weight,0.011896213566201611
2015-11-03,equal_weight,0.0023172783385383934
2015-11-04,equal_weight,-0.0022669169846586583
2015-11-05,equal_weight,-0.0022286815413395753
2015-11-06,equal_weight,-0.005398342193427647
2015-11-09,equal_weight,-0.009346559678525516
2015-11-10,equal_weight,0.0014840269674566459
2015-11-11,equal_weight,0.0017542043019491225
2015-11-12,equal_weight,-0.013725276821892412
2015-11-13,equal_weight,-0.010549799984180592
2015-11-16,equal_weight,0.016002225835946463
2015-11-17,equal_weight,-0.004086185628713972
2015-11-18,equal_weight,0.016962313324996814
2015-11-19,equal_weight,-0.0004893681896073941
2015-11-20,equal_weight,0.003671521581106175
2015-11-23,equal_weight,-0.000810050200270763
2015-11-24,equal_weight,0.002215864580505868
2015-11-25,equal_weight,-0.0017646639372879184
2015-11-27,equal_weight,-0.00044107362656775796
2015-11-30,equal_weight,-0.0014589728263863272
2015-12-01,sample,0.008136229536755558
2015-12-02,sample,-0.011177845080677252
2015-12-03,sample,-0.008265774534965704
2015-12-04,sample,0.0219784079942318
2015-12-07,sample,0.0004613984733969024
2015-12-08,sample,-0.006017856111145383
2015-12-09,sample,-0.0053489332896427735
2015-12-10,sample,-0.0016350556674843326
2015-12-11,sample,-0.008826944071725585
2015-12-14,sample,0.004495151412912398
2015-12-15,sample,0.011336832541465303
2015-12-16,sample,0.018962332808095637
2015-12-17,sample,-0.012594862258721997
2015-12-18,sample,-0.016755272243819307
2015-12-21,sample,0.0049971436641942455
2015-12-22,sample,0.011001956919524502
2015-12-23,sample,0.011510788914880934
2015-12-24,sample,-0.0006655415696595775
2015-12-28,sample,-0.0035557841804609853
2015-12-29,sample,0.007491336636369117
2015-12-30,sample,-0.004744298643747626
2015-12-31,sample,-0.010322335255657199
2015-12-01,ewma,0.010198317888756372
2015-12-02,ewma,-0.006269100626779038
2015-12-03,ewma,-0.012734384801411253
2015-12-04,ewma,0.023896390050855136
2015-12-07,ewma,-0.004050757838793051
2015-12-08,ewma,-0.007473570469926761
2015-12-09,ewma,-0.003190420490107761
2015-12-10,ewma,-0.0010972670581186061
2015-12-11,ewma,-0.009332708005219478
2015-12-14,ewma,0.001114842738426157
2015-12-15,ewma,0.011563896208801706
2015-12-16,ewma,0.01935542734434717
2015-12-17,ewma,-0.012007680962314516
2015-12-18,ewma,-0.017327812319357257
2015-12-21,ewma,0.0062537162185610645
2015-12-22,ewma,0.008683085804041313
2015-12-23,ewma,0.010180717842059322
2015-12-24,ewma,2.129593228025601e-05
2015-12-28,ewma,-0.003237240118628661
2015-12-29,ewma,0.006836848017567147
2015-12-30,ewma,-0.0028444047266103565
2015-12-31,ewma,-0.010229536483889093
2015-12-01,ledoit_wolf,0.008190974781869611
2015-12-02,ledoit_wolf,-0.011139735087524461
2015-12-03,ledoit_wolf,-0.008225812379632684
2015-12-04,ledoit_wolf,0.02197422756940655
2015-12-07,ledoit_wolf,0.000400616994972805
2015-12-08,ledoit_wolf,-0.006066102189092968
2015-12-09,ledoit_wolf,-0.005307457918742644
2015-12-10,ledoit_wolf,-0.001621345538476762
2015-12-11,ledoit_wolf,-0.00881252794046503
2015-12-14,ledoit_wolf,0.004492685096174712
2015-12-15,ledoit_wolf,0.011385085347949426
2015-12-16,ledoit_wolf,0.018860737971201927
2015-12-17,ledoit_wolf,-0.012594032797867234
2015-12-18,ledoit_wolf,-0.01679488994097777
2015-12-21,ledoit_wolf,0.005008969113822832
2015-12-22,ledoit_wolf,0.010984117910929675
2015-12-23,ledoit_wolf,0.011517600406946975
2015-12-24,ledoit_wolf,-0.0006786438232939565
2015-12-28,ledoit_wolf,-0.003526838546065959
2015-12-29,ledoit_wolf,0.007514250102762545
2015-12-30,ledoit_wolf,-0.004777737637883899
2015-12-31,ledoit_wolf,-0.010318800973074157
2015-12-01,equal_weight,0.01164918642224557
2015-12-02,equal_weight,-0.011941072308297206
2015-12-03,equal_weight,-0.012430288639581864
2015-12-04,equal_weight,0.021282521158130827
2015-12-07,equal_weight,-0.007972146642853624
2015-12-08,equal_weight,-0.00782327268838638
2015-12-09,equal_weight,-0.004650958892387128
2015-12-10,equal_weight,0.0005087050944431392
2015-12-11,equal_weight,-0.014829673093568037
2015-12-14,equal_weight,0.006456092500617195
2015-12-15,equal_weight,0.0114194047792278
2015-12-16,equal_weight,0.018187161053414322
2015-12-17,equal_weight,-0.015806020439964506
2015-12-18,equal_weight,-0.01672913859182642
2015-12-21,equal_weight,0.00601636377451087
2015-12-22,equal_weight,0.009288678405083703
2015-12-23,equal_weight,0.012942055386264908
2015-12-24,equal_weight,-0.0017431529091417757
2015-12-28,equal_weight,-0.001934296119222117
2015-12-29,equal_weight,0.010159000890262653
2015-12-30,equal_weight,-0.006897887125923664
2015-12-31,equal_weight,-0.009965545791530847
2016-01-04,sample,-0.009003067295604877
2016-01-05,sample,0.0029752171331488613
2016-01-06,sample,-0.006208098025604077
2016-01-07,sample,-0.01590202291605207
2016-01-08,sample,-0.009321457413288214
2016-01-11,sample,0.0017064903821656491
2016-01-12,sample,0.0041800220950270655
2016-01-13,sample,-0.01272512177035065
2016-01-14,sample,0.006434744567417471
2016-01-15,sample,-0.013214217431009773
2016-01-19,sample,0.008256425337130412
2016-01-20,sample,-0.016092769366445117
2016-01-21,sample,0.004394571974916648
2016-01-22,sample,0.016637534903537234
2016-01-25,sample,-0.0075918749838799595
2016-01-26,sample,0.01617176191628169
2016-01-27,sample,9.05883671289433e-05
2016-01-28,sample,0.010226802794071357
2016-01-29,sample,0.023032461913251298
2016-01-04,ewma,-0.010672922481380822
2016-01-05,ewma,0.0014685295341194447
2016-01-06,ewma,-0.007534121270030976
2016-01-07,ewma,-0.01589045322394702
2016-01-08,ewma,-0.007933614299296324
2016-01-11,ewma,0.0049787078147063395
2016-01-12,ewma,0.0057667087702422005
2016-01-13,ewma,-0.015061856637081142
2016-01-14,ewma,0.005032101612554845
2016-01-15,ewma,-0.00976953469691124
2016-01-19,ewma,0.014307868921232014
2016-01-20,ewma,-0.01584709749511098
2016-01-21,ewma,0.0049093382982187735
2016-01-22,ewma,0.013994904120252427
2016-01-25,ewma,-0.0068533308802201905
2016-01-26,ewma,0.015470671557548258
2016-01-27,ewma,-0.0004659886728180388
2016-01-28,ewma,0.008767700757301374
2016-01-29,ewma,0.027637552426144584
2016-01-04,ledoit_wolf,-0.009024630422097396
2016-01-05,ledoit_wolf,0.0029855453322600433
2016-01-06,ledoit_wolf,-0.006212986216592708
2016-01-07,ledoit_wolf,-0.015884889855259165
2016-01-08,ledoit_wolf,-0.009377798624676043
2016-01-11,ledoit_wolf,0.0016058795066769866
2016-01-12,ledoit_wolf,0.004246346630063204
2016-01-13,ledoit_wolf,-0.012537100479896387
2016-01-14,ledoit_wolf,0.006757391199238665
2016-01-15,ledoit_wolf,-0.013313938539715497
2016-01-19,ledoit_wolf,0.008236717891261538
2016-01-20,ledoit_wolf,-0.015975118459212543
2016-01-21,ledoit_wolf,0.004285966000891159
2016-01-22,ledoit_wolf,0.016683242208112244
2016-01-25,ledoit_wolf,-0.007702469878806173
2016-01-26,ledoit_wolf,0.01631345654830908
2016-01-27,ledoit_wolf,-0.00010416424525466392
2016-01-28,ledoit_wolf,0.010318533262045074
2016-01-29,ledoit_wolf,0.022994884476960714
2016-01-04,equal_weight,-0.011793247145991267
2016-01-05,equal_weight,0.0012253633882797121
2016-01-06,equal_weight,-0.011340698113008144
2016-01-07,equal_weight,-0.024428234164807938
2016-01-08,equal_weight,-0.010019457369203556
2016-01-11,equal_weight,-0.001168731953660729
2016-01-12,equal_weight,0.007795214175991514
2016-01-13,equal_weight,-0.018409594945182746
2016-01-14,equal_weight,0.012932922280556723
2016-01-15,equal_weight,-0.01870844648288808
2016-01-19,equal_weight,0.0009223414191324888
2016-01-20,equal_weight,-0.014150618280872367
2016-01-21,equal_weight,0.0019853298158681006
2016-01-22,equal_weight,0.021374492568484445
2016-01-25,equal_weight,-0.012487721768065653
2016-01-26,equal_weight,0.018170671291775402
2016-01-27,equal_weight,-0.008103129479159126
2016-01-28,equal_weight,0.021836317127577685
2016-01-29,equal_weight,0.022564772747600177
2016-02-01,sample,0.005205531541472074
2016-02-02,sample,-0.01107309014551448
2016-02-03,sample,0.011452375885208218
2016-02-04,sample,0.0005164506940899534
2016-02-05,sample,-0.00918092878318955
2016-02-08,sample,-0.0020900824338805682
2016-02-09,sample,0.0026489270346358915
2016-02-10,sample,-0.00630713519912451
2016-02-11,sample,-0.010670739590918299
2016-02-12,sample,0.011421723320588065
2016-02-16,sample,0.00785885629962412
2016-02-17,sample,0.005276139803451015
2016-02-18,sample,0.004056654527688531
2016-02-19,sample,-0.001386874266085375
2016-02-22,sample,0.009708402934665156
2016-02-23,sample,-0.003221428082519017
2016-02-24,sample,0.004621882392950154
2016-02-25,sample,0.00982495997013666
2016-02-26,sample,-0.01341767468321147
2016-02-29,sample,-0.0011853018966465098
2016-02-01,ewma,0.008810844095324934
2016-02-02,ewma,-0.01324432695819236
2016-02-03,ewma,0.01852136637468075
2016-02-04,ewma,0.008783419199796725
2016-02-05,ewma,-0.0015419177515097176
2016-02-08,ewma,0.0024078025424318387
2016-02-09,ewma,-0.0013063313656504264
2016-02-10,ewma,-0.001994729277470892
2016-02-11,ewma,-0.005095085113969963
2016-02-12,ewma,0.012389684638262339
2016-02-16,ewma,0.003016849775913913
2016-02-17,ewma,0.00817743678896598
2016-02-18,ewma,0.0018540073083166118
2016-02-19,ewma,-0.0012565958558904522
2016-02-22,ewma,0.013701190544282229
2016-02-23,ewma,-0.0009075623594886671
2016-02-24,ewma,0.0029643935802225103
2016-02-25,ewma,0.008563927800325815
2016-02-26,ewma,-0.015428941105180612
2016-02-29,ewma,-0.0018029838147913568
2016-02-01,ledoit_wolf,0.005137845696828056
2016-02-02,ledoit_wolf,-0.011139420119671938
2016-02-03,ledoit_wolf,0.011523799139819359
2016-02-04,ledoit_wolf,0.0006356866274093355
2016-02-05,ledoit_wolf,-0.009113127192083684
2016-02-08,ledoit_wolf,-0.0019259253691659333
2016-02-09,ledoit_wolf,0.0025432156289030908
2016-02-10,ledoit_wolf,-0.006329484109939252
2016-02-11,ledoit_wolf,-0.010681918025653181
2016-02-12,ledoit_wolf,0.011417414213009106
2016-02-16,ledoit_wolf,0.007820176830896171
2016-02-17,ledoit_wolf,0.005330183928938517
2016-02-18,ledoit_wolf,0.003985354155063949
2016-02-19,ledoit_wolf,-0.0014486306853199417
2016-02-22,ledoit_wolf,0.009711951230959028
2016-02-23,ledoit_wolf,-0.003380954927949233
2016-02-24,ledoit_wolf,0.0045911101502622
2016-02-25,ledoit_wolf,0.009840726615925706
2016-02-26,ledoit_wolf,-0.013352150639376153
2016-02-29,ledoit_wolf,-0.001224284409294353
2016-02-01,equal_weight,0.0026896009310553378
2016-02-02,equal_weight,-0.017695196081217036
2016-02-03,equal_weight,0.009498163716260555
2016-02-04,equal_weight,0.0073011608551006545
2016-02-05,equal_weight,-0.014995958890522302
2016-02-08,equal_weight,-0.008234950462548803
2016-02-09,equal_weight,-0.0024258201166869418
2016-02-10,equal_weight,-0.0034928904579695193
2016-02-11,equal_weight,-0.011463746762406857
2016-02-12,equal_weight,0.01912230761156496
2016-02-16,equal_weight,0.01138210421413293
2016-02-17,equal_weight,0.013815945635740613
2016-02-18,equal_weight,-0.004932755947997306
2016-02-19,equal_weight,0.0002640798331341095
2016-02-22,equal_weight,0.015499650100007051
2016-02-23,equal_weight,-0.012981867124633869
2016-02-24,equal_weight,0.004978507292687636
2016-02-25,equal_weight,0.009154523875642506
2016-02-26,equal_weight,-0.005304451186618136
2016-02-29,equal_weight,-0.005071893840017527
2016-03-01,sample,0.010312401284886388
2016-03-02,sample,0.003588331747857984
2016-03-03,sample,0.005035192476374901
2016-03-04,sample,0.003927885261110288
2016-03-07,sample,0.0031373382584325244
2016-03-08,sample,0.0001921692661719823
2016-03-09,sample,0.003777156060568359
2016-03-10,sample,0.0022935903684309198
2016-03-11,sample,0.008716181866802768
2016-03-14,sample,-0.0011475967314293891
2016-03-15,sample,0.002120364848479654
2016-03-16,sample,0.006564185213003716
2016-03-17,sample,0.008367371152555713
2016-03-18,sample,0.0011573521277138915
2016-03-21,sample,-0.0008698444624934104
2016-03-22,sample,-0.003577536481343926
2016-03-23,sample,-0.0011553098462027016
2016-03-24,sample,0.002508583778354741
2016-03-28,sample,-4.0973760657749166e-05
2016-03-29,sample,0.012389471296295973
2016-03-30,sample,0.0008463193508977396
2016-03-31,sample,-0.0024439822600674033
2016-03-01,ewma,0.012261615845718186
2016-03-02,ewma,0.003934660085553094
2016-03-03,ewma,0.002185396156424596
2016-03-04,ewma,0.0016526395549061371
2016-03-07,ewma,-0.0015527160001894335
2016-03-08,ewma,-0.0020144351464330837
2016-03-09,ewma,0.007365628127415406
2016-03-10,ewma,0.00784090842612691
2016-03-11,ewma,0.007392135862260313
2016-03-14,ewma,-0.0019605133432218985
2016-03-15,ewma,0.0012277337864498167
2016-03-16,ewma,0.009427505810443526
2016-03-17,ewma,0.006447966156249896
2016-03-18,ewma,0.0022140143659608266
2016-03-21,ewma,2.5413478702511965e-05
2016-03-22,ewma,-0.003947049542848935
2016-03-23,ewma,-0.008054549331492633
2016-03-24,ewma,0.002577083917541298
2016-03-28,ewma,-0.0002236914193945493
2016-03-29,ewma,0.016533720638518885
2016-03-30,ewma,-0.00035839443963787905
2016-03-31,ewma,-0.00439229542345944
2016-03-01,ledoit_wolf,0.010470031019369198
2016-03-02,ledoit_wolf,0.0036824505244356237
2016-03-03,ledoit_wolf,0.004933366829668173
2016-03-04,ledoit_wolf,0.003933371017718866
2016-03-07,ledoit_wolf,0.003091982981215809
2016-03-08,ledoit_wolf,6.402792489862592e-05
2016-03-09,ledoit_wolf,0.0038078527758259205
2016-03-10,ledoit_wolf,0.0023455383075573983
2016-03-11,ledoit_wolf,0.008710785242942927
2016-03-14,ledoit_wolf,-0.0011676756206739933
2016-03-15,ledoit_wolf,0.0021196080644224997
2016-03-16,ledoit_wolf,0.006447059139146186
2016-03-17,ledoit_wolf,0.008332693663143528
2016-03-18,ledoit_wolf,0.0012170763297839977
2016-03-21,ledoit_wolf,-0.0008640257512282186
2016-03-22,ledoit_wolf,-0.0035244769398132094
2016-03-23,ledoit_wolf,-0.0011223525243694384
2016-03-24,ledoit_wolf,0.0024741974302195107
2016-03-28,ledoit_wolf,-6.656980709673368e-05
2016-03-29,ledoit_wolf,0.012341549255387437
2016-03-30,ledoit_wolf,0.0008328718404593213
2016-03-31,ledoit_wolf,-0.0024879873226439373
2016-03-01,equal_weight,0.02301983736600735
2016-03-02,equal_weight,0.005182718066562121
2016-03-03,equal_weight,0.004438332240157079
2016-03-04,equal_weight,0.0021358456651164657
2016-03-07,equal_weight,0.001204402144653003
2016-03-08,equal_weight,-0.008847609017521463
2016-03-09,equal_weight,0.008058706570108879
2016-03-10,equal_weight,0.0012558237187594733
2016-03-11,equal_weight,0.013723310291950137
2016-03-14,equal_weight,-0.0016409113830384342
2016-03-15,equal_weight,0.00179192103073235
2016-03-16,equal_weight,0.007678710904599768
2016-03-17,equal_weight,0.008077780162745418
2016-03-18,equal_weight,0.00315688119252781
2016-03-21,equal_weight,-0.000750205231370082
2016-03-22,equal_weight,-0.0016611726844332287
2016-03-23,equal_weight,-0.005553667312961776
2016-03-24,equal_weight,0.0028935248874482136
2016-03-28,equal_weight,-0.000723214428493435
2016-03-29,equal_weight,0.012887445167495402
2016-03-30,equal_weight,0.002444144887883213
2016-03-31,equal_weight,-0.003108581079904797
2016-04-01,sample,0.008479717356247814
2016-04-04,sample,-0.002052382932774315
2016-04-05,sample,-0.0057083366194601096
2016-04-06,sample,0.004876230285252943
2016-04-07,sample,-0.005767944348141938
2016-04-08,sample,0.004973019538920674
2016-04-11,sample,-0.00011107375533966381
2016-04-12,sample,0.005870592339548156
2016-04-13,sample,-0.0034082625655173075
2016-04-14,sample,-0.0019057095911980619
2016-04-15,sample,0.005302663675302648
2016-04-18,sample,0.005078413150578186
2016-04-19,sample,0.005323989434111441
2016-04-20,sample,-0.01309827657808526
2016-04-21,sample,-0.008278199587976234
2016-04-22,sample,0.004509382934802603
2016-04-25,sample,3.145909432096208e-05
2016-04-26,sample,-0.0011658933076684505
2016-04-27,sample,0.0034465399692090886
2016-04-28,sample,-0.003627079708825648
2016-04-29,sample,0.007113967080203695
2016-04-01,ewma,0.007669302551421741
2016-04-04,ewma,-0.002281786403257904
2016-04-05,ewma,-0.006503875340594494
2016-04-06,ewma,0.005425268368966098
2016-04-07,ewma,-0.005896446326320699
2016-04-08,ewma,0.0033424906496668785
2016-04-11,ewma,-0.0003274821092285325
2016-04-12,ewma,0.005788553749499143
2016-04-13,ewma,-0.003324420652651786
2016-04-14,ewma,-0.0003018979716886989
2016-04-15,ewma,0.004642746863320783
2016-04-18,ewma,0.006505956717160631
2016-04-19,ewma,0.005722872080857599
2016-04-20,ewma,-0.009117750726682338
2016-04-21,ewma,-0.007638855270403621
2016-04-22,ewma,0.0048011617017110885
2016-04-25,ewma,0.0008148054446205195
2016-04-26,ewma,-0.0025560734081468243
2016-04-27,ewma,0.0032975640206241975
2016-04-28,ewma,-0.003242790484064567
2016-04-29,ewma,0.009403258808797423
2016-04-01,ledoit_wolf,0.008442897579622608
2016-04-04,ledoit_wolf,-0.002049045558702135
2016-04-05,ledoit_wolf,-0.005777888875436449
2016-04-06,ledoit_wolf,0.004907183142020292
2016-04-07,ledoit_wolf,-0.005830305731355079
2016-04-08,ledoit_wolf,0.004986488107561236
2016-04-11,ledoit_wolf,-5.36697687503506e-05
2016-04-12,ledoit_wolf,0.00589754803660965
2016-04-13,ledoit_wolf,-0.0032661349964192015
2016-04-14,ledoit_wolf,-0.0018560109254532403
2016-04-15,ledoit_wolf,0.005206841209506256
2016-04-18,ledoit_wolf,0.00501666834725061
2016-04-19,ledoit_wolf,0.005412844761088163
2016-04-20,ledoit_wolf,-0.012961659926810667
2016-04-21,ledoit_wolf,-0.008245047941322713
2016-04-22,ledoit_wolf,0.004442050938836227
2016-04-25,ledoit_wolf,8.232913488170955e-06
2016-04-26,ledoit_wolf,-0.0011737635150884135
2016-04-27,ledoit_wolf,0.003282475962146056
2016-04-28,ledoit_wolf,-0.0036075131246997593
2016-04-29,ledoit_wolf,0.007073471909637914
2016-04-01,equal_weight,0.006413574049510949
2016-04-04,equal_weight,-0.005344045078242805
2016-04-05,equal_weight,-0.006690402123783761
2016-04-06,equal_weight,0.008407489288184114
2016-04-07,equal_weight,-0.009596777794881137
2016-04-08,equal_weight,0.005047395213076428
2016-04-11,equal_weight,0.0020468730873976484
2016-04-12,equal_weight,0.00881334772197734
2016-04-13,equal_weight,0.007070012249201928
2016-04-14,equal_weight,0.001585846255781297
2016-04-15,equal_weight,0.0005081765592953793
2016-04-18,equal_weight,0.005623410665571701
2016-04-19,equal_weight,0.008900751222420046
2016-04-20,equal_weight,-0.0019092027052732955
2016-04-21,equal_weight,-0.0013794842282750987
2016-04-22,equal_weight,-0.002721908224342032
2016-04-25,equal_weight,-0.0017218784483604528
2016-04-26,equal_weight,-7.808326832811456e-06
2016-04-27,equal_weight,-0.0005192001995183327
2016-04-28,equal_weight,-0.0037021387448859747
2016-04-29,equal_weight,0.006338373369540244
2016-05-02,sample,0.005383150093466725
2016-05-03,sample,-0.0036073195869207536
2016-05-04,sample,0.0017082796634353733
2016-05-05,sample,0.0007420850167793324
2016-05-06,sample,0.0031249113614438967
2016-05-09,sample,-0.00020593619833037837
2016-05-10,sample,0.008831720164899385
2016-05-11,sample,-0.004732567847857701
2016-05-12,sample,0.002154842360211333
2016-05-13,sample,-0.006368631486740783
2016-05-16,sample,0.009307584033402358
2016-05-17,sample,-0.012860596496294278
2016-05-18,sample,-0.009869258622316582
2016-05-19,sample,-0.0005275824334886897
2016-05-20,sample,0.0007845854865929807
2016-05-23,sample,-0.003280053144094512
2016-05-24,sample,0.008010723005957255
2016-05-25,sample,0.0036001451961893485
2016-05-26,sample,0.0033147240825610598
2016-05-27,sample,0.0014326078586064848
2016-05-31,sample,-0.0015691045259436179
2016-05-02,ewma,0.005914570043161378
2016-05-03,ewma,-0.003970494159528934
2016-05-04,ewma,-2.0141563008812906e-05
2016-05-05,ewma,0.0006578728564448073
2016-05-06,ewma,0.0034450326370327007
2016-05-09,ewma,-0.00010353038047464518
2016-05-10,ewma,0.00935933033545314
2016-05-11,ewma,-0.006288503203026348
2016-05-12,ewma,0.0002615417430945348
2016-05-13,ewma,-0.006473804997017401
2016-05-16,ewma,0.008837254060706743
2016-05-17,ewma,-0.009932646854372097
2016-05-18,ewma,-0.00787968866420089
2016-05-19,ewma,-0.0002167941010165733
2016-05-20,ewma,0.0029220028856668813
2016-05-23,ewma,-0.004919150970535731
2016-05-24,ewma,0.00677153248452033
2016-05-25,ewma,0.005389820525718875
2016-05-26,ewma,0.0025537261972725326
2016-05-27,ewma,0.0020453429133035607
2016-05-31,ewma,-0.0009075485518264652
2016-05-02,ledoit_wolf,0.005360049654079327
2016-05-03,ledoit_wolf,-0.0036004322695997663
2016-05-04,ledoit_wolf,0.0016665291223015685
2016-05-05,ledoit_wolf,0.0007940381101831648
2016-05-06,ledoit_wolf,0.003118390960499642
2016-05-09,ledoit_wolf,-0.00019408860581023577
2016-05-10,ledoit_wolf,0.0088631531251115
2016-05-11,ledoit_wolf,-0.004673780686111502
2016-05-12,ledoit_wolf,0.002116990330689363
2016-05-13,ledoit_wolf,-0.006360066254307591
2016-05-16,ledoit_wolf,0.009319949766514363
2016-05-17,ledoit_wolf,-0.012743221720573131
2016-05-18,ledoit_wolf,-0.009733498507390945
2016-05-19,ledoit_wolf,-0.0005389954394109287
2016-05-20,ledoit_wolf,0.0007822044226869882
2016-05-23,ledoit_wolf,-0.003233784515299043
2016-05-24,ledoit_wolf,0.007974905414444905
2016-05-25,ledoit_wolf,0.00370276779744037
2016-05-26,ledoit_wolf,0.0032255938275656372
2016-05-27,ledoit_wolf,0.001483715854400105
2016-05-31,ledoit_wolf,-0.0015725850916299654
2016-05-02,equal_weight,0.007733021805255082
2016-05-03,equal_weight,-0.00962478288064232
2016-05-04,equal_weight,-0.0034917843948693915
2016-05-05,equal_weight,-0.000640137613121137
2016-05-06,equal_weight,0.007042388493726429
2016-05-09,equal_weight,-0.004691136060304454
2016-05-10,equal_weight,0.013363949317732295
2016-05-11,equal_weight,-0.00556390192303418
2016-05-12,equal_weight,0.000986990501550811
2016-05-13,equal_weight,-0.00758839816616912
2016-05-16,equal_weight,0.01020383753621609
2016-05-17,equal_weight,-0.008757641854481833
2016-05-18,equal_weight,-0.0019936460901645164
2016-05-19,equal_weight,-0.0031377448558033453
2016-05-20,equal_weight,0.0026216908503917382
2016-05-23,equal_weight,-0.0032655139995284425
2016-05-24,equal_weight,0.009239539967549101
2016-05-25,equal_weight,0.007804410498590143
2016-05-26,equal_weight,0.00033438771507240787
2016-05-27,equal_weight,0.0030234191978545646
2016-05-31,equal_weight,4.7908628647326946e-05
2016-06-01,sample,0.002976694105195558
2016-06-02,sample,0.0032076765265736584
2016-06-03,sample,0.009430454900776139
2016-06-06,sample,0.0017797087812733503
2016-06-07,sample,-0.0008302428716248085
2016-06-08,sample,0.00622337451466075
2016-06-09,sample,0.005839350668733289
2016-06-10,sample,-0.0019792824726572325
2016-06-13,sample,-0.003939109198417326
2016-06-14,sample,-5.7451389110780085e-05
2016-06-15,sample,-0.001748997348107852
2016-06-16,sample,0.0049395423216191826
2016-06-17,sample,-0.004336778823223676
2016-06-20,sample,0.00025816853418121133
2016-06-21,sample,0.0011369302106207016
2016-06-22,sample,-0.00038438998473848645
2016-06-23,sample,0.00618113571809318
2016-06-24,sample,-0.014068380376720948
2016-06-27,sample,0.003310637948067926
2016-06-28,sample,0.010347607292246873
2016-06-29,sample,0.007725175439454784
2016-06-30,sample,0.015554206319480821
2016-06-01,ewma,0.0037904293720970204
2016-06-02,ewma,0.0012427480586755353
2016-06-03,ewma,0.008354976149333745
2016-06-06,ewma,0.005063112332236511
2016-06-07,ewma,-0.0004794672795368364
2016-06-08,ewma,0.0064050815849701495
2016-06-09,ewma,0.005068141157872597
2016-06-10,ewma,-0.004823718122166865
2016-06-13,ewma,-0.0029647018120850855
2016-06-14,ewma,0.001283898800920662
2016-06-15,ewma,-0.0033455612606771816
2016-06-16,ewma,0.00539910161854029
2016-06-17,ewma,-0.0036355669670660616
2016-06-20,ewma,-0.0003569979323640993
2016-06-21,ewma,0.0013689262414172173
2016-06-22,ewma,-0.0003431952745659076
2016-06-23,ewma,0.006790714564182229
2016-06-24,ewma,-0.016094633810332368
2016-06-27,ewma,-2.3544993736111536e-05
2016-06-28,ewma,0.013465852921420097
2016-06-29,ewma,0.011300943244108371
2016-06-30,ewma,0.01528612128990073
2016-06-01,ledoit_wolf,0.0029797149229916966
2016-06-02,ledoit_wolf,0.0031633125420443674
2016-06-03,ledoit_wolf,0.00936059993976856
2016-06-06,ledoit_wolf,0.0018778364507138856
2016-06-07,ledoit_wolf,-0.0008409786880933453
2016-06-08,ledoit_wolf,0.006190472601001364
2016-06-09,ledoit_wolf,0.005888699836160419
2016-06-10,ledoit_wolf,-0.0020012300090401776
2016-06-13,ledoit_wolf,-0.003911457648690652
2016-06-14,ledoit_wolf,-1.0256014259899839e-05
2016-06-15,ledoit_wolf,-0.001806064043197945
2016-06-16,ledoit_wolf,0.0049544832009868365
2016-06-17,ledoit_wolf,-0.004406240323954934
2016-06-20,ledoit_wolf,0.00026427620453464706
2016-06-21,ledoit_wolf,0.001196649781022725
2016-06-22,ledoit_wolf,-0.00040031071625505984
2016-06-23,ledoit_wolf,0.006215876816882104
2016-06-24,ledoit_wolf,-0.014107560320683502
2016-06-27,ledoit_wolf,0.0033065643037198736
2016-06-28,ledoit_wolf,0.010378205517363629
2016-06-29,ledoit_wolf,0.007817441287709836
2016-06-30,ledoit_wolf,0.015544529175057116
2016-06-01,equal_weight,0.0017494205307150995
2016-06-02,equal_weight,0.0019352807115965921
2016-06-03,equal_weight,0.00501683644822888
2016-06-06,equal_weight,0.00408701016757316
2016-06-07,equal_weight,0.0008246553586961983
2016-06-08,equal_weight,0.006708274031750248
2016-06-09,equal_weight,0.0023418510078230016
2016-06-10,equal_weight,-0.006530282613320371
2016-06-13,equal_weight,-0.006354326497484268
2016-06-14,equal_weight,-0.004149081595902679
2016-06-15,equal_weight,-0.00015176548083795376
2016-06-16,equal_weight,0.0032997987541734395
2016-06-17,equal_weight,-0.004752356823143113
2016-06-20,equal_weight,0.002462611282378623
2016-06-21,equal_weight,0.003040961465671949
2016-06-22,equal_weight,-0.0008302207492376086
2016-06-23,equal_weight,0.010738918921288467
2016-06-24,equal_weight,-0.02727434279524596
2016-06-27,equal_weight,-0.01169769758404339
2016-06-28,equal_weight,0.016706471707236978
2016-06-29,equal_weight,0.014611898104843497
2016-06-30,equal_weight,0.012731171504985326
2016-07-01,sample,0.0020033785731083968
2016-07-05,sample,0.004873519761162458
2016-07-06,sample,0.0036140718006347767
2016-07-07,sample,-0.007794354794930326
2016-07-08,sample,0.010213794884614321
2016-07-11,sample,0.0019359123007320037
2016-07-12,sample,-0.004327531904084898
2016-07-13,sample,0.0025580257361495305
2016-07-14,sample,0.0015835063625379777
2016-07-15,sample,0.00040731221135339047
2016-07-18,sample,0.0037120699984164287
2016-07-19,sample,0.004228656920139464
2016-07-20,sample,-0.0037161292129093823
2016-07-21,sample,0.0011991304821061446
2016-07-22,sample,0.006326844683881356
2016-07-25,sample,-0.003974350397437063
2016-07-26,sample,-0.0028373595326848726
2016-07-27,sample,-0.00585151194810906
2016-07-28,sample,0.0036947307720678786
2016-07-29,sample,0.005573118268519663
2016-07-01,ewma,0.003909774567749971
2016-07-05,ewma,0.005264869558530851
2016-07-06,ewma,0.00648796542001371
2016-07-07,ewma,-0.009969525414540149
2016-07-08,ewma,0.0104604560958119
2016-07-11,ewma,0.00027358482793589324
2016-07-12,ewma,-0.0066908436466986765
2016-07-13,ewma,0.004225315542202277
2016-07-14,ewma,0.0014450303915296597
2016-07-15,ewma,0.0008594629353344325
2016-07-18,ewma,0.002493589557380306
2016-07-19,ewma,0.004608713653479046
2016-07-20,ewma,-0.005942326448552216
2016-07-21,ewma,0.002464790670551286
2016-07-22,ewma,0.007153926195344675
2016-07-25,ewma,-0.006332675544633592
2016-07-26,ewma,-0.0008228550329147906
2016-07-27,ewma,-0.0019683080137474097
2016-07-28,ewma,0.004551149277811988
2016-07-29,ewma,0.0069826880710675355
2016-07-01,ledoit_wolf,0.0018957752578071625
2016-07-05,ledoit_wolf,0.004803624301415658
2016-07-06,ledoit_wolf,0.003564326174844085
2016-07-07,ledoit_wolf,-0.007768089848494638
2016-07-08,ledoit_wolf,0.010194688114203645
2016-07-11,ledoit_wolf,0.0019246915338964946
2016-07-12,ledoit_wolf,-0.004228979694683739
2016-07-13,ledoit_wolf,0.00259048458617925
2016-07-14,ledoit_wolf,0.0015789268047829974
2016-07-15,ledoit_wolf,0.0004051566006675458
2016-07-18,ledoit_wolf,0.003668325399363557
2016-07-19,ledoit_wolf,0.004217803677850323
2016-07-20,ledoit_wolf,-0.003708683021936612
2016-07-21,ledoit_wolf,0.0012132873203925506
2016-07-22,ledoit_wolf,0.006305980597646265
2016-07-25,ledoit_wolf,-0.004003038346318094
2016-07-26,ledoit_wolf,-0.0028312785741371523
2016-07-27,ledoit_wolf,-0.005801477666710614
2016-07-28,ledoit_wolf,0.003647482634076432
2016-07-29,ledoit_wolf,0.005526294965007237
2016-07-01,equal_weight,0.0013608721636787099
2016-07-05,equal_weight,-0.0027378548859374988
2016-07-06,equal_weight,0.006304687284599816
2016-07-07,equal_weight,-0.004270765854630775
2016-07-08,equal_weight,0.014430673713099654
2016-07-11,equal_weight,0.004142440000002616
2016-07-12,equal_weight,0.0036467094820899697
2016-07-13,equal_weight,0.002074901471456518
2016-07-14,equal_weight,0.005030568596050226
2016-07-15,equal_weight,0.00019584995521417707
2016-07-18,equal_weight,0.0047366358807870695
2016-07-19,equal_weight,0.0020836058312208184
2016-07-20,equal_weight,0.0008477609186572791
2016-07-21,equal_weight,-0.0020676357633825993
2016-07-22,equal_weight,0.006003301439469056
2016-07-25,equal_weight,-0.005596779051440765
2016-07-26,equal_weight,0.0024450535249646013
2016-07-27,equal_weight,0.0013099938094392415
2016-07-28,equal_weight,0.004500875112177148
2016-07-29,equal_weight,0.004189772518838031
2016-08-01,sample,0.0019328943541972888
2016-08-02,sample,-0.0010607318580081915
2016-08-03,sample,-0.0026290227477926958
2016-08-04,sample,-0.0012711467498000067
2016-08-05,sample,-0.001027204926626335
2016-08-08,sample,-0.00019217736675201642
2016-08-09,sample,0.0005654340387829186
2016-08-10,sample,0.0004753143298587241
2016-08-11,sample,0.003324379750983474
2016-08-12,sample,-0.000305954276585487
2016-08-15,sample,-0.004642675660667424
2016-08-16,sample,-0.009541885273077253
2016-08-17,sample,0.006368251464202489
2016-08-18,sample,0.0021875029568460876
2016-08-19,sample,-0.004522928541768251
2016-08-22,sample,-0.0026854540172851224
2016-08-23,sample,0.0009318449244141184
2016-08-24,sample,-0.0064142206971834715
2016-08-25,sample,-0.00015472765793572577
2016-08-26,sample,-0.007424837084926378
2016-08-29,sample,0.006741872937743088
2016-08-30,sample,-0.008402824067242659
2016-08-31,sample,-0.0005842638476762184
2016-08-01,ewma,0.004903091928655677
2016-08-02,ewma,-0.0022630822528278438
2016-08-03,ewma,-0.004004928131977899
2016-08-04,ewma,0.00013037454046003832
2016-08-05,ewma,-0.0002322127230717343
2016-08-08,ewma,-0.0011755171559892992
2016-08-09,ewma,0.0006930500730950442
2016-08-10,ewma,0.0003477750103535236
2016-08-11,ewma,0.0029977614968270515
2016-08-12,ewma,-0.001118443150812588
2016-08-15,ewma,-0.005322498457019603
2016-08-16,ewma,-0.010056674611496862
2016-08-17,ewma,0.005379703070817786
2016-08-18,ewma,0.001208508704095002
2016-08-19,ewma,-0.0035166330983304496
2016-08-22,ewma,-0.0013237611110881028
2016-08-23,ewma,0.0018725859898253289
2016-08-24,ewma,-0.007940323617843413
2016-08-25,ewma,8.087996863201631e-05
2016-08-26,ewma,-0.0077764813544023235
2016-08-29,ewma,0.006567407540120653
2016-08-30,ewma,-0.00847047312170256
2016-08-31,ewma,-0.0012252074366051356
2016-08-01,ledoit_wolf,0.0018720596937309123
2016-08-02,ledoit_wolf,-0.0010390437729801312
2016-08-03,ledoit_wolf,-0.0026051996280631413
2016-08-04,ledoit_wolf,-0.0012047002021871181
2016-08-05,ledoit_wolf,-0.0010126400358737423
2016-08-08,ledoit_wolf,-0.00015971138649235168
2016-08-09,ledoit_wolf,0.0005843104842257123
2016-08-10,ledoit_wolf,0.0004429004356600538
2016-08-11,ledoit_wolf,0.003284577999635843
2016-08-12,ledoit_wolf,-0.00025238964190931086
2016-08-15,ledoit_wolf,-0.004633879651773527
2016-08-16,ledoit_wolf,-0.009480618065309792
2016-08-17,ledoit_wolf,0.006385416948365651
2016-08-18,ledoit_wolf,0.0022733233178115404
2016-08-19,ledoit_wolf,-0.004555519981308692
2016-08-22,ledoit_wolf,-0.0026709261475358816
2016-08-23,ledoit_wolf,0.0009143551836412587
2016-08-24,ledoit_wolf,-0.006354469974459673
2016-08-25,ledoit_wolf,-0.0001461589875821027
2016-08-26,ledoit_wolf,-0.007374246693212596
2016-08-29,ledoit_wolf,0.0067440606161905045
2016-08-30,ledoit_wolf,-0.008338041433622524
2016-08-31,ledoit_wolf,-0.000595393976211045
2016-08-01,equal_weight,-0.0008215943316744519
2016-08-02,equal_weight,-0.0026657556257133354
2016-08-03,equal_weight,0.0017151188108772138
2016-08-04,equal_weight,0.0008339403475778889
2016-08-05,equal_weight,0.005467212238510258
2016-08-08,equal_weight,0.00082293614897555
2016-08-09,equal_weight,0.0007886493369963301
2016-08-10,equal_weight,-0.00268351728790614
2016-08-11,equal_weight,0.0028204439839544337
2016-08-12,equal_weight,0.00044123202115902837
2016-08-15,equal_weight,-0.0001858895185831292
2016-08-16,equal_weight,-0.00442511480994189
2016-08-17,equal_weight,0.004236186760469628
2016-08-18,equal_weight,0.002137853273449568
2016-08-19,equal_weight,-0.0031684804081990327
2016-08-22,equal_weight,-0.0016196151605339987
2016-08-23,equal_weight,0.0018801524119578437
2016-08-24,equal_weight,-0.006757847431936402
2016-08-25,equal_weight,-0.0001360163285813224
2016-08-26,equal_weight,-0.0031518502074514556
2016-08-29,equal_weight,0.007389633526089645
2016-08-30,equal_weight,-0.004959558804776415
2016-08-31,equal_weight,-0.002194465786421504
2016-09-01,sample,0.0011775412808145123
2016-09-02,sample,0.007930597811988212
2016-09-06,sample,0.006467757842822084
2016-09-07,sample,-0.0031391193138672014
2016-09-08,sample,-0.0018969181691095606
2016-09-09,sample,-0.027052332952769223
2016-09-12,sample,0.015698605738094867
2016-09-13,sample,-0.013811942503875688
2016-09-14,sample,0.0007597003973250651
2016-09-15,sample,0.008268151335028213
2016-09-16,sample,-0.0014681281229519743
2016-09-19,sample,0.002171086265466046
2016-09-20,sample,0.0008767652787252595
2016-09-21,sample,0.01277621790299889
2016-09-22,sample,0.00680785504560666
2016-09-23,sample,-0.00679785071147215
2016-09-26,sample,-0.008163949070647674
2016-09-27,sample,0.004878896219856986
2016-09-28,sample,0.0034641522300749893
2016-09-29,sample,-0.009955041978174057
2016-09-30,sample,0.00487799538390149
2016-09-01,ewma,0.0009097663327228059
2016-09-02,ewma,0.005592899908752866
2016-09-06,ewma,0.004631075807869626
2016-09-07,ewma,-0.003222011382666994
2016-09-08,ewma,-0.0018752756884724666
2016-09-09,ewma,-0.02215412804527231
2016-09-12,ewma,0.014047687802860425
2016-09-13,ewma,-0.012078968807034607
2016-09-14,ewma,0.002363621518761042
2016-09-15,ewma,0.010050274654481828
2016-09-16,ewma,-0.0013885584931376356
2016-09-19,ewma,-0.00052786860075533
2016-09-20,ewma,0.0003430948142760491
2016-09-21,ewma,0.007411889774973376
2016-09-22,ewma,0.006818188049604299
2016-09-23,ewma,-0.0071094522230219885
2016-09-26,ewma,-0.00711518982709449
2016-09-27,ewma,0.008418427339696478
2016-09-28,ewma,0.008638043361955014
2016-09-29,ewma,-0.011174143565613633
2016-09-30,ewma,0.008424339381362136
2016-09-01,ledoit_wolf,0.0011894938009552472
2016-09-02,ledoit_wolf,0.00792613836582205
2016-09-06,ledoit_wolf,0.006536687520798969
2016-09-07,ledoit_wolf,-0.0030953291956273355
2016-09-08,ledoit_wolf,-0.0018898117643013964
2016-09-09,ledoit_wolf,-0.027072201082357455
2016-09-12,ledoit_wolf,0.015686912305139886
2016-09-13,ledoit_wolf,-0.013734851294450873
2016-09-14,ledoit_wolf,0.0007686654113073003
2016-09-15,ledoit_wolf,0.008286960434946651
2016-09-16,ledoit_wolf,-0.0014614056194682638
2016-09-19,ledoit_wolf,0.0021820221475136953
2016-09-20,ledoit_wolf,0.0008570522469453154
2016-09-21,ledoit_wolf,0.012743240141687281
2016-09-22,ledoit_wolf,0.006820871932858252
2016-09-23,ledoit_wolf,-0.006769565032372466
2016-09-26,ledoit_wolf,-0.008062642186601264
2016-09-27,ledoit_wolf,0.004848276071368448
2016-09-28,ledoit_wolf,0.003417789478682883
2016-09-29,ledoit_wolf,-0.00994749072280184
2016-09-30,ledoit_wolf,0.004867206340315923
2016-09-01,equal_weight,0.0010234736515963242
2016-09-02,equal_weight,0.007168383533806631
2016-09-06,equal_weight,0.007792532891366879
2016-09-07,equal_weight,0.00010900253035508447
2016-09-08,equal_weight,-0.0023604146931642624
2016-09-09,equal_weight,-0.027994015484575065
2016-09-12,equal_weight,0.013467119541792784
2016-09-13,equal_weight,-0.014956306551397422
2016-09-14,equal_weight,0.0009783706943200612
2016-09-15,equal_weight,0.009044964114037154
2016-09-16,equal_weight,-0.0030413507791631827
2016-09-19,equal_weight,0.001959005538038739
2016-09-20,equal_weight,-0.00030251742686361366
2016-09-21,equal_weight,0.014551840307152014
2016-09-22,equal_weight,0.0062206924080680515
2016-09-23,equal_weight,-0.006812419232103806
2016-09-26,equal_weight,-0.007241820045047258
2016-09-27,equal_weight,0.005421089161762846
2016-09-28,equal_weight,0.009955623697357408
2016-09-29,equal_weight,-0.007676930781352816
2016-09-30,equal_weight,0.007303603800924582
2016-10-03,sample,-0.006026942839236836
2016-10-04,sample,-0.010328542060538938
2016-10-05,sample,-5.69582016751917e-05
2016-10-06,sample,0.00103665802806026
2016-10-07,sample,0.0011396589199966492
2016-10-10,sample,0.0032464290582079726
2016-10-11,sample,-0.011317418826619439
2016-10-12,sample,0.005947112158282623
2016-10-13,sample,0.0023063560251112797
2016-10-14,sample,-0.002880215169906768
2016-10-17,sample,0.0005087797179240902
2016-10-18,sample,0.004422567336534778
2016-10-19,sample,-0.00030910123824980746
2016-10-20,sample,-0.00031416046984380466
2016-10-21,sample,-0.0031483676801456854
2016-10-24,sample,0.00435715024850484
2016-10-25,sample,0.0007045816768210967
2016-10-26,sample,-0.0007405534115991789
2016-10-27,sample,-0.004468121707897028
2016-10-28,sample,0.001089390120805384
2016-10-31,sample,0.0048699572744187155
2016-10-03,ewma,-0.0017232908417752165
2016-10-04,ewma,-0.0056566695429084695
2016-10-05,ewma,0.001971819106598712
2016-10-06,ewma,0.0011026994727846217
2016-10-07,ewma,-0.001594404069108702
2016-10-10,ewma,0.007695142368084626
2016-10-11,ewma,-0.012360883403715075
2016-10-12,ewma,0.002705777653351705
2016-10-13,ewma,-0.0013056975571951975
2016-10-14,ewma,-0.0019832736815100296
2016-10-17,ewma,0.0005044911991630034
2016-10-18,ewma,0.008063307260426037
2016-10-19,ewma,0.002272920579898781
2016-10-20,ewma,0.0007172785987683967
2016-10-21,ewma,-0.0013326704359300297
2016-10-24,ewma,0.004388092147521282
2016-10-25,ewma,-0.0009849352311801136
2016-10-26,ewma,-0.0024535317926086334
2016-10-27,ewma,-0.001101643045208934
2016-10-28,ewma,-0.0009781950219973313
2016-10-31,ewma,0.0020556357999217912
2016-10-03,ledoit_wolf,-0.006010379508530303
2016-10-04,ledoit_wolf,-0.010347850383686227
2016-10-05,ledoit_wolf,-0.00012444096001607615
2016-10-06,ledoit_wolf,0.0009956702048003376
2016-10-07,ledoit_wolf,0.0010887978820446021
2016-10-10,ledoit_wolf,0.0033493568199665993
2016-10-11,ledoit_wolf,-0.011295506613148048
2016-10-12,ledoit_wolf,0.005961651135268372
2016-10-13,ledoit_wolf,0.002286864577772425
2016-10-14,ledoit_wolf,-0.0028340293947315396
2016-10-17,ledoit_wolf,0.0005589813854741143
2016-10-18,ledoit_wolf,0.004484030141611825
2016-10-19,ledoit_wolf,-0.00026044463522865557
2016-10-20,ledoit_wolf,-0.00031923648529184824
2016-10-21,ledoit_wolf,-0.003122079516721596
2016-10-24,ledoit_wolf,0.00435096716068183
2016-10-25,ledoit_wolf,0.0008529699633986671
2016-10-26,ledoit_wolf,-0.0008287260842655188
2016-10-27,ledoit_wolf,-0.0044355708929224025
2016-10-28,ledoit_wolf,0.0010029005902103896
2016-10-31,ledoit_wolf,0.004903805931033096
2016-10-03,equal_weight,-0.005422954367279661
2016-10-04,equal_weight,-0.010725252913101994
2016-10-05,equal_weight,0.0033232771237623627
2016-10-06,equal_weight,0.0009150592761091043
2016-10-07,equal_weight,-0.0008196817748343045
2016-10-10,equal_weight,0.0057493248654553195
2016-10-11,equal_weight,-0.010084469858048681
2016-10-12,equal_weight,0.0036369427399792114
2016-10-13,equal_weight,-0.0007826820366786878
2016-10-14,equal_weight,-0.0002953018916592072
2016-10-17,equal_weight,-5.3629749873788414e-05
2016-10-18,equal_weight,0.008839124032973572
2016-10-19,equal_weight,0.00377433970980075
2016-10-20,equal_weight,-0.003918319862867503
2016-10-21,equal_weight,0.0012426292195647202
2016-10-24,equal_weight,0.005013407506557816
2016-10-25,equal_weight,-0.0011127835336105475
2016-10-26,equal_weight,-0.0040117957951238
2016-10-27,equal_weight,-0.006696383837968592
2016-10-28,equal_weight,-0.00035919010392315666
2016-10-31,equal_weight,0.003923974673940871
2016-11-01,sample,-0.008995144963904609
2016-11-02,sample,-0.00537083286585511
2016-11-03,sample,-0.0004836537041377991
2016-11-04,sample,-0.004045506461770413
2016-11-07,sample,0.018165718086366037
2016-11-08,sample,0.0060258630836264124
2016-11-09,sample,-0.005504454453792797
2016-11-10,sample,-0.012981860059198179
2016-11-11,sample,-0.0040533432460736
2016-11-14,sample,-0.003959868244971613
2016-11-15,sample,0.005042565529052585
2016-11-16,sample,-0.00314956739420051
2016-11-17,sample,0.0021408890911736147
2016-11-18,sample,-0.005279748108223017
2016-11-21,sample,0.00643429153978535
2016-11-22,sample,0.00015132048870348516
2016-11-23,sample,-0.0016286504235327836
2016-11-25,sample,0.007306935230378726
2016-11-28,sample,0.002825743199506758
2016-11-29,sample,0.0008693942371772
2016-11-30,sample,-0.012128067495872401
2016-11-01,ewma,-0.007494948280584565
2016-11-02,ewma,-0.001568599150050119
2016-11-03,ewma,-0.0043381825163400604
2016-11-04,ewma,-0.004965432770324674
2016-11-07,ewma,0.021321438172030097
2016-11-08,ewma,0.005436001187452105
2016-11-09,ewma,0.00621936183054957
2016-11-10,ewma,-0.0021241901531635545
2016-11-11,ewma,-0.002323080621338708
2016-11-14,ewma,-0.002538613748138804
2016-11-15,ewma,0.0038493989520304453
2016-11-16,ewma,-0.0039688171630888345
2016-11-17,ewma,0.0019409900285770924
2016-11-18,ewma,-0.004167735682038832
2016-11-21,ewma,0.008579434112577602
2016-11-22,ewma,-0.0009525500696703995
2016-11-23,ewma,0.0006819316650668625
2016-11-25,ewma,0.005708519978377807
2016-11-28,ewma,-0.001270648019891503
2016-11-29,ewma,0.001267711691626663
2016-11-30,ewma,-0.003972233601292542
2016-11-01,ledoit_wolf,-0.008973149028298238
2016-11-02,ledoit_wolf,-0.005432757844773296
2016-11-03,ledoit_wolf,-0.0004790623825667709
2016-11-04,ledoit_wolf,-0.00409419636775792
2016-11-07,ledoit_wolf,0.01819768387143236
2016-11-08,ledoit_wolf,0.0060239115753339635
2016-11-09,ledoit_wolf,-0.005645834811320222
2016-11-10,ledoit_wolf,-0.013168496835662881
2016-11-11,ledoit_wolf,-0.004058487451523704
2016-11-14,ledoit_wolf,-0.003979419268425907
2016-11-15,ledoit_wolf,0.005257450352410788
2016-11-16,ledoit_wolf,-0.0031018188496869242
2016-11-17,ledoit_wolf,0.0019645653257388735
2016-11-18,ledoit_wolf,-0.0052446779858476315
2016-11-21,ledoit_wolf,0.006539702422637457
2016-11-22,ledoit_wolf,8.956993088006298e-05
2016-11-23,ledoit_wolf,-0.001632222482803394
2016-11-25,ledoit_wolf,0.007307976612167244
2016-11-28,ledoit_wolf,0.002749438974447976
2016-11-29,ledoit_wolf,0.0008755270139641559
2016-11-30,ledoit_wolf,-0.012155219592750758
2016-11-01,equal_weight,-0.006475955262874972
2016-11-02,equal_weight,-0.008145170689426582
2016-11-03,equal_weight,-0.003613272952613577
2016-11-04,equal_weight,-0.002720852294409578
2016-11-07,equal_weight,0.020128801982254467
2016-11-08,equal_weight,0.004728220200263929
2016-11-09,equal_weight,0.0014614270503064504
2016-11-10,equal_weight,-0.005896497166771656
2016-11-11,equal_weight,-0.006791694322429863
2016-11-14,equal_weight,0.0023031994247957157
2016-11-15,equal_weight,0.009358530685797214
2016-11-16,equal_weight,-0.0023647095082695068
2016-11-17,equal_weight,0.0026644344285704606
2016-11-18,equal_weight,-0.0017970816338635062
2016-11-21,equal_weight,0.010179937558196479
2016-11-22,equal_weight,0.003474216474055168
2016-11-23,equal_weight,-0.0007800074404490967
2016-11-25,equal_weight,0.004350715349156362
2016-11-28,equal_weight,-0.0009353157532989498
2016-11-29,equal_weight,0.0023416568644476763
2016-11-30,equal_weight,-0.003688292948173862
2016-12-01,sample,-0.0035661143079222597
2016-12-02,sample,0.005472386867409546
2016-12-05,sample,0.0024869935267666544
2016-12-06,sample,-0.0006341660466204213
2016-12-07,sample,0.013940946307464962
2016-12-08,sample,-0.0019209813795312966
2016-12-09,sample,0.009534675990624825
2016-12-12,sample,0.007513617208672384
2016-12-13,sample,0.007664773840494577
2016-12-14,sample,-0.013862541124877191
2016-12-15,sample,0.005038880700848802
2016-12-16,sample,0.0028564482864541444
2016-12-19,sample,0.0006395024562523704
2016-12-20,sample,0.002145517246497951
2016-12-21,sample,-0.0031890376420603264
2016-12-22,sample,0.0006604163987053118
2016-12-23,sample,0.002406700340691082
2016-12-27,sample,-0.00015118530725930898
2016-12-28,sample,-0.005708098443712391
2016-12-29,sample,0.006298663690410211
2016-12-30,sample,-0.005414294253563096
2016-12-01,ewma,0.001676173611878202
2016-12-02,ewma,0.003674192942507423
2016-12-05,ewma,0.004034895904734535
2016-12-06,ewma,-0.0011045636627106822
2016-12-07,ewma,0.013199360387712931
2016-12-08,ewma,0.0012764802809322295
2016-12-09,ewma,0.006533419827560689
2016-12-12,ewma,0.006580277893097285
2016-12-13,ewma,0.006202219580571792
2016-12-14,ewma,-0.009637747886612983
2016-12-15,ewma,0.006412643208189924
2016-12-16,ewma,0.0008184086230927013
2016-12-19,ewma,0.0005051110821800502
2016-12-20,ewma,0.0025440113835065044
2016-12-21,ewma,-0.00180264645031476
2016-12-22,ewma,-0.000993307654334453
2016-12-23,ewma,0.0024190359883913023
2016-12-27,ewma,0.0008936468804747403
2016-12-28,ewma,-0.00604707336890317
2016-12-29,ewma,0.002723766842913313
2016-12-30,ewma,-0.00420659997609284
2016-12-01,ledoit_wolf,-0.0035869272607974086
2016-12-02,ledoit_wolf,0.005453987209416438
2016-12-05,ledoit_wolf,0.002588286931728477
2016-12-06,ledoit_wolf,-0.0005793297603180324
2016-12-07,ledoit_wolf,0.013831269297256206
2016-12-08,ledoit_wolf,-0.0018514888995728768
2016-12-09,ledoit_wolf,0.00957232702732222
2016-12-12,ledoit_wolf,0.007425053594928564
2016-12-13,ledoit_wolf,0.007608584685698951
2016-12-14,ledoit_wolf,-0.013830429024887913
2016-12-15,ledoit_wolf,0.005075828739054758
2016-12-16,ledoit_wolf,0.0028254831395152624
2016-12-19,ledoit_wolf,0.0006286053869209002
2016-12-20,ledoit_wolf,0.0020765653503086925
2016-12-21,ledoit_wolf,-0.0031777470817565467
2016-12-22,ledoit_wolf,0.0006779456661070331
2016-12-23,ledoit_wolf,0.002436008574800623
2016-12-27,ledoit_wolf,-0.00012818939780211142
2016-12-28,ledoit_wolf,-0.005758590891942502
2016-12-29,ledoit_wolf,0.006279425216901313
2016-12-30,ledoit_wolf,-0.005404007979837138
2016-12-01,equal_weight,-0.0025801726863636043
2016-12-02,equal_weight,0.0028855455733049823
2016-12-05,equal_weight,0.006568602296817544
2016-12-06,equal_weight,-8.88506213676763e-05
2016-12-07,equal_weight,0.015748384573815194
2016-12-08,equal_weight,0.0009692597479740116
2016-12-09,equal_weight,0.005159867421150316
2016-12-12,equal_weight,0.0013958722812392357
2016-12-13,equal_weight,0.009703370043983379
2016-12-14,equal_weight,-0.011740526900490359
2016-12-15,equal_weight,0.003984028307686965
2016-12-16,equal_weight,-0.0001432860070306476
2016-12-19,equal_weight,0.0017120065477140049
2016-12-20,equal_weight,0.0032293816461937902
2016-12-21,equal_weight,-0.002423348161580522
2016-12-22,equal_weight,-0.0006356978826912081
2016-12-23,equal_weight,0.0016644698135743694
2016-12-27,equal_weight,0.0021918730109772074
2016-12-28,equal_weight,-0.006175308463913676
2016-12-29,equal_weight,0.003988300519785731
2016-12-30,equal_weight,-0.006311233293460613
2017-01-03,sample,0.004634430790937137
2017-01-04,sample,0.0012087346013277764
2017-01-05,sample,0.0017929970129071514
2017-01-06,sample,-0.001674453727992163
2017-01-09,sample,-0.003954348823108127
2017-01-10,sample,-0.0012556944152554744
2017-01-11,sample,0.0006750017589771863
2017-01-12,sample,-0.00037934479918903525
2017-01-13,sample,-0.0011106753362305928
2017-01-17,sample,0.004195340991193605
2017-01-18,sample,0.00014810689674999106
2017-01-19,sample,-0.004329524889889804
2017-01-20,sample,0.005883556114578093
2017-01-23,sample,0.0012419996229297695
2017-01-24,sample,0.002316077315697454
2017-01-25,sample,0.002375965900245296
2017-01-26,sample,-0.0023914171226131257
2017-01-27,sample,0.0008083494086464477
2017-01-30,sample,-0.0015898120231353254
2017-01-31,sample,0.004278299446992326
2017-01-03,ewma,0.004387741381137707
2017-01-04,ewma,0.0015306130663992725
2017-01-05,ewma,3.486944157911386e-06
2017-01-06,ewma,0.00014005552693961395
2017-01-09,ewma,-0.0002910289415247753
2017-01-10,ewma,-0.0038509058575878223
2017-01-11,ewma,0.00241402364967834
2017-01-12,ewma,-0.0013254622218501402
2017-01-13,ewma,-0.00021711792439507987
2017-01-17,ewma,-0.0013428457910636747
2017-01-18,ewma,-0.0002635762397747367
2017-01-19,ewma,-0.003889165066694949
2017-01-20,ewma,0.005279799450295608
2017-01-23,ewma,-0.0001763993645486455
2017-01-24,ewma,0.0025686603616669173
2017-01-25,ewma,0.006413681878795881
2017-01-26,ewma,-6.777132198276665e-05
2017-01-27,ewma,-0.004485693676104984
2017-01-30,ewma,-0.006449702880994162
2017-01-31,ewma,-0.0021937486672082957
2017-01-03,ledoit_wolf,0.004689509068995956
2017-01-04,ledoit_wolf,0.001185106265042089
2017-01-05,ledoit_wolf,0.0018493658192561214
2017-01-06,ledoit_wolf,-0.0016079571458428004
2017-01-09,ledoit_wolf,-0.003948442858626984
2017-01-10,ledoit_wolf,-0.0013132291135189037
2017-01-11,ledoit_wolf,0.0007117214824173555
2017-01-12,ledoit_wolf,-0.00037680763690068643
2017-01-13,ledoit_wolf,-0.001101815645606947
2017-01-17,ledoit_wolf,0.004128703369206969
2017-01-18,ledoit_wolf,0.00018804297076904677
2017-01-19,ledoit_wolf,-0.004328360494385626
2017-01-20,ledoit_wolf,0.00591141512306559
2017-01-23,ledoit_wolf,0.0011926307166876195
2017-01-24,ledoit_wolf,0.002355880069918193
2017-01-25,ledoit_wolf,0.0024689246557638832
2017-01-26,ledoit_wolf,-0.0024348376794240227
2017-01-27,ledoit_wolf,0.0006995888528193263
2017-01-30,ledoit_wolf,-0.0016884554561643302
2017-01-31,ledoit_wolf,0.004263795213300804
2017-01-03,equal_weight,0.005920815244040912
2017-01-04,equal_weight,0.0034149213800835124
2017-01-05,equal_weight,0.0021425282642071795
2017-01-06,equal_weight,0.0021200792156651684
2017-01-09,equal_weight,-0.002169128686764268
2017-01-10,equal_weight,-0.0018599688062201443
2017-01-11,equal_weight,0.0033862572671435787
2017-01-12,equal_weight,0.00014315695526175617
2017-01-13,equal_weight,0.0006874296193109616
2017-01-17,equal_weight,-0.001558328894928965
2017-01-18,equal_weight,0.0014766074227750693
2017-01-19,equal_weight,-0.003162142556697783
2017-01-20,equal_weight,0.005064677817202988
2017-01-23,equal_weight,0.0031611511417386265
2017-01-24,equal_weight,0.004241567696791297
2017-01-25,equal_weight,0.005642337828100182
2017-01-26,equal_weight,-0.0009525721708809394
2017-01-27,equal_weight,-0.0030199179472095417
2017-01-30,equal_weight,-0.006647499039307638
2017-01-31,equal_weight,-0.0011587902036018826
2017-02-01,sample,-0.0037473160129922883
2017-02-02,sample,0.0016343751494053633
2017-02-03,sample,0.0028139306722807346
2017-02-06,sample,-0.00247938490896591
2017-02-07,sample,0.002317055117949522
2017-02-08,sample,0.004316674892409365
2017-02-09,sample,-0.0026111022728371293
2017-02-10,sample,0.0022266429183965147
2017-02-13,sample,0.004760732761043751
2017-02-14,sample,0.0016325964549529645
2017-02-15,sample,0.005644881884685062
2017-02-16,sample,0.006751027499732125
2017-02-17,sample,-0.0011717915525891573
2017-02-21,sample,0.008434909884847724
2017-02-22,sample,0.00047401203035319023
2017-02-23,sample,0.004738606225833748
2017-02-24,sample,0.00714100021590473
2017-02-27,sample,-0.0017026877977050106
2017-02-28,sample,0.0028053512671803106
2017-02-01,ewma,0.005001707537785682
2017-02-02,ewma,0.0006504373282309473
2017-02-03,ewma,0.00643945040705082
2017-02-06,ewma,-0.0031500600534319877
2017-02-07,ewma,0.001491463982454607
2017-02-08,ewma,0.0035048609962945437
2017-02-09,ewma,0.0031213520379271675
2017-02-10,ewma,0.003464332999015698
2017-02-13,ewma,0.006182900334570679
2017-02-14,ewma,0.00509668945633557
2017-02-15,ewma,0.007077959697074765
2017-02-16,ewma,0.0012318301556480376
2017-02-17,ewma,-0.0010176196649658408
2017-02-21,ewma,0.01026032729338432
2017-02-22,ewma,-0.000499022285217088
2017-02-23,ewma,0.004085534940225241
2017-02-24,ewma,0.005907303815328641
2017-02-27,ewma,-0.0006067917212876095
2017-02-28,ewma,0.0021751677526890465
2017-02-01,ledoit_wolf,-0.003714689874430136
2017-02-02,ledoit_wolf,0.00167243707445227
2017-02-03,ledoit_wolf,0.00279829981400754
2017-02-06,ledoit_wolf,-0.0024197830470365634
2017-02-07,ledoit_wolf,0.0023231999172753717
2017-02-08,ledoit_wolf,0.004254622759585904
2017-02-09,ledoit_wolf,-0.0026135456354004854
2017-02-10,ledoit_wolf,0.0022177971160518206
2017-02-13,ledoit_wolf,0.004790269160899037
2017-02-14,ledoit_wolf,0.0016088495239464228
2017-02-15,ledoit_wolf,0.005628017394281135
2017-02-16,ledoit_wolf,0.006766187324701859
2017-02-17,ledoit_wolf,-0.0011875711302353788
2017-02-21,ledoit_wolf,0.008359348946600776
2017-02-22,ledoit_wolf,0.000444652355076339
2017-02-23,ledoit_wolf,0.0047318950793367575
2017-02-24,ledoit_wolf,0.007072800970528608
2017-02-27,ledoit_wolf,-0.0016806532497392983
2017-02-28,ledoit_wolf,0.0028092878862783265
2017-02-01,equal_weight,0.000689889915870878
2017-02-02,equal_weight,0.0013227810476801305
2017-02-03,equal_weight,0.005289736587801319
2017-02-06,equal_weight,-0.0021932314239234653
2017-02-07,equal_weight,-0.0007753794074433953
2017-02-08,equal_weight,0.003364896090093313
2017-02-09,equal_weight,0.0021667077029396825
2017-02-10,equal_weight,0.004171117297252094
2017-02-13,equal_weight,0.006563691834356863
2017-02-14,equal_weight,0.0028416441096354565
2017-02-15,equal_weight,0.004327250064979456
2017-02-16,equal_weight,0.0021753959128426284
2017-02-17,equal_weight,-0.001183490787328116
2017-02-21,equal_weight,0.007767711051163612
2017-02-22,equal_weight,-0.002315901029591739
2017-02-23,equal_weight,0.0002445724649329296
2017-02-24,equal_weight,0.0024508929523738244
2017-02-27,equal_weight,0.00014053466025521443
2017-02-28,equal_weight,0.001200964775299146
2017-03-01,sample,0.0074426227133623435
2017-03-02,sample,-0.0002409798766034362
2017-03-03,sample,-0.0005717620749695318
2017-03-06,sample,-0.0023137062766162048
2017-03-07,sample,-0.0012954496860409584
2017-03-08,sample,-0.0037666565082465028
2017-03-09,sample,0.0007342734437355925
2017-03-10,sample,0.005650251882883332
2017-03-13,sample,0.002403382116976435
2017-03-14,sample,-0.001991475498866673
2017-03-15,sample,0.010471262778567712
2017-03-16,sample,-0.002256652844183757
2017-03-17,sample,-0.001153878306130977
2017-03-20,sample,-0.0021533922320485428
2017-03-21,sample,2.3612680215655615e-05
2017-03-22,sample,-0.0009217748549356156
2017-03-23,sample,-0.002005324443646579
2017-03-24,sample,-0.0011012643788746296
2017-03-27,sample,-0.0011639750841870716
2017-03-28,sample,0.002972774548319408
2017-03-29,sample,-0.003553335093886557
2017-03-30,sample,-0.0006623273230925989
2017-03-31,sample,-0.0027072081324529393
2017-03-01,ewma,0.012248265876092727
2017-03-02,ewma,-0.0027648702402686765
2017-03-03,ewma,0.0002631168254479469
2017-03-06,ewma,-0.0016295346510478502
2017-03-07,ewma,-0.0021040644309724627
2017-03-08,ewma,-0.0036061619524850957
2017-03-09,ewma,0.0018637299013130892
2017-03-10,ewma,0.00386287264386334
2017-03-13,ewma,0.0011576189305707017
2017-03-14,ewma,-0.003743451657312726
2017-03-15,ewma,0.00915471044978327
2017-03-16,ewma,-0.0009013438309088558
2017-03-17,ewma,-0.0009066333686947761
2017-03-20,ewma,0.0005148155797208256
2017-03-21,ewma,-0.0040105693597592895
2017-03-22,ewma,0.0018604294521484895
2017-03-23,ewma,-0.001818626348114288
2017-03-24,ewma,-0.0008632096698801302
2017-03-27,ewma,-0.0005083605170896185
2017-03-28,ewma,0.005750599823766
2017-03-29,ewma,0.00037744294813596446
2017-03-30,ewma,0.0016751907052375528
2017-03-31,ewma,-0.00378432092860788
2017-03-01,ledoit_wolf,0.007565789848679512
2017-03-02,ledoit_wolf,-0.0003026236046379197
2017-03-03,ledoit_wolf,-0.0006059926413573176
2017-03-06,ledoit_wolf,-0.002307452549839042
2017-03-07,ledoit_wolf,-0.0013136139777585537
2017-03-08,ledoit_wolf,-0.0037999144266048198
2017-03-09,ledoit_wolf,0.0008057232152229709
2017-03-10,ledoit_wolf,0.005602327277629047
2017-03-13,ledoit_wolf,0.002361982356327381
2017-03-14,ledoit_wolf,-0.0020479590660880866
2017-03-15,ledoit_wolf,0.010485507583472201
2017-03-16,ledoit_wolf,-0.002242892071309406
2017-03-17,ledoit_wolf,-0.0011665468969329269
2017-03-20,ledoit_wolf,-0.002152888367341012
2017-03-21,ledoit_wolf,-3.969706122849037e-05
2017-03-22,ledoit_wolf,-0.000930144796987288
2017-03-23,ledoit_wolf,-0.0020402832847963488
2017-03-24,ledoit_wolf,-0.0011537826299974588
2017-03-27,ledoit_wolf,-0.0010506644371453076
2017-03-28,ledoit_wolf,0.003031274684305679
2017-03-29,ledoit_wolf,-0.0034876020275038284
2017-03-30,ledoit_wolf,-0.0005494255176692082
2017-03-31,ledoit_wolf,-0.0027797518205036576
2017-03-01,equal_weight,0.01212440965843382
2017-03-02,equal_weight,-0.00618529843898403
2017-03-03,equal_weight,0.001726550406640286
2017-03-06,equal_weight,-0.0035250032963181546
2017-03-07,equal_weight,-0.001463618866557222
2017-03-08,equal_weight,-0.004994467865211604
2017-03-09,equal_weight,-0.0009511854676380299
2017-03-10,equal_weight,0.004078607498796294
2017-03-13,equal_weight,0.0013439419121836229
2017-03-14,equal_weight,-0.00441594142928794
2017-03-15,equal_weight,0.010998170580277212
2017-03-16,equal_weight,-0.0030235642867230336
2017-03-17,equal_weight,-0.0004312317259117087
2017-03-20,equal_weight,0.0001602776184181111
2017-03-21,equal_weight,-0.008776652531793147
2017-03-22,equal_weight,0.0018735069660441312
2017-03-23,equal_weight,-0.001290194614299305
2017-03-24,equal_weight,-0.0009767394197379993
2017-03-27,equal_weight,-0.0014056163352520667
2017-03-28,equal_weight,0.006134533873820348
2017-03-29,equal_weight,0.0012568653060998942
2017-03-30,equal_weight,0.0022795239109507297
2017-03-31,equal_weight,-0.0023205816498929185
2017-04-03,sample,0.0013151066031788507
2017-04-04,sample,0.002838540848531845
2017-04-05,sample,0.001990540354266633
2017-04-06,sample,0.0002412779696448282
2017-04-07,sample,-0.0017764232615438658
2017-04-10,sample,0.0024146245793021668
2017-04-11,sample,-0.0001206622816390337
2017-04-12,sample,0.0017783447173031165
2017-04-13,sample,-0.004231558315242518
2017-04-17,sample,0.00644552737243191
2017-04-18,sample,-0.0012602841412773275
2017-04-19,sample,-0.004437150737864029
2017-04-20,sample,0.0031900351724624115
2017-04-21,sample,0.002003651836833503
2017-04-24,sample,0.007883575516263612
2017-04-25,sample,0.006806673954415243
2017-04-26,sample,-0.0009374352976834425
2017-04-27,sample,0.0013854127930150058
2017-04-28,sample,-0.0006719048611963886
2017-04-03,ewma,-0.0001140916350431618
2017-04-04,ewma,0.002916363074359815
2017-04-05,ewma,0.00099343907945713
2017-04-06,ewma,-0.0006696515734068305
2017-04-07,ewma,-0.001983960171996262
2017-04-10,ewma,0.002963738136560318
2017-04-11,ewma,-0.0013751673591691277
2017-04-12,ewma,0.0006426937731205261
2017-04-13,ewma,-0.004082354334321113
2017-04-17,ewma,0.008172080452675642
2017-04-18,ewma,-0.0006751150316083444
2017-04-19,ewma,-0.00366111575004015
2017-04-20,ewma,0.0026081585212387763
2017-04-21,ewma,0.0026048852052724374
2017-04-24,ewma,0.008855507875163532
2017-04-25,ewma,0.0032165439486675227
2017-04-26,ewma,-0.0015149657479550094
2017-04-27,ewma,0.004965145570108574
2017-04-28,ewma,0.0021870801626517455
2017-04-03,ledoit_wolf,0.0013396801423778055
2017-04-04,ledoit_wolf,0.002876191988532335
2017-04-05,ledoit_wolf,0.001911461538421836
2017-04-06,ledoit_wolf,0.00018129351513206633
2017-04-07,ledoit_wolf,-0.001770687277950489
2017-04-10,ledoit_wolf,0.0023540237194268595
2017-04-11,ledoit_wolf,-0.00011545295784663269
2017-04-12,ledoit_wolf,0.0018240315520445145
2017-04-13,ledoit_wolf,-0.004268474358015728
2017-04-17,ledoit_wolf,0.006449851295089776
2017-04-18,ledoit_wolf,-0.001338601721268414
2017-04-19,ledoit_wolf,-0.004385662294824098
2017-04-20,ledoit_wolf,0.0032224882112837612
2017-04-21,ledoit_wolf,0.0019539965875860115
2017-04-24,ledoit_wolf,0.00787573414698704
2017-04-25,ledoit_wolf,0.006639529869041531
2017-04-26,ledoit_wolf,-0.001041930316531508
2017-04-27,ledoit_wolf,0.0014053210999352718
2017-04-28,ledoit_wolf,-0.0006187523556998814
2017-04-03,equal_weight,0.0021369354841004936
2017-04-04,equal_weight,0.003995691590783771
2017-04-05,equal_weight,-0.0004749995449682187
2017-04-06,equal_weight,0.0010269252453644893
2017-04-07,equal_weight,-0.0012889714101858897
2017-04-10,equal_weight,0.003598091803562654
2017-04-11,equal_weight,-0.0004669893799310078
2017-04-12,equal_weight,-0.002098758830446092
2017-04-13,equal_weight,-0.0076093127870699925
2017-04-17,equal_weight,0.009530291616725892
2017-04-18,equal_weight,-0.0020603270843743116
2017-04-19,equal_weight,-0.004127820972850601
2017-04-20,equal_weight,0.006414668131402495
2017-04-21,equal_weight,0.0002657707671147988
2017-04-24,equal_weight,0.011044269778055702
2017-04-25,equal_weight,0.008469416060886657
2017-04-26,equal_weight,-0.002019814784623701
2017-04-27,equal_weight,0.002591925487555871
2017-04-28,equal_weight,0.002287186910554099
2017-05-01,sample,-0.0032090298874957804
2017-05-02,sample,0.0020333223047702647
2017-05-03,sample,-0.002311248740419154
2017-05-04,sample,0.002966218707277895
2017-05-05,sample,0.002172737698078164
2017-05-08,sample,0.0025125077952472207
2017-05-09,sample,-0.0038195725689855677
2017-05-10,sample,0.0017169074283504512
2017-05-11,sample,0.0005634569329784256
2017-05-12,sample,0.0020075002683596866
2017-05-15,sample,0.006491037873911821
2017-05-16,sample,-0.0008342709418194056
2017-05-17,sample,-0.003365664947623574
2017-05-18,sample,0.0014519434692361528
2017-05-19,sample,0.003574736104787853
2017-05-22,sample,0.00428586026447627
2017-05-23,sample,0.0011504830987277485
2017-05-24,sample,0.004991113531540553
2017-05-25,sample,0.0075675227346384474
2017-05-26,sample,-0.001612322911217833
2017-05-30,sample,0.00022480128665543133
2017-05-31,sample,0.002033423640311796
2017-05-01,ewma,0.0018298080703231592
2017-05-02,ewma,0.0026898973867299386
2017-05-03,ewma,-0.0035793218340291824
2017-05-04,ewma,0.002580253958688163
2017-05-05,ewma,0.002139583481888933
2017-05-08,ewma,0.004057387988515839
2017-05-09,ewma,-0.005066415170915491
2017-05-10,ewma,0.00046754117880287043
2017-05-11,ewma,0.0004985775845654907
2017-05-12,ewma,0.0013537087442143038
2017-05-15,ewma,0.005636133149439669
2017-05-16,ewma,-0.0008914813356570535
2017-05-17,ewma,-0.003373867014155725
2017-05-18,ewma,0.0014216265269612633
2017-05-19,ewma,0.0028091992398411427
2017-05-22,ewma,0.005029658335945368
2017-05-23,ewma,0.0015897288722513643
2017-05-24,ewma,0.005786698477692916
2017-05-25,ewma,0.008450179958301551
2017-05-26,ewma,-0.0013194399678520103
2017-05-30,ewma,0.0006228021621313026
2017-05-31,ewma,-0.000741443230904174
2017-05-01,ledoit_wolf,-0.0029980475240699287
2017-05-02,ledoit_wolf,0.002054261003457047
2017-05-03,ledoit_wolf,-0.002265698828240051
2017-05-04,ledoit_wolf,0.0029654795883675778
2017-05-05,ledoit_wolf,0.002248259383323448
2017-05-08,ledoit_wolf,0.002524915654331397
2017-05-09,ledoit_wolf,-0.0038435907352456903
2017-05-10,ledoit_wolf,0.0016506727872801945
2017-05-11,ledoit_wolf,0.0006422069080215084
2017-05-12,ledoit_wolf,0.0020167369985559704
2017-05-15,ledoit_wolf,0.006486142122679544
2017-05-16,ledoit_wolf,-0.0008840503043448466
2017-05-17,ledoit_wolf,-0.003553125093143964
2017-05-18,ledoit_wolf,0.0014798480947194382
2017-05-19,ledoit_wolf,0.0035357813214596068
2017-05-22,ledoit_wolf,0.004319009692372998
2017-05-23,ledoit_wolf,0.0011652328752628067
2017-05-24,ledoit_wolf,0.0049970957575543136
2017-05-25,ledoit_wolf,0.007472631678476008
2017-05-26,ledoit_wolf,-0.00152378695830961
2017-05-30,ledoit_wolf,0.00020451725706309318
2017-05-31,ledoit_wolf,0.001987565409630134
2017-05-01,equal_weight,0.002664075354099682
2017-05-02,equal_weight,0.0007488005261642895
2017-05-03,equal_weight,-0.0010237562365287226
2017-05-04,equal_weight,-0.0010812753339452803
2017-05-05,equal_weight,0.003669326567727226
2017-05-08,equal_weight,0.004075966463988523
2017-05-09,equal_weight,-0.003275100950100027
2017-05-10,equal_weight,0.00202589290181505
2017-05-11,equal_weight,0.00024073841043565063
2017-05-12,equal_weight,0.001597654637203922
2017-05-15,equal_weight,0.0052255690484204545
2017-05-16,equal_weight,0.0003004768628213721
2017-05-17,equal_weight,-0.013514566483590479
2017-05-18,equal_weight,0.0013836178803115081
2017-05-19,equal_weight,0.005225712454646309
2017-05-22,equal_weight,0.004059920113180727
2017-05-23,equal_weight,0.0021108515822499643
2017-05-24,equal_weight,0.004377366572376534
2017-05-25,equal_weight,0.005602247805646901
2017-05-26,equal_weight,0.0010486533183092796
2017-05-30,equal_weight,-0.0010061715576903405
2017-05-31,equal_weight,-0.0035049044182417543
2017-06-01,sample,0.007293002065829079
2017-06-02,sample,0.0034683543011404696
2017-06-05,sample,-0.0018863578036794279
2017-06-06,sample,0.0014700025494926768
2017-06-07,sample,0.000819794384023734
2017-06-08,sample,-0.006486188697856978
2017-06-09,sample,0.0009309207417428638
2017-06-12,sample,-0.0028250590634936543
2017-06-13,sample,0.004478872724923684
2017-06-14,sample,0.005587442306439402
2017-06-15,sample,0.0019972293954407215
2017-06-16,sample,0.0037432888533006207
2017-06-19,sample,0.002871826158050305
2017-06-20,sample,-0.001504091956307284
2017-06-21,sample,-0.00324054044661722
2017-06-22,sample,0.00034815791214752936
2017-06-23,sample,-0.0018245332565152332
2017-06-26,sample,0.002171014356979597
2017-06-27,sample,-0.007075628160066698
2017-06-28,sample,0.00010490923642599817
2017-06-29,sample,-0.009693771562523755
2017-06-30,sample,0.0015014172267277168
2017-06-01,ewma,0.0052923484229414645
2017-06-02,ewma,0.0015934825700660918
2017-06-05,ewma,-0.00033521202538117697
2017-06-06,ewma,0.004060530535096611
2017-06-07,ewma,0.00038127260182346096
2017-06-08,ewma,-0.0072855316929788996
2017-06-09,ewma,0.0008425538254367665
2017-06-12,ewma,-0.001070849647978362
2017-06-13,ewma,0.003670973371971098
2017-06-14,ewma,0.002399015841235256
2017-06-15,ewma,0.002654822213710417
2017-06-16,ewma,0.004650819642108419
2017-06-19,ewma,0.0013647856558910508
2017-06-20,ewma,-0.0027969105410213207
2017-06-21,ewma,-0.0034947984718358494
2017-06-22,ewma,-0.0011604085457467045
2017-06-23,ewma,0.0010082589126139256
2017-06-26,ewma,0.0012219811784752962
2017-06-27,ewma,-0.006130396281014272
2017-06-28,ewma,-0.0006795477113394854
2017-06-29,ewma,-0.01129876977740989
2017-06-30,ewma,0.00062293838566448
2017-06-01,ledoit_wolf,0.007165350536178024
2017-06-02,ledoit_wolf,0.003590443730533386
2017-06-05,ledoit_wolf,-0.0019560893257903433
2017-06-06,ledoit_wolf,0.0014564578895530553
2017-06-07,ledoit_wolf,0.0007972917940492909
2017-06-08,ledoit_wolf,-0.006386581915914734
2017-06-09,ledoit_wolf,0.0009528031929502447
2017-06-12,ledoit_wolf,-0.002840373537384858
2017-06-13,ledoit_wolf,0.004457747784393099
2017-06-14,ledoit_wolf,0.005380151671595647
2017-06-15,ledoit_wolf,0.0020574845264347535
2017-06-16,ledoit_wolf,0.0038015797621756284
2017-06-19,ledoit_wolf,0.0028146375777435965
2017-06-20,ledoit_wolf,-0.0016402604890661645
2017-06-21,ledoit_wolf,-0.0032650493088773377
2017-06-22,ledoit_wolf,0.00044732252002517873
2017-06-23,ledoit_wolf,-0.0015111240627362615
2017-06-26,ledoit_wolf,0.002123744040118529
2017-06-27,ledoit_wolf,-0.007170903525033115
2017-06-28,ledoit_wolf,0.00011034739225612602
2017-06-29,ledoit_wolf,-0.009753006120536051
2017-06-30,ledoit_wolf,0.001574688716487413
2017-06-01,equal_weight,0.005414043634613362
2017-06-02,equal_weight,0.004385675947562208
2017-06-05,equal_weight,-0.0018039409889142048
2017-06-06,equal_weight,0.001696813885692553
2017-06-07,equal_weight,0.0022199359886846386
2017-06-08,equal_weight,-0.0012011290921520887
2017-06-09,equal_weight,-0.002238035363423341
2017-06-12,equal_weight,-0.0022687142952895266
2017-06-13,equal_weight,0.00566246668430375
2017-06-14,equal_weight,-0.001683343885446016
2017-06-15,equal_weight,-0.0005323089496748425
2017-06-16,equal_weight,0.00389500034641538
2017-06-19,equal_weight,0.006388267206020196
2017-06-20,equal_weight,-0.006827517119250934
2017-06-21,equal_weight,-0.0027529425423548095
2017-06-22,equal_weight,-0.0003543434595297177
2017-06-23,equal_weight,0.0034579735134841983
2017-06-26,equal_weight,-0.0008610123368266063
2017-06-27,equal_weight,-0.006204216449447027
2017-06-28,equal_weight,0.006954102132850118
2017-06-29,equal_weight,-0.009031014595418215
2017-06-30,equal_weight,0.0015672119556969857
2017-07-03,sample,0.0018394219286144314
2017-07-05,sample,-0.0005742482712044189
2017-07-06,sample,-0.004763184709224731
2017-07-07,sample,0.0028468609024851063
2017-07-10,sample,-0.0028467945747641613
2017-07-11,sample,-0.0019037114204511457
2017-07-12,sample,0.006192345194151344
2017-07-13,sample,-0.0016574377273878608
2017-07-14,sample,0.004891921375051964
2017-07-17,sample,0.0008236110366180267
2017-07-18,sample,0.002688650051053723
2017-07-19,sample,0.005127879942214646
2017-07-20,sample,-0.001244910206548576
2017-07-21,sample,-0.0002021538613546153
2017-07-24,sample,-0.007916788542115848
2017-07-25,sample,0.004623864763044942
2017-07-26,sample,0.0033149850761699396
2017-07-27,sample,0.0024440305607630435
2017-07-28,sample,0.0015032788512323095
2017-07-31,sample,0.0034717763545732
2017-07-03,ewma,0.003826360117525462
2017-07-05,ewma,0.003260162405263074
2017-07-06,ewma,-0.004803159205816863
2017-07-07,ewma,0.0038558340275656046
2017-07-10,ewma,-0.00412739676601046
2017-07-11,ewma,-0.0017819115265454
2017-07-12,ewma,0.006006891665257424
2017-07-13,ewma,-0.00043624013497908776
2017-07-14,ewma,0.003729920726492552
2017-07-17,ewma,-0.0023626805014030153
2017-07-18,ewma,0.003860830194517585
2017-07-19,ewma,0.0031550203764490066
2017-07-20,ewma,0.0038666246296822997
2017-07-21,ewma,-0.00033917795725953474
2017-07-24,ewma,-0.005008454109581766
2017-07-25,ewma,0.00517322259614855
2017-07-26,ewma,0.002847727565511956
2017-07-27,ewma,-0.0016553132022236391
2017-07-28,ewma,0.005131380396571256
2017-07-31,ewma,0.0019284836794879836
2017-07-03,ledoit_wolf,0.0018873639110118137
2017-07-05,ledoit_wolf,-0.0005808928665918783
2017-07-06,ledoit_wolf,-0.004738195296254758
2017-07-07,ledoit_wolf,0.0029327036742074434
2017-07-10,ledoit_wolf,-0.0027857603939072276
2017-07-11,ledoit_wolf,-0.0018990589361226693
2017-07-12,ledoit_wolf,0.006090140157324045
2017-07-13,ledoit_wolf,-0.001637955116821031
2017-07-14,ledoit_wolf,0.004960787958491906
2017-07-17,ledoit_wolf,0.0007658590018909343
2017-07-18,ledoit_wolf,0.0027989659398682193
2017-07-19,ledoit_wolf,0.005137999957988729
2017-07-20,ledoit_wolf,-0.0009653237953707425
2017-07-21,ledoit_wolf,-0.0002197497371827892
2017-07-24,ledoit_wolf,-0.007808710799490701
2017-07-25,ledoit_wolf,0.004708522606652551
2017-07-26,ledoit_wolf,0.003282646396093591
2017-07-27,ledoit_wolf,0.0023487062314552043
2017-07-28,ledoit_wolf,0.0014778451903294442
2017-07-31,ledoit_wolf,0.0034275386170466863
2017-07-03,equal_weight,0.0013935655656468785
2017-07-05,equal_weight,0.0021301560431634782
2017-07-06,equal_weight,-0.006843146800960058
2017-07-07,equal_weight,0.005942213883095359
2017-07-10,equal_weight,0.0009370809756589219
2017-07-11,equal_weight,-0.00037411422082919005
2017-07-12,equal_weight,0.007771884991761048
2017-07-13,equal_weight,0.0004429549777811487
2017-07-14,equal_weight,0.0047023955452551915
2017-07-17,equal_weight,0.0004007615271754406
2017-07-18,equal_weight,0.0036949169440324164
2017-07-19,equal_weight,0.003952859316514945
2017-07-20,equal_weight,-0.0011592041198405481
2017-07-21,equal_weight,-0.0018336769918247471
2017-07-24,equal_weight,-0.0004332429272920033
2017-07-25,equal_weight,0.00846869779285131
2017-07-26,equal_weight,0.00250527545424409
2017-07-27,equal_weight,-0.002345823990349911
2017-07-28,equal_weight,0.0027839175032751498
2017-07-31,equal_weight,-0.0025987006658772815
2017-08-01,sample,0.0029731239127993524
2017-08-02,sample,0.002214311397948573
2017-08-03,sample,0.0034790044061696335
2017-08-04,sample,0.00041484593815689587
2017-08-07,sample,0.0018667569587166885
2017-08-08,sample,-0.00039012253995431505
2017-08-09,sample,0.0028791194865896595
2017-08-10,sample,-0.0031866363189630396
2017-08-11,sample,-0.0012063589654582561
2017-08-14,sample,0.0038116512941213094
2017-08-15,sample,0.0007112686918589659
2017-08-16,sample,0.004273146744545944
2017-08-17,sample,-0.009322910116939448
2017-08-18,sample,-0.0013828911681875405
2017-08-21,sample,0.003945060224591602
2017-08-22,sample,0.004583411123427151
2017-08-23,sample,-0.003726988584208235
2017-08-24,sample,-0.001669283481102976
2017-08-25,sample,0.003401262554129412
2017-08-28,sample,0.0026553071330567804
2017-08-29,sample,0.0009321773123800086
2017-08-30,sample,-0.00223518390942226
2017-08-31,sample,0.0038212132273640525
2017-08-01,ewma,0.003483887309772406
2017-08-02,ewma,0.0034370379269646175
2017-08-03,ewma,-0.0007135329604111569
2017-08-04,ewma,0.003020101183458952
2017-08-07,ewma,0.0020653768888120143
2017-08-08,ewma,-0.0009633419114518634
2017-08-09,ewma,0.00023267223938676742
2017-08-10,ewma,-0.0062537539675806535
2017-08-11,ewma,-0.004065588838435768
2017-08-14,ewma,0.00798057377750866
2017-08-15,ewma,0.002805504387305446
2017-08-16,ewma,0.0009538935794755254
2017-08-17,ewma,-0.011305603478473984
2017-08-18,ewma,0.0016869528580576985
2017-08-21,ewma,0.0008208419069547313
2017-08-22,ewma,0.005836752611593636
2017-08-23,ewma,-0.00025863535529306624
2017-08-24,ewma,-0.0014740963139622616
2017-08-25,ewma,0.0028116927820278645
2017-08-28,ewma,0.0007476505791348177
2017-08-29,ewma,-0.0003022915128301746
2017-08-30,ewma,0.0013050452626244442
2017-08-31,ewma,0.0020901255365754234
2017-08-01,ledoit_wolf,0.003019826273307596
2017-08-02,ledoit_wolf,0.0022700823941741196
2017-08-03,ledoit_wolf,0.003397522764839162
2017-08-04,ledoit_wolf,0.00035649519844017116
2017-08-07,ledoit_wolf,0.0018947071759221894
2017-08-08,ledoit_wolf,-0.00039416101530217367
2017-08-09,ledoit_wolf,0.0028956557615483335
2017-08-10,ledoit_wolf,-0.0032551514015890667
2017-08-11,ledoit_wolf,-0.0011916289384394886
2017-08-14,ledoit_wolf,0.00386918736031091
2017-08-15,ledoit_wolf,0.0007982286657288418
2017-08-16,ledoit_wolf,0.004224187517985793
2017-08-17,ledoit_wolf,-0.009386185385068923
2017-08-18,ledoit_wolf,-0.001298088686416042
2017-08-21,ledoit_wolf,0.003898600863663505
2017-08-22,ledoit_wolf,0.004638244040646504
2017-08-23,ledoit_wolf,-0.0037460113283747853
2017-08-24,ledoit_wolf,-0.0016742861195635662
2017-08-25,ledoit_wolf,0.0033895732655303606
2017-08-28,ledoit_wolf,0.0026106944827024806
2017-08-29,ledoit_wolf,0.0009664209997465374
2017-08-30,ledoit_wolf,-0.0022479200355972053
2017-08-31,ledoit_wolf,0.0038392517049855666
2017-08-01,equal_weight,0.004614655350197288
2017-08-02,equal_weight,0.0030522753090389157
2017-08-03,equal_weight,-0.0019052482151348392
2017-08-04,equal_weight,0.0031632446748501583
2017-08-07,equal_weight,0.0018204590255280384
2017-08-08,equal_weight,-0.001059069344370524
2017-08-09,equal_weight,0.0015395810360483496
2017-08-10,equal_weight,-0.010066285831980406
2017-08-11,equal_weight,0.00022627040156823219
2017-08-14,equal_weight,0.008782347449099684
2017-08-15,equal_weight,0.0009802782540902252
2017-08-16,equal_weight,0.0019510663849995086
2017-08-17,equal_weight,-0.013111726047558492
2017-08-18,equal_weight,0.00031696446370158373
2017-08-21,equal_weight,0.0017964782820758306
2017-08-22,equal_weight,0.008343923861719841
2017-08-23,equal_weight,-0.0014822636069813894
2017-08-24,equal_weight,-0.001682216664896857
2017-08-25,equal_weight,0.0021781096330882985
2017-08-28,equal_weight,0.0024761417196593706
2017-08-29,equal_weight,0.0015621914712736962
2017-08-30,equal_weight,0.003266576876618954
2017-08-31,equal_weight,0.004959702643823305
2017-09-01,sample,0.0005035196193322467
2017-09-05,sample,0.00078387869540317
2017-09-06,sample,0.0030008202595739296
2017-09-07,sample,0.005970040859248125
2017-09-08,sample,-0.0006734396333247451
2017-09-11,sample,0.008425731782714928
2017-09-12,sample,-0.003112242237938669
2017-09-13,sample,-0.0006468672169311818
2017-09-14,sample,0.00242540855827204
2017-09-15,sample,0.0004515950856325498
2017-09-18,sample,-0.003213010440844269
2017-09-19,sample,-0.0008691887577866801
2017-09-20,sample,-0.0028817871044562204
2017-09-21,sample,-0.0060244507663131
2017-09-22,sample,-0.0031978201662015973
2017-09-25,sample,0.0036685814509159927
2017-09-26,sample,0.00016620835870588123
2017-09-27,sample,-0.006894626552809074
2017-09-28,sample,0.0036380384672746605
2017-09-29,sample,0.001144740842830343
2017-09-01,ewma,0.0021302804198895437
2017-09-05,ewma,0.0001346844785080504
2017-09-06,ewma,0.0019978293642227826
2017-09-07,ewma,0.00456314836223427
2017-09-08,ewma,-0.0032461834287900743
2017-09-11,ewma,0.009203156986335188
2017-09-12,ewma,-0.0027330565389491685
2017-09-13,ewma,0.0014065053033157854
2017-09-14,ewma,0.0009937156674260203
2017-09-15,ewma,0.0008800361456061753
2017-09-18,ewma,-0.001989211816368571
2017-09-19,ewma,0.001131825093078295
2017-09-20,ewma,-0.0024011966789583756
2017-09-21,ewma,-0.003954747615102278
2017-09-22,ewma,-0.001897198128279568
2017-09-25,ewma,0.003224914175915188
2017-09-26,ewma,-0.0020159069710495897
2017-09-27,ewma,-0.006589149021412972
2017-09-28,ewma,0.0042577457739904016
2017-09-29,ewma,0.0003247391370755466
2017-09-01,ledoit_wolf,0.0004938287218736541
2017-09-05,ledoit_wolf,0.0005936327886799685
2017-09-06,ledoit_wolf,0.0028383725905277075
2017-09-07,ledoit_wolf,0.00603753538521298
2017-09-08,ledoit_wolf,-0.0008541177906539895
2017-09-11,ledoit_wolf,0.008764584843061312
2017-09-12,ledoit_wolf,-0.0030973449804558096
2017-09-13,ledoit_wolf,-0.0006104810317063748
2017-09-14,ledoit_wolf,0.0024698347632189435
2017-09-15,ledoit_wolf,0.0005916139217182266
2017-09-18,ledoit_wolf,-0.0030873157247566147
2017-09-19,ledoit_wolf,-0.0008880143891929545
2017-09-20,ledoit_wolf,-0.0027523935906201467
2017-09-21,ledoit_wolf,-0.005983004910713307
2017-09-22,ledoit_wolf,-0.0030850431201431936
2017-09-25,ledoit_wolf,0.0035828929397669408
2017-09-26,ledoit_wolf,0.00021664570490252623
2017-09-27,ledoit_wolf,-0.006740070301304782
2017-09-28,ledoit_wolf,0.0036170394133025843
2017-09-29,ledoit_wolf,0.001151767172077208
2017-09-01,equal_weight,0.0012689207836480317
2017-09-05,equal_weight,-0.004202335299651871
2017-09-06,equal_weight,0.0020593515677103137
2017-09-07,equal_weight,0.00480326974488102
2017-09-08,equal_weight,-0.0033232723024191643
2017-09-11,equal_weight,0.009991744249622491
2017-09-12,equal_weight,0.00071214570526974
2017-09-13,equal_weight,0.0007482351552469079
2017-09-14,equal_weight,0.001083082885029794
2017-09-15,equal_weight,0.00310082184457178
2017-09-18,equal_weight,-0.0010169518376758615
2017-09-19,equal_weight,0.001281294740694922
2017-09-20,equal_weight,-0.0002836093681366936
2017-09-21,equal_weight,-0.004018963438569939
2017-09-22,equal_weight,-0.003022832786963291
2017-09-25,equal_weight,-0.001576201472303394
2017-09-26,equal_weight,-0.0006595327517538105
2017-09-27,equal_weight,0.0012438563079638486
2017-09-28,equal_weight,0.0041290282703027375
2017-09-29,equal_weight,0.0015612130237239986
2017-10-02,sample,0.0036759442951104027
2017-10-03,sample,0.0038606560643378363
2017-10-04,sample,0.004129456752300446
2017-10-05,sample,-0.0004857786839977098
2017-10-06,sample,0.0006916740625813591
2017-10-09,sample,-0.0005021886837857065
2017-10-10,sample,0.0012754235065723476
2017-10-11,sample,0.005904911643635614
2017-10-12,sample,0.0008366404608939786
2017-10-13,sample,0.00032393720924040544
2017-10-16,sample,0.002567798390444368
2017-10-17,sample,0.010198212134069629
2017-10-18,sample,-0.0010176656090390944
2017-10-19,sample,0.001375648130763281
2017-10-20,sample,-0.0015957336212724673
2017-10-23,sample,-0.00018377493287604507
2017-10-24,sample,-0.0005349007986063018
2017-10-25,sample,-0.001624869928790081
2017-10-26,sample,0.004495604695325033
2017-10-27,sample,0.004334711219033125
2017-10-30,sample,-0.006201595547523718
2017-10-31,sample,0.0008495034115099697
2017-10-02,ewma,0.0028646592101852697
2017-10-03,ewma,0.0037351031170518518
2017-10-04,ewma,0.0017061480847492241
2017-10-05,ewma,0.003186441066149695
2017-10-06,ewma,-0.00016183558768944391
2017-10-09,ewma,-0.0006568541430792934
2017-10-10,ewma,0.0038849689023008117
2017-10-11,ewma,0.0047243073590136474
2017-10-12,ewma,-0.0004556586581051227
2017-10-13,ewma,-8.714938501238993e-05
2017-10-16,ewma,0.005871313301040581
2017-10-17,ewma,0.005101136740979587
2017-10-18,ewma,-0.0018991572149439362
2017-10-19,ewma,0.0009525718335475839
2017-10-20,ewma,0.004849089818579243
2017-10-23,ewma,-0.0022933218263040856
2017-10-24,ewma,0.006709749448315551
2017-10-25,ewma,-0.0027524003281381828
2017-10-26,ewma,0.002321142876085102
2017-10-27,ewma,0.00367656688431028
2017-10-30,ewma,-0.003242650546502054
2017-10-31,ewma,0.0009261315963388602
2017-10-02,ledoit_wolf,0.0035867950513250252
2017-10-03,ledoit_wolf,0.00394108456369471
2017-10-04,ledoit_wolf,0.0040843406661372735
2017-10-05,ledoit_wolf,-0.0004213740228304842
2017-10-06,ledoit_wolf,0.0007219856793881081
2017-10-09,ledoit_wolf,-0.0005265488901887094
2017-10-10,ledoit_wolf,0.0012628657253832844
2017-10-11,ledoit_wolf,0.005965631179260538
2017-10-12,ledoit_wolf,0.0008367200113817792
2017-10-13,ledoit_wolf,0.0003333436162496967
2017-10-16,ledoit_wolf,0.0025841962455819744
2017-10-17,ledoit_wolf,0.010255919049392395
2017-10-18,ledoit_wolf,-0.0009879128017479147
2017-10-19,ledoit_wolf,0.0013362616189759795
2017-10-20,ledoit_wolf,-0.0014417163530321326
2017-10-23,ledoit_wolf,-0.0002938428795421819
2017-10-24,ledoit_wolf,-0.0006263823563809733
2017-10-25,ledoit_wolf,-0.0015999240074254524
2017-10-26,ledoit_wolf,0.004693075532552936
2017-10-27,ledoit_wolf,0.0045414011608914985
2017-10-30,ledoit_wolf,-0.006177796858681929
2017-10-31,ledoit_wolf,0.0007617864384471919
2017-10-02,equal_weight,0.0018180094221314958
2017-10-03,equal_weight,0.003565268208126188
2017-10-04,equal_weight,0.0016830986515615268
2017-10-05,equal_weight,0.00517134431164522
2017-10-06,equal_weight,0.0010330348283562518
2017-10-09,equal_weight,-0.0004678720392328751
2017-10-10,equal_weight,0.00043844000552880973
2017-10-11,equal_weight,0.0042322745754317485
2017-10-12,equal_weight,0.0018399143501601908
2017-10-13,equal_weight,0.0017812751899226476
2017-10-16,equal_weight,0.0036747617433968566
2017-10-17,equal_weight,0.0037108886654707574
2017-10-18,equal_weight,-0.0013441207291372565
2017-10-19,equal_weight,-0.0009332244096013557
2017-10-20,equal_weight,0.003235708417213861
2017-10-23,equal_weight,-0.003112971118738297
2017-10-24,equal_weight,0.004204520768088348
2017-10-25,equal_weight,-0.0034024458053814022
2017-10-26,equal_weight,0.005603807067612678
2017-10-27,equal_weight,0.014864684334664275
2017-10-30,equal_weight,-0.0004470384686147404
2017-10-31,equal_weight,-5.459762132785953e-05
2017-11-01,sample,-0.0006457296356553863
2017-11-02,sample,-0.001311403141306085
2017-11-03,sample,0.003623324964022066
2017-11-06,sample,-0.0034166883894171086
2017-11-07,sample,0.005939940526066353
2017-11-08,sample,0.0031702238548596646
2017-11-09,sample,-0.0008575157401207747
2017-11-10,sample,-0.0007921623879548748
2017-11-13,sample,0.005471819382348961
2017-11-14,sample,0.005018893675770645
2017-11-15,sample,-0.008486920826902689
2017-11-16,sample,0.0023720375331400777
2017-11-17,sample,-0.007184070838825691
2017-11-20,sample,0.0018516426388600852
2017-11-21,sample,0.006819263009854481
2017-11-22,sample,-0.0019154371351118296
2017-11-24,sample,0.002756089612821173
2017-11-27,sample,0.003473945247093724
2017-11-28,sample,0.007150849681912176
2017-11-29,sample,0.0033150559580430207
2017-11-30,sample,0.009470594390036694
2017-11-01,ewma,-0.0013795218582898776
2017-11-02,ewma,-0.0002711044224868801
2017-11-03,ewma,0.0019642294593065395
2017-11-06,ewma,0.0043833739595096856
2017-11-07,ewma,0.0010779290778069894
2017-11-08,ewma,0.0007491747556900978
2017-11-09,ewma,-0.0016384957023787919
2017-11-10,ewma,-0.002243988580852973
2017-11-13,ewma,0.004779958443513987
2017-11-14,ewma,0.00343514058432669
2017-11-15,ewma,-0.006418910524965245
2017-11-16,ewma,0.002825714661260432
2017-11-17,ewma,-0.00533831290069625
2017-11-20,ewma,0.004173732351853162
2017-11-21,ewma,0.005676341141132101
2017-11-22,ewma,-0.0018669064970722017
2017-11-24,ewma,0.002970972315136278
2017-11-27,ewma,0.003123573136427914
2017-11-28,ewma,0.00913365552568736
2017-11-29,ewma,0.001397771870066477
2017-11-30,ewma,0.005528329903377569
2017-11-01,ledoit_wolf,-0.0006227566052254129
2017-11-02,ledoit_wolf,-0.0014829357696911746
2017-11-03,ledoit_wolf,0.003735806494515544
2017-11-06,ledoit_wolf,-0.00337892188538361
2017-11-07,ledoit_wolf,0.005992344260119168
2017-11-08,ledoit_wolf,0.003181486583874635
2017-11-09,ledoit_wolf,-0.000911586493586376
2017-11-10,ledoit_wolf,-0.000769830707188724
2017-11-13,ledoit_wolf,0.005443654747165313
2017-11-14,ledoit_wolf,0.004786005330408683
2017-11-15,ledoit_wolf,-0.008404906514933582
2017-11-16,ledoit_wolf,0.0023895141910196724
2017-11-17,ledoit_wolf,-0.007184896686742893
2017-11-20,ledoit_wolf,0.0017176403134083035
2017-11-21,ledoit_wolf,0.006777960066027159
2017-11-22,ledoit_wolf,-0.0018756338136864427
2017-11-24,ledoit_wolf,0.002773188580277592
2017-11-27,ledoit_wolf,0.003494755267713187
2017-11-28,ledoit_wolf,0.00714602386432996
2017-11-29,ledoit_wolf,0.00304838641311544
2017-11-30,ledoit_wolf,0.009306504069072997
2017-11-01,equal_weight,-1.6841196553419777e-05
2017-11-02,equal_weight,0.0013741358079215403
2017-11-03,equal_weight,0.0026809563846581625
2017-11-06,equal_weight,0.003511693219384468
2017-11-07,equal_weight,0.0017291374949382756
2017-11-08,equal_weight,0.0013450745372370907
2017-11-09,equal_weight,-0.002959727716079902
2017-11-10,equal_weight,-0.0018839574936159995
2017-11-13,equal_weight,0.0035607711407071346
2017-11-14,equal_weight,0.0013634210561343867
2017-11-15,equal_weight,-0.007028668256622336
2017-11-16,equal_weight,0.004261113151164219
2017-11-17,equal_weight,-0.0061369707548973905
2017-11-20,equal_weight,0.001792326601587452
2017-11-21,equal_weight,0.007532967701905858
2017-11-22,equal_weight,-0.00037377203160693357
2017-11-24,equal_weight,0.003768653090830511
2017-11-27,equal_weight,0.0019336184234423153
2017-11-28,equal_weight,0.007961845477451355
2017-11-29,equal_weight,-0.0022332051118971125
2017-11-30,equal_weight,0.009010726399711217
2017-12-01,sample,-6.682631167168182e-05
2017-12-04,sample,0.0027076747779650277
2017-12-05,sample,-0.0037480778199604076
2017-12-06,sample,0.0007793422812737067
2017-12-07,sample,-0.0032646694517440475
2017-12-08,sample,0.002859122370486551
2017-12-11,sample,0.0003316408914670445
2017-12-12,sample,-0.0020425077359942337
2017-12-13,sample,0.006667069728764485
2017-12-14,sample,-0.0026382694156187906
2017-12-15,sample,0.005061453317633922
2017-12-18,sample,-0.00022735655422830264
2017-12-19,sample,-0.003070206944858906
2017-12-20,sample,-0.00017267695348380263
2017-12-21,sample,-0.00031186951662579205
2017-12-22,sample,-0.0008056065858885857
2017-12-26,sample,0.0009096531707614444
2017-12-27,sample,0.0016095745546921244
2017-12-28,sample,-0.00012038292859395993
2017-12-29,sample,-0.0027655832716038694
2017-12-01,ewma,-0.0013625774419449726
2017-12-04,ewma,0.0026847679486652694
2017-12-05,ewma,-0.003244216584587444
2017-12-06,ewma,-0.0006090300122938218
2017-12-07,ewma,0.0013353343242598883
2017-12-08,ewma,0.0018255173137324298
2017-12-11,ewma,0.001055309002960914
2017-12-12,ewma,-0.0037052336481692384
2017-12-13,ewma,0.0031806455357951654
2017-12-14,ewma,-0.00021986979320934855
2017-12-15,ewma,0.005020246777531776
2017-12-18,ewma,0.002081133278480812
2017-12-19,ewma,-0.005754787109621471
2017-12-20,ewma,0.00011894072713584405
2017-12-21,ewma,0.007546638235353648
2017-12-22,ewma,0.0011620543964777482
2017-12-26,ewma,0.0009363233461481895
2017-12-27,ewma,-8.439777081760305e-05
2017-12-28,ewma,0.0007791226806574284
2017-12-29,ewma,-0.0024778953860292168
2017-12-01,ledoit_wolf,-0.00014092303804566204
2017-12-04,ledoit_wolf,0.0026428660899674005
2017-12-05,ledoit_wolf,-0.0036621890153342015
2017-12-06,ledoit_wolf,0.0009328764060593593
2017-12-07,ledoit_wolf,-0.003268211442692445
2017-12-08,ledoit_wolf,0.0027992559263624534
2017-12-11,ledoit_wolf,0.00037475564083044475
2017-12-12,ledoit_wolf,-0.0020100362724545713
2017-12-13,ledoit_wolf,0.006526372020633969
2017-12-14,ledoit_wolf,-0.0025275438989583463
2017-12-15,ledoit_wolf,0.005118004458717672
2017-12-18,ledoit_wolf,-0.00027231433615808667
2017-12-19,ledoit_wolf,-0.003172484680033923
2017-12-20,ledoit_wolf,-0.0002533446808413996
2017-12-21,ledoit_wolf,-0.00032512147051508983
2017-12-22,ledoit_wolf,-0.000792481260677427
2017-12-26,ledoit_wolf,0.0007848789285485076
2017-12-27,ledoit_wolf,0.00165225468211656
2017-12-28,ledoit_wolf,-0.00011242453413140891
2017-12-29,ledoit_wolf,-0.002772031316773406
2017-12-01,equal_weight,-0.0021942530238879465
2017-12-04,equal_weight,-0.001452387656540681
2017-12-05,equal_weight,-0.003609221924040023
2017-12-06,equal_weight,0.001350032748784418
2017-12-07,equal_weight,0.003556990880928469
2017-12-08,equal_weight,0.00299179305723327
2017-12-11,equal_weight,0.0016238051003029765
2017-12-12,equal_weight,-0.0009047292915832735
2017-12-13,equal_weight,0.003950056032596397
2017-12-14,equal_weight,-0.0025548670883629304
2017-12-15,equal_weight,0.006213491638205894
2017-12-18,equal_weight,0.0045593226039831345
2017-12-19,equal_weight,-0.004675154370368124
2017-12-20,equal_weight,-0.00039041222302457486
2017-12-21,equal_weight,0.003247469289220078
2017-12-22,equal_weight,0.0010236262975352487
2017-12-26,equal_weight,0.00015130452912650607
2017-12-27,equal_weight,0.00300455656919973
2017-12-28,equal_weight,0.0018006189671043037
2017-12-29,equal_weight,-0.004294801560352195
2018-01-02,sample,-0.0019210562187299957
2018-01-03,sample,0.0027927275012258903
2018-01-04,sample,0.0034006357458203113
2018-01-05,sample,0.004972209935493031
2018-01-08,sample,0.00037618421168418223
2018-01-09,sample,0.0011786914435386931
2018-01-10,sample,-0.0055590356074461614
2018-01-11,sample,0.002837876132227162
2018-01-12,sample,0.004851708037782492
2018-01-16,sample,0.003096166976492392
2018-01-17,sample,0.00798697395757977
2018-01-18,sample,-0.0020730460416697647
2018-01-19,sample,0.003539107881605239
2018-01-22,sample,0.006267585546418126
2018-01-23,sample,-0.006547046182466708
2018-01-24,sample,0.0001444767287696472
2018-01-25,sample,0.0026170955650898714
2018-01-26,sample,0.006888528541568831
2018-01-29,sample,-0.011610724718997363
2018-01-30,sample,-0.00918114422593248
2018-01-31,sample,-0.0022224666942513623
2018-01-02,ewma,0.0026260794898481056
2018-01-03,ewma,0.003002661726227121
2018-01-04,ewma,0.003063930925671333
2018-01-05,ewma,0.004364795073614937
2018-01-08,ewma,0.0019591780044312173
2018-01-09,ewma,0.00045080993834548827
2018-01-10,ewma,-0.0039136427052838445
2018-01-11,ewma,0.003900383834991855
2018-01-12,ewma,0.005025448882918022
2018-01-16,ewma,0.0005499192741163457
2018-01-17,ewma,0.005532368991260262
2018-01-18,ewma,-0.0035400851268944863
2018-01-19,ewma,0.0049302032383024726
2018-01-22,ewma,0.007947738510226843
2018-01-23,ewma,-0.0017466543399160634
2018-01-24,ewma,0.0028533527990278916
2018-01-25,ewma,0.005565800634685434
2018-01-26,ewma,0.005330241366829034
2018-01-29,ewma,-0.011500796117563678
2018-01-30,ewma,-0.005939281054375948
2018-01-31,ewma,0.0019363133849032426
2018-01-02,ledoit_wolf,-0.0016909940492273734
2018-01-03,ledoit_wolf,0.0026189623359510173
2018-01-04,ledoit_wolf,0.0034387353596611243
2018-01-05,ledoit_wolf,0.00508562561944428
2018-01-08,ledoit_wolf,0.000506715550363672
2018-01-09,ledoit_wolf,0.0012408585566031911
2018-01-10,ledoit_wolf,-0.005430701694425439
2018-01-11,ledoit_wolf,0.0029083686978291206
2018-01-12,ledoit_wolf,0.004945515542307783
2018-01-16,ledoit_wolf,0.003084463374386959
2018-01-17,ledoit_wolf,0.007941636409060685
2018-01-18,ledoit_wolf,-0.002030753644311778
2018-01-19,ledoit_wolf,0.0035653440166310744
2018-01-22,ledoit_wolf,0.00624160516542909
2018-01-23,ledoit_wolf,-0.006444805257668566
2018-01-24,ledoit_wolf,8.410752753954453e-05
2018-01-25,ledoit_wolf,0.0024319069340907953
2018-01-26,ledoit_wolf,0.007087706140461874
2018-01-29,ledoit_wolf,-0.011482792126751375
2018-01-30,ledoit_wolf,-0.009073727541022553
2018-01-31,ledoit_wolf,-0.002118025617144996
2018-01-02,equal_weight,0.005187577410466145
2018-01-03,equal_weight,0.003714588071513959
2018-01-04,equal_weight,0.002505645231355872
2018-01-05,equal_weight,0.0067385962059492285
2018-01-08,equal_weight,0.003832735030961021
2018-01-09,equal_weight,9.044584144336489e-06
2018-01-10,equal_weight,-0.003930409281408587
2018-01-11,equal_weight,0.0056203826388238004
2018-01-12,equal_weight,0.0054988295036879405
2018-01-16,equal_weight,-0.0006500053636167495
2018-01-17,equal_weight,0.005899569773407743
2018-01-18,equal_weight,-0.002056136035502377
2018-01-19,equal_weight,0.004034732132365405
2018-01-22,equal_weight,0.009285148916310586
2018-01-23,equal_weight,0.002950873141434305
2018-01-24,equal_weight,5.394837658842088e-05
2018-01-25,equal_weight,0.0006006333845680152
2018-01-26,equal_weight,0.006161123431155166
2018-01-29,equal_weight,-0.010060315264872504
2018-01-30,equal_weight,-0.005947429362784627
2018-01-31,equal_weight,0.00426240637055124
2018-02-01,sample,-2.6975565053569735e-05
2018-02-02,sample,-0.021855591862829385
2018-02-05,sample,-0.0400095016573051
2018-02-06,sample,0.008487902888373606
2018-02-07,sample,-0.006909121028365368
2018-02-08,sample,-0.02826351729711129
2018-02-09,sample,0.015421699896436693
2018-02-12,sample,0.011690415846658163
2018-02-13,sample,0.0010320239243513621
2018-02-14,sample,0.00150606395165956
2018-02-15,sample,0.012398353397654873
2018-02-16,sample,0.005629126551376569
2018-02-20,sample,-0.011859553683965952
2018-02-21,sample,-0.008551546851877746
2018-02-22,sample,0.005489151986733196
2018-02-23,sample,0.016294122126991308
2018-02-26,sample,0.008479099709657259
2018-02-27,sample,-0.013554045609646995
2018-02-28,sample,-0.014891566773848314
2018-02-01,ewma,-0.007287952340420766
2018-02-02,ewma,-0.011795407724704299
2018-02-05,ewma,-0.03504684248632638
2018-02-06,ewma,0.017099194367654186
2018-02-07,ewma,-0.006116853398202744
2018-02-08,ewma,-0.0316423136677481
2018-02-09,ewma,0.014450637254202167
2018-02-12,ewma,0.016080779023983114
2018-02-13,ewma,0.0034870467916503427
2018-02-14,ewma,0.00887789514753176
2018-02-15,ewma,0.012258265618909693
2018-02-16,ewma,0.002016873365283625
2018-02-20,ewma,-0.01002091882663485
2018-02-21,ewma,-0.0027462595135412347
2018-02-22,ewma,0.0035262465055248687
2018-02-23,ewma,0.013201292421258285
2018-02-26,ewma,0.011284127143395332
2018-02-27,ewma,-0.013727755625923686
2018-02-28,ewma,-0.013481184836053279
2018-02-01,ledoit_wolf,-8.49665896266302e-05
2018-02-02,ledoit_wolf,-0.021822531846830834
2018-02-05,ledoit_wolf,-0.03989376113216281
2018-02-06,ledoit_wolf,0.008583526114423173
2018-02-07,ledoit_wolf,-0.007026087208669886
2018-02-08,ledoit_wolf,-0.028586184110431602
2018-02-09,ledoit_wolf,0.01570268085504093
2018-02-12,ledoit_wolf,0.01173373139711547
2018-02-13,ledoit_wolf,0.0010872637034892007
2018-02-14,ledoit_wolf,0.001984456953403181
2018-02-15,ledoit_wolf,0.012497377255915786
2018-02-16,ledoit_wolf,0.005608712808466289
2018-02-20,ledoit_wolf,-0.011821245190277066
2018-02-21,ledoit_wolf,-0.008379358006319927
2018-02-22,ledoit_wolf,0.005370468846356083
2018-02-23,ledoit_wolf,0.016343754528319977
2018-02-26,ledoit_wolf,0.008477688259568347
2018-02-27,ledoit_wolf,-0.013560793805768237
2018-02-28,ledoit_wolf,-0.014702124973210762
2018-02-01,equal_weight,-0.0026723052729138294
2018-02-02,equal_weight,-0.021802111426203877
2018-02-05,equal_weight,-0.03961210276712976
2018-02-06,equal_weight,0.016954512306254173
2018-02-07,equal_weight,-0.010389362974250046
2018-02-08,equal_weight,-0.0346861440671998
2018-02-09,equal_weight,0.018008374975953964
2018-02-12,equal_weight,0.012757677710925838
2018-02-13,equal_weight,0.002991667528042187
2018-02-14,equal_weight,0.01162472222888557
2018-02-15,equal_weight,0.011036566669150805
2018-02-16,equal_weight,0.0010980795351224711
2018-02-20,equal_weight,-0.007903066691079997
2018-02-21,equal_weight,-0.00587193796458617
2018-02-22,equal_weight,0.004880294272211476
2018-02-23,equal_weight,0.017782430254319567
2018-02-26,equal_weight,0.010751870455061084
2018-02-27,equal_weight,-0.013797750597944256
2018-02-28,equal_weight,-0.013152512512378162
2018-03-01,sample,-0.006295452927427962
2018-03-02,sample,0.00316283657841609
2018-03-05,sample,0.013871696152803457
2018-03-06,sample,-0.0063106246994066185
2018-03-07,sample,-0.005146471975980798
2018-03-08,sample,0.008416253116419562
2018-03-09,sample,0.010186856772015012
2018-03-12,sample,-0.001970573650324766
2018-03-13,sample,-0.0008535675252142829
2018-03-14,sample,-0.0038862792750234063
2018-03-15,sample,0.0009956334253306755
2018-03-16,sample,0.005437255710212763
2018-03-19,sample,-0.011854175373012256
2018-03-20,sample,-0.00044478991368909933
2018-03-21,sample,-0.003251958813070706
2018-03-22,sample,-0.014535387929931727
2018-03-23,sample,-0.015311633354619728
2018-03-26,sample,0.017829644162349657
2018-03-27,sample,-0.0010022234381494802
2018-03-28,sample,0.0010950456842092674
2018-03-29,sample,0.009076323151993144
2018-03-01,ewma,-0.005875698357330351
2018-03-02,ewma,0.0018690936452263208
2018-03-05,ewma,0.014756238805454505
2018-03-06,ewma,-0.0012739412184570368
2018-03-07,ewma,-0.003461503436797014
2018-03-08,ewma,0.00972730264502729
2018-03-09,ewma,0.007584189324052635
2018-03-12,ewma,0.0024439613664325437
2018-03-13,ewma,0.0001962911712538039
2018-03-14,ewma,-0.00029678800068110614
2018-03-15,ewma,-0.0037796045746622715
2018-03-16,ewma,0.003174296402138228
2018-03-19,ewma,-0.008593092391843353
2018-03-20,ewma,0.003341645483711922
2018-03-21,ewma,-0.005072255889899267
2018-03-22,ewma,-0.010154599127656878
2018-03-23,ewma,-0.01260455590984437
2018-03-26,ewma,0.020024647886956272
2018-03-27,ewma,-0.004498213148176967
2018-03-28,ewma,-0.004907377734722577
2018-03-29,ewma,0.0077271406882493815
2018-03-01,ledoit_wolf,-0.006449465584797372
2018-03-02,ledoit_wolf,0.00303816909061517
2018-03-05,ledoit_wolf,0.013944631062373713
2018-03-06,ledoit_wolf,-0.006106973233054003
2018-03-07,ledoit_wolf,-0.004865734927306069
2018-03-08,ledoit_wolf,0.008542354927788924
2018-03-09,ledoit_wolf,0.010352607029235968
2018-03-12,ledoit_wolf,-0.0018865974293782728
2018-03-13,ledoit_wolf,-0.0006682968850769937
2018-03-14,ledoit_wolf,-0.003976833544280791
2018-03-15,ledoit_wolf,0.001036192971849549
2018-03-16,ledoit_wolf,0.005253980290392341
2018-03-19,ledoit_wolf,-0.011951773163457446
2018-03-20,ledoit_wolf,-0.0004020834143548251
2018-03-21,ledoit_wolf,-0.0032772585971700043
2018-03-22,ledoit_wolf,-0.014763393696661175
2018-03-23,ledoit_wolf,-0.015315824751829368
2018-03-26,ledoit_wolf,0.017957358988193426
2018-03-27,ledoit_wolf,-0.00137469949483833
2018-03-28,ledoit_wolf,0.0009639585813320262
2018-03-29,ledoit_wolf,0.008985106373367588
2018-03-01,equal_weight,-0.009981387536774279
2018-03-02,equal_weight,1.08486682024843e-05
2018-03-05,equal_weight,0.014509739682858774
2018-03-06,equal_weight,0.0009461583156489729
2018-03-07,equal_weight,-0.0017632818343909333
2018-03-08,equal_weight,0.006358800265676702
2018-03-09,equal_weight,0.016534883562898662
2018-03-12,equal_weight,-0.0011366687901920068
2018-03-13,equal_weight,-0.003940315317651122
2018-03-14,equal_weight,-0.0035547695323589878
2018-03-15,equal_weight,0.0017667206682633477
2018-03-16,equal_weight,0.0026494209212533206
2018-03-19,equal_weight,-0.014609769161901893
2018-03-20,equal_weight,0.0015730634761299397
2018-03-21,equal_weight,-0.0016302355961638453
2018-03-22,equal_weight,-0.021900299753907455
2018-03-23,equal_weight,-0.017319675795325482
2018-03-26,equal_weight,0.024581126550676423
2018-03-27,equal_weight,-0.012836882082737153
2018-03-28,equal_weight,-0.004189975852875865
2018-03-29,equal_weight,0.013508144500512239
2018-04-02,sample,-0.01576144528533995
2018-04-03,sample,0.012101000367997753
2018-04-04,sample,0.010167154875750659
2018-04-05,sample,0.006914476784425087
2018-04-06,sample,-0.013795929236352414
2018-04-09,sample,0.001412375970682038
2018-04-10,sample,0.005369401755312074
2018-04-11,sample,-0.0032174321075116837
2018-04-12,sample,0.00016047968139319807
2018-04-13,sample,0.0027998504520796563
2018-04-16,sample,0.008460306723764263
2018-04-17,sample,0.003233871823469371
2018-04-18,sample,-0.004078167122825629
2018-04-19,sample,-0.0051351492183955814
2018-04-20,sample,-0.010150657757317116
2018-04-23,sample,0.0007285808444266002
2018-04-24,sample,-0.006474739777079189
2018-04-25,sample,0.0007582503416647072
2018-04-26,sample,0.011452055304432027
2018-04-27,sample,7.771916369876111e-05
2018-04-30,sample,-0.005495897829329717
2018-04-02,ewma,-0.00829378320435814
2018-04-03,ewma,0.004382537140844223
2018-04-04,ewma,0.00846684976817845
2018-04-05,ewma,0.006289988828639646
2018-04-06,ewma,-0.009298845275984555
2018-04-09,ewma,-0.0025815328343281214
2018-04-10,ewma,0.0011732764574434056
2018-04-11,ewma,0.004281985110726378
2018-04-12,ewma,-0.005083473752356071
2018-04-13,ewma,0.010205958321892455
2018-04-16,ewma,0.00649019477417378
2018-04-17,ewma,0.009087223106135967
2018-04-18,ewma,-0.003857537570793286
2018-04-19,ewma,-0.0035179041967793685
2018-04-20,ewma,-0.010168495042317347
2018-04-23,ewma,0.0013462634963982288
2018-04-24,ewma,-0.00491961553878312
2018-04-25,ewma,-0.005304991228905749
2018-04-26,ewma,0.010125692316316407
2018-04-27,ewma,0.0015021645289960209
2018-04-30,ewma,-0.008293507205300088
2018-04-02,ledoit_wolf,-0.015511319351325974
2018-04-03,ledoit_wolf,0.011939224973664883
2018-04-04,ledoit_wolf,0.010159402263990355
2018-04-05,ledoit_wolf,0.007079370908532121
2018-04-06,ledoit_wolf,-0.013929321270877247
2018-04-09,ledoit_wolf,0.001357107349427645
2018-04-10,ledoit_wolf,0.005454075869298418
2018-04-11,ledoit_wolf,-0.003206934370562119
2018-04-12,ledoit_wolf,0.0002380922577014591
2018-04-13,ledoit_wolf,0.002742510919396749
2018-04-16,ledoit_wolf,0.008572167493633313
2018-04-17,ledoit_wolf,0.00371374506020775
2018-04-18,ledoit_wolf,-0.0039445390975968025
2018-04-19,ledoit_wolf,-0.0049207260865436935
2018-04-20,ledoit_wolf,-0.010058534741613827
2018-04-23,ledoit_wolf,0.000762762328876859
2018-04-24,ledoit_wolf,-0.00660854469716214
2018-04-25,ledoit_wolf,0.0008107910966046791
2018-04-26,ledoit_wolf,0.011539912793370664
2018-04-27,ledoit_wolf,0.00014130203457421745
2018-04-30,ledoit_wolf,-0.005584751379302876
2018-04-02,equal_weight,-0.01776598387861105
2018-04-03,equal_weight,0.010527406792684237
2018-04-04,equal_weight,0.009427495553116973
2018-04-05,equal_weight,0.009564310754028162
2018-04-06,equal_weight,-0.01823880408777404
2018-04-09,equal_weight,0.0018719691995918622
2018-04-10,equal_weight,0.013059743628766989
2018-04-11,equal_weight,-0.0026826481630825875
2018-04-12,equal_weight,0.005302390773367916
2018-04-13,equal_weight,0.0009437606470648621
2018-04-16,equal_weight,0.008350591712514564
2018-04-17,equal_weight,0.012397364550356078
2018-04-18,equal_weight,0.00023987221936940683
2018-04-19,equal_weight,-0.0008693909989862959
2018-04-20,equal_weight,-0.010206875707730687
2018-04-23,equal_weight,0.0006946342626451522
2018-04-24,equal_weight,-0.01500731954009031
2018-04-25,equal_weight,0.00040789695031363707
2018-04-26,equal_weight,0.014948614741851374
2018-04-27,equal_weight,0.0023741966380679395
2018-04-30,equal_weight,-0.008899241079194029
2018-05-01,sample,-0.004207958260896968
2018-05-02,sample,-0.004445059543974333
2018-05-03,sample,-0.0016619882848765062
2018-05-04,sample,0.009442891444170301
2018-05-07,sample,-0.0014793758456767955
2018-05-08,sample,-0.005831474573424856
2018-05-09,sample,0.006747112043033211
2018-05-10,sample,0.011309240359551137
2018-05-11,sample,0.002756435867961497
2018-05-14,sample,-0.0009238143027458293
2018-05-15,sample,-0.0076489746644661585
2018-05-16,sample,-0.0012630424011865898
2018-05-17,sample,-0.001965815693968864
2018-05-18,sample,-0.0035294416357840443
2018-05-21,sample,0.007057459530363702
2018-05-22,sample,-0.002178064397636806
2018-05-23,sample,0.0031712233504018633
2018-05-24,sample,-0.0029822957132186806
2018-05-25,sample,0.0005731676413298528
2018-05-29,sample,-0.0058995835695925675
2018-05-30,sample,0.013311448696851106
2018-05-31,sample,-0.006796067108989712
2018-05-01,ewma,-0.005418981468216226
2018-05-02,ewma,-0.003311517405772486
2018-05-03,ewma,0.002192583772575295
2018-05-04,ewma,0.008039021207258957
2018-05-07,ewma,-0.0005802024087509594
2018-05-08,ewma,-0.004242732987245611
2018-05-09,ewma,0.007005394935545485
2018-05-10,ewma,0.010715034835429267
2018-05-11,ewma,-0.0007518961217427923
2018-05-14,ewma,-0.0020783433097486467
2018-05-15,ewma,-0.009415671590707882
2018-05-16,ewma,-0.00043118496801226587
2018-05-17,ewma,-0.0004967784496051118
2018-05-18,ewma,-0.004257275912152514
2018-05-21,ewma,0.007429480025877013
2018-05-22,ewma,-0.0024251594672064416
2018-05-23,ewma,0.00485290615657889
2018-05-24,ewma,-0.0009232869880286903
2018-05-25,ewma,-0.0002442262756649036
2018-05-29,ewma,-0.006646025068033535
2018-05-30,ewma,0.013274636580412431
2018-05-31,ewma,-0.007011036299319252
2018-05-01,ledoit_wolf,-0.004150626138679932
2018-05-02,ledoit_wolf,-0.004307655199003588
2018-05-03,ledoit_wolf,-0.001661510375120732
2018-05-04,ledoit_wolf,0.00948732979201784
2018-05-07,ledoit_wolf,-0.0014488094058546566
2018-05-08,ledoit_wolf,-0.005763466271405794
2018-05-09,ledoit_wolf,0.006679231848149496
2018-05-10,ledoit_wolf,0.011261039593735303
2018-05-11,ledoit_wolf,0.0027460210615395325
2018-05-14,ledoit_wolf,-0.0008617907842486343
2018-05-15,ledoit_wolf,-0.007679137358175336
2018-05-16,ledoit_wolf,-0.0012505131823733998
2018-05-17,ledoit_wolf,-0.001895709568682345
2018-05-18,ledoit_wolf,-0.003417735395312333
2018-05-21,ledoit_wolf,0.007120730421542591
2018-05-22,ledoit_wolf,-0.0022712070630909816
2018-05-23,ledoit_wolf,0.0031616369272935508
2018-05-24,ledoit_wolf,-0.00287655832357199
2018-05-25,ledoit_wolf,0.0005493113338213061
2018-05-29,ledoit_wolf,-0.005869117650432475
2018-05-30,ledoit_wolf,0.013240095038429402
2018-05-31,ledoit_wolf,-0.006779583347475556
2018-05-01,equal_weight,0.0011942820721975568
2018-05-02,equal_weight,-0.0028711942536018597
2018-05-03,equal_weight,-0.0008791694830979522
2018-05-04,equal_weight,0.010759669318341367
2018-05-07,equal_weight,0.0031430233317761487
2018-05-08,equal_weight,-0.0005928487559916094
2018-05-09,equal_weight,0.010234685290036752
2018-05-10,equal_weight,0.010220736902325597
2018-05-11,equal_weight,0.0029009043551849983
2018-05-14,equal_weight,0.0006002066764734024
2018-05-15,equal_weight,-0.009863452138170766
2018-05-16,equal_weight,0.00029793904185256665
2018-05-17,equal_weight,-0.0013546005405434094
2018-05-18,equal_weight,-0.001961878685046425
2018-05-21,equal_weight,0.00937152906394094
2018-05-22,equal_weight,-0.005196742579239112
2018-05-23,equal_weight,0.0053941531235386095
2018-05-24,equal_weight,-0.003313770256901253
2018-05-25,equal_weight,-0.003028263706190026
2018-05-29,equal_weight,-0.008345542046906044
2018-05-30,equal_weight,0.013098473811273641
2018-05-31,equal_weight,-0.0047970763375820525
2018-06-01,sample,0.002071789574794892
2018-06-04,sample,0.002009682526713081
2018-06-05,sample,-0.005080638515782246
2018-06-06,sample,0.0031994747169319304
2018-06-07,sample,0.005015789115564764
2018-06-08,sample,0.005483370765519702
2018-06-11,sample,-0.001915178663435331
2018-06-12,sample,0.0023257083001564857
2018-06-13,sample,-0.006417553546152416
2018-06-14,sample,0.0015915543401326465
2018-06-15,sample,0.004598977769625501
2018-06-18,sample,-0.004117306471797229
2018-06-19,sample,0.003739127085366128
2018-06-20,sample,-0.0011253231307705811
2018-06-21,sample,0.0013424310253272935
2018-06-22,sample,0.004915064342733933
2018-06-25,sample,0.0007448784234186123
2018-06-26,sample,0.0009442838001490323
2018-06-27,sample,-0.001032771928722618
2018-06-28,sample,0.003144465444576673
2018-06-29,sample,6.622319352448696e-05
2018-06-01,ewma,7.107629239461134e-05
2018-06-04,ewma,0.001274043948060794
2018-06-05,ewma,-0.00321310014297267
2018-06-06,ewma,0.002091005759519633
2018-06-07,ewma,0.0009512099648665267
2018-06-08,ewma,0.0025790000199272444
2018-06-11,ewma,-0.00023541281420731296
2018-06-12,ewma,0.004458701260782711
2018-06-13,ewma,-0.009776545208418409
2018-06-14,ewma,0.004479122263091943
2018-06-15,ewma,0.0010033266786992853
2018-06-18,ewma,-0.0027754640850411677
2018-06-19,ewma,0.000768033849927463
2018-06-20,ewma,-0.0018787326310224675
2018-06-21,ewma,-0.0007768101694954916
2018-06-22,ewma,0.006220893651228996
2018-06-25,ewma,-8.20002256159112e-05
2018-06-26,ewma,0.001584628261668658
2018-06-27,ewma,-0.0006951044326775443
2018-06-28,ewma,0.0035981753197993956
2018-06-29,ewma,0.002645919102377562
2018-06-01,ledoit_wolf,0.0020788121982296716
2018-06-04,ledoit_wolf,0.001969534089860805
2018-06-05,ledoit_wolf,-0.004971918976737027
2018-06-06,ledoit_wolf,0.003161746347320917
2018-06-07,ledoit_wolf,0.004963711714500869
2018-06-08,ledoit_wolf,0.005407195969401431
2018-06-11,ledoit_wolf,-0.0017946672949875663
2018-06-12,ledoit_wolf,0.00235319748513854
2018-06-13,ledoit_wolf,-0.006449396472532817
2018-06-14,ledoit_wolf,0.0015996505123028288
2018-06-15,ledoit_wolf,0.004564279221984089
2018-06-18,ledoit_wolf,-0.004082697669625396
2018-06-19,ledoit_wolf,0.003510661157245171
2018-06-20,ledoit_wolf,-0.0011494644557039071
2018-06-21,ledoit_wolf,0.0012775336037787956
2018-06-22,ledoit_wolf,0.004910084245160739
2018-06-25,ledoit_wolf,0.0006900662530315927
2018-06-26,ledoit_wolf,0.0009427087688175136
2018-06-27,ledoit_wolf,-0.0010663270750492322
2018-06-28,ledoit_wolf,0.0031141555564251047
2018-06-29,ledoit_wolf,0.00012342104645739248
2018-06-01,equal_weight,0.008072703447188372
2018-06-04,equal_weight,0.0019460860714990106
2018-06-05,equal_weight,-0.0006788631692022394
2018-06-06,equal_weight,0.00577199592217417
2018-06-07,equal_weight,0.0012390884909241162
2018-06-08,equal_weight,0.0030940207516536567
2018-06-11,equal_weight,0.0015589136711133933
2018-06-12,equal_weight,0.002230222640082858
2018-06-13,equal_weight,-0.006568694101929002
2018-06-14,equal_weight,0.0029271773160698305
2018-06-15,equal_weight,-0.002638720531943386
2018-06-18,equal_weight,0.0008320056300797129
2018-06-19,equal_weight,-0.004041485636140899
2018-06-20,equal_weight,0.0013935144407584516
2018-06-21,equal_weight,-0.004744448621242094
2018-06-22,equal_weight,0.003422398504399928
2018-06-25,equal_weight,-0.01079361164906669
2018-06-26,equal_weight,0.0028956402704827825
2018-06-27,equal_weight,-0.004296138477627593
2018-06-28,equal_weight,0.005385346454336681
2018-06-29,equal_weight,0.0009502588373169685
2018-07-02,sample,0.0033326191631634925
2018-07-03,sample,-0.0029495894112961333
2018-07-05,sample,0.010396421365582255
2018-07-06,sample,0.004784826159462451
2018-07-09,sample,-0.006444255302391636
2018-07-10,sample,0.009301505775779364
2018-07-11,sample,-0.0033024560940052503
2018-07-12,sample,0.0023170099101694672
2018-07-13,sample,1.4446973933949998e-05
2018-07-16,sample,0.0036591947616881402
2018-07-17,sample,0.006027225648530557
2018-07-18,sample,-0.001465732051180784
2018-07-19,sample,-0.0019179160011461585
2018-07-20,sample,0.00012138002448618698
2018-07-23,sample,0.000755932509686062
2018-07-24,sample,0.00665335889879682
2018-07-25,sample,0.005056336629576559
2018-07-26,sample,0.005707443815112419
2018-07-27,sample,-0.0012631563629323756
2018-07-30,sample,-0.0014120928517225718
2018-07-31,sample,0.005444029919590835
2018-07-02,ewma,0.0026656064285276206
2018-07-03,ewma,-0.0036186597623557412
2018-07-05,ewma,0.009989786704373059
2018-07-06,ewma,0.00431451205825392
2018-07-09,ewma,-0.003501330281460437
2018-07-10,ewma,0.006815289117500817
2018-07-11,ewma,-0.004679483808090211
2018-07-12,ewma,0.0037212578937380683
2018-07-13,ewma,0.0005001028089518349
2018-07-16,ewma,0.002916732853266682
2018-07-17,ewma,0.0031184778450568155
2018-07-18,ewma,-0.0008141122818016194
2018-07-19,ewma,0.0009639354055540524
2018-07-20,ewma,-5.168580671609376e-07
2018-07-23,ewma,-0.001649812490258686
2018-07-24,ewma,0.005387232443862322
2018-07-25,ewma,0.006135829128511714
2018-07-26,ewma,0.003491501831354679
2018-07-27,ewma,-0.005020816968765544
2018-07-30,ewma,-0.0015122623655744944
2018-07-31,ewma,0.0033703101690420977
2018-07-02,ledoit_wolf,0.003292561104004796
2018-07-03,ledoit_wolf,-0.002939112398208008
2018-07-05,ledoit_wolf,0.010323247014925898
2018-07-06,ledoit_wolf,0.004785033783300122
2018-07-09,ledoit_wolf,-0.006387963634787976
2018-07-10,ledoit_wolf,0.009342896596527055
2018-07-11,ledoit_wolf,-0.003452005318748415
2018-07-12,ledoit_wolf,0.0023196694017821825
2018-07-13,ledoit_wolf,6.177897475014536e-05
2018-07-16,ledoit_wolf,0.0034979127969561605
2018-07-17,ledoit_wolf,0.005815797992149827
2018-07-18,ledoit_wolf,-0.0013887527729260331
2018-07-19,ledoit_wolf,-0.0018635061940102766
2018-07-20,ledoit_wolf,0.00014873617261095082
2018-07-23,ledoit_wolf,0.0006313290728065459
2018-07-24,ledoit_wolf,0.006604645859162657
2018-07-25,ledoit_wolf,0.005123796206123867
2018-07-26,ledoit_wolf,0.005705355331293575
2018-07-27,ledoit_wolf,-0.0011667814018255093
2018-07-30,ledoit_wolf,-0.0013778467078205139
2018-07-31,ledoit_wolf,0.005430715433132946
2018-07-02,equal_weight,0.0028010033605400616
2018-07-03,equal_weight,-0.006230427157044502
2018-07-05,equal_weight,0.01077029647522779
2018-07-06,equal_weight,0.004892708154304155
2018-07-09,equal_weight,0.004796137067577016
2018-07-10,equal_weight,0.005070886277436217
2018-07-11,equal_weight,-0.007807854162304905
2018-07-12,equal_weight,0.007839091808743445
2018-07-13,equal_weight,0.0011690557686323305
2018-07-16,equal_weight,-0.000903643169124411
2018-07-17,equal_weight,0.003960883758834547
2018-07-18,equal_weight,0.0007357791446720074
2018-07-19,equal_weight,-0.00406579996643866
2018-07-20,equal_weight,0.00031956133101588863
2018-07-23,equal_weight,0.002361278948657771
2018-07-24,equal_weight,0.00879106142680702
2018-07-25,equal_weight,0.010136601490313589
2018-07-26,equal_weight,-0.005375703217442767
2018-07-27,equal_weight,-0.004157793545270223
2018-07-30,equal_weight,-0.005096256165252262
2018-07-31,equal_weight,0.004812134952477754
2018-08-01,sample,0.000764374918215251
2018-08-02,sample,0.0007662114389489815
2018-08-03,sample,0.007846894032626452
2018-08-06,sample,-0.000362213451062844
2018-08-07,sample,-0.0003617642392893754
2018-08-08,sample,-0.002428235865835674
2018-08-09,sample,-0.00030935332639114355
2018-08-10,sample,-0.003837861737661573
2018-08-13,sample,-0.004056388553303735
2018-08-14,sample,0.001807959458682746
2018-08-15,sample,0.0003839335859569383
2018-08-16,sample,0.009786275069456158
2018-08-17,sample,0.00532215745028408
2018-08-20,sample,0.0008702087494734862
2018-08-21,sample,-0.003246941660043159
2018-08-22,sample,-0.003751702416185333
2018-08-23,sample,-0.0018564155968010814
2018-08-24,sample,0.003719131515030869
2018-08-27,sample,0.002430460514303176
2018-08-28,sample,-0.002051932250436859
2018-08-29,sample,0.002512663574611051
2018-08-30,sample,-0.0020448760040472453
2018-08-31,sample,-0.0023672240470788025
2018-08-01,ewma,-0.0007263697965372126
2018-08-02,ewma,-7.6366174723845e-05
2018-08-03,ewma,0.007050729327406137
2018-08-06,ewma,-0.000793545769112667
2018-08-07,ewma,1.6456928107443417e-05
2018-08-08,ewma,-0.000681754237052537
2018-08-09,ewma,1.219647338314192e-05
2018-08-10,ewma,-0.004674410729059984
2018-08-13,ewma,-0.0054748644689832475
2018-08-14,ewma,0.0022976262630158392
2018-08-15,ewma,-0.0021606945285492576
2018-08-16,ewma,0.009192586152853982
2018-08-17,ewma,0.004813891893410953
2018-08-20,ewma,0.0025107501240516127
2018-08-21,ewma,-0.0036994863726793
2018-08-22,ewma,-0.004400414029144938
2018-08-23,ewma,-0.0010826401555291596
2018-08-24,ewma,0.006038016828580134
2018-08-27,ewma,0.0032205107954126236
2018-08-28,ewma,-0.0012098922234645509
2018-08-29,ewma,0.0016515696102142891
2018-08-30,ewma,-0.003255464004207353
2018-08-31,ewma,-0.0013569369479220176
2018-08-01,ledoit_wolf,0.0007667181357760419
2018-08-02,ledoit_wolf,0.0009168277854051665
2018-08-03,ledoit_wolf,0.007736605808861189
2018-08-06,ledoit_wolf,-0.0002859869186608451
2018-08-07,ledoit_wolf,-0.0003799689469751945
2018-08-08,ledoit_wolf,-0.00237181642705253
2018-08-09,ledoit_wolf,-0.0003748868036001113
2018-08-10,ledoit_wolf,-0.003806507519639757
2018-08-13,ledoit_wolf,-0.003803311966833543
2018-08-14,ledoit_wolf,0.0018993207618581641
2018-08-15,ledoit_wolf,0.00025647883994748405
2018-08-16,ledoit_wolf,0.009752740255389138
2018-08-17,ledoit_wolf,0.005272742651025808
2018-08-20,ledoit_wolf,0.000781096356711676
2018-08-21,ledoit_wolf,-0.003179784610166439
2018-08-22,ledoit_wolf,-0.0037800745701013546
2018-08-23,ledoit_wolf,-0.001819817547539279
2018-08-24,ledoit_wolf,0.003777951320150906
2018-08-27,ledoit_wolf,0.002446516722801147
2018-08-28,ledoit_wolf,-0.0020120373496542794
2018-08-29,ledoit_wolf,0.0025828479805245757
2018-08-30,ledoit_wolf,-0.0019973988897093145
2018-08-31,ledoit_wolf,-0.0023426342892519407
2018-08-01,equal_weight,0.000245577211359028
2018-08-02,equal_weight,0.003039833416555775
2018-08-03,equal_weight,0.005314671510505
2018-08-06,equal_weight,0.0026983198378759438
2018-08-07,equal_weight,0.0015628010934836418
2018-08-08,equal_weight,-0.0003084607433925708
2018-08-09,equal_weight,-0.0016012933785918633
2018-08-10,equal_weight,-0.006280702773493841
2018-08-13,equal_weight,-0.0035815327335582325
2018-08-14,equal_weight,0.0027810018113665854
2018-08-15,equal_weight,-0.008447200636585845
2018-08-16,equal_weight,0.00672355386210591
2018-08-17,equal_weight,0.005700603209586956
2018-08-20,equal_weight,0.0005404519200509018
2018-08-21,equal_weight,-0.0024635715217051837
2018-08-22,equal_weight,-0.0008212330034203926
2018-08-23,equal_weight,-0.0031446684368642997
2018-08-24,equal_weight,0.0065450352415684756
2018-08-27,equal_weight,0.00783439334359431
2018-08-28,equal_weight,-0.0005852739758672653
2018-08-29,equal_weight,0.004851039671972902
2018-08-30,equal_weight,-0.0036315977781606417
2018-08-31,equal_weight,-0.0015820750631091382
2018-09-04,sample,0.0012544573298776298
2018-09-05,sample,0.008235308116367019
2018-09-06,sample,0.0011286692973611738
2018-09-07,sample,-0.0036267482576076214
2018-09-10,sample,0.0007845020190855897
2018-09-11,sample,0.0016132406945036787
2018-09-12,sample,0.0002736323281453451
2018-09-13,sample,0.004657336764124977
2018-09-14,sample,-0.0007188595858361208
2018-09-17,sample,0.0022380595676599734
2018-09-18,sample,0.0007298771141375761
2018-09-19,sample,-0.0005878990537542497
2018-09-20,sample,0.007854149680606158
2018-09-21,sample,-4.618729394813151e-05
2018-09-24,sample,-0.00805996242467535
2018-09-25,sample,-0.00696838515830348
2018-09-26,sample,-0.006525877827997729
2018-09-27,sample,0.002819035220887893
2018-09-28,sample,0.002440972851785973
2018-09-04,ewma,0.004368225662863051
2018-09-05,ewma,0.0053915544572868575
2018-09-06,ewma,-0.0002826171982072965
2018-09-07,ewma,-0.004499984421173454
2018-09-10,ewma,0.0007265622405835141
2018-09-11,ewma,0.004101801559843254
2018-09-12,ewma,-0.0006246067802880538
2018-09-13,ewma,0.004598854164470418
2018-09-14,ewma,-0.0011888282788280243
2018-09-17,ewma,-0.001957700023242332
2018-09-18,ewma,0.006248012095774
2018-09-19,ewma,-0.0030438539191393
2018-09-20,ewma,0.005702648799492652
2018-09-21,ewma,0.0011088869511286785
2018-09-24,ewma,-0.0068346091539339725
2018-09-25,ewma,-0.00498809486110076
2018-09-26,ewma,-0.004864576181822145
2018-09-27,ewma,0.004802008398040155
2018-09-28,ewma,0.0027961529821588435
2018-09-04,ledoit_wolf,0.0011265901985584442
2018-09-05,ledoit_wolf,0.008154241600713989
2018-09-06,ledoit_wolf,0.0009825505486312168
2018-09-07,ledoit_wolf,-0.0038262438434852664
2018-09-10,ledoit_wolf,0.0007695984874502594
2018-09-11,ledoit_wolf,0.0015354693308469846
2018-09-12,ledoit_wolf,0.0003507403813145829
2018-09-13,ledoit_wolf,0.004731711976649349
2018-09-14,ledoit_wolf,-0.0006672541319619357
2018-09-17,ledoit_wolf,0.002100915099888678
2018-09-18,ledoit_wolf,0.0007669094995121204
2018-09-19,ledoit_wolf,-0.0007228608791915356
2018-09-20,ledoit_wolf,0.007847839627753107
2018-09-21,ledoit_wolf,1.9418679301273865e-06
2018-09-24,ledoit_wolf,-0.00804789412555723
2018-09-25,ledoit_wolf,-0.006935649289529065
2018-09-26,ledoit_wolf,-0.006554154212102254
2018-09-27,ledoit_wolf,0.0028923589145818662
2018-09-28,ledoit_wolf,0.0025056550306985365
2018-09-04,equal_weight,-0.002734250575718144
2018-09-05,equal_weight,0.0016180293773905897
2018-09-06,equal_weight,-0.0026863945378339804
2018-09-07,equal_weight,-0.0033801607237135454
2018-09-10,equal_weight,0.0002508638490948244
2018-09-11,equal_weight,0.005713252856239452
2018-09-12,equal_weight,2.455555954709247e-05
2018-09-13,equal_weight,0.004764711449849937
2018-09-14,equal_weight,4.9058829460338566e-05
2018-09-17,equal_weight,-0.0021428775632052165
2018-09-18,equal_weight,0.004525773789180534
2018-09-19,equal_weight,0.003530551314104823
2018-09-20,equal_weight,0.008935468272648803
2018-09-21,equal_weight,-0.0006818806903042191
2018-09-24,equal_weight,-0.0046373172668870205
2018-09-25,equal_weight,-0.0020386090728279644
2018-09-26,equal_weight,-0.006810042740706726
2018-09-27,equal_weight,0.004328865458746729
2018-09-28,equal_weight,0.00014448221239912986
2018-10-01,sample,0.0020673135870963267
2018-10-02,sample,0.005507901017316496
2018-10-03,sample,-0.006323600608687414
2018-10-04,sample,-2.3324356368681874e-05
2018-10-05,sample,0.0030193757073005653
2018-10-08,sample,0.006169066128849684
2018-10-09,sample,-0.000606028114969479
2018-10-10,sample,-0.016208027063301187
2018-10-11,sample,-0.0234778197245089
2018-10-12,sample,0.002152273409998051
2018-10-15,sample,0.0001654158270904819
2018-10-16,sample,0.013320136374475728
2018-10-17,sample,0.0012220693104776593
2018-10-18,sample,-0.004962780275075853
2018-10-19,sample,0.01686596937235758
2018-10-22,sample,-0.007552963671021269
2018-10-23,sample,-0.002511156914307971
2018-10-24,sample,0.002569842498419848
2018-10-25,sample,0.0005165255377387059
2018-10-26,sample,-0.016412538480222345
2018-10-29,sample,0.008315975269634502
2018-10-30,sample,0.016761903775025344
2018-10-31,sample,-0.00045206773441437047
2018-10-01,ewma,0.003811329975402216
2018-10-02,ewma,0.0012773952851056441
2018-10-03,ewma,-0.005668929026537078
2018-10-04,ewma,-0.007202289794248019
2018-10-05,ewma,0.00039094783404974615
2018-10-08,ewma,0.005231165069882861
2018-10-09,ewma,0.00029954165866552567
2018-10-10,ewma,-0.02059037058026296
2018-10-11,ewma,-0.024591735610255072
2018-10-12,ewma,0.0052747121183480735
2018-10-15,ewma,-0.001566788340460041
2018-10-16,ewma,0.01688958348484137
2018-10-17,ewma,-0.0062227482580603875
2018-10-18,ewma,-0.007055784970828833
2018-10-19,ewma,0.010224994483484535
2018-10-22,ewma,-0.005889986160426845
2018-10-23,ewma,-0.0038569889267197847
2018-10-24,ewma,-0.009346864618264335
2018-10-25,ewma,0.010086175506687018
2018-10-26,ewma,-0.022128162618057775
2018-10-29,ewma,-0.0009472607232284265
2018-10-30,ewma,0.015791156649245002
2018-10-31,ewma,0.004084849326738315
2018-10-01,ledoit_wolf,0.002220065599966955
2018-10-02,ledoit_wolf,0.0054312495617138
2018-10-03,ledoit_wolf,-0.006210638878559972
2018-10-04,ledoit_wolf,-0.00016743669926073913
2018-10-05,ledoit_wolf,0.003024391509503936
2018-10-08,ledoit_wolf,0.005883840236637379
2018-10-09,ledoit_wolf,-0.0006043981169938335
2018-10-10,ledoit_wolf,-0.01627620873645942
2018-10-11,ledoit_wolf,-0.02324604432139722
2018-10-12,ledoit_wolf,0.0022614729449969137
2018-10-15,ledoit_wolf,0.00010560063506823521
2018-10-16,ledoit_wolf,0.013439999513326388
2018-10-17,ledoit_wolf,0.001033408540208361
2018-10-18,ledoit_wolf,-0.0049799637228012
2018-10-19,ledoit_wolf,0.01676194430540611
2018-10-22,ledoit_wolf,-0.007523857070592754
2018-10-23,ledoit_wolf,-0.002661463700502884
2018-10-24,ledoit_wolf,0.002088350095550609
2018-10-25,ledoit_wolf,0.0007254376615013335
2018-10-26,ledoit_wolf,-0.016442777210281572
2018-10-29,ledoit_wolf,0.007967530798921003
2018-10-30,ledoit_wolf,0.016561107496981076
2018-10-31,ledoit_wolf,-0.0005368255617472326
2018-10-01,equal_weight,0.0035156752547111625
2018-10-02,equal_weight,0.0021786580461829177
2018-10-03,equal_weight,-0.0012352440087177582
2018-10-04,equal_weight,-0.006098738998421583
2018-10-05,equal_weight,-0.0026479273558433856
2018-10-08,equal_weight,0.002071620937779885
2018-10-09,equal_weight,-0.0017993683493650297
2018-10-10,equal_weight,-0.02572794557567781
2018-10-11,equal_weight,-0.017328171526950167
2018-10-12,equal_weight,0.006687554325734976
2018-10-15,equal_weight,-0.003246434417998576
2018-10-16,equal_weight,0.017292041550804247
2018-10-17,equal_weight,-0.0024902884455852057
2018-10-18,equal_weight,-0.011037772586532817
2018-10-19,equal_weight,0.006373416372099599
2018-10-22,equal_weight,-0.006029702896148823
2018-10-23,equal_weight,-0.005934761938230762
2018-10-24,equal_weight,-0.017455018639276704
2018-10-25,equal_weight,0.012790050662770142
2018-10-26,equal_weight,-0.017755895173623883
2018-10-29,equal_weight,-0.002674265761343078
2018-10-30,equal_weight,0.015844164522407264
2018-10-31,equal_weight,0.008233776037713145
2018-11-01,sample,0.002508538099662224
2018-11-02,sample,0.0011494261606497082
2018-11-05,sample,0.009502360638951695
2018-11-06,sample,0.005349260039696855
2018-11-07,sample,0.01134345516567496
2018-11-08,sample,0.00022387423900443874
2018-11-09,sample,0.0017616045272936362
2018-11-12,sample,-0.007155817459228477
2018-11-13,sample,-0.0009568886914561874
2018-11-14,sample,-0.0024912565798480006
2018-11-15,sample,0.00825022066186177
2018-11-16,sample,0.006285072366854928
2018-11-19,sample,0.0005923332966641161
2018-11-20,sample,-0.01641836583378855
2018-11-21,sample,-0.007105068898431894
2018-11-23,sample,-0.004621336446347723
2018-11-26,sample,0.005699074187996765
2018-11-27,sample,0.007565542306941675
2018-11-28,sample,0.012508339660883327
2018-11-29,sample,-0.0031611561782646205
2018-11-30,sample,0.014714643775044244
2018-11-01,ewma,0.00405666767088061
2018-11-02,ewma,0.003352303102910834
2018-11-05,ewma,0.011967190640701031
2018-11-06,ewma,0.0040034249371392145
2018-11-07,ewma,0.015576404230562453
2018-11-08,ewma,-0.0016020063737461469
2018-11-09,ewma,-0.0003588271056975253
2018-11-12,ewma,-0.0077453435916791345
2018-11-13,ewma,-0.0037166502878428157
2018-11-14,ewma,0.0012664860420126744
2018-11-15,ewma,0.009428694336085255
2018-11-16,ewma,0.009513244152499746
2018-11-19,ewma,-0.0018157259869478293
2018-11-20,ewma,-0.011569907622662613
2018-11-21,ewma,-0.002880960607824523
2018-11-23,ewma,-0.009515822332340745
2018-11-26,ewma,0.005136446812182447
2018-11-27,ewma,0.0034678056482360282
2018-11-28,ewma,0.017455277678935854
2018-11-29,ewma,-0.0031853691428752255
2018-11-30,ewma,0.00807631107860789
2018-11-01,ledoit_wolf,0.0025633564851682738
2018-11-02,ledoit_wolf,0.0011767258397583852
2018-11-05,ledoit_wolf,0.009501736122017487
2018-11-06,ledoit_wolf,0.005267336122242057
2018-11-07,ledoit_wolf,0.011541603143311336
2018-11-08,ledoit_wolf,0.0002604033927817808
2018-11-09,ledoit_wolf,0.001664674673854997
2018-11-12,ledoit_wolf,-0.007244895984771872
2018-11-13,ledoit_wolf,-0.0009647494404084385
2018-11-14,ledoit_wolf,-0.002413690340313728
2018-11-15,ledoit_wolf,0.008289398819751981
2018-11-16,ledoit_wolf,0.006299734890196828
2018-11-19,ledoit_wolf,0.0003578179245539078
2018-11-20,ledoit_wolf,-0.01621519770151346
2018-11-21,ledoit_wolf,-0.006972286160979795
2018-11-23,ledoit_wolf,-0.004773476654283356
2018-11-26,ledoit_wolf,0.005949117620315978
2018-11-27,ledoit_wolf,0.007402395168428262
2018-11-28,ledoit_wolf,0.012624053884170131
2018-11-29,ledoit_wolf,-0.00297090697634599
2018-11-30,ledoit_wolf,0.014390857551108612
2018-11-01,equal_weight,0.006477747155417843
2018-11-02,equal_weight,-0.0008878024207615329
2018-11-05,equal_weight,0.0050825463187010155
2018-11-06,equal_weight,0.0065904397752652825
2018-11-07,equal_weight,0.02080274301027624
2018-11-08,equal_weight,-0.0024847226055163553
2018-11-09,equal_weight,-0.006397901541846308
2018-11-12,equal_weight,-0.014726716732237858
2018-11-13,equal_weight,-0.0017509547512236986
2018-11-14,equal_weight,-0.0034913194370120586
2018-11-15,equal_weight,0.010512025677949512
2018-11-16,equal_weight,0.00492823583583709
2018-11-19,equal_weight,-0.011575721546070077
2018-11-20,equal_weight,-0.018712960455688106
2018-11-21,equal_weight,0.001438562161900373
2018-11-23,equal_weight,-0.008529071512581438
2018-11-26,equal_weight,0.012433146735356082
2018-11-27,equal_weight,0.00451278489980368
2018-11-28,equal_weight,0.02205457044836867
2018-11-29,equal_weight,-0.0018684940593825675
2018-11-30,equal_weight,0.01250991342376236
2018-12-03,sample,0.005047679942998234
2018-12-04,sample,-0.010241245807968357
2018-12-06,sample,-0.004520176054957739
2018-12-07,sample,-0.007425277258020618
2018-12-10,sample,-0.0006187951114845175
2018-12-11,sample,0.0018186050122444414
2018-12-12,sample,-0.001709021626974638
2018-12-13,sample,0.007758057018849172
2018-12-14,sample,-0.010644100205262916
2018-12-17,sample,-0.02256671526262428
2018-12-18,sample,-7.106751266561858e-05
2018-12-19,sample,-0.015742131241084888
2018-12-20,sample,-0.00027032464963235806
2018-12-21,sample,-0.011549812627918352
2018-12-24,sample,-0.02802820220099741
2018-12-26,sample,0.03027275903985841
2018-12-27,sample,0.01079612786100817
2018-12-28,sample,-0.0034463492269540485
2018-12-31,sample,0.0046372813285525455
2018-12-03,ewma,0.00825477119322296
2018-12-04,ewma,-0.005483113529774563
2018-12-06,ewma,-8.661525636314074e-06
2018-12-07,ewma,-0.004578906224919367
2018-12-10,ewma,0.0027456499845088965
2018-12-11,ewma,0.003103112486291873
2018-12-12,ewma,-0.0007855654878224468
2018-12-13,ewma,0.007926399105738259
2018-12-14,ewma,-0.020950064856239646
2018-12-17,ewma,-0.02570806877947067
2018-12-18,ewma,0.008538607181487887
2018-12-19,ewma,-0.027805880016911384
2018-12-20,ewma,0.008925543647792664
2018-12-21,ewma,-0.016231266523078255
2018-12-24,ewma,-0.02500920807266281
2018-12-26,ewma,0.028253023065674378
2018-12-27,ewma,0.008894312429127667
2018-12-28,ewma,-0.0031385111079083976
2018-12-31,ewma,0.003632403218973625
2018-12-03,ledoit_wolf,0.005148349084115451
2018-12-04,ledoit_wolf,-0.010241646598527464
2018-12-06,ledoit_wolf,-0.004517785095008709
2018-12-07,ledoit_wolf,-0.007484411416849008
2018-12-10,ledoit_wolf,-0.0005019876657790431
2018-12-11,ledoit_wolf,0.00182147875297569
2018-12-12,ledoit_wolf,-0.0015984801685408284
2018-12-13,ledoit_wolf,0.0077664638804359745
2018-12-14,ledoit_wolf,-0.010723034889506662
2018-12-17,ledoit_wolf,-0.022579264200437252
2018-12-18,ledoit_wolf,2.4068627272286116e-05
2018-12-19,ledoit_wolf,-0.015837898477501104
2018-12-20,ledoit_wolf,-0.00025036460199370433
2018-12-21,ledoit_wolf,-0.011558426995689711
2018-12-24,ledoit_wolf,-0.028025656967350814
2018-12-26,ledoit_wolf,0.030438881614289103
2018-12-27,ledoit_wolf,0.01082936567633595
2018-12-28,ledoit_wolf,-0.003430111902002091
2018-12-31,ledoit_wolf,0.004633710459466636
2018-12-03,equal_weight,0.012932446193117408
2018-12-04,equal_weight,-0.024501054927848973
2018-12-06,equal_weight,-0.0018655477902735926
2018-12-07,equal_weight,-0.017549183903220675
2018-12-10,equal_weight,0.00022344625868524193
2018-12-11,equal_weight,0.0016176698339746966
2018-12-12,equal_weight,0.002373144882821281
2018-12-13,equal_weight,0.00443942438050763
2018-12-14,equal_weight,-0.016987438816385696
2018-12-17,equal_weight,-0.022844376825324194
2018-12-18,equal_weight,0.0034547720911551724
2018-12-19,equal_weight,-0.018875108479008893
2018-12-20,equal_weight,-0.007529458777105331
2018-12-21,equal_weight,-0.019298129512499918
2018-12-24,equal_weight,-0.026660706617198777
2018-12-26,equal_weight,0.046822486946090036
2018-12-27,equal_weight,0.008730795642130088
2018-12-28,equal_weight,-0.0025184578025506466
2018-12-31,equal_weight,0.005536453446622744
2019-01-02,sample,-0.005304762514836234
2019-01-03,sample,-0.008256281374343217
2019-01-04,sample,0.01942411936272818
2019-01-07,sample,-0.003497151869678454
2019-01-08,sample,0.008212948425558513
2019-01-09,sample,-0.005883165198697349
2019-01-10,sample,0.006960743383814392
2019-01-11,sample,0.000671177174083434
2019-01-14,sample,-0.013637485235129747
2019-01-15,sample,0.007863568805936574
2019-01-16,sample,0.005162226770378174
2019-01-17,sample,0.004357087246592763
2019-01-18,sample,0.008473150004801325
2019-01-22,sample,-0.0027503177058135564
2019-01-23,sample,0.007588570708936331
2019-01-24,sample,0.0002441745199409989
2019-01-25,sample,0.0012239673671885854
2019-01-28,sample,-0.0030275539825032217
2019-01-29,sample,0.003565810627503571
2019-01-30,sample,0.00658602981928747
2019-01-31,sample,0.012211696783147211
2019-01-02,ewma,-0.007561872421198529
2019-01-03,ewma,-0.0064800847322094846
2019-01-04,ewma,0.016910271980159777
2019-01-07,ewma,-0.004159591367474708
2019-01-08,ewma,0.005666689098428658
2019-01-09,ewma,-0.006330721091747036
2019-01-10,ewma,0.008863146676497053
2019-01-11,ewma,-5.554620840137771e-05
2019-01-14,ewma,-0.018200068687562507
2019-01-15,ewma,0.007380287213453075
2019-01-16,ewma,0.0027468455701338337
2019-01-17,ewma,0.0033981822982641265
2019-01-18,ewma,0.008228444056788601
2019-01-22,ewma,-0.0003654195268309266
2019-01-23,ewma,0.006060839175380709
2019-01-24,ewma,-0.000687056096095447
2019-01-25,ewma,0.0018355218432006988
2019-01-28,ewma,-0.0027624795030136732
2019-01-29,ewma,0.007128283124438476
2019-01-30,ewma,0.005746254624049145
2019-01-31,ewma,0.010608027286391486
2019-01-02,ledoit_wolf,-0.005359198221095499
2019-01-03,ledoit_wolf,-0.00855267276124647
2019-01-04,ledoit_wolf,0.019453471906839707
2019-01-07,ledoit_wolf,-0.0034404116849975
2019-01-08,ledoit_wolf,0.008367186022042925
2019-01-09,ledoit_wolf,-0.005830553180196505
2019-01-10,ledoit_wolf,0.006958983339120827
2019-01-11,ledoit_wolf,0.0006363873285077082
2019-01-14,ledoit_wolf,-0.013575030170993376
2019-01-15,ledoit_wolf,0.007869420884737428
2019-01-16,ledoit_wolf,0.0049404020685336674
2019-01-17,ledoit_wolf,0.004368215900626615
2019-01-18,ledoit_wolf,0.00856263615355794
2019-01-22,ledoit_wolf,-0.0029086590443934616
2019-01-23,ledoit_wolf,0.007555455840939038
2019-01-24,ledoit_wolf,0.00026490367716992325
2019-01-25,ledoit_wolf,0.0012078200601467598
2019-01-28,ledoit_wolf,-0.003047713384648144
2019-01-29,ledoit_wolf,0.0034862878891454346
2019-01-30,ledoit_wolf,0.0067746445837276095
2019-01-31,ledoit_wolf,0.012340152014068278
2019-01-02,equal_weight,-0.0002477712463393912
2019-01-03,equal_weight,-0.02151359249516545
2019-01-04,equal_weight,0.03003177220865576
2019-01-07,equal_weight,0.0023408234748529435
2019-01-08,equal_weight,0.013347160987781395
2019-01-09,equal_weight,0.0008405423330111036
2019-01-10,equal_weight,0.005614024821837811
2019-01-11,equal_weight,-0.002293778730926213
2019-01-14,equal_weight,-0.007983938166370472
2019-01-15,equal_weight,0.010529893794474122
2019-01-16,equal_weight,0.004908839132900941
2019-01-17,equal_weight,0.006065718536705313
2019-01-18,equal_weight,0.012175850681663675
2019-01-22,equal_weight,-0.011813332703318372
2019-01-23,equal_weight,0.0022314561987770666
2019-01-24,equal_weight,0.002646370024408001
2019-01-25,equal_weight,0.009717812798851838
2019-01-28,equal_weight,-0.009362874642745116
2019-01-29,equal_weight,-3.9491860506618006e-05
2019-01-30,equal_weight,0.01596484116880735
2019-01-31,equal_weight,0.013558538571878151
2019-02-01,sample,0.002328483731445288
2019-02-04,sample,0.005160495976755588
2019-02-05,sample,0.0012098598186327672
2019-02-06,sample,-0.0013702346528195004
2019-02-07,sample,-0.00013181058187148535
2019-02-08,sample,0.0023739551684509937
2019-02-11,sample,-0.0003222031931894593
2019-02-12,sample,0.004790818683557704
2019-02-13,sample,0.0005971656106440752
2019-02-14,sample,-0.015766691396115348
2019-02-15,sample,0.007477891551641514
2019-02-19,sample,0.0060970282365751145
2019-02-20,sample,0.0056748895737754644
2019-02-21,sample,0.0031199415512315953
2019-02-22,sample,0.003675150019422601
2019-02-25,sample,-0.003987967325965226
2019-02-26,sample,-0.006033541093161595
2019-02-27,sample,-0.004002078062518088
2019-02-28,sample,0.0014140255880707637
2019-02-01,ewma,-0.0006826712488846743
2019-02-04,ewma,0.006415473777062992
2019-02-05,ewma,0.0010914228397069297
2019-02-06,ewma,-0.0027802816607853643
2019-02-07,ewma,0.00046030647458334393
2019-02-08,ewma,0.0013069101426627762
2019-02-11,ewma,-0.0011120109841314778
2019-02-12,ewma,0.00351659702198932
2019-02-13,ewma,0.0005140171797218975
2019-02-14,ewma,-0.01523467372608841
2019-02-15,ewma,0.009390359619404817
2019-02-19,ewma,0.005017219085601569
2019-02-20,ewma,0.007238988727054902
2019-02-21,ewma,0.002716169045066299
2019-02-22,ewma,0.003011057695598172
2019-02-25,ewma,-0.0036078315206812747
2019-02-26,ewma,-0.00781611045710661
2019-02-27,ewma,-0.0038842383851012277
2019-02-28,ewma,0.0024760255064018
2019-02-01,ledoit_wolf,0.0023287307026877216
2019-02-04,ledoit_wolf,0.005301908806345198
2019-02-05,ledoit_wolf,0.001226034446161563
2019-02-06,ledoit_wolf,-0.0013702886866338241
2019-02-07,ledoit_wolf,-0.00013821885188519442
2019-02-08,ledoit_wolf,0.002402611819016558
2019-02-11,ledoit_wolf,-0.0003043015706465375
2019-02-12,ledoit_wolf,0.004817543899313359
2019-02-13,ledoit_wolf,0.000619679400127644
2019-02-14,ledoit_wolf,-0.015739190378034094
2019-02-15,ledoit_wolf,0.007414898470770009
2019-02-19,ledoit_wolf,0.005980219183381578
2019-02-20,ledoit_wolf,0.005665820993886659
2019-02-21,ledoit_wolf,0.0031190051337436795
2019-02-22,ledoit_wolf,0.0036300958085316143
2019-02-25,ledoit_wolf,-0.004003418854445133
2019-02-26,ledoit_wolf,-0.005921390055752018
2019-02-27,ledoit_wolf,-0.003998190775665036
2019-02-28,ledoit_wolf,0.001481213149838886
2019-02-01,equal_weight,-0.00052241127841953
2019-02-04,equal_weight,0.007726537683612741
2019-02-05,equal_weight,0.00406443624268885
2019-02-06,equal_weight,-0.003661275950241958
2019-02-07,equal_weight,-0.005743953761444147
2019-02-08,equal_weight,-0.0002514847471475422
2019-02-11,equal_weight,-0.000689548541936681
2019-02-12,equal_weight,0.011305538905575622
2019-02-13,equal_weight,0.002287619285058811
2019-02-14,equal_weight,-0.005480821814441256
2019-02-15,equal_weight,0.008853281708022007
2019-02-19,equal_weight,0.0037317899156916437
2019-02-20,equal_weight,0.003686604975611724
2019-02-21,equal_weight,-0.0011241439681413728
2019-02-22,equal_weight,0.005383345671768765
2019-02-25,equal_weight,0.0002758617087871779
2019-02-26,equal_weight,-0.0032022558482013635
2019-02-27,equal_weight,-0.004072996022756136
2019-02-28,equal_weight,-0.0025231766918703403
2019-03-01,sample,0.0016819640768794227
2019-03-04,sample,0.0037766889954486053
2019-03-05,sample,0.0014152503622702748
2019-03-06,sample,-0.006369332287630371
2019-03-07,sample,-0.0019428979749437835
2019-03-08,sample,0.0012344316500153818
2019-03-11,sample,0.011137011275981896
2019-03-12,sample,0.005392187270360828
2019-03-13,sample,0.00475801131759179
2019-03-14,sample,-0.0025254592846247516
2019-03-15,sample,0.00011896310206437185
2019-03-18,sample,0.0003515695546459855
2019-03-19,sample,-0.0009048776491320894
2019-03-20,sample,-0.000616186737073667
2019-03-21,sample,0.004733031587722352
2019-03-22,sample,-0.004204647400975756
2019-03-25,sample,0.0018130893782562205
2019-03-26,sample,0.00896551792574218
2019-03-27,sample,-0.004001760097613792
2019-03-28,sample,-0.00016943460596741708
2019-03-29,sample,0.007047491502688406
2019-03-01,ewma,0.0033631478190172355
2019-03-04,ewma,0.0033679198670741746
2019-03-05,ewma,0.0012696754873340044
2019-03-06,ewma,-0.00223320191025924
2019-03-07,ewma,-0.0036256567967010963
2019-03-08,ewma,0.0025149914366922677
2019-03-11,ewma,0.010667897109419018
2019-03-12,ewma,0.0038084823818660034
2019-03-13,ewma,0.005447215765712033
2019-03-14,ewma,5.903504099439628e-05
2019-03-15,ewma,0.0025658209045272204
2019-03-18,ewma,-6.368932648826418e-06
2019-03-19,ewma,-0.0026619423478310734
2019-03-20,ewma,-0.0024624077268005306
2019-03-21,ewma,0.005927423649429487
2019-03-22,ewma,-0.008805048707620815
2019-03-25,ewma,0.0006467194598871696
2019-03-26,ewma,0.008471786830050301
2019-03-27,ewma,-0.005122243842985187
2019-03-28,ewma,0.0018292095014274781
2019-03-29,ewma,0.006547710295387202
2019-03-01,ledoit_wolf,0.001731129047115761
2019-03-04,ledoit_wolf,0.003726932090920438
2019-03-05,ledoit_wolf,0.001454033201675099
2019-03-06,ledoit_wolf,-0.006246068798798353
2019-03-07,ledoit_wolf,-0.0020412288890945514
2019-03-08,ledoit_wolf,0.0013239058191107588
2019-03-11,ledoit_wolf,0.010984195031975608
2019-03-12,ledoit_wolf,0.005450370575835176
2019-03-13,ledoit_wolf,0.004755461983851128
2019-03-14,ledoit_wolf,-0.002553028334688628
2019-03-15,ledoit_wolf,0.0001521438639968311
2019-03-18,ledoit_wolf,0.00031489034314296474
2019-03-19,ledoit_wolf,-0.0009497542831611639
2019-03-20,ledoit_wolf,-0.0005377320938015813
2019-03-21,ledoit_wolf,0.004970429105685006
2019-03-22,ledoit_wolf,-0.004298763315316273
2019-03-25,ledoit_wolf,0.0018533730842790522
2019-03-26,ledoit_wolf,0.00888379863642714
2019-03-27,ledoit_wolf,-0.004000515091698005
2019-03-28,ledoit_wolf,-0.0001238842221688661
2019-03-29,ledoit_wolf,0.007080248406141246
2019-03-01,equal_weight,0.005404526277862531
2019-03-04,equal_weight,0.0027220342069307186
2019-03-05,equal_weight,0.0022547852864689254
2019-03-06,equal_weight,-0.004572986054691938
2019-03-07,equal_weight,-0.007473070400092798
2019-03-08,equal_weight,7.022286619092161e-05
2019-03-11,equal_weight,0.01459535272547198
2019-03-12,equal_weight,0.004838705060573894
2019-03-13,equal_weight,0.006339588330084832
2019-03-14,equal_weight,-0.0020263245754750603
2019-03-15,equal_weight,0.0002929545559761796
2019-03-18,equal_weight,0.0025015946576457857
2019-03-19,equal_weight,-0.0006553843331312864
2019-03-20,equal_weight,0.0012106734543516065
2019-03-21,equal_weight,0.009343862190966208
2019-03-22,equal_weight,-0.01357831072310667
2019-03-25,equal_weight,0.0009371026407677649
2019-03-26,equal_weight,0.005690990589394441
2019-03-27,equal_weight,-0.004049636673694015
2019-03-28,equal_weight,0.002809288789203856
2019-03-29,equal_weight,0.007611754883650305
2019-04-01,sample,-0.00025266876028146506
2019-04-02,sample,0.0017841749461513536
2019-04-03,sample,-0.0015704827425059608
2019-04-04,sample,0.004934916083042083
2019-04-05,sample,0.004912502903074937
2019-04-08,sample,0.0016490617267160613
2019-04-09,sample,-0.0012376267975890182
2019-04-10,sample,-0.001564214002112964
2019-04-11,sample,0.0007947658273414352
2019-04-12,sample,0.0077162324796428445
2019-04-15,sample,-0.000969466881245421
2019-04-16,sample,-0.00538981659725358
2019-04-17,sample,0.002103802268501058
2019-04-18,sample,-0.0028074558772078935
2019-04-22,sample,-0.0005642501549527272
2019-04-23,sample,0.001028377009745988
2019-04-24,sample,-0.0010442222801088914
2019-04-25,sample,-0.0010778521681969121
2019-04-26,sample,0.005104780850894584
2019-04-29,sample,-0.0020508840300463823
2019-04-30,sample,0.009826529785291183
2019-04-01,ewma,-0.0020268868774261572
2019-04-02,ewma,-0.00011106339727448968
2019-04-03,ewma,-6.415940270768528e-05
2019-04-04,ewma,0.0010484864873146634
2019-04-05,ewma,0.006632931167700026
2019-04-08,ewma,0.0009364890116307885
2019-04-09,ewma,-0.001753300740277125
2019-04-10,ewma,-0.0003908460565224905
2019-04-11,ewma,0.002825941906648216
2019-04-12,ewma,0.00909209132938557
2019-04-15,ewma,-0.0016416930950381914
2019-04-16,ewma,-0.0015490915498132547
2019-04-17,ewma,0.003908628966004677
2019-04-18,ewma,-0.0013495243286859924
2019-04-22,ewma,-0.0013303244615574124
2019-04-23,ewma,0.0015416853830487723
2019-04-24,ewma,0.0015786153950003209
2019-04-25,ewma,2.2275568980487874e-05
2019-04-26,ewma,0.005628451144160034
2019-04-29,ewma,-0.001545085174639601
2019-04-30,ewma,0.011170773251230937
2019-04-01,ledoit_wolf,-0.00033383331063716287
2019-04-02,ledoit_wolf,0.0017328493522971397
2019-04-03,ledoit_wolf,-0.0014824652591469676
2019-04-04,ledoit_wolf,0.004852622876720849
2019-04-05,ledoit_wolf,0.00499958708249852
2019-04-08,ledoit_wolf,0.0016309567379673821
2019-04-09,ledoit_wolf,-0.0013118245777021813
2019-04-10,ledoit_wolf,-0.0016152569707817352
2019-04-11,ledoit_wolf,0.0005512959759884431
2019-04-12,ledoit_wolf,0.007090258787424381
2019-04-15,ledoit_wolf,-0.0007796409138528348
2019-04-16,ledoit_wolf,-0.005507489660644684
2019-04-17,ledoit_wolf,0.0016193252964879878
2019-04-18,ledoit_wolf,-0.002579370021229505
2019-04-22,ledoit_wolf,-0.0004641783378730737
2019-04-23,ledoit_wolf,0.0009471910363420932
2019-04-24,ledoit_wolf,-0.0009881489119300945
2019-04-25,ledoit_wolf,-0.000982652047863394
2019-04-26,ledoit_wolf,0.005145270458063919
2019-04-29,ledoit_wolf,-0.0021822473276638847
2019-04-30,ledoit_wolf,0.009743729962500279
2019-04-01,equal_weight,0.007859226770650152
2019-04-02,equal_weight,0.002578129139420317
2019-04-03,equal_weight,0.0006227809929972393
2019-04-04,equal_weight,0.0034171506308324825
2019-04-05,equal_weight,0.004244288253575553
2019-04-08,equal_weight,0.0018040182286732244
2019-04-09,equal_weight,-0.004817448807926674
2019-04-10,equal_weight,0.0012459333611903726
2019-04-11,equal_weight,-0.00027530320874713456
2019-04-12,equal_weight,0.0041774799669864636
2019-04-15,equal_weight,-0.00020628718953236494
2019-04-16,equal_weight,-0.0011697249257533664
2019-04-17,equal_weight,0.0027919947735006367
2019-04-18,equal_weight,0.00281903691095572
2019-04-22,equal_weight,0.003303252486667621
2019-04-23,equal_weight,0.005416433011680558
2019-04-24,equal_weight,-0.0038906642329143907
2019-04-25,equal_weight,0.0031194639625188136
2019-04-26,equal_weight,0.005586513013013274
2019-04-29,equal_weight,6.165469826009494e-05
2019-04-30,equal_weight,0.0010713685975778228
2019-05-01,sample,-0.011923248098697114
2019-05-02,sample,-0.0025050336093862943
2019-05-03,sample,0.004483859731543174
2019-05-06,sample,-0.0051012845382485674
2019-05-07,sample,-0.0054049949070022665
2019-05-08,sample,-0.004932267641966104
2019-05-09,sample,-0.003972224427933867
2019-05-10,sample,0.011310570624302168
2019-05-13,sample,-0.0015655564655764982
2019-05-14,sample,0.0014033768585166447
2019-05-15,sample,0.0023199363228427437
2019-05-16,sample,0.006946998291818008
2019-05-17,sample,0.0020694250066916877
2019-05-20,sample,-0.0018368111035552053
2019-05-21,sample,0.0009002582721252879
2019-05-22,sample,0.005589866801663566
2019-05-23,sample,0.0003411487593881809
2019-05-24,sample,0.002312481748910283
2019-05-28,sample,-0.012100421751605132
2019-05-29,sample,-0.007237866224031439
2019-05-30,sample,0.004420636343248154
2019-05-31,sample,0.0005330716210888709
2019-05-01,ewma,-0.01340585838136916
2019-05-02,ewma,0.0006106518126571098
2019-05-03,ewma,0.006271167375909695
2019-05-06,ewma,-0.005978298131787031
2019-05-07,ewma,-0.011386656152039154
2019-05-08,ewma,-0.0003394745547873933
2019-05-09,ewma,-0.002840920446796141
2019-05-10,ewma,0.011395663132195822
2019-05-13,ewma,-0.007477636377284836
2019-05-14,ewma,0.00043477227427735424
2019-05-15,ewma,0.006483288105693592
2019-05-16,ewma,0.00970547081939632
2019-05-17,ewma,0.00017877275560065258
2019-05-20,ewma,-0.008172979872018246
2019-05-21,ewma,0.0019377826615031173
2019-05-22,ewma,0.0037733147962399328
2019-05-23,ewma,-0.0010598483990149762
2019-05-24,ewma,0.000539197408457224
2019-05-28,ewma,-0.011032108208167277
2019-05-29,ewma,-0.008965602382238935
2019-05-30,ewma,0.003910399043166247
2019-05-31,ewma,-0.004404436341176563
2019-05-01,ledoit_wolf,-0.012072630920696152
2019-05-02,ledoit_wolf,-0.0022724838113637774
2019-05-03,ledoit_wolf,0.004454315735787468
2019-05-06,ledoit_wolf,-0.0050254725238279676
2019-05-07,ledoit_wolf,-0.005576245316853903
2019-05-08,ledoit_wolf,-0.004727925757313848
2019-05-09,ledoit_wolf,-0.0038159898287996054
2019-05-10,ledoit_wolf,0.011248070487929465
2019-05-13,ledoit_wolf,-0.0018458659367888814
2019-05-14,ledoit_wolf,0.0013152415313750173
2019-05-15,ledoit_wolf,0.0022283043369326475
2019-05-16,ledoit_wolf,0.006937639773913195
2019-05-17,ledoit_wolf,0.0021497264707866725
2019-05-20,ledoit_wolf,-0.0019664684424707474
2019-05-21,ledoit_wolf,0.00102645745958964
2019-05-22,ledoit_wolf,0.00529199387136315
2019-05-23,ledoit_wolf,0.0002789792750357606
2019-05-24,ledoit_wolf,0.0024039546130295497
2019-05-28,ledoit_wolf,-0.012119191969859684
2019-05-29,ledoit_wolf,-0.007278300994914478
2019-05-30,ledoit_wolf,0.004280465449344174
2019-05-31,ledoit_wolf,0.00026801221795322945
2019-05-01,equal_weight,-0.008248611446282639
2019-05-02,equal_weight,-0.0033394846015160577
2019-05-03,equal_weight,0.00960049572437377
2019-05-06,equal_weight,-0.00462130302590642
2019-05-07,equal_weight,-0.01303445124012253
2019-05-08,equal_weight,-0.0017388593671738757
2019-05-09,equal_weight,-0.0023505462430786416
2019-05-10,equal_weight,0.006235027885637371
2019-05-13,equal_weight,-0.016642276084569613
2019-05-14,equal_weight,0.0038341064357210602
2019-05-15,equal_weight,0.006105535044937494
2019-05-16,equal_weight,0.007774074606986446
2019-05-17,equal_weight,-0.0029242712992410443
2019-05-20,equal_weight,-0.0057364919937351625
2019-05-21,equal_weight,0.005280243397061037
2019-05-22,equal_weight,-0.00038224193341862024
2019-05-23,equal_weight,-0.006665389832918377
2019-05-24,equal_weight,0.001638108492480951
2019-05-28,equal_weight,-0.008722236286301158
2019-05-29,equal_weight,-0.00893919608864496
2019-05-30,equal_weight,0.00291154689732181
2019-05-31,equal_weight,-0.007921524870668838
2019-06-03,sample,0.007703213030053923
2019-06-04,sample,0.010544611935475654
2019-06-05,sample,0.013068772752867972
2019-06-06,sample,0.008625759220923894
2019-06-07,sample,0.00038230111635620227
2019-06-10,sample,-0.002085679834926675
2019-06-11,sample,-0.003268085709831404
2019-06-12,sample,0.004479278372901626
2019-06-13,sample,0.0009983693424492207
2019-06-14,sample,0.006762196669562765
2019-06-17,sample,0.0007068624202681472
2019-06-18,sample,-0.00022531606660440876
2019-06-19,sample,0.004478150194910042
2019-06-20,sample,0.010283258360355454
2019-06-21,sample,0.00031484358867162293
2019-06-24,sample,0.004358356523418681
2019-06-25,sample,-0.007341199641144107
2019-06-26,sample,-0.009088103921901219
2019-06-27,sample,0.0017016867475040925
2019-06-28,sample,0.0049737458673794754
2019-06-03,ewma,0.0005621938936095712
2019-06-04,ewma,0.014229589389963517
2019-06-05,ewma,0.012979776537533773
2019-06-06,ewma,0.008627566050312212
2019-06-07,ewma,0.004611879870668238
2019-06-10,ewma,-0.00020610757784608952
2019-06-11,ewma,-0.002565808349398949
2019-06-12,ewma,0.0023533427907972415
2019-06-13,ewma,0.0014827987501151996
2019-06-14,ewma,0.006969800747478539
2019-06-17,ewma,0.005178592798837785
2019-06-18,ewma,0.0032997639629376374
2019-06-19,ewma,0.0033860938778933402
2019-06-20,ewma,0.00963647740364803
2019-06-21,ewma,-2.1143953877240593e-05
2019-06-24,ewma,0.002717473071767167
2019-06-25,ewma,-0.011086265184886712
2019-06-26,ewma,-0.004088975153151319
2019-06-27,ewma,0.0017320801363929768
2019-06-28,ewma,0.005751306567830425
2019-06-03,ledoit_wolf,0.007649357634455361
2019-06-04,ledoit_wolf,0.01082646316145014
2019-06-05,ledoit_wolf,0.01305795835123653
2019-06-06,ledoit_wolf,0.008665407480855
2019-06-07,ledoit_wolf,0.0005279773277215277
2019-06-10,ledoit_wolf,-0.0020606091337103923
2019-06-11,ledoit_wolf,-0.003281052068535822
2019-06-12,ledoit_wolf,0.004496939596153539
2019-06-13,ledoit_wolf,0.0011302544328557899
2019-06-14,ledoit_wolf,0.006751737814968615
2019-06-17,ledoit_wolf,0.0007968457844623282
2019-06-18,ledoit_wolf,-0.00013851864767539272
2019-06-19,ledoit_wolf,0.004441694114822144
2019-06-20,ledoit_wolf,0.010309281300703634
2019-06-21,ledoit_wolf,0.0003952543563904608
2019-06-24,ledoit_wolf,0.004247786884507311
2019-06-25,ledoit_wolf,-0.00725884606878404
2019-06-26,ledoit_wolf,-0.009027241132552152
2019-06-27,ledoit_wolf,0.0017171059654339366
2019-06-28,ledoit_wolf,0.005023170557470485
2019-06-03,equal_weight,-0.004362142324686725
2019-06-04,equal_weight,0.01713954247496651
2019-06-05,equal_weight,0.011005112419088182
2019-06-06,equal_weight,0.00836405250034421
2019-06-07,equal_weight,0.008325817449550556
2019-06-10,equal_weight,0.00439212833187823
2019-06-11,equal_weight,-0.0001530659014788874
2019-06-12,equal_weight,0.0004912322215987796
2019-06-13,equal_weight,0.002821061521508228
2019-06-14,equal_weight,0.0034051836760664524
2019-06-17,equal_weight,0.0033220332837283414
2019-06-18,equal_weight,0.005731551550316608
2019-06-19,equal_weight,0.002939447382330638
2019-06-20,equal_weight,0.009831004381176386
2019-06-21,equal_weight,0.0008334567655028085
2019-06-24,equal_weight,0.00014961354237212054
2019-06-25,equal_weight,-0.009605857534110751
2019-06-26,equal_weight,-0.0036584928689315367
2019-06-27,equal_weight,0.0017841965691784588
2019-06-28,equal_weight,0.005406248912317453
2019-07-01,sample,0.001580809256906322
2019-07-02,sample,0.00822371521149308
2019-07-03,sample,0.00813698476067144
2019-07-05,sample,-0.002143831555751679
2019-07-08,sample,-0.00021340025805351642
2019-07-09,sample,0.00015654806213373848
2019-07-10,sample,0.004003220861402944
2019-07-11,sample,0.00500924313730172
2019-07-12,sample,0.001670494829804484
2019-07-15,sample,-0.0006658365728159945
2019-07-16,sample,-0.0026322196130094348
2019-07-17,sample,0.0006582039443098147
2019-07-18,sample,0.004020622792513684
2019-07-19,sample,-0.010411454639115601
2019-07-22,sample,0.002626993287522185
2019-07-23,sample,0.008537617672640073
2019-07-24,sample,-0.0034268091916315312
2019-07-25,sample,-0.009813432951104628
2019-07-26,sample,0.003925730057880639
2019-07-29,sample,0.004542386276853732
2019-07-30,sample,0.003441665051408934
2019-07-31,sample,-0.011628101460915367
2019-07-01,ewma,0.004199394391890723
2019-07-02,ewma,0.006621302330481379
2019-07-03,ewma,0.00531618465818216
2019-07-05,ewma,-0.0004377636286413873
2019-07-08,ewma,-0.0010952524609266978
2019-07-09,ewma,-0.0004831743561488427
2019-07-10,ewma,0.004431514865352562
2019-07-11,ewma,0.008096160751616819
2019-07-12,ewma,0.002860312270966143
2019-07-15,ewma,-0.000363585833570755
2019-07-16,ewma,-0.0028700628850797747
2019-07-17,ewma,-0.0002983460702408007
2019-07-18,ewma,0.0017991070670311069
2019-07-19,ewma,-0.01068201714057056
2019-07-22,ewma,0.0016776143443170575
2019-07-23,ewma,0.010842655579780733
2019-07-24,ewma,-0.0017301036438241238
2019-07-25,ewma,-0.009425868622886953
2019-07-26,ewma,0.004278341642283348
2019-07-29,ewma,0.0040815226207601574
2019-07-30,ewma,-0.0027598844317280975
2019-07-31,ewma,-0.010684722350633195
2019-07-01,ledoit_wolf,0.0014682810089844248
2019-07-02,ledoit_wolf,0.008011781359966705
2019-07-03,ledoit_wolf,0.008257056915280232
2019-07-05,ledoit_wolf,-0.0022358632519868665
2019-07-08,ledoit_wolf,-7.893467858308405e-05
2019-07-09,ledoit_wolf,0.00011089006912030962
2019-07-10,ledoit_wolf,0.00397833654182148
2019-07-11,ledoit_wolf,0.005079905893156656
2019-07-12,ledoit_wolf,0.001611251698526277
2019-07-15,ledoit_wolf,-0.0005471199994845941
2019-07-16,ledoit_wolf,-0.002936227471293371
2019-07-17,ledoit_wolf,0.0007130707012080288
2019-07-18,ledoit_wolf,0.004100591292543697
2019-07-19,ledoit_wolf,-0.010191245952224131
2019-07-22,ledoit_wolf,0.0025618200105359504
2019-07-23,ledoit_wolf,0.008013241643604273
2019-07-24,ledoit_wolf,-0.0032741987772251157
2019-07-25,ledoit_wolf,-0.009648822268056141
2019-07-26,ledoit_wolf,0.003966860866658373
2019-07-29,ledoit_wolf,0.004645890284391968
2019-07-30,ledoit_wolf,0.003809617555546133
2019-07-31,ledoit_wolf,-0.011812341491000878
2019-07-01,equal_weight,0.005274180360589828
2019-07-02,equal_weight,0.005127752916573005
2019-07-03,equal_weight,0.007541591433332699
2019-07-05,equal_weight,-0.0018178733993609694
2019-07-08,equal_weight,-0.0016202512905031472
2019-07-09,equal_weight,0.0014270576714502624
2019-07-10,equal_weight,0.004832934011065123
2019-07-11,equal_weight,0.0036029656979383344
2019-07-12,equal_weight,0.003435160084062524
2019-07-15,equal_weight,0.00033929259228149115
2019-07-16,equal_weight,-0.002894001114767111
2019-07-17,equal_weight,-0.005574931544401697
2019-07-18,equal_weight,0.0033916166625301064
2019-07-19,equal_weight,-0.007282902152007814
2019-07-22,equal_weight,0.003375652167234763
2019-07-23,equal_weight,0.007207852025168113
2019-07-24,equal_weight,-0.002343719994250106
2019-07-25,equal_weight,-0.005389219915767978
2019-07-26,equal_weight,0.006782302039973148
2019-07-29,equal_weight,0.0034529583757176067
2019-07-30,equal_weight,0.0007448260375322185
2019-07-31,equal_weight,-0.011128951561737096
2019-08-01,sample,-0.0040154242942763135
2019-08-02,sample,0.0029577256526838657
2019-08-05,sample,-0.014621494559151097
2019-08-06,sample,0.01376451905157805
2019-08-07,sample,0.004686323334097357
2019-08-08,sample,0.011566505823887178
2019-08-09,sample,-0.0010814959673830177
2019-08-12,sample,-0.008548595259288102
2019-08-13,sample,0.002770294538891306
2019-08-14,sample,-0.01533994276501048
2019-08-15,sample,0.011831858417111082
2019-08-16,sample,0.0077943276704610385
2019-08-19,sample,0.005685854708816503
2019-08-20,sample,-0.003678080800862779
2019-08-21,sample,0.004184443470615958
2019-08-22,sample,0.0019106197602544908
2019-08-23,sample,-0.00868384889509019
2019-08-26,sample,0.009329410726677353
2019-08-27,sample,0.00400477931386867
2019-08-28,sample,0.004490651594723302
2019-08-29,sample,0.002656981324499339
2019-08-30,sample,-0.0009742372117206866
2019-08-01,ewma,-0.01057886791322412
2019-08-02,ewma,0.001498256092743235
2019-08-05,ewma,-0.020004840051249216
2019-08-06,ewma,0.011360411659625137
2019-08-07,ewma,-0.003654617794538813
2019-08-08,ewma,0.017114909430646228
2019-08-09,ewma,-0.001763572674663055
2019-08-12,ewma,-0.008901082511138574
2019-08-13,ewma,0.007836181321722178
2019-08-14,ewma,-0.02416814474406051
2019-08-15,ewma,0.006933991847800686
2019-08-16,ewma,0.00739356440270085
2019-08-19,ewma,0.009600870091501193
2019-08-20,ewma,-0.005473787993662347
2019-08-21,ewma,0.007958779737341711
2019-08-22,ewma,0.0020119054604093864
2019-08-23,ewma,-0.017078338838604754
2019-08-26,ewma,0.008955178823668234
2019-08-27,ewma,-0.0016225127098064645
2019-08-28,ewma,0.0038712140681358624
2019-08-29,ewma,0.008411667781133947
2019-08-30,ewma,0.00034027214714699015
2019-08-01,ledoit_wolf,-0.004115347825851814
2019-08-02,ledoit_wolf,0.002706624484251741
2019-08-05,ledoit_wolf,-0.014885515635753861
2019-08-06,ledoit_wolf,0.013793160357906278
2019-08-07,ledoit_wolf,0.0047295318559778116
2019-08-08,ledoit_wolf,0.011690791596813395
2019-08-09,ledoit_wolf,-0.0011517024780022963
2019-08-12,ledoit_wolf,-0.00855718996315796
2019-08-13,ledoit_wolf,0.002749533943527614
2019-08-14,ledoit_wolf,-0.015552939963984365
2019-08-15,ledoit_wolf,0.011596249479326158
2019-08-16,ledoit_wolf,0.007845730676016377
2019-08-19,ledoit_wolf,0.0057823520060267045
2019-08-20,ledoit_wolf,-0.003583172845482519
2019-08-21,ledoit_wolf,0.004347063999739289
2019-08-22,ledoit_wolf,0.001698484247515797
2019-08-23,ledoit_wolf,-0.00888453150374135
2019-08-26,ledoit_wolf,0.009313320372980001
2019-08-27,ledoit_wolf,0.004101589488260772
2019-08-28,ledoit_wolf,0.004482998404830513
2019-08-29,ledoit_wolf,0.002602883328523306
2019-08-30,ledoit_wolf,-0.0009826164093797245
2019-08-01,equal_weight,-0.008781209330328332
2019-08-02,equal_weight,-0.0046359280154301425
2019-08-05,equal_weight,-0.023692141589705337
2019-08-06,equal_weight,0.012659327341765964
2019-08-07,equal_weight,0.0015601726106703473
2019-08-08,equal_weight,0.017027445329412007
2019-08-09,equal_weight,-0.005165134493173084
2019-08-12,equal_weight,-0.010249649900682934
2019-08-13,equal_weight,0.010865126421139164
2019-08-14,equal_weight,-0.025222073989828574
2019-08-15,equal_weight,0.006201672275671883
2019-08-16,equal_weight,0.010762890699685564
2019-08-19,equal_weight,0.00989011012469956
2019-08-20,equal_weight,-0.005681857788246305
2019-08-21,equal_weight,0.007262123980764265
2019-08-22,equal_weight,-0.0019412851080103893
2019-08-23,equal_weight,-0.020391026624070822
2019-08-26,equal_weight,0.009293659032719361
2019-08-27,equal_weight,-0.00046697461031389674
2019-08-28,equal_weight,0.005432781628461175
2019-08-29,equal_weight,0.009448308123972769
2019-08-30,equal_weight,0.0004702511176211228
2019-09-03,sample,0.008292389100808175
2019-09-04,sample,0.007823040207341175
2019-09-05,sample,-0.008207551898775211
2019-09-06,sample,-0.00270017769644696
2019-09-09,sample,-0.003948129965105403
2019-09-10,sample,-0.0021518232955005994
2019-09-11,sample,0.0048280820794651125
2019-09-12,sample,0.006210830205735562
2019-09-13,sample,-0.0013349336155911748
2019-09-16,sample,-0.0036548140984930186
2019-09-17,sample,0.009428714739734395
2019-09-18,sample,0.0010438198238746574
2019-09-19,sample,0.005317829888685235
2019-09-20,sample,0.0006542385321579812
2019-09-23,sample,0.00029473909315484443
2019-09-24,sample,0.0009493405484763261
2019-09-25,sample,-0.004399886836874257
2019-09-26,sample,-0.0009722289277660191
2019-09-27,sample,-0.005149733273255562
2019-09-30,sample,-0.00017422518148117586
2019-09-03,ewma,0.009785488914177638
2019-09-04,ewma,0.004254381163688143
2019-09-05,ewma,-0.010567488057648199
2019-09-06,ewma,-0.004379487395851388
2019-09-09,ewma,-0.006884886009141335
2019-09-10,ewma,0.00010083901973077249
2019-09-11,ewma,0.0068265139105292034
2019-09-12,ewma,0.0019291823566106848
2019-09-13,ewma,-0.0020062399685636793
2019-09-16,ewma,-0.0019023268800152163
2019-09-17,ewma,0.00967450177153116
2019-09-18,ewma,-0.0008880359368366487
2019-09-19,ewma,0.006145120650095474
2019-09-20,ewma,0.0016946297170653823
2019-09-23,ewma,-0.0013705511690128506
2019-09-24,ewma,0.0012214384164655778
2019-09-25,ewma,-0.006178902072211243
2019-09-26,ewma,-0.0037093918450853353
2019-09-27,ewma,-0.007346345792984
2019-09-30,ewma,0.0023438644866100107
2019-09-03,ledoit_wolf,0.008138875634812616
2019-09-04,ledoit_wolf,0.00784285990998508
2019-09-05,ledoit_wolf,-0.008025077477806218
2019-09-06,ledoit_wolf,-0.0027851092859809395
2019-09-09,ledoit_wolf,-0.003990878768546221
2019-09-10,ledoit_wolf,-0.0018841031934159853
2019-09-11,ledoit_wolf,0.004892578544700874
2019-09-12,ledoit_wolf,0.006164156548513291
2019-09-13,ledoit_wolf,-0.0014148567846212733
2019-09-16,ledoit_wolf,-0.0036030277585101067
2019-09-17,ledoit_wolf,0.009373847103881523
2019-09-18,ledoit_wolf,0.000924123257401118
2019-09-19,ledoit_wolf,0.005120175682535864
2019-09-20,ledoit_wolf,0.0006446736035548887
2019-09-23,ledoit_wolf,0.00029519952237950294
2019-09-24,ledoit_wolf,0.0008613050912654543
2019-09-25,ledoit_wolf,-0.00424327013860718
2019-09-26,ledoit_wolf,-0.0008924224024712906
2019-09-27,ledoit_wolf,-0.005093908250525499
2019-09-30,ledoit_wolf,-0.00024167919466436868
2019-09-03,equal_weight,-0.002135989329807843
2019-09-04,equal_weight,0.009037398343891601
2019-09-05,equal_weight,0.006520302085810815
2019-09-06,equal_weight,-0.0023022044503651948
2019-09-09,equal_weight,0.0004939013770856393
2019-09-10,equal_weight,0.001261802379241578
2019-09-11,equal_weight,0.0061537061220141645
2019-09-12,equal_weight,0.004695769224094772
2019-09-13,equal_weight,0.0021538189194675638
2019-09-16,equal_weight,-0.004222740379135769
2019-09-17,equal_weight,0.004787875420853993
2019-09-18,equal_weight,0.0007322266199748947
2019-09-19,equal_weight,0.001782102246573499
2019-09-20,equal_weight,-0.00392541760782228
2019-09-23,equal_weight,-0.0005498581402253371
2019-09-24,equal_weight,-0.007003059280950619
2019-09-25,equal_weight,0.002700612274483988
2019-09-26,equal_weight,-0.0029977437581694783
2019-09-27,equal_weight,-0.0050745710360054624
2019-09-30,equal_weight,0.0019337509102325349
2019-10-01,sample,-0.006054254908383493
2019-10-02,sample,-0.013608863812218649
2019-10-03,sample,0.0063307304726637
2019-10-04,sample,0.014949753253623778
2019-10-07,sample,-0.0042508548890576
2019-10-08,sample,-0.006662084597209524
2019-10-09,sample,0.004613512511981337
2019-10-10,sample,0.0035020948075642575
2019-10-11,sample,-0.004884175641917435
2019-10-14,sample,-0.00012124789833669312
2019-10-15,sample,0.005865122267344798
2019-10-16,sample,-0.00046881431308053027
2019-10-17,sample,0.007504607356565459
2019-10-18,sample,0.00513362960267448
2019-10-21,sample,0.0033341533726250917
2019-10-22,sample,0.004155107440510898
2019-10-23,sample,0.005631737016705883
2019-10-24,sample,0.0012314176224572475
2019-10-25,sample,-0.004985918103339412
2019-10-28,sample,-0.00706502606910531
2019-10-29,sample,0.002104858815605239
2019-10-30,sample,0.003998978470531937
2019-10-31,sample,0.0033257249888920316
2019-10-01,ewma,-0.0059292352772932246
2019-10-02,ewma,-0.012781320156285667
2019-10-03,ewma,0.00549073010721585
2019-10-04,ewma,0.013866284185698505
2019-10-07,ewma,-0.005061286376241508
2019-10-08,ewma,-0.006522484326868742
2019-10-09,ewma,0.004714078823664959
2019-10-10,ewma,0.004032466844945678
2019-10-11,ewma,-0.0014235470947795426
2019-10-14,ewma,-0.0009333846495086791
2019-10-15,ewma,0.009637921373443343
2019-10-16,ewma,9.981152863254496e-05
2019-10-17,ewma,0.00715839886548565
2019-10-18,ewma,-0.001480959154299737
2019-10-21,ewma,0.00059757044388874
2019-10-22,ewma,0.005292116834539303
2019-10-23,ewma,0.003670208928893436
2019-10-24,ewma,-0.002111319736357577
2019-10-25,ewma,-0.0016166383776289282
2019-10-28,ewma,-0.004400973439809781
2019-10-29,ewma,-0.00047820679062842824
2019-10-30,ewma,0.006604068103834177
2019-10-31,ewma,0.0020453151792736548
2019-10-01,ledoit_wolf,-0.006140514578641969
2019-10-02,ledoit_wolf,-0.01351597312639011
2019-10-03,ledoit_wolf,0.006301754934304645
2019-10-04,ledoit_wolf,0.014884380108339378
2019-10-07,ledoit_wolf,-0.004281839572162024
2019-10-08,ledoit_wolf,-0.006721516176881353
2019-10-09,ledoit_wolf,0.004551936057674957
2019-10-10,ledoit_wolf,0.0035787274841400547
2019-10-11,ledoit_wolf,-0.004614601723904474
2019-10-14,ledoit_wolf,-0.00018099943471795572
2019-10-15,ledoit_wolf,0.005568828394738215
2019-10-16,ledoit_wolf,-0.00013452407232199249
2019-10-17,ledoit_wolf,0.007364231471981763
2019-10-18,ledoit_wolf,0.004540802894383042
2019-10-21,ledoit_wolf,0.0033163757299185556
2019-10-22,ledoit_wolf,0.004209151026392648
2019-10-23,ledoit_wolf,0.005601444572583898
2019-10-24,ledoit_wolf,0.0010937634152985093
2019-10-25,ledoit_wolf,-0.004805803114513334
2019-10-28,ledoit_wolf,-0.006966089049508293
2019-10-29,ledoit_wolf,0.0020829367186234004
2019-10-30,ledoit_wolf,0.00402519288578049
2019-10-31,ledoit_wolf,0.0031381761266447714
2019-10-01,equal_weight,-0.010942603735390452
2019-10-02,equal_weight,-0.015535561897012926
2019-10-03,equal_weight,0.007072971944210099
2019-10-04,equal_weight,0.014141148155877446
2019-10-07,equal_weight,-0.004066560616436923
2019-10-08,equal_weight,-0.011759585990091612
2019-10-09,equal_weight,0.007824940498030869
2019-10-10,equal_weight,0.007126556838300324
2019-10-11,equal_weight,0.007648480230430511
2019-10-14,equal_weight,-0.0013515945812413305
2019-10-15,equal_weight,0.012889122526430267
2019-10-16,equal_weight,-0.0003813915216166105
2019-10-17,equal_weight,0.005780682691147727
2019-10-18,equal_weight,-0.0035455239326631287
2019-10-21,equal_weight,0.008050860515202077
2019-10-22,equal_weight,0.0008668782346672819
2019-10-23,equal_weight,0.006103362995661711
2019-10-24,equal_weight,0.000357565693004278
2019-10-25,equal_weight,0.0021872044540138195
2019-10-28,equal_weight,-0.0018303540753379353
2019-10-29,equal_weight,0.00017112742855895024
2019-10-30,equal_weight,0.0023365082596639806
2019-10-31,equal_weight,-0.000990715094898472
2019-11-01,sample,-3.842603137776122e-05
2019-11-04,sample,-0.009028462531375448
2019-11-05,sample,-0.01007038226834308
2019-11-06,sample,0.0026907599165638604
2019-11-07,sample,-0.004974049408615878
2019-11-08,sample,-0.00563645757762157
2019-11-11,sample,-0.005306266506353554
2019-11-12,sample,-0.0005032680692436164
2019-11-13,sample,0.008569128944178956
2019-11-14,sample,0.004049431129034954
2019-11-15,sample,0.007524997953891312
2019-11-18,sample,0.005033119439973602
2019-11-19,sample,-0.0023711492769014995
2019-11-20,sample,0.0029984454840252415
2019-11-21,sample,-0.0038811248462204935
2019-11-22,sample,-0.00045062889049052605
2019-11-25,sample,0.0015069607094478016
2019-11-26,sample,0.007988400944921136
2019-11-27,sample,0.0011531461681525592
2019-11-29,sample,-0.0014362009469002244
2019-11-01,ewma,0.0011217450239035599
2019-11-04,ewma,-0.0037544724343380443
2019-11-05,ewma,-0.00946398532603137
2019-11-06,ewma,0.0011708880154364632
2019-11-07,ewma,-0.0035451419360444094
2019-11-08,ewma,-0.004972992219913684
2019-11-11,ewma,-0.00466422265236441
2019-11-12,ewma,0.001465118563667118
2019-11-13,ewma,0.008089071006016808
2019-11-14,ewma,0.003961909058574012
2019-11-15,ewma,0.007540551280114567
2019-11-18,ewma,0.0019996228069813723
2019-11-19,ewma,-0.010953169990601053
2019-11-20,ewma,0.00010091039735190578
2019-11-21,ewma,-0.0029787603700194166
2019-11-22,ewma,-0.000269994257692231
2019-11-25,ewma,0.0012540181056452085
2019-11-26,ewma,0.006486074209572215
2019-11-27,ewma,0.002751600478906221
2019-11-29,ewma,-0.0032432049305989898
2019-11-01,ledoit_wolf,1.261914401570665e-05
2019-11-04,ledoit_wolf,-0.008849426720681881
2019-11-05,ledoit_wolf,-0.009722770729112252
2019-11-06,ledoit_wolf,0.002538206704393208
2019-11-07,ledoit_wolf,-0.004727955377502062
2019-11-08,ledoit_wolf,-0.00572715729090939
2019-11-11,ledoit_wolf,-0.005326870872555362
2019-11-12,ledoit_wolf,-0.00047645769895819136
2019-11-13,ledoit_wolf,0.00842777110536672
2019-11-14,ledoit_wolf,0.00394914471306955
2019-11-15,ledoit_wolf,0.007674127875338124
2019-11-18,ledoit_wolf,0.004852325496150814
2019-11-19,ledoit_wolf,-0.00257404926152894
2019-11-20,ledoit_wolf,0.002966969023478717
2019-11-21,ledoit_wolf,-0.0037529329796435183
2019-11-22,ledoit_wolf,-0.000400034996535031
2019-11-25,ledoit_wolf,0.001556046527311779
2019-11-26,ledoit_wolf,0.007834729885640625
2019-11-27,ledoit_wolf,0.0011464156555859206
2019-11-29,ledoit_wolf,-0.0014983325863981963
2019-11-01,equal_weight,0.00835724567541022
2019-11-04,equal_weight,0.0021578836684752636
2019-11-05,equal_weight,-0.0033241399822842178
2019-11-06,equal_weight,-3.628741152781874e-07
2019-11-07,equal_weight,0.003599970656170897
2019-11-08,equal_weight,-0.00018347379125585226
2019-11-11,equal_weight,-0.002892628769975971
2019-11-12,equal_weight,7.428403802834738e-05
2019-11-13,equal_weight,0.0028859005942668313
2019-11-14,equal_weight,0.0021279682172260766
2019-11-15,equal_weight,0.009571016324699318
2019-11-18,equal_weight,0.002329859796146854
2019-11-19,equal_weight,-0.0029950335077761686
2019-11-20,equal_weight,-0.0024081584326752867
2019-11-21,equal_weight,-0.0007523550021025724
2019-11-22,equal_weight,0.0008829916532941131
2019-11-25,equal_weight,0.005362903490421914
2019-11-26,equal_weight,0.003735461181169724
2019-11-27,equal_weight,0.002990345527936136
2019-11-29,equal_weight,-0.003864645331341109
2019-12-02,sample,-0.003138964185955166
2019-12-03,sample,0.0011475316129753216
2019-12-04,sample,0.00995259585934253
2019-12-05,sample,0.004581562799611784
2019-12-06,sample,0.00341784290372374
2019-12-09,sample,-0.0027143302434819135
2019-12-10,sample,-0.001347450683120452
2019-12-11,sample,0.004639283755852881
2019-12-12,sample,0.007161088374288226
2019-12-13,sample,0.003419735761402411
2019-12-16,sample,0.005222217722682711
2019-12-17,sample,-0.002685225316952802
2019-12-18,sample,0.0038620732635181285
2019-12-19,sample,0.002863145266232872
2019-12-20,sample,0.00620638211980243
2019-12-23,sample,0.0007880526557916176
2019-12-24,sample,0.0021062570349928054
2019-12-26,sample,0.0060936825294610536
2019-12-27,sample,0.002620938817609804
2019-12-30,sample,0.0002643508997172395
2019-12-31,sample,0.002201430021007549
2019-12-02,ewma,-0.0025865405059159984
2019-12-03,ewma,-0.002238961461340845
2019-12-04,ewma,0.005741746180328731
2019-12-05,ewma,0.00313915575884814
2019-12-06,ewma,0.006224552010900738
2019-12-09,ewma,-0.0026541982080135525
2019-12-10,ewma,-0.0003331167337741205
2019-12-11,ewma,0.004913000971527965
2019-12-12,ewma,0.009925548585757263
2019-12-13,ewma,0.000329941284810947
2019-12-16,ewma,0.005554664154310379
2019-12-17,ewma,0.0015841631057481127
2019-12-18,ewma,0.0001238683844697636
2019-12-19,ewma,0.0009554069138349913
2019-12-20,ewma,0.004907017639359124
2019-12-23,ewma,0.00312175354693913
2019-12-24,ewma,0.0020266150705255527
2019-12-26,ewma,0.009857527393354212
2019-12-27,ewma,-0.00024682594513679706
2019-12-30,ewma,-0.000403562077615373
2019-12-31,ewma,0.001515721401199236
2019-12-02,ledoit_wolf,-0.0031809128591107827
2019-12-03,ledoit_wolf,0.0010335570390853739
2019-12-04,ledoit_wolf,0.009817098769931639
2019-12-05,ledoit_wolf,0.004505985836730368
2019-12-06,ledoit_wolf,0.0034257179148742198
2019-12-09,ledoit_wolf,-0.002621093232912452
2019-12-10,ledoit_wolf,-0.0013929617958273765
2019-12-11,ledoit_wolf,0.004680014889098777
2019-12-12,ledoit_wolf,0.007045916278508333
2019-12-13,ledoit_wolf,0.003457230832829901
2019-12-16,ledoit_wolf,0.005341296522454317
2019-12-17,ledoit_wolf,-0.002649893912992911
2019-12-18,ledoit_wolf,0.003914009462708879
2019-12-19,ledoit_wolf,0.00290542346926213
2019-12-20,ledoit_wolf,0.006237872394246079
2019-12-23,ledoit_wolf,0.0008036490319972196
2019-12-24,ledoit_wolf,0.0020904167922585278
2019-12-26,ledoit_wolf,0.006008735848043371
2019-12-27,ledoit_wolf,0.00253665062325578
2019-12-30,ledoit_wolf,0.0001464831623611421
2019-12-31,ledoit_wolf,0.0021797081195238433
2019-12-02,equal_weight,-0.007163140864868649
2019-12-03,equal_weight,-0.004930064949098546
2019-12-04,equal_weight,0.008127484484396104
2019-12-05,equal_weight,0.002599723115619873
2019-12-06,equal_weight,0.006786827034762032
2019-12-09,equal_weight,-0.0018548085365225676
2019-12-10,equal_weight,-0.0012964472166024866
2019-12-11,equal_weight,0.0024683698900747637
2019-12-12,equal_weight,0.006165821160452792
2019-12-13,equal_weight,0.0011057973328162784
2019-12-16,equal_weight,0.008037052496841874
2019-12-17,equal_weight,-0.0007339493824183313
2019-12-18,equal_weight,0.0023293710180506003
2019-12-19,equal_weight,0.002717313513355498
2019-12-20,equal_weight,0.005614410888790458
2019-12-23,equal_weight,0.0011951388819722857
2019-12-24,equal_weight,0.0002953751525625574
2019-12-26,equal_weight,0.008155755206536199
2019-12-27,equal_weight,0.0007194586303520305
2019-12-30,equal_weight,-0.004139407458618663
2019-12-31,equal_weight,0.0027254626296962466
2020-01-02,sample,-0.0030174246101317493
2020-01-03,sample,-0.0050963744555246136
2020-01-06,sample,0.002949359627346263
2020-01-07,sample,-0.007940545226475922
2020-01-08,sample,-0.0007875356150561733
2020-01-09,sample,0.00357844531263679
2020-01-10,sample,0.002070753549375832
2020-01-13,sample,0.0071950318864227895
2020-01-14,sample,0.0027227652759440352
2020-01-15,sample,0.007525799160002803
2020-01-16,sample,0.003233623380601896
2020-01-17,sample,0.0014934216255887453
2020-01-21,sample,0.0031416994923428036
2020-01-22,sample,0.0018964024477888357
2020-01-23,sample,0.002039150218962777
2020-01-24,sample,-0.0021719360664407225
2020-01-27,sample,-0.0026726430901121857
2020-01-28,sample,0.0014221465435533798
2020-01-29,sample,-0.001173041197547874
2020-01-30,sample,0.010925136813455994
2020-01-31,sample,-0.011755430436113903
2020-01-02,ewma,-0.001311569371342938
2020-01-03,ewma,-0.0067318019143247695
2020-01-06,ewma,0.002284496756275731
2020-01-07,ewma,-0.003173414476085932
2020-01-08,ewma,-0.001937884244986106
2020-01-09,ewma,0.003982675635398115
2020-01-10,ewma,0.0002514015088399432
2020-01-13,ewma,0.009065543122505855
2020-01-14,ewma,0.000500116495602335
2020-01-15,ewma,0.006243560420202724
2020-01-16,ewma,0.005423673636170339
2020-01-17,ewma,0.0012631203949271187
2020-01-21,ewma,-0.0002774809663500358
2020-01-22,ewma,-0.0010873634940537693
2020-01-23,ewma,0.0002810637243582689
2020-01-24,ewma,0.0008507158379971172
2020-01-27,ewma,-0.004763401708040105
2020-01-28,ewma,0.0033881853820598917
2020-01-29,ewma,0.0018338122206179072
2020-01-30,ewma,0.0043161079576010085
2020-01-31,ewma,-0.015849057901958057
2020-01-02,ledoit_wolf,-0.0030010298332102214
2020-01-03,ledoit_wolf,-0.005157080641714644
2020-01-06,ledoit_wolf,0.0029613459971783575
2020-01-07,ledoit_wolf,-0.007717179135384333
2020-01-08,ledoit_wolf,-0.0007407935641779982
2020-01-09,ledoit_wolf,0.0036113456695370917
2020-01-10,ledoit_wolf,0.002073082603089863
2020-01-13,ledoit_wolf,0.007192694427482762
2020-01-14,ledoit_wolf,0.0025569819020288534
2020-01-15,ledoit_wolf,0.007560739057635409
2020-01-16,ledoit_wolf,0.0032497076421440824
2020-01-17,ledoit_wolf,0.0014344073050017092
2020-01-21,ledoit_wolf,0.0031163104339999694
2020-01-22,ledoit_wolf,0.0019004261885566386
2020-01-23,ledoit_wolf,0.0020043941901074884
2020-01-24,ledoit_wolf,-0.001975399193282654
2020-01-27,ledoit_wolf,-0.0028912739718113174
2020-01-28,ledoit_wolf,0.0013262598307376635
2020-01-29,ledoit_wolf,-0.0012006698010647685
2020-01-30,ledoit_wolf,0.010779143435114779
2020-01-31,ledoit_wolf,-0.011726110239376515
2020-01-02,equal_weight,0.0050381442275976044
2020-01-03,equal_weight,-0.00731796605789737
2020-01-06,equal_weight,0.004158399846802436
2020-01-07,equal_weight,-0.005831429915769886
2020-01-08,equal_weight,0.004016083600799079
2020-01-09,equal_weight,0.006276549515337742
2020-01-10,equal_weight,-0.0010876300402518487
2020-01-13,equal_weight,0.008554109681527162
2020-01-14,equal_weight,-0.0022570179234388445
2020-01-15,equal_weight,0.004745685542757538
2020-01-16,equal_weight,0.00695646672096632
2020-01-17,equal_weight,0.003642771670576219
2020-01-21,equal_weight,-0.0003093116866695762
2020-01-22,equal_weight,-0.0017621386433295501
2020-01-23,equal_weight,0.0027835869718767286
2020-01-24,equal_weight,-0.0044864105607289595
2020-01-27,equal_weight,-0.01389654622099791
2020-01-28,equal_weight,0.007435199524881086
2020-01-29,equal_weight,0.0025422389124331816
2020-01-30,equal_weight,0.0043305628812693895
2020-01-31,equal_weight,-0.015794114839111174
2020-02-03,sample,0.003820879300636026
2020-02-04,sample,-0.0003880805987423069
2020-02-05,sample,0.011268438064748755
2020-02-06,sample,0.00019688185143737068
2020-02-07,sample,-0.003396513574275726
2020-02-10,sample,0.005765891332806477
2020-02-11,sample,0.005825674007727505
2020-02-12,sample,0.0026934061918251835
2020-02-13,sample,0.007484716344494874
2020-02-14,sample,0.002867056838723201
2020-02-18,sample,0.0022673365417097894
2020-02-19,sample,-0.0001603736669191125
2020-02-20,sample,0.005901285931856704
2020-02-21,sample,0.003951210465949256
2020-02-24,sample,-0.016953329407494673
2020-02-25,sample,-0.023650209143478297
2020-02-26,sample,-0.004677565425780511
2020-02-27,sample,-0.04527441594016944
2020-02-28,sample,-0.02566259420301889
2020-02-03,ewma,0.003813013216815704
2020-02-04,ewma,0.0012975578024153416
2020-02-05,ewma,0.008854369680924557
2020-02-06,ewma,0.0014867517821280478
2020-02-07,ewma,-0.002494140861842709
2020-02-10,ewma,0.007126454251266371
2020-02-11,ewma,-0.0008108651987073141
2020-02-12,ewma,-0.000864860635982049
2020-02-13,ewma,0.007034406704490047
2020-02-14,ewma,0.003944403436112624
2020-02-18,ewma,0.0059098164910596305
2020-02-19,ewma,-0.0007771638945087045
2020-02-20,ewma,0.007005844347688305
2020-02-21,ewma,0.0015424573499414128
2020-02-24,ewma,-0.018403409649649097
2020-02-25,ewma,-0.019644233983671718
2020-02-26,ewma,-0.004103123443758525
2020-02-27,ewma,-0.0461876659162806
2020-02-28,ewma,-0.01972347404300896
2020-02-03,ledoit_wolf,0.003749695469334789
2020-02-04,ledoit_wolf,-0.00029523892829867206
2020-02-05,ledoit_wolf,0.011518460748637369
2020-02-06,ledoit_wolf,0.0001618567414437129
2020-02-07,ledoit_wolf,-0.0034080447955309803
2020-02-10,ledoit_wolf,0.005716662566681315
2020-02-11,ledoit_wolf,0.005863539055334043
2020-02-12,ledoit_wolf,0.0027919806812612756
2020-02-13,ledoit_wolf,0.007499958496704465
2020-02-14,ledoit_wolf,0.0029086789147681424
2020-02-18,ledoit_wolf,0.0021829959467206256
2020-02-19,ledoit_wolf,-0.0002531509826389864
2020-02-20,ledoit_wolf,0.0059035511552866776
2020-02-21,ledoit_wolf,0.003860016269253194
2020-02-24,ledoit_wolf,-0.017271403983851706
2020-02-25,ledoit_wolf,-0.023590817893693838
2020-02-26,ledoit_wolf,-0.004959140277135354
2020-02-27,ledoit_wolf,-0.04536519372360315
2020-02-28,ledoit_wolf,-0.02518846051892886
2020-02-03,equal_weight,0.004569530838467248
2020-02-04,equal_weight,0.009999435001698101
2020-02-05,equal_weight,0.012618246066513246
2020-02-06,equal_weight,0.002581078570396302
2020-02-07,equal_weight,-0.0041260378988304605
2020-02-10,equal_weight,0.007939980973036024
2020-02-11,equal_weight,0.002331706193911036
2020-02-12,equal_weight,0.00708953400859511
2020-02-13,equal_weight,0.0019189786536328588
2020-02-14,equal_weight,0.0015356587786856655
2020-02-18,equal_weight,-0.0005332377536219225
2020-02-19,equal_weight,0.0020811980200481544
2020-02-20,equal_weight,-3.66785072366412e-05
2020-02-21,equal_weight,-0.00590034244225519
2020-02-24,equal_weight,-0.03143545182378935
2020-02-25,equal_weight,-0.02653368149912663
2020-02-26,equal_weight,-0.004892394296575188
2020-02-27,equal_weight,-0.046916244027382904
2020-02-28,equal_weight,-0.010871911329982045
2020-03-02,sample,0.05078056995535666
2020-03-03,sample,-0.005790124705180698
2020-03-04,sample,0.04753928141910721
2020-03-05,sample,-0.019454264593127983
2020-03-06,sample,-0.01472173015921054
2020-03-09,sample,-0.07306035933013466
2020-03-10,sample,0.02929661322153785
2020-03-11,sample,-0.044496491497189566
2020-03-12,sample,-0.08568622717835589
2020-03-13,sample,0.05500731394231327
2020-03-16,sample,-0.0969530804268256
2020-03-17,sample,0.08752688807841275
2020-03-18,sample,-0.07451039929937275
2020-03-19,sample,-0.02028082935686965
2020-03-20,sample,-0.055034523310355646
2020-03-23,sample,-0.03968299405623114
2020-03-24,sample,0.11052138792804528
2020-03-25,sample,0.027158806279138945
2020-03-26,sample,0.07104024928188549
2020-03-27,sample,-0.03142335609958048
2020-03-30,sample,0.039290042706583594
2020-03-31,sample,-0.02591609016499992
2020-03-02,ewma,0.03924719626530818
2020-03-03,ewma,-0.017632889819654947
2020-03-04,ewma,0.044693089106036435
2020-03-05,ewma,-0.02442781388745282
2020-03-06,ewma,-0.007215538606999576
2020-03-09,ewma,-0.0676058211580772
2020-03-10,ewma,0.03346432778931301
2020-03-11,ewma,-0.04895586551111113
2020-03-12,ewma,-0.0837403795979696
2020-03-13,ewma,0.07403692879095042
2020-03-16,ewma,-0.102907679574999
2020-03-17,ewma,0.07784787304467736
2020-03-18,ewma,-0.04477621017427972
2020-03-19,ewma,-0.01047097516199282
2020-03-20,ewma,-0.05457808945653257
2020-03-23,ewma,-0.04507726264755155
2020-03-24,ewma,0.09440940575865352
2020-03-25,ewma,0.016331427885253384
2020-03-26,ewma,0.07387166703883274
2020-03-27,ewma,-0.022422511638313304
2020-03-30,ewma,0.0495732346786992
2020-03-31,ewma,-0.015186873633905792
2020-03-02,ledoit_wolf,0.05054044016087713
2020-03-03,ledoit_wolf,-0.006138291417502691
2020-03-04,ledoit_wolf,0.04760796116166448
2020-03-05,ledoit_wolf,-0.019446484629547393
2020-03-06,ledoit_wolf,-0.014390472203298858
2020-03-09,ledoit_wolf,-0.0728809927914994
2020-03-10,ledoit_wolf,0.029283698874503758
2020-03-11,ledoit_wolf,-0.04472393238565868
2020-03-12,ledoit_wolf,-0.08589755533679135
2020-03-13,ledoit_wolf,0.055163061287972354
2020-03-16,ledoit_wolf,-0.09686010930617056
2020-03-17,ledoit_wolf,0.087642395005916
2020-03-18,ledoit_wolf,-0.07342376537555623
2020-03-19,ledoit_wolf,-0.02018089200903138
2020-03-20,ledoit_wolf,-0.055690615320125494
2020-03-23,ledoit_wolf,-0.03986364246729312
2020-03-24,ledoit_wolf,0.1108014266549858
2020-03-25,ledoit_wolf,0.026230093266447
2020-03-26,ledoit_wolf,0.07111230381692349
2020-03-27,ledoit_wolf,-0.030615703399777584
2020-03-30,ledoit_wolf,0.039341103678441056
2020-03-31,ledoit_wolf,-0.02589292126347431
2020-03-02,equal_weight,0.04708941176342202
2020-03-03,equal_weight,-0.020211409501869088
2020-03-04,equal_weight,0.04430986421825431
2020-03-05,equal_weight,-0.028057151337062915
2020-03-06,equal_weight,-0.016894793014361403
2020-03-09,equal_weight,-0.08275917475102645
2020-03-10,equal_weight,0.043315681125335674
2020-03-11,equal_weight,-0.04501990731230775
2020-03-12,equal_weight,-0.08625140921676823
2020-03-13,equal_weight,0.08400011733850257
2020-03-16,equal_weight,-0.11457250226634888
2020-03-17,equal_weight,0.07525717472887056
2020-03-18,equal_weight,-0.05644543607008494
2020-03-19,equal_weight,-0.005540083281084659
2020-03-20,equal_weight,-0.04682084789984579
2020-03-23,equal_weight,-0.03147863797578261
2020-03-24,equal_weight,0.10334152199193349
2020-03-25,equal_weight,0.011882289544046763
2020-03-26,equal_weight,0.06591085871734054
2020-03-27,equal_weight,-0.0324448888643629
2020-03-30,equal_weight,0.041593979912518536
2020-03-31,equal_weight,-0.01595623190303356
2020-04-01,sample,-0.026064769520740223
2020-04-02,sample,0.034382824042890156
2020-04-03,sample,-0.009750165870623481
2020-04-06,sample,0.053007097121372325
2020-04-07,sample,-0.010022843186542146
2020-04-08,sample,0.02847489699303307
2020-04-09,sample,0.028453694869297903
2020-04-13,sample,0.003337646282070777
2020-04-14,sample,0.03149005826296278
2020-04-15,sample,-0.01176370834535422
2020-04-16,sample,0.010960363637430878
2020-04-17,sample,0.014358701248521889
2020-04-20,sample,-0.01422433802975421
2020-04-21,sample,-0.016288196509330728
2020-04-22,sample,0.023934177507428593
2020-04-23,sample,0.0060093917559091116
2020-04-24,sample,0.0037363132296094
2020-04-27,sample,0.0015980991564290875
2020-04-28,sample,-0.009080712266231663
2020-04-29,sample,0.008067066353672303
2020-04-30,sample,-0.00778273833372533
2020-04-01,ewma,-0.02377152595935931
2020-04-02,ewma,0.026425122693200416
2020-04-03,ewma,-0.009599643233494805
2020-04-06,ewma,0.056852739547643694
2020-04-07,ewma,-0.004622538068234183
2020-04-08,ewma,0.024998173911882606
2020-04-09,ewma,0.021776688032995404
2020-04-13,ewma,0.00599563256306978
2020-04-14,ewma,0.03430285952329423
2020-04-15,ewma,-0.008491970617947162
2020-04-16,ewma,0.012557575796126392
2020-04-17,ewma,0.009178239445774962
2020-04-20,ewma,-0.009159702041283736
2020-04-21,ewma,-0.02240265411191447
2020-04-22,ewma,0.025718147965329848
2020-04-23,ewma,0.009725953816570624
2020-04-24,ewma,0.006269692036312349
2020-04-27,ewma,-0.0028155322291375023
2020-04-28,ewma,-0.01378054691225136
2020-04-29,ewma,0.02296541860718385
2020-04-30,ewma,-2.3851914599127416e-05
2020-04-01,ledoit_wolf,-0.024918209988253268
2020-04-02,ledoit_wolf,0.034265955087589756
2020-04-03,ledoit_wolf,-0.009930549821039372
2020-04-06,ledoit_wolf,0.05307240834893913
2020-04-07,ledoit_wolf,-0.009751442241373231
2020-04-08,ledoit_wolf,0.029638744678734237
2020-04-09,ledoit_wolf,0.028499689352387707
2020-04-13,ledoit_wolf,0.003334986288651938
2020-04-14,ledoit_wolf,0.03143221574838418
2020-04-15,ledoit_wolf,-0.012027618409533482
2020-04-16,ledoit_wolf,0.010978194113963544
2020-04-17,ledoit_wolf,0.014198106305180196
2020-04-20,ledoit_wolf,-0.014214796613189633
2020-04-21,ledoit_wolf,-0.016454211778157757
2020-04-22,ledoit_wolf,0.023652762054462886
2020-04-23,ledoit_wolf,0.006082705507517592
2020-04-24,ledoit_wolf,0.003941153859301078
2020-04-27,ledoit_wolf,0.001534398436169519
2020-04-28,ledoit_wolf,-0.008709176551468245
2020-04-29,ledoit_wolf,0.008045202900793259
2020-04-30,ledoit_wolf,-0.007508024863754001
2020-04-01,equal_weight,-0.042507324094799015
2020-04-02,equal_weight,0.03526952512890287
2020-04-03,equal_weight,-0.018367409347746735
2020-04-06,equal_weight,0.06206139384275751
2020-04-07,equal_weight,-0.0005365525035159165
2020-04-08,equal_weight,0.0414808452654689
2020-04-09,equal_weight,0.022228552411955822
2020-04-13,equal_weight,-0.013255974403324967
2020-04-14,equal_weight,0.024056778656984593
2020-04-15,equal_weight,-0.020509070656631864
2020-04-16,equal_weight,0.0039816251562025395
2020-04-17,equal_weight,0.0288480031971977
2020-04-20,equal_weight,-0.022415434927552366
2020-04-21,equal_weight,-0.023150092930910155
2020-04-22,equal_weight,0.023522851356287545
2020-04-23,equal_weight,0.004480363488962051
2020-04-24,equal_weight,0.012152977878230452
2020-04-27,equal_weight,0.012152637468088073
2020-04-28,equal_weight,-0.006823834950859907
2020-04-29,equal_weight,0.02126518299719658
2020-04-30,equal_weight,-0.006760925396893716
2020-05-01,sample,-0.019417679587470007
2020-05-04,sample,0.006950825527895341
2020-05-05,sample,0.00971965154597074
2020-05-06,sample,-0.015811973174276937
2020-05-07,sample,0.007541346391279695
2020-05-08,sample,0.016128233198734243
2020-05-11,sample,-0.005557822452480144
2020-05-12,sample,-0.012263191068093694
2020-05-13,sample,-0.0027747736567888554
2020-05-14,sample,0.010048319875429621
2020-05-15,sample,0.004733785455251296
2020-05-18,sample,0.015591156230497671
2020-05-19,sample,-0.005510399334349191
2020-05-20,sample,0.010511243750014393
2020-05-21,sample,-0.016672024775034794
2020-05-22,sample,0.0011586435572620373
2020-05-26,sample,-0.0043571822276914874
2020-05-27,sample,0.006489648810024947
2020-05-28,sample,0.006365774134898586
2020-05-29,sample,0.004231892956706211
2020-05-01,ewma,-0.017063286119050097
2020-05-04,ewma,0.003219429971796606
2020-05-05,ewma,0.010662123290456729
2020-05-06,ewma,-0.01222662074848812
2020-05-07,ewma,0.007846379381882039
2020-05-08,ewma,0.013769130675633732
2020-05-11,ewma,-0.005558125957935284
2020-05-12,ewma,-0.014243149299987753
2020-05-13,ewma,-0.002819104005827048
2020-05-14,ewma,0.009366885010302245
2020-05-15,ewma,0.009098768614387881
2020-05-18,ewma,0.013188391212893929
2020-05-19,ewma,-0.001392082081462835
2020-05-20,ewma,0.016227590569850826
2020-05-21,ewma,-0.014806739392503435
2020-05-22,ewma,0.0010746553113771672
2020-05-26,ewma,-0.0047010484302965755
2020-05-27,ewma,0.005237102446900644
2020-05-28,ewma,0.0002237979518842862
2020-05-29,ewma,0.0015838934050608818
2020-05-01,ledoit_wolf,-0.019508515784426205
2020-05-04,ledoit_wolf,0.00688582115868195
2020-05-05,ledoit_wolf,0.00990300214632079
2020-05-06,ledoit_wolf,-0.01570099607020256
2020-05-07,ledoit_wolf,0.007376351814570176
2020-05-08,ledoit_wolf,0.016026788111220575
2020-05-11,ledoit_wolf,-0.00534508644697412
2020-05-12,ledoit_wolf,-0.012467849784008944
2020-05-13,ledoit_wolf,-0.0030044420213122722
2020-05-14,ledoit_wolf,0.010046530144838342
2020-05-15,ledoit_wolf,0.004972421479595703
2020-05-18,ledoit_wolf,0.015572106281925784
2020-05-19,ledoit_wolf,-0.00557786413059729
2020-05-20,ledoit_wolf,0.010282345271503495
2020-05-21,ledoit_wolf,-0.016535907172863747
2020-05-22,ledoit_wolf,0.0013159542200301528
2020-05-26,ledoit_wolf,-0.004477233635058891
2020-05-27,ledoit_wolf,0.0062605549875857005
2020-05-28,ledoit_wolf,0.0061092322619405335
2020-05-29,ledoit_wolf,0.003964925013779487
2020-05-01,equal_weight,-0.023546611622827694
2020-05-04,equal_weight,0.006436397530589341
2020-05-05,equal_weight,0.009127930261838885
2020-05-06,equal_weight,-0.012462299521481219
2020-05-07,equal_weight,0.008849205143559902
2020-05-08,equal_weight,0.01979836899769532
2020-05-11,equal_weight,-0.006179348623102385
2020-05-12,equal_weight,-0.017791854545046747
2020-05-13,equal_weight,-0.013957504685836404
2020-05-14,equal_weight,0.013088489162056436
2020-05-15,equal_weight,0.0019171354874292182
2020-05-18,equal_weight,0.0303939271358077
2020-05-19,equal_weight,-0.014052703813935846
2020-05-20,equal_weight,0.017941301403078876
2020-05-21,equal_weight,-0.01050910608156344
2020-05-22,equal_weight,0.004035124631052097
2020-05-26,equal_weight,0.011560058750800822
2020-05-27,equal_weight,0.0157473235741101
2020-05-28,equal_weight,-0.000512798531729584
2020-05-29,equal_weight,0.000267622885296651
2020-06-01,sample,0.010236625506601033
2020-06-02,sample,-0.0016870794416395463
2020-06-03,sample,0.003723930763229772
2020-06-04,sample,-0.010496407238974723
2020-06-05,sample,0.01313349818319079
2020-06-08,sample,0.00995019332880652
2020-06-09,sample,0.002693022650159935
2020-06-10,sample,0.004925692994357253
2020-06-11,sample,-0.04599486365281168
2020-06-12,sample,0.002182811359770254
2020-06-15,sample,0.010003584982287731
2020-06-16,sample,0.009379279817078924
2020-06-17,sample,-0.001194546230815358
2020-06-18,sample,0.001746576589525458
2020-06-19,sample,-0.003293781723061983
2020-06-22,sample,0.0064643071952346955
2020-06-23,sample,0.003951635184163116
2020-06-24,sample,-0.016583256372460352
2020-06-25,sample,0.003992581459938312
2020-06-26,sample,-0.02010769296104803
2020-06-29,sample,0.010566479912328113
2020-06-30,sample,0.018889723607723844
2020-06-01,ewma,0.01066600684490083
2020-06-02,ewma,-0.0013514189507092102
2020-06-03,ewma,0.0017927605023800946
2020-06-04,ewma,-0.010595101707123009
2020-06-05,ewma,0.014020201025654228
2020-06-08,ewma,0.004821091973753684
2020-06-09,ewma,0.0061609666384386174
2020-06-10,ewma,0.006621002178162334
2020-06-11,ewma,-0.046105043986063673
2020-06-12,ewma,0.0038072781300533343
2020-06-15,ewma,0.010896564421272114
2020-06-16,ewma,0.011393193262666631
2020-06-17,ewma,-9.101135483293083e-05
2020-06-18,ewma,0.0017033245468636167
2020-06-19,ewma,0.00132006507542294
2020-06-22,ewma,0.004853238405160109
2020-06-23,ewma,0.00688110611654298
2020-06-24,ewma,-0.01771109680690081
2020-06-25,ewma,0.0062783671989418265
2020-06-26,ewma,-0.02585715298688449
2020-06-29,ewma,0.011921001917703445
2020-06-30,ewma,0.021880514301623855
2020-06-01,ledoit_wolf,0.010634112465172015
2020-06-02,ledoit_wolf,-0.0017158580646365693
2020-06-03,ledoit_wolf,0.0037639885886203827
2020-06-04,ledoit_wolf,-0.010273440077427616
2020-06-05,ledoit_wolf,0.013270779211466386
2020-06-08,ledoit_wolf,0.00999560887043531
2020-06-09,ledoit_wolf,0.0026291452725555223
2020-06-10,ledoit_wolf,0.004946718430587095
2020-06-11,ledoit_wolf,-0.04613475346100624
2020-06-12,ledoit_wolf,0.0024276279725692507
2020-06-15,ledoit_wolf,0.010011960101779224
2020-06-16,ledoit_wolf,0.009462781362332317
2020-06-17,ledoit_wolf,-0.0014495879259904488
2020-06-18,ledoit_wolf,0.0015721262639878052
2020-06-19,ledoit_wolf,-0.0030138024440158014
2020-06-22,ledoit_wolf,0.006129789248334243
2020-06-23,ledoit_wolf,0.004132811597910662
2020-06-24,ledoit_wolf,-0.016987838682667393
2020-06-25,ledoit_wolf,0.0040563985725250145
2020-06-26,ledoit_wolf,-0.02022488150618501
2020-06-29,ledoit_wolf,0.010802992373042022
2020-06-30,ledoit_wolf,0.018819489023702375
2020-06-01,equal_weight,0.010768271207141916
2020-06-02,equal_weight,0.00667262485599172
2020-06-03,equal_weight,0.013707147940858574
2020-06-04,equal_weight,-0.00913606054832782
2020-06-05,equal_weight,0.027878981422547
2020-06-08,equal_weight,0.011388109381927278
2020-06-09,equal_weight,-0.0027123766676171246
2020-06-10,equal_weight,-0.007723344479606499
2020-06-11,equal_weight,-0.058801042553729005
2020-06-12,equal_weight,0.01233105809370661
2020-06-15,equal_weight,0.007530422637046355
2020-06-16,equal_weight,0.017523261474639618
2020-06-17,equal_weight,-0.006448009343660668
2020-06-18,equal_weight,-0.0013325373662516353
2020-06-19,equal_weight,-0.006389235622558101
2020-06-22,equal_weight,0.005166780636690524
2020-06-23,equal_weight,0.004971583261997578
2020-06-24,equal_weight,-0.024277683088636537
2020-06-25,equal_weight,0.010935978483729389
2020-06-26,equal_weight,-0.028214025124840926
2020-06-29,equal_weight,0.014705009837304838
2020-06-30,equal_weight,0.01668871991084465
2020-07-01,sample,0.010880826249304773
2020-07-02,sample,0.0029682412346950546
2020-07-06,sample,0.015672609699423953
2020-07-07,sample,-0.0004821586994117762
2020-07-08,sample,0.010408346793261759
2020-07-09,sample,-0.00306855433590228
2020-07-10,sample,0.008525729818117543
2020-07-13,sample,-0.008775046914699675
2020-07-14,sample,0.01378034056367209
2020-07-15,sample,-0.0026446168287546125
2020-07-16,sample,0.003367913256639476
2020-07-17,sample,0.009351909139142568
2020-07-20,sample,0.01227122093215756
2020-07-21,sample,0.0016518720961241047
2020-07-22,sample,0.008538499520629676
2020-07-23,sample,-0.00964176247898713
2020-07-24,sample,0.001291697159959534
2020-07-27,sample,0.006519697304249482
2020-07-28,sample,-0.0032866432702116314
2020-07-29,sample,0.0029975050049745045
2020-07-30,sample,-0.003454313032605215
2020-07-31,sample,0.010818849900791697
2020-07-01,ewma,0.01285691879644812
2020-07-02,ewma,0.002178921449857157
2020-07-06,ewma,0.010207414531725951
2020-07-07,ewma,0.004685615129926749
2020-07-08,ewma,0.012307917955956106
2020-07-09,ewma,-0.0029791516557042567
2020-07-10,ewma,0.009146561646972237
2020-07-13,ewma,-0.008318620388353678
2020-07-14,ewma,0.013905134056681262
2020-07-15,ewma,-0.0059184632441167395
2020-07-16,ewma,0.004656283182440671
2020-07-17,ewma,0.009836850269861353
2020-07-20,ewma,0.010626684505010761
2020-07-21,ewma,0.0019682787521272845
2020-07-22,ewma,0.01020136796183923
2020-07-23,ewma,-0.005718458937789907
2020-07-24,ewma,-0.0006105192580058312
2020-07-27,ewma,0.004128548013538085
2020-07-28,ewma,0.002713594358631409
2020-07-29,ewma,0.0013007376434108686
2020-07-30,ewma,-0.0014548140046344903
2020-07-31,ewma,0.01134033364232153
2020-07-01,ledoit_wolf,0.010781915557419218
2020-07-02,ledoit_wolf,0.002897946678957338
2020-07-06,ledoit_wolf,0.015508563365912737
2020-07-07,ledoit_wolf,-0.0004849377342254829
2020-07-08,ledoit_wolf,0.010305639187983481
2020-07-09,ledoit_wolf,-0.003237885036323762
2020-07-10,ledoit_wolf,0.008486748294141649
2020-07-13,ledoit_wolf,-0.008771269262131554
2020-07-14,ledoit_wolf,0.01373578164983284
2020-07-15,ledoit_wolf,-0.0026673874566324127
2020-07-16,ledoit_wolf,0.0030550399669637845
2020-07-17,ledoit_wolf,0.008960669531509691
2020-07-20,ledoit_wolf,0.01220442829572271
2020-07-21,ledoit_wolf,0.0018219973405617577
2020-07-22,ledoit_wolf,0.00822637239071994
2020-07-23,ledoit_wolf,-0.00948854113805902
2020-07-24,ledoit_wolf,0.0011370990896711675
2020-07-27,ledoit_wolf,0.006608529333782006
2020-07-28,ledoit_wolf,-0.0030820729627766548
2020-07-29,ledoit_wolf,0.002994438508997149
2020-07-30,ledoit_wolf,-0.003553615389079638
2020-07-31,ledoit_wolf,0.011212917640940654
2020-07-01,equal_weight,0.0058754647547336475
2020-07-02,equal_weight,0.0038031750516521025
2020-07-06,equal_weight,0.012784703641817084
2020-07-07,equal_weight,-0.005034343636774451
2020-07-08,equal_weight,0.009213251861918934
2020-07-09,equal_weight,-0.0076153634722605
2020-07-10,equal_weight,0.012193046712261443
2020-07-13,equal_weight,-0.004325203429888933
2020-07-14,equal_weight,0.01625843596201046
2020-07-15,equal_weight,0.0013117216395358996
2020-07-16,equal_weight,-1.619806139945652e-05
2020-07-17,equal_weight,0.004067059603173154
2020-07-20,equal_weight,0.0033147789408070867
2020-07-21,equal_weight,0.009113289993874018
2020-07-22,equal_weight,0.004946415414015692
2020-07-23,equal_weight,-0.010088162487173367
2020-07-24,equal_weight,-0.0019519307664471758
2020-07-27,equal_weight,0.006764781712045589
2020-07-28,equal_weight,-0.0031068411887540436
2020-07-29,equal_weight,0.011499842673212263
2020-07-30,equal_weight,-0.010197452389149842
2020-07-31,equal_weight,0.007759566857071477
2020-08-03,sample,-0.007948083595569318
2020-08-04,sample,0.011777771135427806
2020-08-05,sample,0.006251682513784299
2020-08-06,sample,0.003217862900368555
2020-08-07,sample,0.001823425690704364
2020-08-10,sample,-0.004652121598308255
2020-08-11,sample,-0.01730768738043122
2020-08-12,sample,0.014702508296957226
2020-08-13,sample,-0.00014045957864191835
2020-08-14,sample,-0.0023977038876200406
2020-08-17,sample,0.014059253672704598
2020-08-18,sample,0.007100557038543008
2020-08-19,sample,-0.009779321350865863
2020-08-20,sample,0.007279441603325585
2020-08-21,sample,-0.0019140953348951945
2020-08-24,sample,0.005187322530787691
2020-08-25,sample,0.0030322683689240014
2020-08-26,sample,0.008022977203504115
2020-08-27,sample,-0.004303017123024809
2020-08-28,sample,0.011105051830719326
2020-08-31,sample,0.0008292558763617134
2020-08-03,ewma,-0.00580544567652246
2020-08-04,ewma,0.01096797390483409
2020-08-05,ewma,0.0023360003705329845
2020-08-06,ewma,0.001619486781402146
2020-08-07,ewma,0.004663597714031318
2020-08-10,ewma,-0.004680717210532275
2020-08-11,ewma,-0.01489266747630213
2020-08-12,ewma,0.016183030482332092
2020-08-13,ewma,-0.0007185651432917781
2020-08-14,ewma,-0.003384412070512835
2020-08-17,ewma,0.014325648358350712
2020-08-18,ewma,0.0032894887752503554
2020-08-19,ewma,-0.008548152874307203
2020-08-20,ewma,0.003856926889949983
2020-08-21,ewma,0.000439401434633883
2020-08-24,ewma,0.0057338889260395995
2020-08-25,ewma,0.00032972045013066856
2020-08-26,ewma,0.0054858979005999835
2020-08-27,ewma,-0.0037465536067583355
2020-08-28,ewma,0.006885582436241952
2020-08-31,ewma,0.0010213569534588448
2020-08-03,ledoit_wolf,-0.007844270042910542
2020-08-04,ledoit_wolf,0.011926758218253574
2020-08-05,ledoit_wolf,0.00619055772484647
2020-08-06,ledoit_wolf,0.003261964491839974
2020-08-07,ledoit_wolf,0.0017066211729166204
2020-08-10,ledoit_wolf,-0.00460926544530844
2020-08-11,ledoit_wolf,-0.01737634000832495
2020-08-12,ledoit_wolf,0.01463856589523542
2020-08-13,ledoit_wolf,-0.00024815038809491877
2020-08-14,ledoit_wolf,-0.0023920480776286365
2020-08-17,ledoit_wolf,0.0138803696934628
2020-08-18,ledoit_wolf,0.0070939961775107994
2020-08-19,ledoit_wolf,-0.009810861364457116
2020-08-20,ledoit_wolf,0.007240771723993785
2020-08-21,ledoit_wolf,-0.0020294800960018594
2020-08-24,ledoit_wolf,0.00538261137459538
2020-08-25,ledoit_wolf,0.0028534508575217402
2020-08-26,ledoit_wolf,0.00815214100010391
2020-08-27,ledoit_wolf,-0.00446929296453771
2020-08-28,ledoit_wolf,0.011155239150408633
2020-08-31,ledoit_wolf,0.0007876598245198628
2020-08-03,equal_weight,-0.001763031449319774
2020-08-04,equal_weight,0.0074178828724003896
2020-08-05,equal_weight,0.00628111612877719
2020-08-06,equal_weight,0.0068447174527661815
2020-08-07,equal_weight,0.003462364783853661
2020-08-10,equal_weight,0.0030634951943096247
2020-08-11,equal_weight,-0.009630186245624145
2020-08-12,equal_weight,0.013798149741930055
2020-08-13,equal_weight,-0.0024232183547590602
2020-08-14,equal_weight,-0.0005639525225061742
2020-08-17,equal_weight,0.0037908433039124975
2020-08-18,equal_weight,-0.0011359283491445514
2020-08-19,equal_weight,-0.007250232522438718
2020-08-20,equal_weight,0.002597274884198763
2020-08-21,equal_weight,0.00251248289590941
2020-08-24,equal_weight,0.008495252199799337
2020-08-25,equal_weight,0.002290986016443112
2020-08-26,equal_weight,0.005571424327365135
2020-08-27,equal_weight,0.00035918619781763136
2020-08-28,equal_weight,0.007742623174157176
2020-08-31,equal_weight,-0.004923122212948445
2020-09-01,sample,-0.0006230008325853299
2020-09-02,sample,0.019654006166681774
2020-09-03,sample,-0.026020172195639426
2020-09-04,sample,-0.007742486153698108
2020-09-08,sample,-0.016214785307119527
2020-09-09,sample,0.02255215801510806
2020-09-10,sample,-0.015315649540928147
2020-09-11,sample,0.0036463784987539544
2020-09-14,sample,0.006097289960472688
2020-09-15,sample,0.009407594496262977
2020-09-16,sample,-0.009654488632148671
2020-09-17,sample,-0.009084389889208677
2020-09-18,sample,-0.009299704402548023
2020-09-21,sample,-0.014762345636726393
2020-09-22,sample,0.012261030926227157
2020-09-23,sample,-0.02492327320633423
2020-09-24,sample,0.00840097699255278
2020-09-25,sample,0.008875808700910977
2020-09-28,sample,0.011150669100762945
2020-09-29,sample,-0.002795624788232031
2020-09-30,sample,0.01185384095922724
2020-09-01,ewma,0.003778589409533231
2020-09-02,ewma,0.016565982181716867
2020-09-03,ewma,-0.027165458203008898
2020-09-04,ewma,-0.0041670557482567615
2020-09-08,ewma,-0.018106419050275886
2020-09-09,ewma,0.022702699494538535
2020-09-10,ewma,-0.015898571522246562
2020-09-11,ewma,0.006530367793970593
2020-09-14,ewma,0.009660757483697198
2020-09-15,ewma,0.0020581102132717606
2020-09-16,ewma,-0.006099925767142141
2020-09-17,ewma,-0.007097068473069937
2020-09-18,ewma,-0.009141255236536742
2020-09-21,ewma,-0.01322803690490657
2020-09-22,ewma,0.0075490811948791
2020-09-23,ewma,-0.019207763339150297
2020-09-24,ewma,0.005258244436727384
2020-09-25,ewma,0.010746058057517771
2020-09-28,ewma,0.011298510900601237
2020-09-29,ewma,-0.0034943456400254075
2020-09-30,ewma,0.021399195704852284
2020-09-01,ledoit_wolf,-0.0007523633870703049
2020-09-02,ledoit_wolf,0.019484037294995087
2020-09-03,ledoit_wolf,-0.025938156465415342
2020-09-04,ledoit_wolf,-0.007809721500834098
2020-09-08,ledoit_wolf,-0.016256665525234196
2020-09-09,ledoit_wolf,0.022319562790021934
2020-09-10,ledoit_wolf,-0.015576890079342138
2020-09-11,ledoit_wolf,0.0034916579690293026
2020-09-14,ledoit_wolf,0.005974459357782969
2020-09-15,ledoit_wolf,0.009569377637583584
2020-09-16,ledoit_wolf,-0.00983021796652669
2020-09-17,ledoit_wolf,-0.009153339442749625
2020-09-18,ledoit_wolf,-0.009174694898100744
2020-09-21,ledoit_wolf,-0.01472013389154838
2020-09-22,ledoit_wolf,0.01208226432245185
2020-09-23,ledoit_wolf,-0.02492863014705094
2020-09-24,ledoit_wolf,0.008371723213975717
2020-09-25,ledoit_wolf,0.008946912364302798
2020-09-28,ledoit_wolf,0.011207063991638604
2020-09-29,ledoit_wolf,-0.002833936870526868
2020-09-30,ledoit_wolf,0.011172075375029136
2020-09-01,equal_weight,0.004042353732436685
2020-09-02,equal_weight,0.01765523965341406
2020-09-03,equal_weight,-0.027344144867515505
2020-09-04,equal_weight,-0.004348607750036173
2020-09-08,equal_weight,-0.022124323095316232
2020-09-09,equal_weight,0.020397672363257766
2020-09-10,equal_weight,-0.017575525647573843
2020-09-11,equal_weight,0.004586096678394599
2020-09-14,equal_weight,0.008791462621754216
2020-09-15,equal_weight,0.004884502950046433
2020-09-16,equal_weight,-0.0050401241281796665
2020-09-17,equal_weight,-0.008944178115098636
2020-09-18,equal_weight,-0.011301596674679911
2020-09-21,equal_weight,-0.016866123715269528
2020-09-22,equal_weight,0.00663345811979478
2020-09-23,equal_weight,-0.026081371517899174
2020-09-24,equal_weight,0.005769921216965149
2020-09-25,equal_weight,0.012927359939286549
2020-09-28,equal_weight,0.013217659317631329
2020-09-29,equal_weight,-0.004633523397300306
2020-09-30,equal_weight,0.011533084596886973
2020-10-01,sample,0.0015605809144142893
2020-10-02,sample,-0.006930016447091001
2020-10-05,sample,0.013756864074806021
2020-10-06,sample,-0.015921286106730548
2020-10-07,sample,0.013549227592262635
2020-10-08,sample,0.00948180830927204
2020-10-09,sample,0.013008333573491631
2020-10-12,sample,0.013123858136546396
2020-10-13,sample,-0.008035961849567898
2020-10-14,sample,-0.0014466702403351525
2020-10-15,sample,-0.004482984461186512
2020-10-16,sample,-0.0003651744096300667
2020-10-19,sample,-0.01705043193940082
2020-10-20,sample,0.0032243711129800313
2020-10-21,sample,-0.002871353589054269
2020-10-22,sample,-0.0019706729670456607
2020-10-23,sample,0.0019362552473389638
2020-10-26,sample,-0.00780360046878418
2020-10-27,sample,0.0055871112195406275
2020-10-28,sample,-0.036756717831205404
2020-10-29,sample,0.010855416359920017
2020-10-30,sample,-0.0016654399801210697
2020-10-01,ewma,-0.0036660978300018217
2020-10-02,ewma,-0.0013800154816002521
2020-10-05,ewma,0.01800588420098583
2020-10-06,ewma,-0.006908305205076988
2020-10-07,ewma,0.014046724938594653
2020-10-08,ewma,0.014796782794938068
2020-10-09,ewma,0.004888112872782522
2020-10-12,ewma,0.007490691021613602
2020-10-13,ewma,-0.010697288660753061
2020-10-14,ewma,-0.002117187019445691
2020-10-15,ewma,0.0018137666159308314
2020-10-16,ewma,0.006049626249362853
2020-10-19,ewma,-0.01827698790493117
2020-10-20,ewma,0.0052113238152351115
2020-10-21,ewma,-0.007650125182363394
2020-10-22,ewma,0.004044172683889041
2020-10-23,ewma,0.0009023219386567127
2020-10-26,ewma,-0.01324103454398666
2020-10-27,ewma,-0.006814165543822164
2020-10-28,ewma,-0.03234428853468227
2020-10-29,ewma,0.010242261528951873
2020-10-30,ewma,-0.005325715805432087
2020-10-01,ledoit_wolf,0.0014671401675624511
2020-10-02,ledoit_wolf,-0.007224739737108736
2020-10-05,ledoit_wolf,0.013935476347508746
2020-10-06,ledoit_wolf,-0.015815983406108285
2020-10-07,ledoit_wolf,0.013599233080719017
2020-10-08,ledoit_wolf,0.009730783076927475
2020-10-09,ledoit_wolf,0.012884601205377908
2020-10-12,ledoit_wolf,0.013257096212945357
2020-10-13,ledoit_wolf,-0.008180888346785365
2020-10-14,ledoit_wolf,-0.0015584757709440674
2020-10-15,ledoit_wolf,-0.004591717364345312
2020-10-16,ledoit_wolf,-0.0003058708263259655
2020-10-19,ledoit_wolf,-0.017162201210863627
2020-10-20,ledoit_wolf,0.0033769320458291404
2020-10-21,ledoit_wolf,-0.002865258750456382
2020-10-22,ledoit_wolf,-0.001455036840089176
2020-10-23,ledoit_wolf,0.0019926428211371225
2020-10-26,ledoit_wolf,-0.007941675085546676
2020-10-27,ledoit_wolf,0.0057108118974968074
2020-10-28,ledoit_wolf,-0.03678970803631497
2020-10-29,ledoit_wolf,0.010902499821622516
2020-10-30,ledoit_wolf,-0.002236791285356107
2020-10-01,equal_weight,0.0008798795670695408
2020-10-02,equal_weight,-0.0028999949119259704
2020-10-05,equal_weight,0.01625900200233099
2020-10-06,equal_weight,-0.013797607454327928
2020-10-07,equal_weight,0.015178760340472296
2020-10-08,equal_weight,0.010942247787158417
2020-10-09,equal_weight,0.007655686193056625
2020-10-12,equal_weight,0.015348000899932442
2020-10-13,equal_weight,-0.008582813771427195
2020-10-14,equal_weight,-0.008282722570171302
2020-10-15,equal_weight,0.000762878056502221
2020-10-16,equal_weight,0.002172094165985817
2020-10-19,equal_weight,-0.01711427566568257
2020-10-20,equal_weight,0.006852884076652242
2020-10-21,equal_weight,-0.0032166619760863107
2020-10-22,equal_weight,0.004906002500534107
2020-10-23,equal_weight,0.003135448976922716
2020-10-26,equal_weight,-0.016237502168412236
2020-10-27,equal_weight,-0.002927953235769857
2020-10-28,equal_weight,-0.035474266987704894
2020-10-29,equal_weight,0.014692630354149904
2020-10-30,equal_weight,-0.005260827969237415
2020-11-02,sample,0.012177660128177403
2020-11-03,sample,0.016579637798380786
2020-11-04,sample,0.006638749301072097
2020-11-05,sample,0.01729818070744284
2020-11-06,sample,0.0017822070270736576
2020-11-09,sample,0.0003095681161714124
2020-11-10,sample,0.003045129388765028
2020-11-11,sample,0.007220958798631016
2020-11-12,sample,-0.006487071935173925
2020-11-13,sample,0.01100466654134988
2020-11-16,sample,0.0029309105506775185
2020-11-17,sample,-0.00792697224855118
2020-11-18,sample,-0.018694822907038146
2020-11-19,sample,0.00179826197093223
2020-11-20,sample,-0.0027276903433623247
2020-11-23,sample,-0.005264504738141276
2020-11-24,sample,0.004538211913919008
2020-11-25,sample,0.003698107961268617
2020-11-27,sample,-4.3847085809384516e-05
2020-11-30,sample,-0.006756287272419951
2020-11-02,ewma,0.016356718110046246
2020-11-03,ewma,0.015162359243656302
2020-11-04,ewma,-0.00531266696510895
2020-11-05,ewma,0.013949491607700495
2020-11-06,ewma,0.00240816440811943
2020-11-09,ewma,0.005679894624171228
2020-11-10,ewma,0.007416202207548149
2020-11-11,ewma,0.007162072068411899
2020-11-12,ewma,-0.006831837805520575
2020-11-13,ewma,0.010860406133752045
2020-11-16,ewma,0.0018682132372784994
2020-11-17,ewma,-0.011265695457916114
2020-11-18,ewma,-0.01238780070379561
2020-11-19,ewma,9.158146600800939e-05
2020-11-20,ewma,-0.004296635325282462
2020-11-23,ewma,-0.0007512890260894974
2020-11-24,ewma,0.011234848680460461
2020-11-25,ewma,0.0045457136308390675
2020-11-27,ewma,-0.001805757467508235
2020-11-30,ewma,-0.008759618495527888
2020-11-02,ledoit_wolf,0.012371533742051726
2020-11-03,ledoit_wolf,0.016226864288812808
2020-11-04,ledoit_wolf,0.006567104968714346
2020-11-05,ledoit_wolf,0.017376720154412294
2020-11-06,ledoit_wolf,0.0020221259085947737
2020-11-09,ledoit_wolf,0.00033964270128496437
2020-11-10,ledoit_wolf,0.00288133390085694
2020-11-11,ledoit_wolf,0.0074368631128404455
2020-11-12,ledoit_wolf,-0.006559735169568799
2020-11-13,ledoit_wolf,0.01100141904932327
2020-11-16,ledoit_wolf,0.0033308336093067254
2020-11-17,ledoit_wolf,-0.007735213411170801
2020-11-18,ledoit_wolf,-0.018811809677261093
2020-11-19,ledoit_wolf,0.0016717239209598448
2020-11-20,ledoit_wolf,-0.0028512051976877784
2020-11-23,ledoit_wolf,-0.005236271451973
2020-11-24,ledoit_wolf,0.004639590556089596
2020-11-25,ledoit_wolf,0.0037459444902446593
2020-11-27,ledoit_wolf,-5.692628289207316e-05
2020-11-30,ledoit_wolf,-0.006976619887867741
2020-11-02,equal_weight,0.01745446768520073
2020-11-03,equal_weight,0.016206070132954158
2020-11-04,equal_weight,0.009668398757981348
2020-11-05,equal_weight,0.020373666972956853
2020-11-06,equal_weight,-0.002892973612033046
2020-11-09,equal_weight,0.018201097133775018
2020-11-10,equal_weight,0.0023213767693171334
2020-11-11,equal_weight,0.0007282787295484218
2020-11-12,equal_weight,-0.009731601020322462
2020-11-13,equal_weight,0.01046693267721351
2020-11-16,equal_weight,0.011283747396871316
2020-11-17,equal_weight,-0.007069440709046882
2020-11-18,equal_weight,-0.01566151767540726
2020-11-19,equal_weight,0.0017607751428915205
2020-11-20,equal_weight,-0.005364921152680336
2020-11-23,equal_weight,0.0059207059388865
2020-11-24,equal_weight,0.01827763421240694
2020-11-25,equal_weight,-0.0030661748158187616
2020-11-27,equal_weight,0.0007580014968222401
2020-11-30,equal_weight,-0.011739061883410909
2020-12-01,sample,0.012103378615636637
2020-12-02,sample,0.0015498460797114767
2020-12-03,sample,-0.0031795167594320423
2020-12-04,sample,0.003436469954699173
2020-12-07,sample,0.001775518876652978
2020-12-08,sample,0.004874730844904555
2020-12-09,sample,-0.007856931971312788
2020-12-10,sample,-0.0043964173169718495
2020-12-11,sample,0.002577616120933634
2020-12-14,sample,-0.01083039705371518
2020-12-15,sample,0.010981378506889714
2020-12-16,sample,0.002760371245157511
2020-12-17,sample,0.010608859690253105
2020-12-18,sample,-0.0035427622373767503
2020-12-21,sample,-0.006037718678205487
2020-12-22,sample,-0.005644731120372262
2020-12-23,sample,-0.0005852887656441023
2020-12-24,sample,0.005849484691944548
2020-12-28,sample,0.009991300655005822
2020-12-29,sample,0.0002791989708388679
2020-12-30,sample,0.0027597926199236823
2020-12-31,sample,0.003670670880455741
2020-12-01,ewma,0.008973497893063702
2020-12-02,ewma,-0.010179739431735696
2020-12-03,ewma,-0.006355939551186835
2020-12-04,ewma,0.005721043929108214
2020-12-07,ewma,-0.007228766716557837
2020-12-08,ewma,0.0018842942894311573
2020-12-09,ewma,-0.001384494492615046
2020-12-10,ewma,-0.0027878306342711437
2020-12-11,ewma,0.002666449658030628
2020-12-14,ewma,-0.008901318598610316
2020-12-15,ewma,0.011210559465961598
2020-12-16,ewma,-0.0017938013261125892
2020-12-17,ewma,0.012137940461208571
2020-12-18,ewma,-0.00302443695878425
2020-12-21,ewma,-0.009650787666107614
2020-12-22,ewma,-0.00044155249509361455
2020-12-23,ewma,-0.0042630426638253964
2020-12-24,ewma,0.007895468306885658
2020-12-28,ewma,0.006787475814469743
2020-12-29,ewma,-0.0017910220370039487
2020-12-30,ewma,0.004600962310842971
2020-12-31,ewma,0.01053714003756398
2020-12-01,ledoit_wolf,0.012211066011208506
2020-12-02,ledoit_wolf,0.0015624460470700348
2020-12-03,ledoit_wolf,-0.0030413279941666335
2020-12-04,ledoit_wolf,0.0037346573977130263
2020-12-07,ledoit_wolf,0.0016872473501564475
2020-12-08,ledoit_wolf,0.005110616920234001
2020-12-09,ledoit_wolf,-0.007726294857133158
2020-12-10,ledoit_wolf,-0.004296783035115171
2020-12-11,ledoit_wolf,0.0026173819854807792
2020-12-14,ledoit_wolf,-0.010749973573377536
2020-12-15,ledoit_wolf,0.011182308356355006
2020-12-16,ledoit_wolf,0.002917498734701124
2020-12-17,ledoit_wolf,0.0104301034641429
2020-12-18,ledoit_wolf,-0.003466598069569327
2020-12-21,ledoit_wolf,-0.005996857914713487
2020-12-22,ledoit_wolf,-0.005819174862492874
2020-12-23,ledoit_wolf,-0.0004463713504156107
2020-12-24,ledoit_wolf,0.005776591525544826
2020-12-28,ledoit_wolf,0.009886850855593321
2020-12-29,ledoit_wolf,0.0002838763093165402
2020-12-30,ledoit_wolf,0.002856052598712452
2020-12-31,ledoit_wolf,0.0036534340036663907
2020-12-01,equal_weight,0.012059971960173818
2020-12-02,equal_weight,0.0017728074663494811
2020-12-03,equal_weight,-0.004833613300512437
2020-12-04,equal_weight,0.008597933544774906
2020-12-07,equal_weight,-0.0039015075745251395
2020-12-08,equal_weight,0.0027259637412876733
2020-12-09,equal_weight,-0.006266321519168668
2020-12-10,equal_weight,4.4670380422855236e-05
2020-12-11,equal_weight,-0.001223267876614486
2020-12-14,equal_weight,-0.009802764283172172
2020-12-15,equal_weight,0.013429914225536832
2020-12-16,equal_weight,0.001624470162005857
2020-12-17,equal_weight,0.005499716265954158
2020-12-18,equal_weight,-0.005744607387371418
2020-12-21,equal_weight,-0.001383006189872772
2020-12-22,equal_weight,-0.0051751897843468845
2020-12-23,equal_weight,0.002665964735001823
2020-12-24,equal_weight,0.004721872687868411
2020-12-28,equal_weight,0.009712209775004855
2020-12-29,equal_weight,-0.0032666677961341825
2020-12-30,equal_weight,0.0014754766409553878
2020-12-31,equal_weight,0.005834216333850633
2021-01-04,sample,-0.006780109908506433
2021-01-05,sample,0.006578064474094255
2021-01-06,sample,0.0047423623580054985
2021-01-07,sample,0.0017747399353445386
2021-01-08,sample,0.001047254703542241
2021-01-11,sample,-0.011545864346578448
2021-01-12,sample,-0.0005230567097490278
2021-01-13,sample,0.0033398232192507708
2021-01-14,sample,0.0006737018905906415
2021-01-15,sample,-0.007587584297522713
2021-01-19,sample,0.002248975006598207
2021-01-20,sample,0.014832084276715696
2021-01-21,sample,-0.006880832274062672
2021-01-22,sample,-0.002352939587738621
2021-01-25,sample,0.007204057885926265
2021-01-26,sample,0.004211253836931198
2021-01-27,sample,-0.028456426989473375
2021-01-28,sample,0.01205146434445692
2021-01-29,sample,-0.013235907915347053
2021-01-04,ewma,-0.014988548928589873
2021-01-05,ewma,0.0051762524334916385
2021-01-06,ewma,0.0052621184013599935
2021-01-07,ewma,0.0020548850791789336
2021-01-08,ewma,0.005546832377813829
2021-01-11,ewma,-0.005858787803341878
2021-01-12,ewma,0.0017254439701769907
2021-01-13,ewma,0.003787541026346709
2021-01-14,ewma,-0.005098830517099655
2021-01-15,ewma,-0.0011814307530996849
2021-01-19,ewma,0.00020062125571078632
2021-01-20,ewma,0.006224626027242094
2021-01-21,ewma,0.0026838681657669707
2021-01-22,ewma,0.0024095347188553646
2021-01-25,ewma,0.00888637823637626
2021-01-26,ewma,0.005814546689740227
2021-01-27,ewma,-0.023653050183135148
2021-01-28,ewma,0.012886164149272497
2021-01-29,ewma,-0.017447997857317227
2021-01-04,ledoit_wolf,-0.006730188225655861
2021-01-05,ledoit_wolf,0.006853916816792319
2021-01-06,ledoit_wolf,0.005302116442876446
2021-01-07,ledoit_wolf,0.0019102055245216216
2021-01-08,ledoit_wolf,0.0010302899324868622
2021-01-11,ledoit_wolf,-0.011487753295960954
2021-01-12,ledoit_wolf,-0.0003332820995605493
2021-01-13,ledoit_wolf,0.0034037081524146027
2021-01-14,ledoit_wolf,0.0010218157215404807
2021-01-15,ledoit_wolf,-0.00800276341967342
2021-01-19,ledoit_wolf,0.0027984579025185723
2021-01-20,ledoit_wolf,0.014660628161242488
2021-01-21,ledoit_wolf,-0.006518368066187006
2021-01-22,ledoit_wolf,-0.0023452989792502894
2021-01-25,ledoit_wolf,0.007169364184687051
2021-01-26,ledoit_wolf,0.004089526545874357
2021-01-27,ledoit_wolf,-0.028914757742229392
2021-01-28,ledoit_wolf,0.012067535221193687
2021-01-29,ledoit_wolf,-0.013913214919306152
2021-01-04,equal_weight,-0.012460577733372794
2021-01-05,equal_weight,0.010108158362018343
2021-01-06,equal_weight,0.010520075992867365
2021-01-07,equal_weight,0.0092767222556744
2021-01-08,equal_weight,0.005256807523108965
2021-01-11,equal_weight,-0.008062908429797106
2021-01-12,equal_weight,0.0029851379445759293
2021-01-13,equal_weight,0.004799946286130417
2021-01-14,equal_weight,-0.00024236577616350264
2021-01-15,equal_weight,-0.006100505807781541
2021-01-19,equal_weight,0.0046643610087894385
2021-01-20,equal_weight,0.012465883987503253
2021-01-21,equal_weight,-0.0041934082503914906
2021-01-22,equal_weight,-0.00010440426679394295
2021-01-25,equal_weight,0.0043797562110695345
2021-01-26,equal_weight,0.0004049529734614218
2021-01-27,equal_weight,-0.026228640045661177
2021-01-28,equal_weight,0.010082708927825871
2021-01-29,equal_weight,-0.017921872261686164
2021-02-01,sample,0.010632521930732816
2021-02-02,sample,0.006786362981669565
2021-02-03,sample,-0.002228866817980689
2021-02-04,sample,0.0005754338222457597
2021-02-05,sample,0.010951576997080307
2021-02-08,sample,0.0015694100147734134
2021-02-09,sample,-0.0017857934638747953
2021-02-10,sample,-0.0014588145601438446
2021-02-11,sample,-0.0038078005475269934
2021-02-12,sample,0.0051411052668823365
2021-02-16,sample,-0.004407272905869321
2021-02-17,sample,0.00033054104705180533
2021-02-18,sample,0.0014842470806159663
2021-02-19,sample,-0.011048494019162079
2021-02-22,sample,-0.0014834773441486954
2021-02-23,sample,0.0003094757827620274
2021-02-24,sample,0.0031220169608113663
2021-02-25,sample,-0.013091683977960835
2021-02-26,sample,-0.016394598668563493
2021-02-01,ewma,0.008697867089161353
2021-02-02,ewma,0.0077751920911114545
2021-02-03,ewma,0.0004610318004064579
2021-02-04,ewma,0.0034124294518950186
2021-02-05,ewma,0.006588642234237515
2021-02-08,ewma,0.005695871963224961
2021-02-09,ewma,-0.002166216739321163
2021-02-10,ewma,0.0023643554887871634
2021-02-11,ewma,-0.007981038096872681
2021-02-12,ewma,0.0009371074438166997
2021-02-16,ewma,-0.004094787939005983
2021-02-17,ewma,0.005034473396373099
2021-02-18,ewma,0.002746760900972367
2021-02-19,ewma,-0.004495588890636055
2021-02-22,ewma,0.0037469397903559863
2021-02-23,ewma,-0.0025368824008520884
2021-02-24,ewma,0.0021427054069232095
2021-02-25,ewma,-0.00967624188592149
2021-02-26,ewma,-0.016589367207124252
2021-02-01,ledoit_wolf,0.010680077039295445
2021-02-02,ledoit_wolf,0.006777340152150988
2021-02-03,ledoit_wolf,-0.002074713528524519
2021-02-04,ledoit_wolf,0.0006496999665292073
2021-02-05,ledoit_wolf,0.011168804384964327
2021-02-08,ledoit_wolf,0.0019310743572397565
2021-02-09,ledoit_wolf,-0.0018190008519099097
2021-02-10,ledoit_wolf,-0.001324958889519114
2021-02-11,ledoit_wolf,-0.004039181312957041
2021-02-12,ledoit_wolf,0.004991223499507123
2021-02-16,ledoit_wolf,-0.004072875571570134
2021-02-17,ledoit_wolf,0.0004985387746567239
2021-02-18,ledoit_wolf,0.0014370023185649467
2021-02-19,ledoit_wolf,-0.0109728538823993
2021-02-22,ledoit_wolf,-0.0009976200186582245
2021-02-23,ledoit_wolf,0.0004955601524838753
2021-02-24,ledoit_wolf,0.0032135109677294414
2021-02-25,ledoit_wolf,-0.013238037326618527
2021-02-26,ledoit_wolf,-0.016429339202463554
2021-02-01,equal_weight,0.012619853171789597
2021-02-02,equal_weight,0.012751791122649736
2021-02-03,equal_weight,0.005091025040676789
2021-02-04,equal_weight,0.0011025406241735058
2021-02-05,equal_weight,0.005236361402748444
2021-02-08,equal_weight,0.0062210580039103215
2021-02-09,equal_weight,-0.0011901254701960635
2021-02-10,equal_weight,0.0018408596364015747
2021-02-11,equal_weight,-0.002948984816404883
2021-02-12,equal_weight,0.0038034542465705473
2021-02-16,equal_weight,0.0011467666992424704
2021-02-17,equal_weight,0.0027863952104189814
2021-02-18,equal_weight,-0.001383817713398025
2021-02-19,equal_weight,-0.004331803188886967
2021-02-22,equal_weight,0.0003636616015825283
2021-02-23,equal_weight,0.001410571539543637
2021-02-24,equal_weight,0.005633631089073587
2021-02-25,equal_weight,-0.013992544055702692
2021-02-26,equal_weight,-0.014037334746376091
2021-03-01,sample,0.012556425509416828
2021-03-02,sample,0.0017168879327276437
2021-03-03,sample,-0.013626960829862672
2021-03-04,sample,-0.008118909040726046
2021-03-05,sample,0.02390607190790877
2021-03-08,sample,0.000761422630570031
2021-03-09,sample,0.006854981642717164
2021-03-10,sample,0.007335104247655034
2021-03-11,sample,0.004312263463191944
2021-03-12,sample,0.0028112680231740118
2021-03-15,sample,0.010061909510031143
2021-03-16,sample,0.0037869215074644073
2021-03-17,sample,0.004982893634141254
2021-03-18,sample,-0.008871750469907623
2021-03-19,sample,-0.0008088520364783751
2021-03-22,sample,0.0013238649455241665
2021-03-23,sample,0.0025443272155112615
2021-03-24,sample,0.0019041965082185488
2021-03-25,sample,0.0016512165345890296
2021-03-26,sample,0.01584392214332216
2021-03-29,sample,0.01079665317102722
2021-03-30,sample,-0.013045701128692874
2021-03-31,sample,0.002037123691958266
2021-03-01,ewma,0.01526408923090208
2021-03-02,ewma,-0.006040321477942163
2021-03-03,ewma,-0.010670182426110616
2021-03-04,ewma,-0.00992054602383459
2021-03-05,ewma,0.025512162603811665
2021-03-08,ewma,0.005536428756409853
2021-03-09,ewma,0.006435765219147829
2021-03-10,ewma,0.0037258278742412863
2021-03-11,ewma,0.005084433064527853
2021-03-12,ewma,0.010313476064262736
2021-03-15,ewma,0.005737999374292991
2021-03-16,ewma,0.003509945385641217
2021-03-17,ewma,-0.0005130556824717212
2021-03-18,ewma,-0.001078464119730347
2021-03-19,ewma,-0.00016518584432153715
2021-03-22,ewma,0.007116061389473961
2021-03-23,ewma,0.00019848124812987897
2021-03-24,ewma,0.004078902641760028
2021-03-25,ewma,0.005509536427539741
2021-03-26,ewma,0.016437496657226016
2021-03-29,ewma,0.005406499908445315
2021-03-30,ewma,-0.006681513046647245
2021-03-31,ewma,0.0015231204660864635
2021-03-01,ledoit_wolf,0.012670494324393867
2021-03-02,ledoit_wolf,0.0016026052634251567
2021-03-03,ledoit_wolf,-0.013593072865127937
2021-03-04,ledoit_wolf,-0.007816753935770585
2021-03-05,ledoit_wolf,0.023900704308676732
2021-03-08,ledoit_wolf,0.000552018746491411
2021-03-09,ledoit_wolf,0.006846302443453506
2021-03-10,ledoit_wolf,0.0074385661962895365
2021-03-11,ledoit_wolf,0.004363280675853351
2021-03-12,ledoit_wolf,0.002801188283965052
2021-03-15,ledoit_wolf,0.01001425984318403
2021-03-16,ledoit_wolf,0.003743622066637872
2021-03-17,ledoit_wolf,0.005112265733225094
2021-03-18,ledoit_wolf,-0.009186438111861768
2021-03-19,ledoit_wolf,-0.0006582028424786685
2021-03-22,ledoit_wolf,0.0013984699121626747
2021-03-23,ledoit_wolf,0.0023698731273553977
2021-03-24,ledoit_wolf,0.0017878004459320087
2021-03-25,ledoit_wolf,0.001511667754021182
2021-03-26,ledoit_wolf,0.015863551343686208
2021-03-29,ledoit_wolf,0.01079676040210987
2021-03-30,ledoit_wolf,-0.013020944581937446
2021-03-31,ledoit_wolf,0.0020523773578556112
2021-03-01,equal_weight,0.01851931484243049
2021-03-02,equal_weight,-0.003791131990389922
2021-03-03,equal_weight,-0.011102075052710703
2021-03-04,equal_weight,-0.005156512445392477
2021-03-05,equal_weight,0.021485152053998077
2021-03-08,equal_weight,-0.0019085091533043328
2021-03-09,equal_weight,0.009295301162199947
2021-03-10,equal_weight,0.00814127480853677
2021-03-11,equal_weight,0.008087824663331928
2021-03-12,equal_weight,0.0050766623570367665
2021-03-15,equal_weight,0.004727872512642548
2021-03-16,equal_weight,0.002508971448016692
2021-03-17,equal_weight,0.00015266882056338217
2021-03-18,equal_weight,-0.008331634928511572
2021-03-19,equal_weight,-0.00015326604451557113
2021-03-22,equal_weight,0.0033564279013023257
2021-03-23,equal_weight,0.0002676353264050162
2021-03-24,equal_weight,0.0007813131242731347
2021-03-25,equal_weight,0.003603596543804823
2021-03-26,equal_weight,0.019369577186050986
2021-03-29,equal_weight,0.0040514726121081744
2021-03-30,equal_weight,-0.007075518784079136
2021-03-31,equal_weight,0.0015377442053878898
2021-04-01,sample,0.006014439288161066
2021-04-05,sample,0.013458472727325806
2021-04-06,sample,-9.929169554858297e-05
2021-04-07,sample,0.0028928483236243837
2021-04-08,sample,-0.0001635342051141556
2021-04-09,sample,0.0019073099220150986
2021-04-12,sample,-0.001078530309952862
2021-04-13,sample,0.0005488958998752032
2021-04-14,sample,-0.002886785482044416
2021-04-15,sample,0.014512195264587989
2021-04-16,sample,0.005422306788328974
2021-04-19,sample,-0.002819789717210192
2021-04-20,sample,0.004249023579006847
2021-04-21,sample,0.005222484348015356
2021-04-22,sample,-0.012674440481783473
2021-04-23,sample,0.004962653694902147
2021-04-26,sample,-0.0031581901877206077
2021-04-27,sample,-0.003834257030432323
2021-04-28,sample,0.00365682649939341
2021-04-29,sample,0.002185833447903571
2021-04-30,sample,-0.0017808614650022681
2021-04-01,ewma,0.006026297124524827
2021-04-05,ewma,0.012670332761795668
2021-04-06,ewma,-0.0032289773286825474
2021-04-07,ewma,0.007629426315091808
2021-04-08,ewma,0.0006134394373235291
2021-04-09,ewma,0.010183501652965252
2021-04-12,ewma,0.00020575374786987728
2021-04-13,ewma,-0.0024618025198625574
2021-04-14,ewma,-0.004544148213471543
2021-04-15,ewma,0.011308856874384796
2021-04-16,ewma,0.007030807485110716
2021-04-19,ewma,-0.0027206938714296517
2021-04-20,ewma,-0.0010506244371439035
2021-04-21,ewma,0.005456088618478984
2021-04-22,ewma,-0.011714824158611468
2021-04-23,ewma,0.009388462585443711
2021-04-26,ewma,-0.0008560673228034678
2021-04-27,ewma,-0.00073186894661066
2021-04-28,ewma,0.003343271898029499
2021-04-29,ewma,0.012489821183506812
2021-04-30,ewma,-0.004315324636749574
2021-04-01,ledoit_wolf,0.0061511209438971075
2021-04-05,ledoit_wolf,0.01343935847455753
2021-04-06,ledoit_wolf,-0.00012751020828479257
2021-04-07,ledoit_wolf,0.0029714238335938844
2021-04-08,ledoit_wolf,-0.00018044713033402615
2021-04-09,ledoit_wolf,0.0018495012761048436
2021-04-12,ledoit_wolf,-0.0011115140299417577
2021-04-13,ledoit_wolf,0.0005285497818010645
2021-04-14,ledoit_wolf,-0.0028937451785369154
2021-04-15,ledoit_wolf,0.01450159834939729
2021-04-16,ledoit_wolf,0.005357924217844947
2021-04-19,ledoit_wolf,-0.0028731361303884094
2021-04-20,ledoit_wolf,0.004186916089665232
2021-04-21,ledoit_wolf,0.005222537297834109
2021-04-22,ledoit_wolf,-0.012665410714072536
2021-04-23,ledoit_wolf,0.004958246543197264
2021-04-26,ledoit_wolf,-0.0031239795787238824
2021-04-27,ledoit_wolf,-0.003775261473569367
2021-04-28,ledoit_wolf,0.003773724794551167
2021-04-29,ledoit_wolf,0.0024880987154349467
2021-04-30,ledoit_wolf,-0.001929108586759857
2021-04-01,equal_weight,0.009645032342019574
2021-04-05,equal_weight,0.012652058456745462
2021-04-06,equal_weight,-0.0024751669978468386
2021-04-07,equal_weight,0.004144802515137649
2021-04-08,equal_weight,-0.0005373444051721787
2021-04-09,equal_weight,0.005763982736709444
2021-04-12,equal_weight,-0.0017083877109601757
2021-04-13,equal_weight,0.0020147151326197162
2021-04-14,equal_weight,-0.001832404068334135
2021-04-15,equal_weight,0.011399648006496052
2021-04-16,equal_weight,0.0039111344246129925
2021-04-19,equal_weight,-0.0031925501000363496
2021-04-20,equal_weight,-0.0014042144985885537
2021-04-21,equal_weight,0.004730134065027135
2021-04-22,equal_weight,-0.011234732733227618
2021-04-23,equal_weight,0.009502396980091341
2021-04-26,equal_weight,-0.0014442376898561832
2021-04-27,equal_weight,-0.0004056139816474547
2021-04-28,equal_weight,0.0036623696665029405
2021-04-29,equal_weight,0.008843730982016481
2021-04-30,equal_weight,-0.0064013639142137205
2021-05-03,sample,0.006663103456661048
2021-05-04,sample,-0.0019333656930803644
2021-05-05,sample,-0.002785176858528498
2021-05-06,sample,0.012887802780352937
2021-05-07,sample,0.0034191587357142953
2021-05-10,sample,0.0037360439065648897
2021-05-11,sample,-0.0026619935052285305
2021-05-12,sample,-0.013872632484505135
2021-05-13,sample,0.012946868831387768
2021-05-14,sample,0.011129989593534857
2021-05-17,sample,0.008508494565773923
2021-05-18,sample,-0.005724332675156626
2021-05-19,sample,-0.003497210454566255
2021-05-20,sample,0.005781241372006746
2021-05-21,sample,-0.00222199728638858
2021-05-24,sample,0.006477738504457917
2021-05-25,sample,-0.003055070688477435
2021-05-26,sample,0.00039487776522288036
2021-05-27,sample,-0.004200490642551518
2021-05-28,sample,0.0005639051543950839
2021-05-03,ewma,-0.0006837864317319382
2021-05-04,ewma,0.0012065658987174485
2021-05-05,ewma,-0.005322561154394924
2021-05-06,ewma,0.007735657506307407
2021-05-07,ewma,0.005206739251478911
2021-05-10,ewma,0.00441353645543018
2021-05-11,ewma,-0.006962178398388258
2021-05-12,ewma,-0.015102256774147562
2021-05-13,ewma,0.013093513576318612
2021-05-14,ewma,0.007338589432753683
2021-05-17,ewma,0.0010782336928972555
2021-05-18,ewma,-0.005764508282933588
2021-05-19,ewma,-0.004088064188579247
2021-05-20,ewma,0.006747950146786445
2021-05-21,ewma,0.0020159746474327778
2021-05-24,ewma,0.0034936900997720333
2021-05-25,ewma,-0.004661554696971987
2021-05-26,ewma,-0.00022813691346531273
2021-05-27,ewma,0.0002600595392906893
2021-05-28,ewma,0.0004343830564147357
2021-05-03,ledoit_wolf,0.006737752649081321
2021-05-04,ledoit_wolf,-0.0019922306061016465
2021-05-05,ledoit_wolf,-0.00261805353885479
2021-05-06,ledoit_wolf,0.012888437825164158
2021-05-07,ledoit_wolf,0.003420430454404536
2021-05-10,ledoit_wolf,0.0035333647498904655
2021-05-11,ledoit_wolf,-0.002766264256453781
2021-05-12,ledoit_wolf,-0.013733632156540321
2021-05-13,ledoit_wolf,0.012763296661297469
2021-05-14,ledoit_wolf,0.011297005597832078
2021-05-17,ledoit_wolf,0.008664508556991683
2021-05-18,ledoit_wolf,-0.005857170802698443
2021-05-19,ledoit_wolf,-0.0035161902294016316
2021-05-20,ledoit_wolf,0.005789091285413019
2021-05-21,ledoit_wolf,-0.00226044726871495
2021-05-24,ledoit_wolf,0.006592015407656091
2021-05-25,ledoit_wolf,-0.003065105065377072
2021-05-26,ledoit_wolf,0.0004247536051595347
2021-05-27,ledoit_wolf,-0.004172030548320252
2021-05-28,ledoit_wolf,0.000495356186315324
2021-05-03,equal_weight,0.005356432771838192
2021-05-04,equal_weight,-0.0019214902149829773
2021-05-05,equal_weight,0.0006514914086759592
2021-05-06,equal_weight,0.009874067054884158
2021-05-07,equal_weight,0.0054876949030294095
2021-05-10,equal_weight,-0.0012683697023461496
2021-05-11,equal_weight,-0.008864167521688603
2021-05-12,equal_weight,-0.016553441431083088
2021-05-13,equal_weight,0.012563808786152854
2021-05-14,equal_weight,0.012723596750777205
2021-05-17,equal_weight,0.002372706883013488
2021-05-18,equal_weight,-0.00861241203593062
2021-05-19,equal_weight,-0.004458552538667832
2021-05-20,equal_weight,0.006778910865191308
2021-05-21,equal_weight,0.00023341059414927056
2021-05-24,equal_weight,0.007995348329523401
2021-05-25,equal_weight,-0.0035273200071983734
2021-05-26,equal_weight,0.000742377964606205
2021-05-27,equal_weight,-0.0011848677658531604
2021-05-28,equal_weight,0.0003662490979772699
2021-06-01,sample,-0.003754239752361744
2021-06-02,sample,0.0012241175768370814
2021-06-03,sample,-0.0023665157782907804
2021-06-04,sample,0.004376409156109015
2021-06-07,sample,-0.002489542257524591
2021-06-08,sample,-0.005536014411141479
2021-06-09,sample,0.0014079664565071607
2021-06-10,sample,0.00635482063559864
2021-06-11,sample,-0.005052009928689222
2021-06-14,sample,0.002010931878835557
2021-06-15,sample,-0.0025421637990745965
2021-06-16,sample,-0.006099687203872797
2021-06-17,sample,-0.0058823173582789315
2021-06-18,sample,-0.014817461482780223
2021-06-21,sample,0.008778062535395679
2021-06-22,sample,0.0019920166126646947
2021-06-23,sample,-0.003300560547612308
2021-06-24,sample,-0.00042530161095538535
2021-06-25,sample,0.0017924168534582314
2021-06-28,sample,0.0026715266704196673
2021-06-29,sample,-0.004243104127145353
2021-06-30,sample,0.004371832718145944
2021-06-01,ewma,-0.004107896687141594
2021-06-02,ewma,0.004490106187422887
2021-06-03,ewma,0.0006507002059515615
2021-06-04,ewma,0.0026003754102861387
2021-06-07,ewma,-0.00527374126585191
2021-06-08,ewma,-0.0012390722969278746
2021-06-09,ewma,-0.0017788087644394217
2021-06-10,ewma,0.0022249421806304795
2021-06-11,ewma,-0.00611844387652659
2021-06-14,ewma,0.0005954646697778044
2021-06-15,ewma,-0.0005198207096879235
2021-06-16,ewma,-0.005063251971913931
2021-06-17,ewma,0.0010323849085856558
2021-06-18,ewma,-0.01358821856718783
2021-06-21,ewma,0.010353393149973618
2021-06-22,ewma,0.0029601336211465394
2021-06-23,ewma,-0.004709818509283009
2021-06-24,ewma,0.0033211844794120452
2021-06-25,ewma,0.001229744651289623
2021-06-28,ewma,0.0032769570951720834
2021-06-29,ewma,-0.0045492421323573284
2021-06-30,ewma,0.002786921404177117
2021-06-01,ledoit_wolf,-0.0037245287605292047
2021-06-02,ledoit_wolf,0.0012084420529778013
2021-06-03,ledoit_wolf,-0.002445717797701372
2021-06-04,ledoit_wolf,0.004438494959381939
2021-06-07,ledoit_wolf,-0.002442738263098743
2021-06-08,ledoit_wolf,-0.005525755429263566
2021-06-09,ledoit_wolf,0.001372848907790976
2021-06-10,ledoit_wolf,0.006396612280533469
2021-06-11,ledoit_wolf,-0.005031394298139541
2021-06-14,ledoit_wolf,0.00204382560447415
2021-06-15,ledoit_wolf,-0.002560493691857989
2021-06-16,ledoit_wolf,-0.0061107569864154426
2021-06-17,ledoit_wolf,-0.00582943791378978
2021-06-18,ledoit_wolf,-0.014825817446505397
2021-06-21,ledoit_wolf,0.008756001262158385
2021-06-22,ledoit_wolf,0.0020776342364480166
2021-06-23,ledoit_wolf,-0.0032756434370815246
2021-06-24,ledoit_wolf,-0.00040676877440821416
2021-06-25,ledoit_wolf,0.0017399820607421975
2021-06-28,ledoit_wolf,0.002784073243458092
2021-06-29,ledoit_wolf,-0.004231099639106939
2021-06-30,ledoit_wolf,0.004313099136083184
2021-06-01,equal_weight,0.0031766608683929717
2021-06-02,equal_weight,0.003753483740535164
2021-06-03,equal_weight,-0.0017080791308157943
2021-06-04,equal_weight,0.005444050490990867
2021-06-07,equal_weight,-0.0014701560654428673
2021-06-08,equal_weight,-0.0018958343096150715
2021-06-09,equal_weight,-0.0017402253429486595
2021-06-10,equal_weight,0.003616375159347358
2021-06-11,equal_weight,-0.002686614817834918
2021-06-14,equal_weight,0.002316492947859137
2021-06-15,equal_weight,-0.0002312774352213822
2021-06-16,equal_weight,-0.005779049534766246
2021-06-17,equal_weight,-0.0045426551554494585
2021-06-18,equal_weight,-0.01736638400277746
2021-06-21,equal_weight,0.015261433473498742
2021-06-22,equal_weight,0.0043991972033236085
2021-06-23,equal_weight,-0.003280355827226014
2021-06-24,equal_weight,0.0026168529664793885
2021-06-25,equal_weight,0.0035012551270219
2021-06-28,equal_weight,0.002223388206944305
2021-06-29,equal_weight,-0.003001810248799559
2021-06-30,equal_weight,0.0017683564432744501
2021-07-01,sample,0.0018425367308239312
2021-07-02,sample,0.010322139136560054
2021-07-06,sample,0.005759248883919757
2021-07-07,sample,0.005709817109442801
2021-07-08,sample,-0.0060329325051744695
2021-07-09,sample,0.007021874660159915
2021-07-12,sample,-0.00025873234764355805
2021-07-13,sample,-0.002427618922955213
2021-07-14,sample,0.004589577117289782
2021-07-15,sample,-0.0019261426317105995
2021-07-16,sample,-0.006594602399662656
2021-07-19,sample,-0.010341544337097138
2021-07-20,sample,0.0040959880409920145
2021-07-21,sample,0.003940286603444752
2021-07-22,sample,0.002408459703349422
2021-07-23,sample,0.010110853468716298
2021-07-26,sample,0.004355243429476758
2021-07-27,sample,-0.00015668406758594707
2021-07-28,sample,-0.0006411070640978066
2021-07-29,sample,0.0013749134704695895
2021-07-30,sample,-0.01072409140177652
2021-07-01,ewma,0.0027803896838596593
2021-07-02,ewma,0.010077996724511967
2021-07-06,ewma,0.0028664263016058597
2021-07-07,ewma,0.009072894856651772
2021-07-08,ewma,-0.007008556432872607
2021-07-09,ewma,0.007022941192520182
2021-07-12,ewma,0.0008887724262799023
2021-07-13,ewma,-0.006220413247792636
2021-07-14,ewma,0.004093259461123918
2021-07-15,ewma,-0.0017649668863660743
2021-07-16,ewma,-0.004283313974083044
2021-07-19,ewma,-0.009212847631829129
2021-07-20,ewma,0.008346597472596983
2021-07-21,ewma,0.003851326760219719
2021-07-22,ewma,0.0028171798656629688
2021-07-23,ewma,0.00920117681474237
2021-07-26,ewma,0.0027728798103216373
2021-07-27,ewma,-0.003328497149472056
2021-07-28,ewma,-0.004144273904835348
2021-07-29,ewma,0.0008029329461057202
2021-07-30,ewma,-0.01172412799966729
2021-07-01,ledoit_wolf,0.0018784126712822011
2021-07-02,ledoit_wolf,0.010323304551739786
2021-07-06,ledoit_wolf,0.005755544980358761
2021-07-07,ledoit_wolf,0.005679035226958457
2021-07-08,ledoit_wolf,-0.0060606627868929844
2021-07-09,ledoit_wolf,0.007035213185542106
2021-07-12,ledoit_wolf,-0.0002575701101090611
2021-07-13,ledoit_wolf,-0.0024226658260326716
2021-07-14,ledoit_wolf,0.004550326935083453
2021-07-15,ledoit_wolf,-0.0019707116427785977
2021-07-16,ledoit_wolf,-0.006620665380783191
2021-07-19,ledoit_wolf,-0.010345084704303767
2021-07-20,ledoit_wolf,0.004116770101794187
2021-07-21,ledoit_wolf,0.0039747118621754896
2021-07-22,ledoit_wolf,0.0024539359951597775
2021-07-23,ledoit_wolf,0.010217612737445127
2021-07-26,ledoit_wolf,0.004367292099346768
2021-07-27,ledoit_wolf,-0.00021798502735718766
2021-07-28,ledoit_wolf,-0.0005917879285365326
2021-07-29,ledoit_wolf,0.0012655521308350555
2021-07-30,ledoit_wolf,-0.010709465699308751
2021-07-01,equal_weight,0.00539794331241791
2021-07-02,equal_weight,0.007295640762481292
2021-07-06,equal_weight,-0.0016759933235268253
2021-07-07,equal_weight,0.004387605844601693
2021-07-08,equal_weight,-0.008695329812300123
2021-07-09,equal_weight,0.011010512433381914
2021-07-12,equal_weight,0.0032263924528938004
2021-07-13,equal_weight,-0.003840946597916498
2021-07-14,equal_weight,0.0008017480349709038
2021-07-15,equal_weight,-3.5813500350877474e-05
2021-07-16,equal_weight,-0.007370138868080252
2021-07-19,equal_weight,-0.015515495803334407
2021-07-20,equal_weight,0.009711346362454638
2021-07-21,equal_weight,0.005945497300912389
2021-07-22,equal_weight,0.0016426575221173852
2021-07-23,equal_weight,0.01045579559908874
2021-07-26,equal_weight,0.0036278801308773706
2021-07-27,equal_weight,-0.001923474806465447
2021-07-28,equal_weight,-0.0007272232483325589
2021-07-29,equal_weight,0.002206465115894926
2021-07-30,equal_weight,-0.006297019687058972
2021-08-02,sample,-0.002746296014852713
2021-08-03,sample,0.009812931045788457
2021-08-04,sample,-0.007949953784445702
2021-08-05,sample,0.003621187461444089
2021-08-06,sample,-0.00629128330767003
2021-08-09,sample,-0.0015156066125326568
2021-08-10,sample,0.0003962218889145848
2021-08-11,sample,0.005903965595362996
2021-08-12,sample,0.00020996890813547594
2021-08-13,sample,0.0030419570549759887
2021-08-16,sample,0.004708720963690236
2021-08-17,sample,-0.004457268078056029
2021-08-18,sample,-0.014169773971068646
2021-08-19,sample,-0.00011566622763418564
2021-08-20,sample,0.00197259423699331
2021-08-23,sample,0.0061171019146863525
2021-08-24,sample,-0.00255415185415947
2021-08-25,sample,-0.0017083492050545442
2021-08-26,sample,-0.00414498049391708
2021-08-27,sample,0.007093805737622484
2021-08-30,sample,0.0038475558567631248
2021-08-31,sample,0.0014399836757621105
2021-08-02,ewma,-0.0008143218331996366
2021-08-03,ewma,0.008983211284576745
2021-08-04,ewma,-0.006685953495416029
2021-08-05,ewma,0.0025901263294002153
2021-08-06,ewma,-0.0025252111296326023
2021-08-09,ewma,-0.003621934103920833
2021-08-10,ewma,-0.001248602325021835
2021-08-11,ewma,0.007990204332972031
2021-08-12,ewma,0.003343695444447339
2021-08-13,ewma,0.005142227567428144
2021-08-16,ewma,0.003759910153083389
2021-08-17,ewma,0.000611062404477498
2021-08-18,ewma,-0.012526124778125662
2021-08-19,ewma,0.005097171501781909
2021-08-20,ewma,0.005479595293701625
2021-08-23,ewma,-0.0003639297752469368
2021-08-24,ewma,-0.005153816564682423
2021-08-25,ewma,-0.0018306684256067197
2021-08-26,ewma,-0.004851019999370309
2021-08-27,ewma,0.004054902828458732
2021-08-30,ewma,0.006721334491390936
2021-08-31,ewma,-0.0006045027661302816
2021-08-02,ledoit_wolf,-0.0027996420957563262
2021-08-03,ledoit_wolf,0.009792873052555134
2021-08-04,ledoit_wolf,-0.007889448139736526
2021-08-05,ledoit_wolf,0.0036211970960954645
2021-08-06,ledoit_wolf,-0.006269236273052559
2021-08-09,ledoit_wolf,-0.001509673253862325
2021-08-10,ledoit_wolf,0.00036714007614741857
2021-08-11,ledoit_wolf,0.005874395098241766
2021-08-12,ledoit_wolf,0.0002422976055185479
2021-08-13,ledoit_wolf,0.0030415609220885123
2021-08-16,ledoit_wolf,0.004695170155860766
2021-08-17,ledoit_wolf,-0.0045108013733737885
2021-08-18,ledoit_wolf,-0.01417459103193617
2021-08-19,ledoit_wolf,-0.00010617747798255398
2021-08-20,ledoit_wolf,0.001999463904213095
2021-08-23,ledoit_wolf,0.006178003152686646
2021-08-24,ledoit_wolf,-0.0025217246053771724
2021-08-25,ledoit_wolf,-0.0016932890201445951
2021-08-26,ledoit_wolf,-0.004159133548864771
2021-08-27,ledoit_wolf,0.007161493426126837
2021-08-30,ledoit_wolf,0.003908650731289727
2021-08-31,ledoit_wolf,0.0014365989554022602
2021-08-02,equal_weight,-0.001581226571147252
2021-08-03,equal_weight,0.009473929430131534
2021-08-04,equal_weight,-0.006419934567282588
2021-08-05,equal_weight,0.00525064729999291
2021-08-06,equal_weight,0.0014206957123463035
2021-08-09,equal_weight,-0.00462948499599228
2021-08-10,equal_weight,0.0034293997598017476
2021-08-11,equal_weight,0.006424093513802775
2021-08-12,equal_weight,0.002510524849361099
2021-08-13,equal_weight,0.0014483061534174353
2021-08-16,equal_weight,0.00377192777755111
2021-08-17,equal_weight,-0.005788158183021291
2021-08-18,equal_weight,-0.012642899782980027
2021-08-19,equal_weight,-0.0006916084520723115
2021-08-20,equal_weight,0.0056593397623509335
2021-08-23,equal_weight,0.005625527134195265
2021-08-24,equal_weight,-0.0011841997987969838
2021-08-25,equal_weight,0.0010697110041184158
2021-08-26,equal_weight,-0.005129093809250559
2021-08-27,equal_weight,0.007481937527533124
2021-08-30,equal_weight,0.00450124780419068
2021-08-31,equal_weight,-0.001919731122970217
2021-09-01,sample,0.003381854337891315
2021-09-02,sample,0.0032765560011205628
2021-09-03,sample,0.0013675525650255341
2021-09-07,sample,-0.009434433471544
2021-09-08,sample,0.003739874846386702
2021-09-09,sample,-0.010306977926086362
2021-09-10,sample,-0.005648812854278774
2021-09-13,sample,0.001025944037164839
2021-09-14,sample,-0.004158806917900998
2021-09-15,sample,0.005157862499195167
2021-09-16,sample,-0.0094434709835783
2021-09-17,sample,-0.008384290927161158
2021-09-20,sample,-0.016791881025377854
2021-09-21,sample,0.0006131625803278133
2021-09-22,sample,0.002233274282289623
2021-09-23,sample,0.004887913403694454
2021-09-24,sample,0.0003880241238767774
2021-09-27,sample,-0.004380969639890301
2021-09-28,sample,-0.009872553908094425
2021-09-29,sample,-5.76815329045025e-05
2021-09-30,sample,-0.009788639202509638
2021-09-01,ewma,0.006260508791627494
2021-09-02,ewma,0.0037002837445189425
2021-09-03,ewma,-0.0017292200758010415
2021-09-07,ewma,-0.006332798938924184
2021-09-08,ewma,0.005918359406113442
2021-09-09,ewma,-0.00844254896838717
2021-09-10,ewma,-0.00959619520168464
2021-09-13,ewma,0.004170838825738311
2021-09-14,ewma,-0.006841578663617213
2021-09-15,ewma,0.004037958326499812
2021-09-16,ewma,-0.0021332247011841303
2021-09-17,ewma,-0.00856494429319131
2021-09-20,ewma,-0.013862885956835849
2021-09-21,ewma,-0.00040534560379608213
2021-09-22,ewma,0.0059344174795728215
2021-09-23,ewma,0.0063536725910538
2021-09-24,ewma,-0.001036176442563237
2021-09-27,ewma,-0.005127693069189546
2021-09-28,ewma,-0.012264518462693639
2021-09-29,ewma,0.005095515332077265
2021-09-30,ewma,-0.01176808186258958
2021-09-01,ledoit_wolf,0.0033541911984609294
2021-09-02,ledoit_wolf,0.0032686246344704843
2021-09-03,ledoit_wolf,0.0014170758711170347
2021-09-07,ledoit_wolf,-0.009373914854753928
2021-09-08,ledoit_wolf,0.003632708264291162
2021-09-09,ledoit_wolf,-0.010202491713393661
2021-09-10,ledoit_wolf,-0.005591465466218474
2021-09-13,ledoit_wolf,0.0010512355148489068
2021-09-14,ledoit_wolf,-0.004130097047482314
2021-09-15,ledoit_wolf,0.005163834421263257
2021-09-16,ledoit_wolf,-0.009455177655960966
2021-09-17,ledoit_wolf,-0.008438802243339052
2021-09-20,ledoit_wolf,-0.016887804669485057
2021-09-21,ledoit_wolf,0.0006437861374033361
2021-09-22,ledoit_wolf,0.0021217554861266063
2021-09-23,ledoit_wolf,0.004893635974170547
2021-09-24,ledoit_wolf,0.00038892104698580064
2021-09-27,ledoit_wolf,-0.004333724614798375
2021-09-28,ledoit_wolf,-0.009882063887105904
2021-09-29,ledoit_wolf,-0.00011907279943227029
2021-09-30,ledoit_wolf,-0.009735164127510843
2021-09-01,equal_weight,0.0025097310542167572
2021-09-02,equal_weight,0.005809528668010669
2021-09-03,equal_weight,-0.00045916161258453277
2021-09-07,equal_weight,-0.004939331392371991
2021-09-08,equal_weight,0.0008539912963793381
2021-09-09,equal_weight,-0.0074353052718493864
2021-09-10,equal_weight,-0.008076421776122965
2021-09-13,equal_weight,0.0059531249005546375
2021-09-14,equal_weight,-0.0061762997554400114
2021-09-15,equal_weight,0.007638384858710675
2021-09-16,equal_weight,-0.004899185698529003
2021-09-17,equal_weight,-0.0109272568871265
2021-09-20,equal_weight,-0.017735244779720605
2021-09-21,equal_weight,0.0006864902616918822
2021-09-22,equal_weight,0.006468274838944731
2021-09-23,equal_weight,0.008137293539296566
2021-09-24,equal_weight,0.001349340706382836
2021-09-27,equal_weight,0.0004036541698764102
2021-09-28,equal_weight,-0.011920136063149369
2021-09-29,equal_weight,0.0012231363513821728
2021-09-30,equal_weight,-0.012414486246405615
2021-10-01,sample,0.002944439688176001
2021-10-04,sample,-0.003103203761964597
2021-10-05,sample,0.002974117764298264
2021-10-06,sample,0.009995819974759113
2021-10-07,sample,0.0053053251979601704
2021-10-08,sample,-0.0002902885424531578
2021-10-11,sample,-0.004735000078227551
2021-10-12,sample,-0.003444314249834161
2021-10-13,sample,0.009622292506486616
2021-10-14,sample,0.01400703671514304
2021-10-15,sample,0.00580724751744845
2021-10-18,sample,-0.003005945798952237
2021-10-19,sample,0.005908846912206573
2021-10-20,sample,0.0027649156179544773
2021-10-21,sample,0.00043747112387605095
2021-10-22,sample,-0.001387058130928286
2021-10-25,sample,0.0013351280247726278
2021-10-26,sample,0.004892890407647733
2021-10-27,sample,-0.0006808122373633241
2021-10-28,sample,0.00024968088306781544
2021-10-29,sample,-0.0040265707158320535
2021-10-01,ewma,0.0016563483424898832
2021-10-04,ewma,-0.0008060962373767494
2021-10-05,ewma,0.0021419378698454058
2021-10-06,ewma,0.011134716491408339
2021-10-07,ewma,0.001978866178335435
2021-10-08,ewma,-0.0018313554492389974
2021-10-11,ewma,-0.005710137058708957
2021-10-12,ewma,0.0011964206434329728
2021-10-13,ewma,0.011317533900616305
2021-10-14,ewma,0.01810416149735445
2021-10-15,ewma,0.0029180502625655576
2021-10-18,ewma,-0.004064018150957792
2021-10-19,ewma,0.008343406467095782
2021-10-20,ewma,0.005836115732238641
2021-10-21,ewma,4.9685109516799325e-05
2021-10-22,ewma,0.0004169145254247792
2021-10-25,ewma,0.001307052899969414
2021-10-26,ewma,0.0042036183521416085
2021-10-27,ewma,-0.00636864942347464
2021-10-28,ewma,0.0008716994354638916
2021-10-29,ewma,-0.003779374462852963
2021-10-01,ledoit_wolf,0.002876952500432623
2021-10-04,ledoit_wolf,-0.0033125323414697535
2021-10-05,ledoit_wolf,0.0029166651574249443
2021-10-06,ledoit_wolf,0.009941874355374945
2021-10-07,ledoit_wolf,0.0053639601910651655
2021-10-08,ledoit_wolf,-0.00039071700756163866
2021-10-11,ledoit_wolf,-0.004752741860131117
2021-10-12,ledoit_wolf,-0.003474671626024404
2021-10-13,ledoit_wolf,0.009567583891775547
2021-10-14,ledoit_wolf,0.013996852948382994
2021-10-15,ledoit_wolf,0.005773083629487465
2021-10-18,ledoit_wolf,-0.0029757073596953306
2021-10-19,ledoit_wolf,0.005969220755135077
2021-10-20,ledoit_wolf,0.0027412308773850946
2021-10-21,ledoit_wolf,0.0003443091814526538
2021-10-22,ledoit_wolf,-0.0016398316088527703
2021-10-25,ledoit_wolf,0.0013173352778800397
2021-10-26,ledoit_wolf,0.004812018738535198
2021-10-27,ledoit_wolf,-0.000657962928234379
2021-10-28,ledoit_wolf,0.0002998644866645866
2021-10-29,ledoit_wolf,-0.00396479499959883
2021-10-01,equal_weight,0.010920978458702178
2021-10-04,equal_weight,-0.004950988219940654
2021-10-05,equal_weight,0.007187582548416857
2021-10-06,equal_weight,0.006885019476990413
2021-10-07,equal_weight,0.005878910045581296
2021-10-08,equal_weight,0.001785939976367814
2021-10-11,equal_weight,-0.005995386221682298
2021-10-12,equal_weight,-0.0009358839887725673
2021-10-13,equal_weight,0.004838999607738306
2021-10-14,equal_weight,0.019101110217323695
2021-10-15,equal_weight,0.008897238495628266
2021-10-18,equal_weight,0.0015557646790248742
2021-10-19,equal_weight,0.008001573062788285
2021-10-20,equal_weight,0.007740261627089611
2021-10-21,equal_weight,0.0015030495534736495
2021-10-22,equal_weight,0.0007326381895642768
2021-10-25,equal_weight,0.00330357711063845
2021-10-26,equal_weight,0.00448458092858131
2021-10-27,equal_weight,-0.002477423099127901
2021-10-28,equal_weight,0.008053928707534354
2021-10-29,equal_weight,-0.0008704089587015678
2021-11-01,sample,-0.002815797156281933
2021-11-02,sample,0.005925263484197452
2021-11-03,sample,0.004638092654323418
2021-11-04,sample,0.00287323042166975
2021-11-05,sample,0.008593449740760591
2021-11-08,sample,-0.0021687316198104453
2021-11-09,sample,0.005031184387736127
2021-11-10,sample,0.0012229951879750385
2021-11-11,sample,-0.0008700604736097927
2021-11-12,sample,0.006652901033530752
2021-11-15,sample,0.0015179985073644551
2021-11-16,sample,-0.006484700338219218
2021-11-17,sample,-0.0018052017034308858
2021-11-18,sample,0.002205876088437286
2021-11-19,sample,-0.002205891580371305
2021-11-22,sample,-0.0053679373733392394
2021-11-23,sample,0.004579690622515238
2021-11-24,sample,-0.001668013150362484
2021-11-26,sample,-0.014595921465144733
2021-11-29,sample,0.005959420217430731
2021-11-30,sample,-0.021877610724233533
2021-11-01,ewma,-0.0010382202895094406
2021-11-02,ewma,0.0042256247385327175
2021-11-03,ewma,0.004066820989577297
2021-11-04,ewma,0.0013977088137709236
2021-11-05,ewma,0.005025279967725121
2021-11-08,ewma,-0.003368221771644803
2021-11-09,ewma,0.0038366952331368815
2021-11-10,ewma,0.001167109121002726
2021-11-11,ewma,-0.002320327486047696
2021-11-12,ewma,0.006003651714749356
2021-11-15,ewma,0.00393663673330954
2021-11-16,ewma,0.00043288905120222225
2021-11-17,ewma,-0.0005719343728162716
2021-11-18,ewma,0.0010721810074690724
2021-11-19,ewma,-0.001266478319848211
2021-11-22,ewma,0.00035721223817596136
2021-11-23,ewma,0.0045285445589299915
2021-11-24,ewma,-0.00033690031852495403
2021-11-26,ewma,-0.015054530829931226
2021-11-29,ewma,0.008372430269835564
2021-11-30,ewma,-0.023859381606574925
2021-11-01,ledoit_wolf,-0.002796524923834057
2021-11-02,ledoit_wolf,0.005931637165766949
2021-11-03,ledoit_wolf,0.004644441408642685
2021-11-04,ledoit_wolf,0.00296212608112566
2021-11-05,ledoit_wolf,0.008604329932118179
2021-11-08,ledoit_wolf,-0.002108745599749098
2021-11-09,ledoit_wolf,0.004957126663999595
2021-11-10,ledoit_wolf,0.00111086728966952
2021-11-11,ledoit_wolf,-0.0008326234079476741
2021-11-12,ledoit_wolf,0.0066878470273182035
2021-11-15,ledoit_wolf,0.0015441505689443484
2021-11-16,ledoit_wolf,-0.006513453409104067
2021-11-17,ledoit_wolf,-0.0017999772422740048
2021-11-18,ledoit_wolf,0.0021948259549276566
2021-11-19,ledoit_wolf,-0.002262125829252437
2021-11-22,ledoit_wolf,-0.005445926470361778
2021-11-23,ledoit_wolf,0.004531792736774035
2021-11-24,ledoit_wolf,-0.0016190029599693731
2021-11-26,ledoit_wolf,-0.014619317835400217
2021-11-29,ledoit_wolf,0.006004122191016521
2021-11-30,ledoit_wolf,-0.02191812772033354
2021-11-01,equal_weight,-0.002282285628303414
2021-11-02,equal_weight,0.0031776679448758667
2021-11-03,equal_weight,0.0027424785584745552
2021-11-04,equal_weight,0.00011203505662640573
2021-11-05,equal_weight,0.005101647606312723
2021-11-08,equal_weight,0.0025111827857043157
2021-11-09,equal_weight,0.0019276558527356283
2021-11-10,equal_weight,-0.005185804086083362
2021-11-11,equal_weight,-0.0012165194108821028
2021-11-12,equal_weight,0.005411391273244564
2021-11-15,equal_weight,-0.0004325375404373578
2021-11-16,equal_weight,-0.0007870887445167288
2021-11-17,equal_weight,-0.0016087371212096793
2021-11-18,equal_weight,0.0016677301051934864
2021-11-19,equal_weight,-0.003543381935795447
2021-11-22,equal_weight,5.301635027023135e-05
2021-11-23,equal_weight,0.008217247633557193
2021-11-24,equal_weight,0.0023137583259927813
2021-11-26,equal_weight,-0.021892720485240193
2021-11-29,equal_weight,0.009612170149222853
2021-11-30,equal_weight,-0.018352553651344253
2021-12-01,sample,-0.005554956676958351
2021-12-02,sample,0.005018866845727232
2021-12-03,sample,0.009127678120515112
2021-12-06,sample,0.01885020700328562
2021-12-07,sample,0.009093047763527796
2021-12-08,sample,0.0034159466538626715
2021-12-09,sample,-0.0007551602333519245
2021-12-10,sample,0.0037106078574693385
2021-12-13,sample,0.007797926993769487
2021-12-14,sample,-0.0017402162465598322
2021-12-15,sample,0.003679516285916091
2021-12-16,sample,0.014638215738487526
2021-12-17,sample,-0.012803518850732977
2021-12-20,sample,-0.007101944005265211
2021-12-21,sample,0.0035286095654968484
2021-12-22,sample,0.0060614746763020125
2021-12-23,sample,0.0065163242811261575
2021-12-27,sample,0.007006146336664586
2021-12-28,sample,0.0040973955362355865
2021-12-29,sample,0.0027880423809605046
2021-12-30,sample,0.00023841381967326832
2021-12-31,sample,-9.615281438158383e-05
2021-12-01,ewma,-0.001977521814633278
2021-12-02,ewma,0.004294684128629494
2021-12-03,ewma,0.007949542242256245
2021-12-06,ewma,0.01787083436095874
2021-12-07,ewma,0.011046400296176418
2021-12-08,ewma,0.005248985158312651
2021-12-09,ewma,-0.0011570020255375474
2021-12-10,ewma,0.008813948814633633
2021-12-13,ewma,0.002667600130635775
2021-12-14,ewma,-0.0030493292688621833
2021-12-15,ewma,0.004620615361678002
2021-12-16,ewma,0.009583575055581522
2021-12-17,ewma,-0.015049672782761344
2021-12-20,ewma,-0.003309320765054576
2021-12-21,ewma,0.0025678275999601406
2021-12-22,ewma,0.008057707342468997
2021-12-23,ewma,0.005143821623865683
2021-12-27,ewma,0.013899160542036723
2021-12-28,ewma,0.002891613883120472
2021-12-29,ewma,0.004097834980227913
2021-12-30,ewma,0.0002255658841404458
2021-12-31,ewma,0.001675132901354272
2021-12-01,ledoit_wolf,-0.005556778801874666
2021-12-02,ledoit_wolf,0.004955525922956484
2021-12-03,ledoit_wolf,0.009098426601190307
2021-12-06,ledoit_wolf,0.01879647676481047
2021-12-07,ledoit_wolf,0.009192765062957638
2021-12-08,ledoit_wolf,0.0034417901459416907
2021-12-09,ledoit_wolf,-0.0007598708193881976
2021-12-10,ledoit_wolf,0.003682646600911414
2021-12-13,ledoit_wolf,0.007792819054142683
2021-12-14,ledoit_wolf,-0.0017539989251972093
2021-12-15,ledoit_wolf,0.0036970427936606856
2021-12-16,ledoit_wolf,0.014592729164206546
2021-12-17,ledoit_wolf,-0.012809422529810174
2021-12-20,ledoit_wolf,-0.007129042275785907
2021-12-21,ledoit_wolf,0.0035753945192030104
2021-12-22,ledoit_wolf,0.006142786467682824
2021-12-23,ledoit_wolf,0.006512203808070169
2021-12-27,ledoit_wolf,0.0069926937261315745
2021-12-28,ledoit_wolf,0.004043446208211928
2021-12-29,ledoit_wolf,0.002750682135864325
2021-12-30,ledoit_wolf,0.00025099929569570947
2021-12-31,ledoit_wolf,-0.00018075655442834418
2021-12-01,equal_weight,-0.005382847320336736
2021-12-02,equal_weight,0.011904446571738645
2021-12-03,equal_weight,-0.00033761712618915485
2021-12-06,equal_weight,0.016479370280103933
2021-12-07,equal_weight,0.013716002579752654
2021-12-08,equal_weight,0.0018488754785763372
2021-12-09,equal_weight,-0.002241293249288023
2021-12-10,equal_weight,0.006794117258586084
2021-12-13,equal_weight,-0.0009296458159112743
2021-12-14,equal_weight,-0.004102094856315408
2021-12-15,equal_weight,0.009719711104141122
2021-12-16,equal_weight,0.003128470598914401
2021-12-17,equal_weight,-0.014777661923903358
2021-12-20,equal_weight,-0.008133879126583938
2021-12-21,equal_weight,0.008596935107693373
2021-12-22,equal_weight,0.007897982098059607
2021-12-23,equal_weight,0.0043530041508751055
2021-12-27,equal_weight,0.012186088333430602
2021-12-28,equal_weight,0.002501769448165675
2021-12-29,equal_weight,0.0018371911223314472
2021-12-30,equal_weight,-0.0010176635145647186
2021-12-31,equal_weight,0.00014318385309422348
2022-01-03,sample,-0.0014752559866666676
2022-01-04,sample,0.0018676218477053684
2022-01-05,sample,-0.002982999923978841
2022-01-06,sample,-0.005843058706239865
2022-01-07,sample,0.004450997629177384
2022-01-10,sample,-0.0032740501405670256
2022-01-11,sample,-0.0005078171716299879
2022-01-12,sample,0.002107387599351709
2022-01-13,sample,-0.004811256214986337
2022-01-14,sample,0.0027680849429816985
2022-01-18,sample,-0.014000071232521921
2022-01-19,sample,0.010109550818003637
2022-01-20,sample,-0.008875464527103685
2022-01-21,sample,-0.011279040996192117
2022-01-24,sample,-0.0020906135117968443
2022-01-25,sample,-0.00410884795878803
2022-01-26,sample,-0.005880527413924771
2022-01-27,sample,0.0013902077565436253
2022-01-28,sample,0.007351345075439628
2022-01-31,sample,0.010827022501903462
2022-01-03,ewma,-0.0003564614702856088
2022-01-04,ewma,-0.0016807688595661652
2022-01-05,ewma,-0.005632410846432553
2022-01-06,ewma,-0.009588959854847817
2022-01-07,ewma,0.00263514510000338
2022-01-10,ewma,-0.002146087411597589
2022-01-11,ewma,0.0026021480220783126
2022-01-12,ewma,0.0027320834284359887
2022-01-13,ewma,-0.008579420357834143
2022-01-14,ewma,-0.006131608356733506
2022-01-18,ewma,-0.01541718789260978
2022-01-19,ewma,0.005421567735173328
2022-01-20,ewma,-0.01065122543419901
2022-01-21,ewma,-0.012877549018918678
2022-01-24,ewma,0.0012766640208144114
2022-01-25,ewma,-0.004172370621023106
2022-01-26,ewma,-0.006698193325074725
2022-01-27,ewma,0.000824315507218418
2022-01-28,ewma,0.01696916318563051
2022-01-31,ewma,0.01446065916248513
2022-01-03,ledoit_wolf,-0.0013624252123905292
2022-01-04,ledoit_wolf,0.0019055261187791604
2022-01-05,ledoit_wolf,-0.003095068157254429
2022-01-06,ledoit_wolf,-0.00578118542685355
2022-01-07,ledoit_wolf,0.004442072682895936
2022-01-10,ledoit_wolf,-0.0032137668629102557
2022-01-11,ledoit_wolf,-0.0003977863624337753
2022-01-12,ledoit_wolf,0.0021332893847866912
2022-01-13,ledoit_wolf,-0.004819959471371149
2022-01-14,ledoit_wolf,0.002863376060191289
2022-01-18,ledoit_wolf,-0.013894905164125709
2022-01-19,ledoit_wolf,0.009972252426858536
2022-01-20,ledoit_wolf,-0.009033546124788443
2022-01-21,ledoit_wolf,-0.011512531846520882
2022-01-24,ledoit_wolf,-0.002022149405382614
2022-01-25,ledoit_wolf,-0.004164898612042259
2022-01-26,ledoit_wolf,-0.0059147876286831
2022-01-27,ledoit_wolf,0.0013654001257556085
2022-01-28,ledoit_wolf,0.007236096146214849
2022-01-31,ledoit_wolf,0.010950812401866352
2022-01-03,equal_weight,0.0007214207110538601
2022-01-04,equal_weight,0.0050519852111728615
2022-01-05,equal_weight,-0.011047054425893953
2022-01-06,equal_weight,-0.0037850044051478547
2022-01-07,equal_weight,0.0018079420846212196
2022-01-10,equal_weight,-0.0041348745750274364
2022-01-11,equal_weight,0.004697927291405546
2022-01-12,equal_weight,0.002566266507913864
2022-01-13,equal_weight,-0.00772403615890151
2022-01-14,equal_weight,-0.0029489622228222336
2022-01-18,equal_weight,-0.01487899624588127
2022-01-19,equal_weight,0.00039909452315914275
2022-01-20,equal_weight,-0.006672389657112823
2022-01-21,equal_weight,-0.011275803502294481
2022-01-24,equal_weight,0.0012863543025630644
2022-01-25,equal_weight,-0.004136546034173274
2022-01-26,equal_weight,-0.00417660364227114
2022-01-27,equal_weight,-0.0006047156301820751
2022-01-28,equal_weight,0.011778903603293601
2022-01-31,equal_weight,0.013874934834863899
2022-02-01,sample,0.0013997371123765391
2022-02-02,sample,0.013313980942945974
2022-02-03,sample,-0.0218226541383342
2022-02-04,sample,0.010071156193883213
2022-02-07,sample,0.0033532298707374415
2022-02-08,sample,0.005581363961323769
2022-02-09,sample,0.0006803911141472697
2022-02-10,sample,-0.018650734314827656
2022-02-11,sample,-0.0056841098209603124
2022-02-14,sample,0.003843986806925876
2022-02-15,sample,0.00449580214380919
2022-02-16,sample,0.007099148184980252
2022-02-17,sample,0.001853112402333672
2022-02-18,sample,-0.0038220780941948087
2022-02-22,sample,-0.010731671245701195
2022-02-23,sample,-0.009968201509551034
2022-02-24,sample,-0.005335772035528769
2022-02-25,sample,0.028815700844329675
2022-02-28,sample,-0.008455992333442613
2022-02-01,ewma,0.002850268179940982
2022-02-02,ewma,0.012149226825868404
2022-02-03,ewma,-0.006899963959140786
2022-02-04,ewma,-0.00654384350774512
2022-02-07,ewma,0.0019704296777833933
2022-02-08,ewma,0.001056696896890254
2022-02-09,ewma,0.007032275510744232
2022-02-10,ewma,-0.023485386011356794
2022-02-11,ewma,-0.002320650278549363
2022-02-14,ewma,-0.003985327224623936
2022-02-15,ewma,0.004030110121266263
2022-02-16,ewma,0.0023902460837091502
2022-02-17,ewma,-0.007540711580126209
2022-02-18,ewma,-0.004218207152854041
2022-02-22,ewma,-0.011503171875469294
2022-02-23,ewma,-0.00806049110248935
2022-02-24,ewma,-0.0062000177927333845
2022-02-25,ewma,0.030773325469236407
2022-02-28,ewma,-0.0028472582778936387
2022-02-01,ledoit_wolf,0.0014902727996336505
2022-02-02,ledoit_wolf,0.013277475444548641
2022-02-03,ledoit_wolf,-0.022522572292760275
2022-02-04,ledoit_wolf,0.010096426356766683
2022-02-07,ledoit_wolf,0.003271241328415439
2022-02-08,ledoit_wolf,0.005533583058186051
2022-02-09,ledoit_wolf,0.0007532432529531163
2022-02-10,ledoit_wolf,-0.01857104791108304
2022-02-11,ledoit_wolf,-0.005742980160927518
2022-02-14,ledoit_wolf,0.003751983665161099
2022-02-15,ledoit_wolf,0.0044705452328331185
2022-02-16,ledoit_wolf,0.006993624106167998
2022-02-17,ledoit_wolf,0.001699111787623794
2022-02-18,ledoit_wolf,-0.003898373367583817
2022-02-22,ledoit_wolf,-0.010703591218943107
2022-02-23,ledoit_wolf,-0.01002225752637354
2022-02-24,ledoit_wolf,-0.005211624490719122
2022-02-25,ledoit_wolf,0.028763945459149887
2022-02-28,ledoit_wolf,-0.008447377138711416
2022-02-01,equal_weight,0.0056916919644453105
2022-02-02,equal_weight,0.011729414365523577
2022-02-03,equal_weight,-0.025559603258423325
2022-02-04,equal_weight,0.001863050307344411
2022-02-07,equal_weight,-0.0024497071681381243
2022-02-08,equal_weight,0.0033943987040663155
2022-02-09,equal_weight,0.008861137203911405
2022-02-10,equal_weight,-0.01944476785487878
2022-02-11,equal_weight,-0.010874826352271846
2022-02-14,equal_weight,-0.002116891388836438
2022-02-15,equal_weight,0.006269507220165976
2022-02-16,equal_weight,0.0012756238637128118
2022-02-17,equal_weight,-0.01111677380443171
2022-02-18,equal_weight,-0.004456719156372713
2022-02-22,equal_weight,-0.012327769590439155
2022-02-23,equal_weight,-0.011719867291714817
2022-02-24,equal_weight,0.0032199494355947735
2022-02-25,equal_weight,0.02525511689957637
2022-02-28,equal_weight,-0.0052317805050603305
2022-03-01,sample,-0.0033085426609143686
2022-03-02,sample,0.013730091456315993
2022-03-03,sample,0.003687505125420824
2022-03-04,sample,0.012090049548078614
2022-03-07,sample,-0.004457401411245475
2022-03-08,sample,-0.013243466774257053
2022-03-09,sample,0.006779188039485479
2022-03-10,sample,0.008057158240165846
2022-03-11,sample,-0.003587004224938299
2022-03-14,sample,-0.00810591907841039
2022-03-15,sample,0.018361918349602057
2022-03-16,sample,0.0043950551986235865
2022-03-17,sample,0.01127151477953002
2022-03-18,sample,0.0024696638248071865
2022-03-21,sample,0.01026421810525259
2022-03-22,sample,0.005224685586213846
2022-03-23,sample,0.00278713274456659
2022-03-24,sample,0.0035697800083787186
2022-03-25,sample,0.00904057390704069
2022-03-28,sample,0.005052382377886237
2022-03-29,sample,0.0031537515497014985
2022-03-30,sample,0.0026758958124860573
2022-03-31,sample,-0.010162161806923295
2022-03-01,ewma,0.004231828801289179
2022-03-02,ewma,0.022006913624520702
2022-03-03,ewma,0.007213265622000555
2022-03-04,ewma,0.014856076228694613
2022-03-07,ewma,0.0004520643306282412
2022-03-08,ewma,0.0038927997117968963
2022-03-09,ewma,-0.0009452048788978441
2022-03-10,ewma,0.007466246490081839
2022-03-11,ewma,0.00029488673439980557
2022-03-14,ewma,-0.01202057586875575
2022-03-15,ewma,-0.0013795610954277834
2022-03-16,ewma,0.003815660583048392
2022-03-17,ewma,0.014900444978565925
2022-03-18,ewma,0.0013305477057963698
2022-03-21,ewma,0.013193270240398427
2022-03-22,ewma,-3.839737927972993e-05
2022-03-23,ewma,0.0016890579646213887
2022-03-24,ewma,0.0043142158528352275
2022-03-25,ewma,0.01109671516478414
2022-03-28,ewma,0.000129389182786852
2022-03-29,ewma,0.00402104817052005
2022-03-30,ewma,0.0068354213559297
2022-03-31,ewma,-0.007652896488557164
2022-03-01,ledoit_wolf,-0.0032888527264655493
2022-03-02,ledoit_wolf,0.013707103180151043
2022-03-03,ledoit_wolf,0.0035810070842554804
2022-03-04,ledoit_wolf,0.012144954686070995
2022-03-07,ledoit_wolf,-0.004321122597758333
2022-03-08,ledoit_wolf,-0.013127959965448582
2022-03-09,ledoit_wolf,0.006432377693810782
2022-03-10,ledoit_wolf,0.008104210543018723
2022-03-11,ledoit_wolf,-0.0037095874536080117
2022-03-14,ledoit_wolf,-0.0081793982158486
2022-03-15,ledoit_wolf,0.018036613288723465
2022-03-16,ledoit_wolf,0.004432036665298196
2022-03-17,ledoit_wolf,0.01143421116107768
2022-03-18,ledoit_wolf,0.002580997918836349
2022-03-21,ledoit_wolf,0.010343954801293999
2022-03-22,ledoit_wolf,0.005183038108974688
2022-03-23,ledoit_wolf,0.00282924912044842
2022-03-24,ledoit_wolf,0.003565998952405631
2022-03-25,ledoit_wolf,0.00912465302013278
2022-03-28,ledoit_wolf,0.004916415155225971
2022-03-29,ledoit_wolf,0.0032099964101278762
2022-03-30,ledoit_wolf,0.0026948802620090713
2022-03-31,ledoit_wolf,-0.010215520956275082
2022-03-01,equal_weight,-0.0068948131215721764
2022-03-02,equal_weight,0.016867486044952862
2022-03-03,equal_weight,0.0018435894660671875
2022-03-04,equal_weight,0.004345303107428132
2022-03-07,equal_weight,-0.011534085305264032
2022-03-08,equal_weight,-0.006344085057650934
2022-03-09,equal_weight,0.012661061619021417
2022-03-10,equal_weight,0.0034079250597350867
2022-03-11,equal_weight,-0.009465094532022232
2022-03-14,equal_weight,-0.005836339364265459
2022-03-15,equal_weight,0.0125465868470476
2022-03-16,equal_weight,0.012351123599380488
2022-03-17,equal_weight,0.012976100044787591
2022-03-18,equal_weight,0.0055749168955488764
2022-03-21,equal_weight,0.004036178541529391
2022-03-22,equal_weight,0.007212961062498014
2022-03-23,equal_weight,-0.004778874341640213
2022-03-24,equal_weight,0.008170098169772304
2022-03-25,equal_weight,0.00868762643002453
2022-03-28,equal_weight,0.003458673258443944
2022-03-29,equal_weight,0.0064865504595611485
2022-03-30,equal_weight,0.0010524536641535996
2022-03-31,equal_weight,-0.014555822884727369
2022-04-01,sample,0.008921089950689553
2022-04-04,sample,-0.0012588641121328487
2022-04-05,sample,-0.004395256062814002
2022-04-06,sample,0.003965164229434418
2022-04-07,sample,0.00452550406697024
2022-04-08,sample,0.004255021847123145
2022-04-11,sample,-0.010065962967485909
2022-04-12,sample,0.0036495639299172996
2022-04-13,sample,0.00843482958780635
2022-04-14,sample,-0.003283518294580294
2022-04-18,sample,-0.004416777858809541
2022-04-19,sample,0.012679890643993247
2022-04-20,sample,0.006959348633381579
2022-04-21,sample,-0.014037484311378407
2022-04-22,sample,-0.020732190910458234
2022-04-25,sample,0.005966097605358417
2022-04-26,sample,-0.015764687910385513
2022-04-27,sample,-0.001137271155303368
2022-04-28,sample,0.017864183051935274
2022-04-29,sample,-0.03559998167817788
2022-04-01,ewma,0.010377805118102816
2022-04-04,ewma,-0.0008837468774594533
2022-04-05,ewma,-0.0037408771203045086
2022-04-06,ewma,0.004033192385274984
2022-04-07,ewma,0.005164316582870381
2022-04-08,ewma,0.003905604100047971
2022-04-11,ewma,-0.013957752708282839
2022-04-12,ewma,0.004550548336247126
2022-04-13,ewma,0.007298047684674371
2022-04-14,ewma,0.0015838189350614717
2022-04-18,ewma,-6.512126951399447e-05
2022-04-19,ewma,0.003260742922272491
2022-04-20,ewma,0.00988739257421508
2022-04-21,ewma,-0.02032965421787684
2022-04-22,ewma,-0.024998745864942547
2022-04-25,ewma,-0.0009615559870443523
2022-04-26,ewma,-0.015315115489404252
2022-04-27,ewma,0.007306405079210644
2022-04-28,ewma,0.012574540499135863
2022-04-29,ewma,-0.026853170548071275
2022-04-01,ledoit_wolf,0.00890012564656116
2022-04-04,ledoit_wolf,-0.001299248422476822
2022-04-05,ledoit_wolf,-0.004204977792651129
2022-04-06,ledoit_wolf,0.004043175876469442
2022-04-07,ledoit_wolf,0.004549038245091536
2022-04-08,ledoit_wolf,0.004182223211580062
2022-04-11,ledoit_wolf,-0.010190094526741961
2022-04-12,ledoit_wolf,0.003513737618188314
2022-04-13,ledoit_wolf,0.008229926483819108
2022-04-14,ledoit_wolf,-0.003411495184049021
2022-04-18,ledoit_wolf,-0.004440234979496775
2022-04-19,ledoit_wolf,0.012610896120080413
2022-04-20,ledoit_wolf,0.007007148946956141
2022-04-21,ledoit_wolf,-0.013952832203014524
2022-04-22,ledoit_wolf,-0.020600032093463172
2022-04-25,ledoit_wolf,0.005997800249729254
2022-04-26,ledoit_wolf,-0.015723562915296904
2022-04-27,ledoit_wolf,-0.0009351568207724935
2022-04-28,ledoit_wolf,0.017718722104616974
2022-04-29,ledoit_wolf,-0.03522056487332495
2022-04-01,equal_weight,0.005455835343398052
2022-04-04,equal_weight,0.004265536428027611
2022-04-05,equal_weight,-0.005233032600549501
2022-04-06,equal_weight,-0.003345782188874897
2022-04-07,equal_weight,0.003220401857690676
2022-04-08,equal_weight,0.002696660830935493
2022-04-11,equal_weight,-0.015022181686288836
2022-04-12,equal_weight,-1.8413845810404464e-05
2022-04-13,equal_weight,0.006028331846071001
2022-04-14,equal_weight,-0.007682295138347534
2022-04-18,equal_weight,0.0007677140281629562
2022-04-19,equal_weight,0.012829447634761662
2022-04-20,equal_weight,0.0026244340390847083
2022-04-21,equal_weight,-0.018750344652583545
2022-04-22,equal_weight,-0.026349531877755142
2022-04-25,equal_weight,0.0022024493148569517
2022-04-26,equal_weight,-0.019496227013460814
2022-04-27,equal_weight,0.0008490175058799602
2022-04-28,equal_weight,0.025311579825909383
2022-04-29,equal_weight,-0.03463702192200756
2022-05-02,sample,-0.005291490519195854
2022-05-03,sample,-0.0021724325039870875
2022-05-04,sample,0.0203860466638766
2022-05-05,sample,-0.02291002958524522
2022-05-06,sample,0.002362756026290915
2022-05-09,sample,-0.01638592578183172
2022-05-10,sample,-0.008733252451528617
2022-05-11,sample,-0.005189580593096339
2022-05-12,sample,-0.0015821699292458036
2022-05-13,sample,0.011985928762044077
2022-05-16,sample,0.003723279644140663
2022-05-17,sample,0.007125929216557863
2022-05-18,sample,-0.03571105850937116
2022-05-19,sample,-0.0037792621673239366
2022-05-20,sample,0.007412189060427476
2022-05-23,sample,0.017285071195316935
2022-05-24,sample,0.012653546583116675
2022-05-25,sample,0.0010434042019921768
2022-05-26,sample,0.00767891903340996
2022-05-27,sample,0.01389820145925837
2022-05-31,sample,-0.009224063017002359
2022-05-02,ewma,-0.00705934320766729
2022-05-03,ewma,0.0006006533580788574
2022-05-04,ewma,0.02275932244254028
2022-05-05,ewma,-0.01828090564721325
2022-05-06,ewma,0.0034226401400003674
2022-05-09,ewma,-0.016727795815602263
2022-05-10,ewma,-0.009421148343728267
2022-05-11,ewma,0.002741862551578676
2022-05-12,ewma,-0.004217438099532695
2022-05-13,ewma,0.008511356830279922
2022-05-16,ewma,0.003795699497115445
2022-05-17,ewma,0.006978063836241586
2022-05-18,ewma,-0.030903983761470074
2022-05-19,ewma,-0.00665199110946892
2022-05-20,ewma,0.006480946053891203
2022-05-23,ewma,0.01866807641249832
2022-05-24,ewma,0.012439275398873148
2022-05-25,ewma,-0.0007183426332344395
2022-05-26,ewma,0.00685575769586247
2022-05-27,ewma,0.011513105606911503
2022-05-31,ewma,-0.012470151258994755
2022-05-02,ledoit_wolf,-0.005401091909116386
2022-05-03,ledoit_wolf,-0.002107965066932764
2022-05-04,ledoit_wolf,0.020381231134303998
2022-05-05,ledoit_wolf,-0.02281024679681263
2022-05-06,ledoit_wolf,0.0024740989733927177
2022-05-09,ledoit_wolf,-0.01645945539145973
2022-05-10,ledoit_wolf,-0.008631036663933056
2022-05-11,ledoit_wolf,-0.005030177166334601
2022-05-12,ledoit_wolf,-0.0016501075706874776
2022-05-13,ledoit_wolf,0.011992221648150485
2022-05-16,ledoit_wolf,0.003765522997026027
2022-05-17,ledoit_wolf,0.007142638908400864
2022-05-18,ledoit_wolf,-0.03560341061438724
2022-05-19,ledoit_wolf,-0.003911697718467403
2022-05-20,ledoit_wolf,0.007482117104872978
2022-05-23,ledoit_wolf,0.017314179391719153
2022-05-24,ledoit_wolf,0.012640059991095756
2022-05-25,ledoit_wolf,0.0009478341340634325
2022-05-26,ledoit_wolf,0.007643356776832724
2022-05-27,ledoit_wolf,0.013969993055581918
2022-05-31,ledoit_wolf,-0.009308882730989891
2022-05-02,equal_weight,0.0014997059591482685
2022-05-03,equal_weight,0.004831261048789034
2022-05-04,equal_weight,0.02792744367476724
2022-05-05,equal_weight,-0.031470721567558806
2022-05-06,equal_weight,-0.0001866701794307759
2022-05-09,equal_weight,-0.030114997177195336
2022-05-10,equal_weight,-0.006737842441543203
2022-05-11,equal_weight,-0.00727495986789916
2022-05-12,equal_weight,-0.003750472007944519
2022-05-13,equal_weight,0.01896129289822295
2022-05-16,equal_weight,0.000774330392415928
2022-05-17,equal_weight,0.015383999497516681
2022-05-18,equal_weight,-0.03502635699749748
2022-05-19,equal_weight,-0.004928682957215819
2022-05-20,equal_weight,0.0035243052403776346
2022-05-23,equal_weight,0.021347025510465967
2022-05-24,equal_weight,0.0009623923673163584
2022-05-25,equal_weight,0.005626040519533585
2022-05-26,equal_weight,0.01289424717814158
2022-05-27,equal_weight,0.019743140471258094
2022-05-31,equal_weight,-0.00790268448076837
2022-06-01,sample,-0.005966572994644306
2022-06-02,sample,0.012531719895708577
2022-06-03,sample,-0.00568950006040627
2022-06-06,sample,0.0008165312421885665
2022-06-07,sample,0.007511986197688717
2022-06-08,sample,-0.010334094113134695
2022-06-09,sample,-0.02065977234875015
2022-06-10,sample,-0.012708060514912318
2022-06-13,sample,-0.028154605381314153
2022-06-14,sample,-0.01910425411997839
2022-06-15,sample,0.004985640926362295
2022-06-16,sample,-0.00985379292981159
2022-06-17,sample,-0.006145871074721983
2022-06-21,sample,0.02274309253211633
2022-06-22,sample,0.00445814024834675
2022-06-23,sample,0.013850222189525339
2022-06-24,sample,0.01915581893168622
2022-06-27,sample,-0.002691445064148577
2022-06-28,sample,-0.016172849937380638
2022-06-29,sample,0.0012135728665916934
2022-06-30,sample,-0.0019642137937845388
2022-06-01,ewma,-0.004247737264692923
2022-06-02,ewma,0.012476635471945583
2022-06-03,ewma,-0.005811154094966711
2022-06-06,ewma,0.0022987448210392853
2022-06-07,ewma,0.013800391417720747
2022-06-08,ewma,-0.015454557450741365
2022-06-09,ewma,-0.02125744491186169
2022-06-10,ewma,-0.007048465944682874
2022-06-13,ewma,-0.027017944660801055
2022-06-14,ewma,-0.01575702955254202
2022-06-15,ewma,-0.0010590029431279784
2022-06-16,ewma,-0.003060332535852472
2022-06-17,ewma,-0.011942025944353708
2022-06-21,ewma,0.02418549459044439
2022-06-22,ewma,0.0004889250885881564
2022-06-23,ewma,0.005957593206167608
2022-06-24,ewma,0.02166557331164433
2022-06-27,ewma,-0.003721451350291734
2022-06-28,ewma,-0.008788119775584764
2022-06-29,ewma,-0.0036014837608936354
2022-06-30,ewma,-0.005659290373999646
2022-06-01,ledoit_wolf,-0.0059304438710499965
2022-06-02,ledoit_wolf,0.012542912549972317
2022-06-03,ledoit_wolf,-0.005633209999247786
2022-06-06,ledoit_wolf,0.0009374552302983349
2022-06-07,ledoit_wolf,0.0076148109672042755
2022-06-08,ledoit_wolf,-0.010470329744198294
2022-06-09,ledoit_wolf,-0.02061354051256044
2022-06-10,ledoit_wolf,-0.012789756887049435
2022-06-13,ledoit_wolf,-0.028394937404428472
2022-06-14,ledoit_wolf,-0.018916201638836293
2022-06-15,ledoit_wolf,0.0049843514886900005
2022-06-16,ledoit_wolf,-0.00997477913842838
2022-06-17,ledoit_wolf,-0.006265501975007118
2022-06-21,ledoit_wolf,0.022962962311396704
2022-06-22,ledoit_wolf,0.004467573789429104
2022-06-23,ledoit_wolf,0.013842121582215317
2022-06-24,ledoit_wolf,0.019109712754832045
2022-06-27,ledoit_wolf,-0.002683968876107014
2022-06-28,ledoit_wolf,-0.01601499909302971
2022-06-29,ledoit_wolf,0.0011713707309182848
2022-06-30,ledoit_wolf,-0.0019578570839546726
2022-06-01,equal_weight,-0.00406066126063882
2022-06-02,equal_weight,0.018099221122388667
2022-06-03,equal_weight,-0.009285074000267853
2022-06-06,equal_weight,0.0045925200533103
2022-06-07,equal_weight,0.009190315720032483
2022-06-08,equal_weight,-0.010178840913960523
2022-06-09,equal_weight,-0.022648295842589976
2022-06-10,equal_weight,-0.02442735423025763
2022-06-13,equal_weight,-0.03631938720571627
2022-06-14,equal_weight,-0.00976423720807515
2022-06-15,equal_weight,0.012436963723513847
2022-06-16,equal_weight,-0.022539833753486893
2022-06-17,equal_weight,-0.005024111507683856
2022-06-21,equal_weight,0.025197743352496735
2022-06-22,equal_weight,-0.0007150036615334687
2022-06-23,equal_weight,0.007787872372912442
2022-06-24,equal_weight,0.02497504485626531
2022-06-27,equal_weight,-0.0033541027541292806
2022-06-28,equal_weight,-0.015526902482765465
2022-06-29,equal_weight,-0.00046205212214250966
2022-06-30,equal_weight,-0.00875526068822012
2022-07-01,sample,0.016205784688508747
2022-07-05,sample,-0.012591578255397912
2022-07-06,sample,0.0032942741349023907
2022-07-07,sample,0.005089157512801679
2022-07-08,sample,-0.004165122651872893
2022-07-11,sample,0.0003882633192043123
2022-07-12,sample,-0.009750695661530568
2022-07-13,sample,-0.00033333999066684043
2022-07-14,sample,-0.006804726180374353
2022-07-15,sample,0.009717769126877027
2022-07-18,sample,-0.01096888161680219
2022-07-19,sample,0.011386161949787539
2022-07-20,sample,-0.011125525538762162
2022-07-21,sample,0.003366965950736289
2022-07-22,sample,0.003763578689197085
2022-07-25,sample,-0.0015531033793034325
2022-07-26,sample,0.0008986956210300112
2022-07-27,sample,0.006857204348097063
2022-07-28,sample,0.014786737388566973
2022-07-29,sample,0.002352915287328231
2022-07-01,ewma,0.01690840245953974
2022-07-05,ewma,-0.01684935916342584
2022-07-06,ewma,0.00044610437297090265
2022-07-07,ewma,0.005290073939480625
2022-07-08,ewma,-0.004628304353264619
2022-07-11,ewma,-0.00040264174433343573
2022-07-12,ewma,-0.009554051949749145
2022-07-13,ewma,-0.0019222682438548083
2022-07-14,ewma,-0.010927056888065648
2022-07-15,ewma,0.011947692888551234
2022-07-18,ewma,-0.006810651936859967
2022-07-19,ewma,0.01219660441550635
2022-07-20,ewma,-0.0135107909883714
2022-07-21,ewma,-0.0002478283519706261
2022-07-22,ewma,0.0020547420264454934
2022-07-25,ewma,-0.008489361440826407
2022-07-26,ewma,0.003737674296662611
2022-07-27,ewma,0.002273276914628583
2022-07-28,ewma,0.011317245764651464
2022-07-29,ewma,0.011214407562450696
2022-07-01,ledoit_wolf,0.016252551840424012
2022-07-05,ledoit_wolf,-0.01266941191565113
2022-07-06,ledoit_wolf,0.003280128339053466
2022-07-07,ledoit_wolf,0.005048061117984708
2022-07-08,ledoit_wolf,-0.004217544610458974
2022-07-11,ledoit_wolf,0.00036786772280777524
2022-07-12,ledoit_wolf,-0.009773227726493972
2022-07-13,ledoit_wolf,-0.0004002574763047706
2022-07-14,ledoit_wolf,-0.006811999605219573
2022-07-15,ledoit_wolf,0.009686282165634434
2022-07-18,ledoit_wolf,-0.010972532123763343
2022-07-19,ledoit_wolf,0.011487115428391361
2022-07-20,ledoit_wolf,-0.011014409459622688
2022-07-21,ledoit_wolf,0.003369067958969799
2022-07-22,ledoit_wolf,0.0037810143137386324
2022-07-25,ledoit_wolf,-0.0013269068478175793
2022-07-26,ledoit_wolf,0.0008401203540081656
2022-07-27,ledoit_wolf,0.006883514514034713
2022-07-28,ledoit_wolf,0.014895402310559297
2022-07-29,ledoit_wolf,0.0028108039041949105
2022-07-01,equal_weight,0.014558530378159816
2022-07-05,equal_weight,-0.0038339596957209904
2022-07-06,equal_weight,0.0017537926255084115
2022-07-07,equal_weight,0.012586106003239655
2022-07-08,equal_weight,-0.003776207798222168
2022-07-11,equal_weight,-0.007567874264182126
2022-07-12,equal_weight,-0.009560786169883467
2022-07-13,equal_weight,-0.0036133172526324237
2022-07-14,equal_weight,-0.010456452585024353
2022-07-15,equal_weight,0.017701042975281772
2022-07-18,equal_weight,-0.007441537916161066
2022-07-19,equal_weight,0.02552288105485267
2022-07-20,equal_weight,-0.0010896749331855366
2022-07-21,equal_weight,0.004619490961504756
2022-07-22,equal_weight,-0.006778175747592402
2022-07-25,equal_weight,0.00016820990577857031
2022-07-26,equal_weight,-0.008849763373247528
2022-07-27,equal_weight,0.019050666898430588
2022-07-28,equal_weight,0.012676099623092633
2022-07-29,equal_weight,0.0170769704429753
2022-08-01,sample,0.0018793073407771478
2022-08-02,sample,-0.01074977666738674
2022-08-03,sample,0.009172750017327256
2022-08-04,sample,-0.003986695373041047
2022-08-05,sample,0.0004988797225907851
2022-08-08,sample,-0.0008073432452811778
2022-08-09,sample,0.00123421125577482
2022-08-10,sample,0.010949934988530686
2022-08-11,sample,-0.00467594188707072
2022-08-12,sample,0.009944075554144966
2022-08-15,sample,0.003456267535444894
2022-08-16,sample,0.009625580010158726
2022-08-17,sample,-0.0041312615427856235
2022-08-18,sample,0.0015351993125640678
2022-08-19,sample,-0.002901398315533767
2022-08-22,sample,-0.010988726080482538
2022-08-23,sample,-0.004180310020675438
2022-08-24,sample,-0.000893781715955133
2022-08-25,sample,0.0065900648962431505
2022-08-26,sample,-0.02582298017551099
2022-08-29,sample,-0.002763740458691304
2022-08-30,sample,-0.012859501099010325
2022-08-31,sample,-0.009521946100947597
2022-08-01,ewma,0.0039026334987348546
2022-08-02,ewma,-0.008461288972273062
2022-08-03,ewma,0.009343311731378175
2022-08-04,ewma,-0.004807549885395942
2022-08-05,ewma,-0.00014252180206175298
2022-08-08,ewma,0.0007030745418611073
2022-08-09,ewma,-0.0005466748789283334
2022-08-10,ewma,0.012289644509161661
2022-08-11,ewma,-0.0031605063172749537
2022-08-12,ewma,0.008412709057913898
2022-08-15,ewma,0.0012719484494853879
2022-08-16,ewma,0.011675379096034144
2022-08-17,ewma,-0.004118965322981222
2022-08-18,ewma,0.0026778484023414974
2022-08-19,ewma,-0.004371203617583683
2022-08-22,ewma,-0.010049145979173854
2022-08-23,ewma,-0.0038347006278404514
2022-08-24,ewma,0.0014474073189591253
2022-08-25,ewma,0.005388835090936158
2022-08-26,ewma,-0.024986700953130256
2022-08-29,ewma,-0.0025587747372033546
2022-08-30,ewma,-0.013212188381963268
2022-08-31,ewma,-0.008432654301167797
2022-08-01,ledoit_wolf,0.0018326803437439271
2022-08-02,ledoit_wolf,-0.010652997772584303
2022-08-03,ledoit_wolf,0.009179910684469165
2022-08-04,ledoit_wolf,-0.0039687707837008325
2022-08-05,ledoit_wolf,0.0004621513665878981
2022-08-08,ledoit_wolf,-0.0008693711567520253
2022-08-09,ledoit_wolf,0.0013434695557824972
2022-08-10,ledoit_wolf,0.010939952154126364
2022-08-11,ledoit_wolf,-0.0046674400224339324
2022-08-12,ledoit_wolf,0.00992876177756764
2022-08-15,ledoit_wolf,0.0034479982618198465
2022-08-16,ledoit_wolf,0.009477961455958752
2022-08-17,ledoit_wolf,-0.00412486025548494
2022-08-18,ledoit_wolf,0.0015589071803806345
2022-08-19,ledoit_wolf,-0.0028954122882765537
2022-08-22,ledoit_wolf,-0.010916433964792863
2022-08-23,ledoit_wolf,-0.0041442738337919005
2022-08-24,ledoit_wolf,-0.0008673194077445448
2022-08-25,ledoit_wolf,0.006598591702191434
2022-08-26,ledoit_wolf,-0.02575866311365263
2022-08-29,ledoit_wolf,-0.002740404212203152
2022-08-30,ledoit_wolf,-0.012869277544057579
2022-08-31,ledoit_wolf,-0.009518115742160296
2022-08-01,equal_weight,-0.0038490774026072243
2022-08-02,equal_weight,-0.010321297520882178
2022-08-03,equal_weight,0.012298358527605156
2022-08-04,equal_weight,0.0008495371562980127
2022-08-05,equal_weight,0.0026413306480509314
2022-08-08,equal_weight,-0.0015043326567883185
2022-08-09,equal_weight,0.0026603476363471186
2022-08-10,equal_weight,0.018744405207634096
2022-08-11,equal_weight,-8.011650936399096e-05
2022-08-12,equal_weight,0.014178907018873865
2022-08-15,equal_weight,0.0015344994450470512
2022-08-16,equal_weight,0.00367831348241368
2022-08-17,equal_weight,-0.006095687341349739
2022-08-18,equal_weight,0.0011701294113735197
2022-08-19,equal_weight,-0.011875693808488616
2022-08-22,equal_weight,-0.01535326579647889
2022-08-23,equal_weight,-0.0014841350068348317
2022-08-24,equal_weight,0.0024664285140023738
2022-08-25,equal_weight,0.012573252391685141
2022-08-26,equal_weight,-0.029393511101446945
2022-08-29,equal_weight,-0.0036947745145676533
2022-08-30,equal_weight,-0.013890248252732728
2022-08-31,equal_weight,-0.007288376236229668
2022-09-01,sample,0.008292423536208189
2022-09-02,sample,-0.009333841516965317
2022-09-06,sample,-0.0016225009438955473
2022-09-07,sample,0.0166659376115744
2022-09-08,sample,0.0028727414378223945
2022-09-09,sample,0.009249175418394328
2022-09-12,sample,0.007194202435795399
2022-09-13,sample,-0.03182899597087851
2022-09-14,sample,0.0052928318240221105
2022-09-15,sample,-0.01286230419630005
2022-09-16,sample,0.0029477889459907005
2022-09-19,sample,0.00474744186060084
2022-09-20,sample,-0.012728488431825918
2022-09-21,sample,-0.013099331866448202
2022-09-22,sample,0.0019331002863440957
2022-09-23,sample,-0.012987186223434385
2022-09-26,sample,-0.013624808001151434
2022-09-27,sample,-0.01154236809068276
2022-09-28,sample,0.018488214731319945
2022-09-29,sample,-0.019266800449161705
2022-09-30,sample,-0.011443165820716833
2022-09-01,ewma,0.007175937842782692
2022-09-02,ewma,-0.008432511501300916
2022-09-06,ewma,0.00020532611447303005
2022-09-07,ewma,0.014318047085029845
2022-09-08,ewma,0.0018841910498554849
2022-09-09,ewma,0.009907597844842086
2022-09-12,ewma,0.008727697849570405
2022-09-13,ewma,-0.02676132094307297
2022-09-14,ewma,0.008159478008942993
2022-09-15,ewma,-0.011770254318612634
2022-09-16,ewma,-0.0016531076524174768
2022-09-19,ewma,0.004711292801896043
2022-09-20,ewma,-0.008445703508380758
2022-09-21,ewma,-0.012950606665997809
2022-09-22,ewma,0.003965357813456203
2022-09-23,ewma,-0.017222844834203187
2022-09-26,ewma,-0.014823279641845167
2022-09-27,ewma,-0.012030940672616447
2022-09-28,ewma,0.016941784146290627
2022-09-29,ewma,-0.019567847788411568
2022-09-30,ewma,-0.01150341435122224
2022-09-01,ledoit_wolf,0.008255680547434627
2022-09-02,ledoit_wolf,-0.009378576145359092
2022-09-06,ledoit_wolf,-0.0015572807295661023
2022-09-07,ledoit_wolf,0.016682763588713113
2022-09-08,ledoit_wolf,0.0028512157630272705
2022-09-09,ledoit_wolf,0.0092447699451985
2022-09-12,ledoit_wolf,0.0073099834939128775
2022-09-13,ledoit_wolf,-0.03170365593444277
2022-09-14,ledoit_wolf,0.0052670591713238285
2022-09-15,ledoit_wolf,-0.012806855710823926
2022-09-16,ledoit_wolf,0.0027872573679000156
2022-09-19,ledoit_wolf,0.004745547929748314
2022-09-20,ledoit_wolf,-0.012641586864802394
2022-09-21,ledoit_wolf,-0.013148549220346605
2022-09-22,ledoit_wolf,0.0019246483818442775
2022-09-23,ledoit_wolf,-0.012991058195364178
2022-09-26,ledoit_wolf,-0.013582422848142765
2022-09-27,ledoit_wolf,-0.011590311300254855
2022-09-28,ledoit_wolf,0.018337016082043214
2022-09-29,ledoit_wolf,-0.019278430634307883
2022-09-30,ledoit_wolf,-0.011462751790487398
2022-09-01,equal_weight,0.004259122792066033
2022-09-02,equal_weight,-0.00944608721653269
2022-09-06,equal_weight,-0.0007635897231526359
2022-09-07,equal_weight,0.016048265665875257
2022-09-08,equal_weight,0.005423006867820119
2022-09-09,equal_weight,0.013160476095146756
2022-09-12,equal_weight,0.01097192157912601
2022-09-13,equal_weight,-0.039866617192385115
2022-09-14,equal_weight,0.0004199066473611311
2022-09-15,equal_weight,-0.013313374490227875
2022-09-16,equal_weight,-0.006198226179663115
2022-09-19,equal_weight,0.0081936262345218
2022-09-20,equal_weight,-0.0134570966337767
2022-09-21,equal_weight,-0.01762276770832604
2022-09-22,equal_weight,-0.0021853504887080167
2022-09-23,equal_weight,-0.01812123889359261
2022-09-26,equal_weight,-0.015251898735976106
2022-09-27,equal_weight,-0.007099203599505959
2022-09-28,equal_weight,0.0213074213552746
2022-09-29,equal_weight,-0.019909642379432435
2022-09-30,equal_weight,-0.011001774122263164
2022-10-03,sample,0.02294824512922825
2022-10-04,sample,0.019926506805663838
2022-10-05,sample,-0.009607305080353654
2022-10-06,sample,-0.01392522080089795
2022-10-07,sample,-0.020681405598609096
2022-10-10,sample,-0.005870956846254872
2022-10-11,sample,0.0013102154494334778
2022-10-12,sample,-0.005806907717712237
2022-10-13,sample,0.02026362707940709
2022-10-14,sample,-0.015103670065938402
2022-10-17,sample,0.019136969038691776
2022-10-18,sample,0.010183471817061212
2022-10-19,sample,-0.007428056244443986
2022-10-20,sample,-0.009405862424844789
2022-10-21,sample,0.02084605272488902
2022-10-24,sample,0.009815198837965184
2022-10-25,sample,0.01434078716417149
2022-10-26,sample,0.003449392216918005
2022-10-27,sample,0.002327794039738414
2022-10-28,sample,0.021561190370764392
2022-10-31,sample,-0.006332977064957055
2022-10-03,ewma,0.02210123327835522
2022-10-04,ewma,0.021726945786914368
2022-10-05,ewma,-0.004310150744934854
2022-10-06,ewma,-0.012751142551502444
2022-10-07,ewma,-0.017552668119135317
2022-10-10,ewma,-0.0064437752991807085
2022-10-11,ewma,-0.0005083286255296571
2022-10-12,ewma,-0.0020768745001846995
2022-10-13,ewma,0.023048359672208047
2022-10-14,ewma,-0.01371802659893328
2022-10-17,ewma,0.018390546780847297
2022-10-18,ewma,0.0091323013377493
2022-10-19,ewma,-0.00012729831306598728
2022-10-20,ewma,-0.01674577981060611
2022-10-21,ewma,0.017371438791764664
2022-10-24,ewma,0.01260275231388077
2022-10-25,ewma,0.01073662703691957
2022-10-26,ewma,0.006558696818556537
2022-10-27,ewma,-0.0006829616936620047
2022-10-28,ewma,0.021765667100976705
2022-10-31,ewma,-0.0058597189663048225
2022-10-03,ledoit_wolf,0.022855494524259563
2022-10-04,ledoit_wolf,0.019962550582078957
2022-10-05,ledoit_wolf,-0.009515113107504348
2022-10-06,ledoit_wolf,-0.014022561861354301
2022-10-07,ledoit_wolf,-0.020650864816580548
2022-10-10,ledoit_wolf,-0.00578405102361076
2022-10-11,ledoit_wolf,0.0012382104359377369
2022-10-12,ledoit_wolf,-0.005848801298593242
2022-10-13,ledoit_wolf,0.02009208567448833
2022-10-14,ledoit_wolf,-0.015046677627356654
2022-10-17,ledoit_wolf,0.019281945073137546
2022-10-18,ledoit_wolf,0.010222290492781418
2022-10-19,ledoit_wolf,-0.007426677685855764
2022-10-20,ledoit_wolf,-0.009626108114667218
2022-10-21,ledoit_wolf,0.020840385600480286
2022-10-24,ledoit_wolf,0.009838539452017646
2022-10-25,ledoit_wolf,0.01419937276174366
2022-10-26,ledoit_wolf,0.0035721004794791243
2022-10-27,ledoit_wolf,0.0023207735903620257
2022-10-28,ledoit_wolf,0.021480040071033706
2022-10-31,ledoit_wolf,-0.006392193787586977
2022-10-03,equal_weight,0.028343096692316577
2022-10-04,equal_weight,0.026328546110566217
2022-10-05,equal_weight,-0.006365130730148367
2022-10-06,equal_weight,-0.010581417200785346
2022-10-07,equal_weight,-0.024783299516577012
2022-10-10,equal_weight,-0.007060216782535343
2022-10-11,equal_weight,-0.006201497990430505
2022-10-12,equal_weight,-0.003950159662243058
2022-10-13,equal_weight,0.024415161049234385
2022-10-14,equal_weight,-0.018853946491082574
2022-10-17,equal_weight,0.029127099773407297
2022-10-18,equal_weight,0.012302982752318803
2022-10-19,equal_weight,-0.00859487107748581
2022-10-20,equal_weight,-0.00970959397759767
2022-10-21,equal_weight,0.02223817851271051
2022-10-24,equal_weight,0.008821250890937483
2022-10-25,equal_weight,0.017988152025269377
2022-10-26,equal_weight,-0.006406671766242058
2022-10-27,equal_weight,-0.010531454229434828
2022-10-28,equal_weight,0.021095856314052787
2022-10-31,equal_weight,-0.009526887068306667
2022-11-01,sample,-0.0026580813066582804
2022-11-02,sample,-0.0193126978013757
2022-11-03,sample,-0.0046596659764110634
2022-11-04,sample,0.016108988115541168
2022-11-07,sample,0.006984537641377131
2022-11-08,sample,0.009899693395310435
2022-11-09,sample,-0.012045116461447547
2022-11-10,sample,0.04031170525370305
2022-11-11,sample,-0.0032540112510857557
2022-11-14,sample,-0.00363127738470921
2022-11-15,sample,0.0015813181212895639
2022-11-16,sample,0.003044758540584872
2022-11-17,sample,-0.004547486110830475
2022-11-18,sample,0.00812486686540913
2022-11-21,sample,0.0035716835098085573
2022-11-22,sample,0.01220532303178793
2022-11-23,sample,0.00278262897368085
2022-11-25,sample,0.0033768879430429955
2022-11-28,sample,-0.011781779088245167
2022-11-29,sample,-0.0007819625691705431
2022-11-30,sample,0.02451534375784857
2022-11-01,ewma,-0.0041845810287237965
2022-11-02,ewma,-0.02213353099699454
2022-11-03,ewma,-0.004896276533665177
2022-11-04,ewma,0.01946376044430003
2022-11-07,ewma,0.008444666837456004
2022-11-08,ewma,0.014383469587665119
2022-11-09,ewma,-0.017570986632636627
2022-11-10,ewma,0.03411049766480436
2022-11-11,ewma,0.0012684184219604873
2022-11-14,ewma,-0.0016647763216419457
2022-11-15,ewma,-0.0038312197923421444
2022-11-16,ewma,0.0003716294478922662
2022-11-17,ewma,-0.003258048882255338
2022-11-18,ewma,0.006590314440932181
2022-11-21,ewma,-0.0003088510124560043
2022-11-22,ewma,0.014178339640882122
2022-11-23,ewma,0.0019960280455172622
2022-11-25,ewma,0.00033196354863992977
2022-11-28,ewma,-0.014379272012244391
2022-11-29,ewma,0.0042180467733388075
2022-11-30,ewma,0.022882277162452197
2022-11-01,ledoit_wolf,-0.002636853709635608
2022-11-02,ledoit_wolf,-0.019290915834166526
2022-11-03,ledoit_wolf,-0.004455450097093664
2022-11-04,ledoit_wolf,0.01612738264679262
2022-11-07,ledoit_wolf,0.006835285687837545
2022-11-08,ledoit_wolf,0.009923853127340171
2022-11-09,ledoit_wolf,-0.012017304275176055
2022-11-10,ledoit_wolf,0.04035200501394441
2022-11-11,ledoit_wolf,-0.0031684741512099856
2022-11-14,ledoit_wolf,-0.003573257654416408
2022-11-15,ledoit_wolf,0.0015419252260302817
2022-11-16,ledoit_wolf,0.003012092443487267
2022-11-17,ledoit_wolf,-0.004583280128409734
2022-11-18,ledoit_wolf,0.00808918740578356
2022-11-21,ledoit_wolf,0.003598616101737461
2022-11-22,ledoit_wolf,0.012164474280663352
2022-11-23,ledoit_wolf,0.002796078228074124
2022-11-25,ledoit_wolf,0.003360126346971968
2022-11-28,ledoit_wolf,-0.011748841187014058
2022-11-29,ledoit_wolf,-0.0007459309928865073
2022-11-30,ledoit_wolf,0.024420272916728256
2022-11-01,equal_weight,-0.004537885711870597
2022-11-02,equal_weight,-0.022672760321765434
2022-11-03,equal_weight,-0.004008386401053285
2022-11-04,equal_weight,0.019067648967455983
2022-11-07,equal_weight,0.008823939116194442
2022-11-08,equal_weight,0.008890226084007663
2022-11-09,equal_weight,-0.013050271587068566
2022-11-10,equal_weight,0.05551158375521613
2022-11-11,equal_weight,0.0062293669454650865
2022-11-14,equal_weight,-0.00795182569827699
2022-11-15,equal_weight,0.003419689267424887
2022-11-16,equal_weight,-0.0012734884727819815
2022-11-17,equal_weight,-0.006702975195104016
2022-11-18,equal_weight,0.005337624326650259
2022-11-21,equal_weight,-0.0016177979429516205
2022-11-22,equal_weight,0.01381543016661993
2022-11-23,equal_weight,0.003423644805059436
2022-11-25,equal_weight,0.0007064635069823241
2022-11-28,equal_weight,-0.018397356006790995
2022-11-29,equal_weight,0.001597364674777281
2022-11-30,equal_weight,0.030495735496773632
2022-12-01,sample,0.0004001155258809866
2022-12-02,sample,0.0007096714340069707
2022-12-05,sample,-0.011992078730315684
2022-12-06,sample,-0.004099714753545918
2022-12-07,sample,0.0026948040894851687
2022-12-08,sample,0.0061593855500036
2022-12-09,sample,-0.010514603760870654
2022-12-12,sample,0.014426993301922555
2022-12-13,sample,0.006042773829856322
2022-12-14,sample,0.00015098863063578595
2022-12-15,sample,-0.01490855786733702
2022-12-16,sample,-0.009211922546094318
2022-12-19,sample,-0.001987723743349987
2022-12-20,sample,0.0033838961855629478
2022-12-21,sample,0.012415657377472829
2022-12-22,sample,-0.0051546772418202495
2022-12-23,sample,0.008920179993216138
2022-12-27,sample,0.005692210892593837
2022-12-28,sample,-0.009961944325560143
2022-12-29,sample,0.006839022612625739
2022-12-30,sample,-0.0039037582365170215
2022-12-01,ewma,-0.0026847970813555595
2022-12-02,ewma,-0.0013238499184302173
2022-12-05,ewma,-0.012827664413059848
2022-12-06,ewma,-0.006018727051973688
2022-12-07,ewma,0.0012287341355197556
2022-12-08,ewma,0.006314845421305798
2022-12-09,ewma,-0.009650263598506733
2022-12-12,ewma,0.015364408924859428
2022-12-13,ewma,0.004636564237331445
2022-12-14,ewma,-0.0008608750912372321
2022-12-15,ewma,-0.012684164854304937
2022-12-16,ewma,-0.009539642500229758
2022-12-19,ewma,0.0012334379111974198
2022-12-20,ewma,0.003572409517164907
2022-12-21,ewma,0.013383603918659852
2022-12-22,ewma,-0.006650983658497447
2022-12-23,ewma,0.011390053457708427
2022-12-27,ewma,0.006748877556323611
2022-12-28,ewma,-0.009322518930844471
2022-12-29,ewma,0.0061739022714680045
2022-12-30,ewma,-0.0011250394793008434
2022-12-01,ledoit_wolf,0.00044088107561843004
2022-12-02,ledoit_wolf,0.000712848480314798
2022-12-05,ledoit_wolf,-0.011992839928082932
2022-12-06,ledoit_wolf,-0.004169743484929931
2022-12-07,ledoit_wolf,0.0026411774201133666
2022-12-08,ledoit_wolf,0.0061650298991201375
2022-12-09,ledoit_wolf,-0.010314514648397072
2022-12-12,ledoit_wolf,0.014528654790285422
2022-12-13,ledoit_wolf,0.00612415661634499
2022-12-14,ledoit_wolf,0.00012053253251791092
2022-12-15,ledoit_wolf,-0.014904212031327782
2022-12-16,ledoit_wolf,-0.009179585325803662
2022-12-19,ledoit_wolf,-0.0020685138455934756
2022-12-20,ledoit_wolf,0.003371232774208704
2022-12-21,ledoit_wolf,0.012426864159671298
2022-12-22,ledoit_wolf,-0.005178795684413362
2022-12-23,ledoit_wolf,0.008849683006312847
2022-12-27,ledoit_wolf,0.005687696036168602
2022-12-28,ledoit_wolf,-0.009981460976872834
2022-12-29,ledoit_wolf,0.006898552391268975
2022-12-30,ledoit_wolf,-0.0039505072774272485
2022-12-01,equal_weight,-0.001209491152305362
2022-12-02,equal_weight,-0.00017975760009249805
2022-12-05,equal_weight,-0.01652251497597458
2022-12-06,equal_weight,-0.014048116040091369
2022-12-07,equal_weight,0.0007523673584197649
2022-12-08,equal_weight,0.00691375067619698
2022-12-09,equal_weight,-0.009172846435424539
2022-12-12,equal_weight,0.01454872444259036
2022-12-13,equal_weight,0.013021947129144049
2022-12-14,equal_weight,-0.002625913529415694
2022-12-15,equal_weight,-0.02221165854131897
2022-12-16,equal_weight,-0.00822117637738556
2022-12-19,equal_weight,-0.008576151288068481
2022-12-20,equal_weight,0.004887170542180153
2022-12-21,equal_weight,0.013424069080132665
2022-12-22,equal_weight,-0.01072811666522143
2022-12-23,equal_weight,0.00849830685563295
2022-12-27,equal_weight,0.0007705441040268999
2022-12-28,equal_weight,-0.011896169813700373
2022-12-29,equal_weight,0.014031503238601193
2022-12-30,equal_weight,-0.003656551714477131
2023-01-03,sample,-0.00216763898277174
2023-01-04,sample,0.003333015637576293
2023-01-05,sample,-0.009853343478470406
2023-01-06,sample,0.015741945120529427
2023-01-09,sample,-0.008732999072139848
2023-01-10,sample,0.0012817191019995854
2023-01-11,sample,0.002102632204708788
2023-01-12,sample,-0.0007557675143341582
2023-01-13,sample,0.002094778133511854
2023-01-17,sample,-0.00481860305816122
2023-01-18,sample,-0.02072172623633496
2023-01-19,sample,-0.0031967314766719835
2023-01-20,sample,0.005235643956760959
2023-01-23,sample,-0.0013013712821484777
2023-01-24,sample,0.003602704428590997
2023-01-25,sample,0.00208849986657746
2023-01-26,sample,0.004080481222898823
2023-01-27,sample,-0.007778576501289714
2023-01-30,sample,-0.010165278814639963
2023-01-31,sample,0.011549667093149963
2023-01-03,ewma,-0.002413862021332869
2023-01-04,ewma,0.003886063285421887
2023-01-05,ewma,-0.008297415874583339
2023-01-06,ewma,0.015694179588922587
2023-01-09,ewma,-0.00977787747796173
2023-01-10,ewma,0.0015556383192885655
2023-01-11,ewma,0.002696392694793786
2023-01-12,ewma,-0.002299889827628198
2023-01-13,ewma,0.004986125315388061
2023-01-17,ewma,-0.007637128750961269
2023-01-18,ewma,-0.022276783434900197
2023-01-19,ewma,-0.0052625539822161085
2023-01-20,ewma,0.00465080695509203
2023-01-23,ewma,0.00017465092545946806
2023-01-24,ewma,0.0065291549280487495
2023-01-25,ewma,0.0023170776666960515
2023-01-26,ewma,0.0048761510233805965
2023-01-27,ewma,-0.004163545797519596
2023-01-30,ewma,-0.007949824754560473
2023-01-31,ewma,0.012060776882653048
2023-01-03,ledoit_wolf,-0.0021380744270008936
2023-01-04,ledoit_wolf,0.003341410068901679
2023-01-05,ledoit_wolf,-0.009920008019548435
2023-01-06,ledoit_wolf,0.01582393484953968
2023-01-09,ledoit_wolf,-0.008740280071614733
2023-01-10,ledoit_wolf,0.0013292463243429545
2023-01-11,ledoit_wolf,0.002154614041613081
2023-01-12,ledoit_wolf,-0.0007027420461427073
2023-01-13,ledoit_wolf,0.0020818172225592862
2023-01-17,ledoit_wolf,-0.0048498294869409545
2023-01-18,ledoit_wolf,-0.020727777016612145
2023-01-19,ledoit_wolf,-0.0032570722232889704
2023-01-20,ledoit_wolf,0.0052553203332727115
2023-01-23,ledoit_wolf,-0.0013218688112383598
2023-01-24,ledoit_wolf,0.0036526509738850125
2023-01-25,ledoit_wolf,0.002024862691912335
2023-01-26,ledoit_wolf,0.00408520512392968
2023-01-27,ledoit_wolf,-0.007639421035145234
2023-01-30,ledoit_wolf,-0.010130664536891532
2023-01-31,ledoit_wolf,0.011505421315301707
2023-01-03,equal_weight,0.0012822582650809382
2023-01-04,equal_weight,0.005707340026603709
2023-01-05,equal_weight,-0.012885063978702847
2023-01-06,equal_weight,0.020964106339385013
2023-01-09,equal_weight,-0.0035154612228998957
2023-01-10,equal_weight,0.007410878238095331
2023-01-11,equal_weight,0.01224438999899937
2023-01-12,equal_weight,0.004837478286995121
2023-01-13,equal_weight,0.0060784931603965605
2023-01-17,equal_weight,-0.006538507644632147
2023-01-18,equal_weight,-0.016484337452741603
2023-01-19,equal_weight,-0.005407202725385906
2023-01-20,equal_weight,0.013969428334170007
2023-01-23,equal_weight,0.006417557590370342
2023-01-24,equal_weight,0.0017790320450780475
2023-01-25,equal_weight,-0.0038409924346497807
2023-01-26,equal_weight,0.01239867098922952
2023-01-27,equal_weight,0.0013280490439263814
2023-01-30,equal_weight,-0.013238221574067396
2023-01-31,equal_weight,0.01162932740575712
2023-02-01,sample,0.001245585243944302
2023-02-02,sample,-0.011928363573481315
2023-02-03,sample,-0.0073788056255887045
2023-02-06,sample,-0.0005322442639906851
2023-02-07,sample,0.002189749252104033
2023-02-08,sample,-0.007344093988908451
2023-02-09,sample,-0.009915567195033233
2023-02-10,sample,0.010510751069886748
2023-02-13,sample,0.007302688360315026
2023-02-14,sample,-0.0066722920727042
2023-02-15,sample,-0.0038113621173476234
2023-02-16,sample,-0.008030414465958945
2023-02-17,sample,0.008420725311161968
2023-02-21,sample,-0.01508221245501049
2023-02-22,sample,-0.0021526642029867306
2023-02-23,sample,0.0013242764079561774
2023-02-24,sample,-0.004486552754926733
2023-02-27,sample,0.0003621566695143772
2023-02-28,sample,-0.009813268097808314
2023-02-01,ewma,0.001083164831632389
2023-02-02,ewma,-0.01140341008930591
2023-02-03,ewma,-0.0033642566223840028
2023-02-06,ewma,0.00211820007121259
2023-02-07,ewma,0.00044023586441591924
2023-02-08,ewma,-0.006727560644086609
2023-02-09,ewma,-0.011010794325563629
2023-02-10,ewma,0.00911132462957619
2023-02-13,ewma,0.0068552357016259755
2023-02-14,ewma,-0.0065982343044245365
2023-02-15,ewma,-0.0009613399946243055
2023-02-16,ewma,-0.00815581644644557
2023-02-17,ewma,0.011758655023010465
2023-02-21,ewma,-0.01564149472297597
2023-02-22,ewma,-0.0028521524518783795
2023-02-23,ewma,-0.0008694261774139177
2023-02-24,ewma,-0.005905661285110846
2023-02-27,ewma,-0.0010301393633580266
2023-02-28,ewma,-0.00949614908615351
2023-02-01,ledoit_wolf,0.0013504952051812747
2023-02-02,ledoit_wolf,-0.011752194185215135
2023-02-03,ledoit_wolf,-0.0074253295427711
2023-02-06,ledoit_wolf,-0.000629125529033956
2023-02-07,ledoit_wolf,0.002193299186094241
2023-02-08,ledoit_wolf,-0.007399089894478244
2023-02-09,ledoit_wolf,-0.009968194816954445
2023-02-10,ledoit_wolf,0.01063466582894999
2023-02-13,ledoit_wolf,0.00730022610864693
2023-02-14,ledoit_wolf,-0.006832601568434746
2023-02-15,ledoit_wolf,-0.003654732195249836
2023-02-16,ledoit_wolf,-0.007979689680674876
2023-02-17,ledoit_wolf,0.00824561248058782
2023-02-21,ledoit_wolf,-0.015063409650066988
2023-02-22,ledoit_wolf,-0.0022202516843206495
2023-02-23,ledoit_wolf,0.001258559751219491
2023-02-24,ledoit_wolf,-0.004495308488494349
2023-02-27,ledoit_wolf,0.0005239573935855994
2023-02-28,ledoit_wolf,-0.009756180538584494
2023-02-01,equal_weight,0.0066542818658034235
2023-02-02,equal_weight,0.01537523049031413
2023-02-03,equal_weight,-0.013132754399518361
2023-02-06,equal_weight,-0.004161252294361244
2023-02-07,equal_weight,0.00948788324538664
2023-02-08,equal_weight,-0.013187441861477085
2023-02-09,equal_weight,-0.014238061422282462
2023-02-10,equal_weight,0.006056363954466154
2023-02-13,equal_weight,0.009466825981503817
2023-02-14,equal_weight,-0.0060600372607164475
2023-02-15,equal_weight,0.0011610393619753763
2023-02-16,equal_weight,-0.012698481690575447
2023-02-17,equal_weight,-0.0011532986602426963
2023-02-21,equal_weight,-0.020041510331375183
2023-02-22,equal_weight,-0.004403767526123122
2023-02-23,equal_weight,0.003406885821868252
2023-02-24,equal_weight,-0.008761374530221137
2023-02-27,equal_weight,0.006180293477513926
2023-02-28,equal_weight,-0.002019908489420248
2023-03-01,sample,-0.005473842081408639
2023-03-02,sample,0.009165488551686647
2023-03-03,sample,0.01006258692797029
2023-03-06,sample,0.004670252842723472
2023-03-07,sample,-0.016773604694405093
2023-03-08,sample,-0.0006746414747204102
2023-03-09,sample,-0.012806722844621192
2023-03-10,sample,-0.003199053158039519
2023-03-13,sample,0.007783135743974575
2023-03-14,sample,0.008269350972941257
2023-03-15,sample,-0.0015520934322691715
2023-03-16,sample,0.004795981592715014
2023-03-17,sample,-0.005931355119518988
2023-03-20,sample,0.010607514093923943
2023-03-21,sample,-0.0008209031651067414
2023-03-22,sample,-0.013414280176405361
2023-03-23,sample,-0.004625991931110652
2023-03-24,sample,0.014002985211428386
2023-03-27,sample,0.005459195661570742
2023-03-28,sample,-7.440809524592306e-05
2023-03-29,sample,0.006538824578799271
2023-03-30,sample,0.0033521074453506695
2023-03-31,sample,0.007976461256135912
2023-03-01,ewma,-0.004672346543524157
2023-03-02,ewma,0.007381327490234107
2023-03-03,ewma,0.012391139136160346
2023-03-06,ewma,0.0040114535086417605
2023-03-07,ewma,-0.01647433946387741
2023-03-08,ewma,-0.002690705762065778
2023-03-09,ewma,-0.01783141364115623
2023-03-10,ewma,-0.005092632694034826
2023-03-13,ewma,-0.0009271903111241294
2023-03-14,ewma,0.012170829351023732
2023-03-15,ewma,-0.006550439146600504
2023-03-16,ewma,0.006855083437758133
2023-03-17,ewma,-0.01457696372463849
2023-03-20,ewma,0.012246603867422328
2023-03-21,ewma,0.004361611253747418
2023-03-22,ewma,-0.015459216789292109
2023-03-23,ewma,-0.008187190008648332
2023-03-24,ewma,0.01153673455494832
2023-03-27,ewma,0.009757135779852846
2023-03-28,ewma,0.0002714101893958286
2023-03-29,ewma,0.010912939949206998
2023-03-30,ewma,0.001961326460584409
2023-03-31,ewma,0.009814681102860809
2023-03-01,ledoit_wolf,-0.005310490483975649
2023-03-02,ledoit_wolf,0.009288271842399826
2023-03-03,ledoit_wolf,0.010048219777066606
2023-03-06,ledoit_wolf,0.004614067545780147
2023-03-07,ledoit_wolf,-0.016858853206438137
2023-03-08,ledoit_wolf,-0.0006782361471202305
2023-03-09,ledoit_wolf,-0.012733830814155913
2023-03-10,ledoit_wolf,-0.0034757379598295488
2023-03-13,ledoit_wolf,0.007744318383317532
2023-03-14,ledoit_wolf,0.008225510241647863
2023-03-15,ledoit_wolf,-0.0014864473258563928
2023-03-16,ledoit_wolf,0.004777120603594025
2023-03-17,ledoit_wolf,-0.0058549799648974395
2023-03-20,ledoit_wolf,0.01066509367336216
2023-03-21,ledoit_wolf,-0.000760517444512822
2023-03-22,ledoit_wolf,-0.013418350958704871
2023-03-23,ledoit_wolf,-0.004565584693042971
2023-03-24,ledoit_wolf,0.013934640193750318
2023-03-27,ledoit_wolf,0.005394432065722218
2023-03-28,ledoit_wolf,-1.5246636777476678e-05
2023-03-29,ledoit_wolf,0.006650273568764577
2023-03-30,ledoit_wolf,0.003315991576246671
2023-03-31,ledoit_wolf,0.008067626416566043
2023-03-01,equal_weight,-0.004441009531077703
2023-03-02,equal_weight,0.009589078503363102
2023-03-03,equal_weight,0.016890119100735443
2023-03-06,equal_weight,0.0014448592281365359
2023-03-07,equal_weight,-0.017899591329281976
2023-03-08,equal_weight,0.0008592547448206514
2023-03-09,equal_weight,-0.018657678707251782
2023-03-10,equal_weight,-0.010278414224364317
2023-03-13,equal_weight,0.005715841761234989
2023-03-14,equal_weight,0.014569439699439933
2023-03-15,equal_weight,-0.0016370076728959497
2023-03-16,equal_weight,0.01316465109249555
2023-03-17,equal_weight,-0.009413169185048186
2023-03-20,equal_weight,0.006759156799947968
2023-03-21,equal_weight,0.007308295481005511
2023-03-22,equal_weight,-0.01656983965732528
2023-03-23,equal_weight,9.952344278197495e-05
2023-03-24,equal_weight,0.010209854017731466
2023-03-27,equal_weight,0.000942537970510834
2023-03-28,equal_weight,-0.0007480770659250512
2023-03-29,equal_weight,0.012372606432511531
2023-03-30,equal_weight,0.005999296014002608
2023-03-31,equal_weight,0.013643073152741278
2023-04-03,sample,0.011895900653603393
2023-04-04,sample,0.0022844424997565307
2023-04-05,sample,0.016784635188324588
2023-04-06,sample,0.0010053055129568963
2023-04-10,sample,-0.0025821303653880074
2023-04-11,sample,0.0014604929566433382
2023-04-12,sample,0.00032627823754601833
2023-04-13,sample,0.007451632311299118
2023-04-14,sample,-0.004902417110072881
2023-04-17,sample,-0.00045329426225586126
2023-04-18,sample,-0.004159729019760078
2023-04-19,sample,-0.0002681990055839506
2023-04-20,sample,0.001164439956098458
2023-04-21,sample,0.0014039486781517413
2023-04-24,sample,0.00597925403848128
2023-04-25,sample,-0.001991480614297402
2023-04-26,sample,-0.015345124859156971
2023-04-27,sample,0.01007792042282268
2023-04-28,sample,0.0037930141015858
2023-04-03,ewma,0.01675052489073527
2023-04-04,ewma,0.004197231918040623
2023-04-05,ewma,0.016182523674537444
2023-04-06,ewma,0.0012155369207918405
2023-04-10,ewma,-0.005003019977270597
2023-04-11,ewma,-0.002428718509333449
2023-04-12,ewma,-8.794840448474072e-05
2023-04-13,ewma,0.01083595574683843
2023-04-14,ewma,-0.005853326053002272
2023-04-17,ewma,-0.00311659085052324
2023-04-18,ewma,-0.00048496887972822224
2023-04-19,ewma,-0.0034620143651499227
2023-04-20,ewma,-0.0005842982468454339
2023-04-21,ewma,0.0014488095208864261
2023-04-24,ewma,0.005078723831444308
2023-04-25,ewma,-0.004368207276652216
2023-04-26,ewma,-0.01076664264825044
2023-04-27,ewma,0.013104181658334272
2023-04-28,ewma,0.003935703460987669
2023-04-03,ledoit_wolf,0.011863995094723447
2023-04-04,ledoit_wolf,0.002213851214689545
2023-04-05,ledoit_wolf,0.01675981276253028
2023-04-06,ledoit_wolf,0.001028309661858435
2023-04-10,ledoit_wolf,-0.002688761455266374
2023-04-11,ledoit_wolf,0.0014462652850173825
2023-04-12,ledoit_wolf,0.0002771259899636114
2023-04-13,ledoit_wolf,0.007377560609246558
2023-04-14,ledoit_wolf,-0.004822350242058231
2023-04-17,ledoit_wolf,-0.00048174367720170235
2023-04-18,ledoit_wolf,-0.003992074843980342
2023-04-19,ledoit_wolf,-0.00019880908102715361
2023-04-20,ledoit_wolf,0.0011359321725388858
2023-04-21,ledoit_wolf,0.00160973697482841
2023-04-24,ledoit_wolf,0.0060198936934737855
2023-04-25,ledoit_wolf,-0.002060147993727459
2023-04-26,ledoit_wolf,-0.015278393457401784
2023-04-27,ledoit_wolf,0.010189822264177296
2023-04-28,ledoit_wolf,0.003806244552685958
2023-04-03,equal_weight,0.0069076123169005185
2023-04-04,equal_weight,-0.0018880475065733802
2023-04-05,equal_weight,0.0017808199957768832
2023-04-06,equal_weight,0.005108084460899172
2023-04-10,equal_weight,-0.0013463326062553077
2023-04-11,equal_weight,0.00022879554837260813
2023-04-12,equal_weight,-0.001454797616235827
2023-04-13,equal_weight,0.011460184923065607
2023-04-14,equal_weight,-0.00037607010286927044
2023-04-17,equal_weight,0.0015658680509859108
2023-04-18,equal_weight,4.121230918666623e-05
2023-04-19,equal_weight,-0.00019443366373410732
2023-04-20,equal_weight,-0.0026685018175507365
2023-04-21,equal_weight,0.00043757684771722873
2023-04-24,equal_weight,0.003632042826113779
2023-04-25,equal_weight,-0.013176077797240103
2023-04-26,equal_weight,-0.008436900388250311
2023-04-27,equal_weight,0.023364345970497198
2023-04-28,equal_weight,0.004837941417180002
2023-05-01,sample,0.0004969392159744194
2023-05-02,sample,-0.008301222248809985
2023-05-03,sample,-0.008095621967457054
2023-05-04,sample,-0.0005620598217140568
2023-05-05,sample,0.010116627420954058
2023-05-08,sample,-0.003371009295505506
2023-05-09,sample,-0.007516985419264516
2023-05-10,sample,0.0008693036329545029
2023-05-11,sample,-0.005514332849309248
2023-05-12,sample,0.002886220657789153
2023-05-15,sample,-0.0019452590402197288
2023-05-16,sample,-0.014393597190903253
2023-05-17,sample,0.0030662490756429342
2023-05-18,sample,-0.005261163890778579
2023-05-19,sample,0.0013992513341324012
2023-05-22,sample,-0.01055405032279313
2023-05-23,sample,-0.002591253116876767
2023-05-24,sample,-0.005294561804298291
2023-05-25,sample,-0.009822628367744226
2023-05-26,sample,0.0016349836907462827
2023-05-30,sample,-0.005159310082590875
2023-05-31,sample,-0.0006464236601171008
2023-05-01,ewma,-0.00037396919813693084
2023-05-02,ewma,-0.0035606098431026183
2023-05-03,ewma,-0.006598861765600532
2023-05-04,ewma,-0.0010666070786633742
2023-05-05,ewma,0.009725070701182854
2023-05-08,ewma,-0.0032004871945235064
2023-05-09,ewma,-0.0068556035213940755
2023-05-10,ewma,0.003882539567933215
2023-05-11,ewma,-0.007332986576155316
2023-05-12,ewma,-0.00015193098834269793
2023-05-15,ewma,0.0004894498415911136
2023-05-16,ewma,-0.011772180072494743
2023-05-17,ewma,0.00438378144582774
2023-05-18,ewma,-0.0016067766751061063
2023-05-19,ewma,0.0008800212894425737
2023-05-22,ewma,-0.007952527563636952
2023-05-23,ewma,-0.00882956522347086
2023-05-24,ewma,-0.007320478702807595
2023-05-25,ewma,-0.0028493848929135967
2023-05-26,ewma,0.0043133783933814035
2023-05-30,ewma,-0.006060814569900477
2023-05-31,ewma,-0.00213113938558388
2023-05-01,ledoit_wolf,0.0003052056287488491
2023-05-02,ledoit_wolf,-0.008192264179518972
2023-05-03,ledoit_wolf,-0.008010782006869128
2023-05-04,ledoit_wolf,-0.00069181111103578
2023-05-05,ledoit_wolf,0.010089207819367643
2023-05-08,ledoit_wolf,-0.003302526835803314
2023-05-09,ledoit_wolf,-0.0075523114467120536
2023-05-10,ledoit_wolf,0.0009680891023051635
2023-05-11,ledoit_wolf,-0.005656193194520872
2023-05-12,ledoit_wolf,0.0028891891851132133
2023-05-15,ledoit_wolf,-0.0019104006971675663
2023-05-16,ledoit_wolf,-0.014326826901196368
2023-05-17,ledoit_wolf,0.003073331896821501
2023-05-18,ledoit_wolf,-0.005136309824181452
2023-05-19,ledoit_wolf,0.0013767443518458518
2023-05-22,ledoit_wolf,-0.010487446156503074
2023-05-23,ledoit_wolf,-0.0028656163232080338
2023-05-24,ledoit_wolf,-0.00527885735911148
2023-05-25,ledoit_wolf,-0.00968566124538103
2023-05-26,ledoit_wolf,0.0016692817219905517
2023-05-30,ledoit_wolf,-0.005236577694726399
2023-05-31,ledoit_wolf,-0.0007086094873750888
2023-05-01,equal_weight,-0.0041234864464931
2023-05-02,equal_weight,-0.010012338032259878
2023-05-03,equal_weight,-0.006685595919420022
2023-05-04,equal_weight,-0.003770909853399033
2023-05-05,equal_weight,0.014080330775116605
2023-05-08,equal_weight,-0.0015314980260657
2023-05-09,equal_weight,-0.005767014096447391
2023-05-10,equal_weight,0.005293100784377384
2023-05-11,equal_weight,-0.003319486370001656
2023-05-12,equal_weight,0.0013842517280621604
2023-05-15,equal_weight,0.0012381226775921917
2023-05-16,equal_weight,-0.011062128672336788
2023-05-17,equal_weight,0.011222891774442578
2023-05-18,equal_weight,0.0011071955334971838
2023-05-19,equal_weight,-0.0008384959037994223
2023-05-22,equal_weight,-0.0027601900563871055
2023-05-23,equal_weight,-0.005770234570601273
2023-05-24,equal_weight,-0.0061585367960753975
2023-05-25,equal_weight,-0.0019035066391904039
2023-05-26,equal_weight,0.009975136513555425
2023-05-30,equal_weight,-0.002556180413412177
2023-05-31,equal_weight,-0.003863347865297388
2023-06-01,sample,0.0070794707956703
2023-06-02,sample,0.01793011382531573
2023-06-05,sample,-0.0015137711216550566
2023-06-06,sample,-0.004364015453235729
2023-06-07,sample,0.00808174609633593
2023-06-08,sample,0.005173600847422912
2023-06-09,sample,-0.0024150316128051866
2023-06-12,sample,-0.0016338973610605838
2023-06-13,sample,0.0023201312871625676
2023-06-14,sample,-0.0034747332876600766
2023-06-15,sample,0.012416063005959693
2023-06-16,sample,0.0018891138669683164
2023-06-20,sample,-0.007336406435528483
2023-06-21,sample,0.0041005081055090625
2023-06-22,sample,-0.0008468736407036162
2023-06-23,sample,-0.008274665929980343
2023-06-26,sample,0.005489962905523893
2023-06-27,sample,0.0020891651933101973
2023-06-28,sample,-0.007049248825580777
2023-06-29,sample,0.003855245551243818
2023-06-30,sample,0.009650747404932495
2023-06-01,ewma,0.007522350961790491
2023-06-02,ewma,0.017864180287655032
2023-06-05,ewma,-0.00023518806185077092
2023-06-06,ewma,-0.0048435911835158175
2023-06-07,ewma,0.0010287735381436663
2023-06-08,ewma,0.005747426805022545
2023-06-09,ewma,-0.0004914999258289867
2023-06-12,ewma,0.0006253344798258142
2023-06-13,ewma,0.0029843579386352936
2023-06-14,ewma,-0.001860667280122695
2023-06-15,ewma,0.01516398068448209
2023-06-16,ewma,-0.002303354490691999
2023-06-20,ewma,-0.0067627717225425075
2023-06-21,ewma,0.002310107769840994
2023-06-22,ewma,0.004560990599780736
2023-06-23,ewma,-0.009350752574863447
2023-06-26,ewma,-0.0007619828578734177
2023-06-27,ewma,0.004313998581222481
2023-06-28,ewma,-0.0037567543436716052
2023-06-29,ewma,0.0012126686570380783
2023-06-30,ewma,0.008704424504113874
2023-06-01,ledoit_wolf,0.00705087346918291
2023-06-02,ledoit_wolf,0.018030410431071214
2023-06-05,ledoit_wolf,-0.0015159172497374624
2023-06-06,ledoit_wolf,-0.004217861555070975
2023-06-07,ledoit_wolf,0.008090336414306221
2023-06-08,ledoit_wolf,0.005163709876468355
2023-06-09,ledoit_wolf,-0.0024899308758572066
2023-06-12,ledoit_wolf,-0.0015765282921452756
2023-06-13,ledoit_wolf,0.0023555342653726924
2023-06-14,ledoit_wolf,-0.0033148080124531425
2023-06-15,ledoit_wolf,0.012421936770683036
2023-06-16,ledoit_wolf,0.0019410622019481556
2023-06-20,ledoit_wolf,-0.007437899443004945
2023-06-21,ledoit_wolf,0.004078778657907652
2023-06-22,ledoit_wolf,-0.0007973797683579571
2023-06-23,ledoit_wolf,-0.00830498354472889
2023-06-26,ledoit_wolf,0.005405966094855997
2023-06-27,ledoit_wolf,0.002172752370353064
2023-06-28,ledoit_wolf,-0.0069549536461102
2023-06-29,ledoit_wolf,0.003846129890254191
2023-06-30,ledoit_wolf,0.009692880580270333
2023-06-01,equal_weight,0.011069573243679713
2023-06-02,equal_weight,0.01897822752600648
2023-06-05,equal_weight,-0.0033059773193929417
2023-06-06,equal_weight,0.0012587589281165329
2023-06-07,equal_weight,0.003112878278126733
2023-06-08,equal_weight,0.0024027165477404117
2023-06-09,equal_weight,-0.004680096369218694
2023-06-12,equal_weight,0.003563616525383096
2023-06-13,equal_weight,0.005657942699742904
2023-06-14,equal_weight,-0.0017795362475014438
2023-06-15,equal_weight,0.012995632609367237
2023-06-16,equal_weight,-0.0014930373393616057
2023-06-20,equal_weight,-0.007850906926603122
2023-06-21,equal_weight,-0.0005280884723981012
2023-06-22,equal_weight,-0.0003055363590148963
2023-06-23,equal_weight,-0.0073729876040714605
2023-06-26,equal_weight,0.002026860345204017
2023-06-27,equal_weight,0.007127311241815239
2023-06-28,equal_weight,-0.002543081301239348
2023-06-29,equal_weight,0.004492443455262393
2023-06-30,equal_weight,0.011263498663011963
2023-07-03,sample,0.0012899998816798292
2023-07-05,sample,-0.002301455562168194
2023-07-06,sample,-0.010567241855102352
2023-07-07,sample,-0.007205678917093814
2023-07-10,sample,0.0013986640542231741
2023-07-11,sample,0.0066025176400718215
2023-07-12,sample,0.006662651809370889
2023-07-13,sample,0.0026328726767898616
2023-07-14,sample,0.005513095825696355
2023-07-17,sample,-0.0027212627259293925
2023-07-18,sample,0.002473321405366739
2023-07-19,sample,0.006508204063241913
2023-07-20,sample,0.0131216813060952
2023-07-21,sample,0.009115407950203084
2023-07-24,sample,0.005565346156882781
2023-07-25,sample,0.0030041508687591303
2023-07-26,sample,0.006310412790940252
2023-07-27,sample,-0.008474842071754331
2023-07-28,sample,0.0022142113551293792
2023-07-31,sample,-0.0013093690861157564
2023-07-03,ewma,0.001740822649155144
2023-07-05,ewma,0.0014169328506956303
2023-07-06,ewma,-0.010722850020021022
2023-07-07,ewma,-0.007307678453116709
2023-07-10,ewma,-0.0043424991687583386
2023-07-11,ewma,0.006249254880866256
2023-07-12,ewma,0.006742575377602113
2023-07-13,ewma,0.010695809805464295
2023-07-14,ewma,0.005606265579657023
2023-07-17,ewma,-0.002253639353075987
2023-07-18,ewma,0.0009704693083005715
2023-07-19,ewma,0.0044705712315475194
2023-07-20,ewma,0.010588795369654114
2023-07-21,ewma,0.0072960248640428615
2023-07-24,ewma,0.006581771109321729
2023-07-25,ewma,0.0018742812290098766
2023-07-26,ewma,0.019151073891244933
2023-07-27,ewma,-0.007740532419320877
2023-07-28,ewma,0.0025724187775016324
2023-07-31,ewma,-0.0032507445967987474
2023-07-03,ledoit_wolf,0.0013166616086168292
2023-07-05,ledoit_wolf,-0.0023108306320384605
2023-07-06,ledoit_wolf,-0.010644598139186126
2023-07-07,ledoit_wolf,-0.007287914691943141
2023-07-10,ledoit_wolf,0.0014215009317900544
2023-07-11,ledoit_wolf,0.006501693480830192
2023-07-12,ledoit_wolf,0.00678353096033253
2023-07-13,ledoit_wolf,0.0027037224121326205
2023-07-14,ledoit_wolf,0.005185740787630614
2023-07-17,ledoit_wolf,-0.002719558023241504
2023-07-18,ledoit_wolf,0.002347249268651141
2023-07-19,ledoit_wolf,0.006413203583892545
2023-07-20,ledoit_wolf,0.013206011555406579
2023-07-21,ledoit_wolf,0.0090785906221497
2023-07-24,ledoit_wolf,0.005485544628477369
2023-07-25,ledoit_wolf,0.003019745744322743
2023-07-26,ledoit_wolf,0.006214821648594485
2023-07-27,ledoit_wolf,-0.008410344714075497
2023-07-28,ledoit_wolf,0.002297930424026978
2023-07-31,ledoit_wolf,-0.0013542404817200931
2023-07-03,equal_weight,0.001874980792937651
2023-07-05,equal_weight,-0.0012052789520927863
2023-07-06,equal_weight,-0.012190310890976972
2023-07-07,equal_weight,-0.002352428880093408
2023-07-10,equal_weight,0.0006623254056501069
2023-07-11,equal_weight,0.008003405503630644
2023-07-12,equal_weight,0.011440948603217854
2023-07-13,equal_weight,0.007326354354522079
2023-07-14,equal_weight,-0.00012753250756989396
2023-07-17,equal_weight,-0.0009853008866790832
2023-07-18,equal_weight,0.00452100859645683
2023-07-19,equal_weight,0.0057313372210841835
2023-07-20,equal_weight,-0.0018428596385555427
2023-07-21,equal_weight,0.0038247501531330557
2023-07-24,equal_weight,0.006843388827587186
2023-07-25,equal_weight,0.001875438399604018
2023-07-26,equal_weight,0.007142681428933949
2023-07-27,equal_weight,-0.006277976496975625
2023-07-28,equal_weight,0.005870304378746529
2023-07-31,equal_weight,0.0033420006889050653
2023-08-01,sample,-0.0052675608713939805
2023-08-02,sample,-0.0031515662979261145
2023-08-03,sample,-0.00447062293016065
2023-08-04,sample,-0.006762286169570923
2023-08-07,sample,0.008993347015780015
2023-08-08,sample,0.0006377073087224796
2023-08-09,sample,0.00047400522128985016
2023-08-10,sample,-0.00027910461369637526
2023-08-11,sample,0.00851410170973984
2023-08-14,sample,-0.003488042613356162
2023-08-15,sample,-0.01241163253583738
2023-08-16,sample,-0.0030017405098067334
2023-08-17,sample,0.0006153299000959974
2023-08-18,sample,0.0019857021890586387
2023-08-21,sample,-0.009839514895314188
2023-08-22,sample,-0.0048945290184936995
2023-08-23,sample,0.0026541163808526357
2023-08-24,sample,-0.0033882593620767334
2023-08-25,sample,0.0054851872059468315
2023-08-28,sample,0.000968211139343352
2023-08-29,sample,0.0027894195813909584
2023-08-30,sample,-1.2952131877977052e-05
2023-08-31,sample,-0.008768857445149743
2023-08-01,ewma,-0.0021694281353371535
2023-08-02,ewma,-0.007752154936514795
2023-08-03,ewma,-0.007348058225713841
2023-08-04,ewma,-0.010468941712382971
2023-08-07,ewma,0.005699886203908283
2023-08-08,ewma,-0.000559506420331906
2023-08-09,ewma,-0.001261947344565037
2023-08-10,ewma,0.0004936123329863185
2023-08-11,ewma,0.005845546059796162
2023-08-14,ewma,0.002342241196848608
2023-08-15,ewma,-0.013271319309178995
2023-08-16,ewma,-0.008359248131653955
2023-08-17,ewma,-0.003639658996987364
2023-08-18,ewma,0.00248355659277994
2023-08-21,ewma,-0.004206909422928171
2023-08-22,ewma,-0.003375482514624468
2023-08-23,ewma,0.005814090580725342
2023-08-24,ewma,-0.008739672870101476
2023-08-25,ewma,0.007084741744441087
2023-08-28,ewma,0.0038239300949758004
2023-08-29,ewma,0.009418059083352364
2023-08-30,ewma,0.0030316903646987973
2023-08-31,ewma,-0.006345510286116516
2023-08-01,ledoit_wolf,-0.005250556846569117
2023-08-02,ledoit_wolf,-0.0031812431482043
2023-08-03,ledoit_wolf,-0.004453818984016287
2023-08-04,ledoit_wolf,-0.006700851124867572
2023-08-07,ledoit_wolf,0.008957032799798391
2023-08-08,ledoit_wolf,0.0006874843919427594
2023-08-09,ledoit_wolf,0.000574267896231777
2023-08-10,ledoit_wolf,-0.0002924829442857731
2023-08-11,ledoit_wolf,0.008453662872297311
2023-08-14,ledoit_wolf,-0.0034721649190706623
2023-08-15,ledoit_wolf,-0.012404085131191555
2023-08-16,ledoit_wolf,-0.0030887760296371735
2023-08-17,ledoit_wolf,0.0006545216248665056
2023-08-18,ledoit_wolf,0.0019884561416875835
2023-08-21,ledoit_wolf,-0.009858569132690658
2023-08-22,ledoit_wolf,-0.004817621713095268
2023-08-23,ledoit_wolf,0.002659157404304832
2023-08-24,ledoit_wolf,-0.0034111640681697953
2023-08-25,ledoit_wolf,0.005573289969150539
2023-08-28,ledoit_wolf,0.0009697998482265371
2023-08-29,ledoit_wolf,0.002869706280643844
2023-08-30,ledoit_wolf,6.595078959030693e-05
2023-08-31,ledoit_wolf,-0.00866779663313336
2023-08-01,equal_weight,-0.0013767535140470203
2023-08-02,equal_weight,-0.010063460333862934
2023-08-03,equal_weight,-0.006024998058125089
2023-08-04,equal_weight,-0.0034795080107380264
2023-08-07,equal_weight,0.008195293685215143
2023-08-08,equal_weight,-0.00356576373164431
2023-08-09,equal_weight,-0.0023975662571386717
2023-08-10,equal_weight,0.0002408812343519471
2023-08-11,equal_weight,0.005301002989278649
2023-08-14,equal_weight,0.0005368905163442227
2023-08-15,equal_weight,-0.014966673831249791
2023-08-16,equal_weight,-0.008325007973365307
2023-08-17,equal_weight,-0.0035126037431806602
2023-08-18,equal_weight,0.0004060795801110301
2023-08-21,equal_weight,-0.002722175817194504
2023-08-22,equal_weight,-0.003179405097488692
2023-08-23,equal_weight,0.007635031555112877
2023-08-24,equal_weight,-0.008864847245971828
2023-08-25,equal_weight,0.005200327401490159
2023-08-28,equal_weight,0.005033037671292213
2023-08-29,equal_weight,0.009609737512814347
2023-08-30,equal_weight,0.002445054165438622
2023-08-31,equal_weight,-0.0041786461180312595
2023-09-01,sample,-0.0005077816831125894
2023-09-05,sample,-0.0051405016459836715
2023-09-06,sample,-0.002406047838696979
2023-09-07,sample,0.005408754224570101
2023-09-08,sample,0.004898632310113724
2023-09-11,sample,0.004033723621932733
2023-09-12,sample,0.0010484582198667983
2023-09-13,sample,0.00451564042080493
2023-09-14,sample,0.009203867139543605
2023-09-15,sample,-0.006147289367114917
2023-09-18,sample,0.0018422933379094355
2023-09-19,sample,-0.004630931551656707
2023-09-20,sample,0.003010958731868649
2023-09-21,sample,-0.008234533076051417
2023-09-22,sample,-0.0005044255165648033
2023-09-25,sample,0.0005381269355772228
2023-09-26,sample,-0.012066810608597446
2023-09-27,sample,-0.006910665232036825
2023-09-28,sample,-0.001898796260659536
2023-09-29,sample,-0.005834472819061046
2023-09-01,ewma,0.000933676069617732
2023-09-05,ewma,-0.004333728620343733
2023-09-06,ewma,-0.005268300264728866
2023-09-07,ewma,0.00484239572669102
2023-09-08,ewma,0.0028952648012225577
2023-09-11,ewma,0.005673124730584565
2023-09-12,ewma,-0.0037935415340900327
2023-09-13,ewma,0.0036769905597998547
2023-09-14,ewma,0.008181445270888623
2023-09-15,ewma,-0.012131827404410794
2023-09-18,ewma,-0.00016650266909977788
2023-09-19,ewma,-0.004773088634166614
2023-09-20,ewma,-0.0025696203273017403
2023-09-21,ewma,-0.01299153780911351
2023-09-22,ewma,-0.0024183941814166793
2023-09-25,ewma,0.0003931251406969197
2023-09-26,ewma,-0.013129590062710621
2023-09-27,ewma,-0.008108848078604505
2023-09-28,ewma,-0.00026545275586512186
2023-09-29,ewma,-0.0021026355521543898
2023-09-01,ledoit_wolf,-0.0004517454393493742
2023-09-05,ledoit_wolf,-0.005304434688099693
2023-09-06,ledoit_wolf,-0.0023410465955444304
2023-09-07,ledoit_wolf,0.005405964187149795
2023-09-08,ledoit_wolf,0.005022752575724835
2023-09-11,ledoit_wolf,0.0041557250921918035
2023-09-12,ledoit_wolf,0.001059985831116823
2023-09-13,ledoit_wolf,0.004517732310793262
2023-09-14,ledoit_wolf,0.009318278741602666
2023-09-15,ledoit_wolf,-0.006286042809504743
2023-09-18,ledoit_wolf,0.0018626965474674328
2023-09-19,ledoit_wolf,-0.004629504165177882
2023-09-20,ledoit_wolf,0.0028138930773971517
2023-09-21,ledoit_wolf,-0.008347724394309381
2023-09-22,ledoit_wolf,-0.0006036761726831699
2023-09-25,ledoit_wolf,0.0005243709096494128
2023-09-26,ledoit_wolf,-0.012029626224316367
2023-09-27,ledoit_wolf,-0.006790703372189366
2023-09-28,ledoit_wolf,-0.001957676183717586
2023-09-29,ledoit_wolf,-0.005883473661525572
2023-09-01,equal_weight,0.00342633272260301
2023-09-05,equal_weight,-0.005888369091427843
2023-09-06,equal_weight,-0.0054725435922137805
2023-09-07,equal_weight,0.0021804745999735127
2023-09-08,equal_weight,0.004496281830577717
2023-09-11,equal_weight,0.005644355361485241
2023-09-12,equal_weight,-0.0010876260764648871
2023-09-13,equal_weight,0.0019046138272585554
2023-09-14,equal_weight,0.012432463495586877
2023-09-15,equal_weight,-0.010128965498949427
2023-09-18,equal_weight,0.0010035783922773443
2023-09-19,equal_weight,-0.004477510218185042
2023-09-20,equal_weight,-0.004865908085467611
2023-09-21,equal_weight,-0.01586193241432779
2023-09-22,equal_weight,-0.0011459125599276318
2023-09-25,equal_weight,0.002373773923633331
2023-09-26,equal_weight,-0.015455763024039148
2023-09-27,equal_weight,-0.006725651940858982
2023-09-28,equal_weight,0.0019518699581047363
2023-09-29,equal_weight,-0.004403544357987017
2023-10-02,sample,-0.009789768612568651
2023-10-03,sample,-0.003352030379873691
2023-10-04,sample,-0.0006139470901254541
2023-10-05,sample,-0.0063502977523886995
2023-10-06,sample,0.009461574655918362
2023-10-09,sample,0.006762205857561938
2023-10-10,sample,0.0069185688450744505
2023-10-11,sample,-0.004923888813612207
2023-10-12,sample,-0.006831077572411995
2023-10-13,sample,0.009117047752068261
2023-10-16,sample,0.007553042171655825
2023-10-17,sample,0.0018204291360201185
2023-10-18,sample,-0.004570287492686612
2023-10-19,sample,-0.0022642326050889908
2023-10-20,sample,-0.005131991578977548
2023-10-23,sample,-0.011480081258528872
2023-10-24,sample,0.005317463394036606
2023-10-25,sample,0.00039969493766229994
2023-10-26,sample,-0.003919154374436684
2023-10-27,sample,-0.01754667316279324
2023-10-30,sample,0.010874124560485211
2023-10-31,sample,0.004886481828676377
2023-10-02,ewma,-0.0025058348128452544
2023-10-03,ewma,-0.007583960559659084
2023-10-04,ewma,-0.0023103003432314883
2023-10-05,ewma,-0.005583740688644859
2023-10-06,ewma,0.008559198600341416
2023-10-09,ewma,0.007901907659526601
2023-10-10,ewma,0.004418997833245336
2023-10-11,ewma,-0.00794583734265766
2023-10-12,ewma,-0.003763214463704745
2023-10-13,ewma,0.009155271572554203
2023-10-16,ewma,0.008264887685263803
2023-10-17,ewma,0.00342047402067746
2023-10-18,ewma,-0.0014299828394868925
2023-10-19,ewma,-0.0011586317557849858
2023-10-20,ewma,-0.006369406987089334
2023-10-23,ewma,-0.010466559794534522
2023-10-24,ewma,0.0018600743704108445
2023-10-25,ewma,0.004392577748896152
2023-10-26,ewma,-0.0110243238914989
2023-10-27,ewma,-0.014753520425762025
2023-10-30,ewma,0.012861276596157774
2023-10-31,ewma,0.0029479227139207038
2023-10-02,ledoit_wolf,-0.009816319819471342
2023-10-03,ledoit_wolf,-0.0033432817317246687
2023-10-04,ledoit_wolf,-0.0006841210753419256
2023-10-05,ledoit_wolf,-0.006700671354785046
2023-10-06,ledoit_wolf,0.00945831569035597
2023-10-09,ledoit_wolf,0.006825888223865912
2023-10-10,ledoit_wolf,0.00691825676154824
2023-10-11,ledoit_wolf,-0.004819417103887039
2023-10-12,ledoit_wolf,-0.006908077320806676
2023-10-13,ledoit_wolf,0.009100486254263965
2023-10-16,ledoit_wolf,0.007531527508323917
2023-10-17,ledoit_wolf,0.0018442541967315506
2023-10-18,ledoit_wolf,-0.0046578103446419826
2023-10-19,ledoit_wolf,-0.002277595421977712
2023-10-20,ledoit_wolf,-0.005153819290574248
2023-10-23,ledoit_wolf,-0.011184795113500252
2023-10-24,ledoit_wolf,0.005549500371570949
2023-10-25,ledoit_wolf,0.00023361267496871006
2023-10-26,ledoit_wolf,-0.003977603402786933
2023-10-27,ledoit_wolf,-0.016954798873838932
2023-10-30,ledoit_wolf,0.010821313280514968
2023-10-31,ledoit_wolf,0.004779205789058695
2023-10-02,equal_weight,-0.008754350355534578
2023-10-03,equal_weight,-0.00960704848970624
2023-10-04,equal_weight,0.000165965786774695
2023-10-05,equal_weight,-0.004012650714319204
2023-10-06,equal_weight,0.011437837375122616
2023-10-09,equal_weight,0.007440944380818474
2023-10-10,equal_weight,0.007763015328956149
2023-10-11,equal_weight,0.005862126430577547
2023-10-12,equal_weight,-0.007254759144307169
2023-10-13,equal_weight,0.0030580436722400244
2023-10-16,equal_weight,0.00931083692125751
2023-10-17,equal_weight,0.0010202474385443004
2023-10-18,equal_weight,-0.013216182550823321
2023-10-19,equal_weight,-0.005920029836495741
2023-10-20,equal_weight,-0.009154102144783901
2023-10-23,equal_weight,-0.007490849636069744
2023-10-24,equal_weight,0.007268112123991532
2023-10-25,equal_weight,-0.011488845179874736
2023-10-26,equal_weight,-0.002262661221618638
2023-10-27,equal_weight,-0.00790354219869142
2023-10-30,equal_weight,0.0143162112065597
2023-10-31,equal_weight,0.003645305819961756
2023-11-01,sample,-0.00016571887739015318
2023-11-02,sample,0.014242575972369428
2023-11-03,sample,0.0006400347404836684
2023-11-06,sample,-0.0009302149002938323
2023-11-07,sample,-0.006608107617627538
2023-11-08,sample,-0.006240397823128008
2023-11-09,sample,-0.006778236929908633
2023-11-10,sample,0.0052735432885928565
2023-11-13,sample,-0.0003854427242865105
2023-11-14,sample,0.012436451545188708
2023-11-15,sample,0.0023646880486871283
2023-11-16,sample,0.004742836066140009
2023-11-17,sample,-0.0001809720479579397
2023-11-20,sample,0.0010694983419334923
2023-11-21,sample,0.004755546586466661
2023-11-22,sample,0.0046305338149733675
2023-11-24,sample,0.0042478341667975695
2023-11-27,sample,-0.0027289857272726767
2023-11-28,sample,0.005880581475221297
2023-11-29,sample,-0.004259273864158757
2023-11-30,sample,0.013166135924386079
2023-11-01,ewma,0.002646160736853949
2023-11-02,ewma,0.017559895978829496
2023-11-03,ewma,0.002729531761006473
2023-11-06,ewma,-0.0028215802508743575
2023-11-07,ewma,-0.004144699736875263
2023-11-08,ewma,-0.008181596378668169
2023-11-09,ewma,-0.007135738633124354
2023-11-10,ewma,0.009544054540875462
2023-11-13,ewma,0.0009841339061126128
2023-11-14,ewma,0.013528553415174924
2023-11-15,ewma,0.0015325067521075354
2023-11-16,ewma,0.005845182475368348
2023-11-17,ewma,-0.001691845286376351
2023-11-20,ewma,0.00427510611989781
2023-11-21,ewma,0.002273848803663297
2023-11-22,ewma,0.0043647788655740705
2023-11-24,ewma,0.0021564554583021474
2023-11-27,ewma,-0.0006906858653207501
2023-11-28,ewma,0.010648052724914672
2023-11-29,ewma,-0.003751015049191328
2023-11-30,ewma,0.00991902394601482
2023-11-01,ledoit_wolf,-7.015673584151103e-07
2023-11-02,ledoit_wolf,0.014278778658979245
2023-11-03,ledoit_wolf,0.0006570819296566802
2023-11-06,ledoit_wolf,-0.001032675726825117
2023-11-07,ledoit_wolf,-0.006880629394380417
2023-11-08,ledoit_wolf,-0.006174550908800607
2023-11-09,ledoit_wolf,-0.0067139115265316745
2023-11-10,ledoit_wolf,0.005347237967562777
2023-11-13,ledoit_wolf,-0.0003152990502421128
2023-11-14,ledoit_wolf,0.012401435272457092
2023-11-15,ledoit_wolf,0.002362186571311456
2023-11-16,ledoit_wolf,0.004734020664751995
2023-11-17,ledoit_wolf,-0.00023043262965694798
2023-11-20,ledoit_wolf,0.0010314548312143474
2023-11-21,ledoit_wolf,0.0047413321015456105
2023-11-22,ledoit_wolf,0.004547374250631377
2023-11-24,ledoit_wolf,0.004235332333931588
2023-11-27,ledoit_wolf,-0.0027223909604369126
2023-11-28,ledoit_wolf,0.0058290174386955804
2023-11-29,ledoit_wolf,-0.004284455983213098
2023-11-30,ledoit_wolf,0.013150258581053403
2023-11-01,equal_weight,0.006993912047428769
2023-11-02,equal_weight,0.01917369099764886
2023-11-03,equal_weight,0.006458531837655554
2023-11-06,equal_weight,-0.0021930617075670684
2023-11-07,equal_weight,-0.008171163052922384
2023-11-08,equal_weight,-0.003141713874848909
2023-11-09,equal_weight,-0.009133166014348826
2023-11-10,equal_weight,0.011530122133253051
2023-11-13,equal_weight,-0.0026895781884178236
2023-11-14,equal_weight,0.024868877788818362
2023-11-15,equal_weight,0.003495066553299139
2023-11-16,equal_weight,0.003082216018131641
2023-11-17,equal_weight,0.0019923013280299905
2023-11-20,equal_weight,0.003997185056379329
2023-11-21,equal_weight,-0.00017691900183272442
2023-11-22,equal_weight,0.004911327177825402
2023-11-24,equal_weight,0.0012642306733922548
2023-11-27,equal_weight,-0.0018403778330675254
2023-11-28,equal_weight,0.005970035221568188
2023-11-29,equal_weight,-0.00181134564276909
2023-11-30,equal_weight,0.0072585065274301894
2023-12-01,sample,0.007019612860120119
2023-12-04,sample,-0.0003846436531469551
2023-12-05,sample,-0.006834240530042597
2023-12-06,sample,-0.0015717350968140328
2023-12-07,sample,0.00018531058095721414
2023-12-08,sample,-0.00066263606119862
2023-12-11,sample,0.0030718325791591413
2023-12-12,sample,-0.0006453406626822629
2023-12-13,sample,0.014673163073545985
2023-12-14,sample,0.0018500510859264484
2023-12-15,sample,-0.006638920079162804
2023-12-18,sample,0.004010489244678249
2023-12-19,sample,0.003399823744918573
2023-12-20,sample,-0.0152817340441515
2023-12-21,sample,0.0071623043980649625
2023-12-22,sample,0.004449977748685015
2023-12-26,sample,0.0030343056957967706
2023-12-27,sample,0.000838901801918537
2023-12-28,sample,-0.0009350289772944104
2023-12-29,sample,0.0006786750853529153
2023-12-01,ewma,0.005083495805118449
2023-12-04,ewma,-0.003944355212303078
2023-12-05,ewma,-0.003000448262180213
2023-12-06,ewma,-0.0064796396586517145
2023-12-07,ewma,0.0016148173890342876
2023-12-08,ewma,0.0011243118496255269
2023-12-11,ewma,-0.002250631479294944
2023-12-12,ewma,0.0020020204368881175
2023-12-13,ewma,0.01131956822706361
2023-12-14,ewma,-0.0018691739810237748
2023-12-15,ewma,-0.003405813496525108
2023-12-18,ewma,0.004420122400131061
2023-12-19,ewma,0.004717426524645963
2023-12-20,ewma,-0.014555870362742251
2023-12-21,ewma,0.006192632601872541
2023-12-22,ewma,0.002057456985274664
2023-12-26,ewma,0.0022002364989455645
2023-12-27,ewma,0.0019317140928124038
2023-12-28,ewma,-0.0009910514062937527
2023-12-29,ewma,-0.0009171144651003943
2023-12-01,ledoit_wolf,0.006992818199944311
2023-12-04,ledoit_wolf,-0.0004730179486330064
2023-12-05,ledoit_wolf,-0.007036398849959189
2023-12-06,ledoit_wolf,-0.0015637417881395337
2023-12-07,ledoit_wolf,0.00024118439636659555
2023-12-08,ledoit_wolf,-0.0007392355875844904
2023-12-11,ledoit_wolf,0.0030669605107724648
2023-12-12,ledoit_wolf,-0.0006640158410995834
2023-12-13,ledoit_wolf,0.014745932759616252
2023-12-14,ledoit_wolf,0.0018708936905118445
2023-12-15,ledoit_wolf,-0.0066279222595461325
2023-12-18,ledoit_wolf,0.004075225726230798
2023-12-19,ledoit_wolf,0.003453764647718684
2023-12-20,ledoit_wolf,-0.015237770373796995
2023-12-21,ledoit_wolf,0.007137851750649066
2023-12-22,ledoit_wolf,0.004453863312585951
2023-12-26,ledoit_wolf,0.0030538770211932954
2023-12-27,ledoit_wolf,0.0008342308908320215
2023-12-28,ledoit_wolf,-0.0009554609328960435
2023-12-29,ledoit_wolf,0.0006938707192475032
2023-12-01,equal_weight,0.008688701058293584
2023-12-04,equal_weight,-0.003662453315440979
2023-12-05,equal_weight,-0.004162147424947396
2023-12-06,equal_weight,-0.0010302287867367537
2023-12-07,equal_weight,0.005032395914905919
2023-12-08,equal_weight,0.0012997340420067296
2023-12-11,equal_weight,-0.00023456305647020722
2023-12-12,equal_weight,0.0011837471198290414
2023-12-13,equal_weight,0.020060206976364348
2023-12-14,equal_weight,0.012427583260966619
2023-12-15,equal_weight,-0.002802160910822555
2023-12-18,equal_weight,0.0031817527486331493
2023-12-19,equal_weight,0.006547001628755614
2023-12-20,equal_weight,-0.012787643912516985
2023-12-21,equal_weight,0.007095357459901357
2023-12-22,equal_weight,0.003467176576645744
2023-12-26,equal_weight,0.004429315955701023
2023-12-27,equal_weight,0.00213719223747009
2023-12-28,equal_weight,-0.0007330036833433185
2023-12-29,equal_weight,-0.0030802812464795753
2024-01-02,sample,0.01097195558224967
2024-01-03,sample,0.0027210150353851616
2024-01-04,sample,-0.0015428964241665072
2024-01-05,sample,-0.0015736530030678495
2024-01-08,sample,0.0032522544875151845
2024-01-09,sample,-0.005121248024781707
2024-01-10,sample,0.0008738823396841246
2024-01-11,sample,-0.004895008228138386
2024-01-12,sample,0.003311910058798869
2024-01-16,sample,-0.009824225876963532
2024-01-17,sample,-0.003564183969147853
2024-01-18,sample,-0.002268342401808226
2024-01-19,sample,-0.0013083182601496641
2024-01-22,sample,0.002106360791069206
2024-01-23,sample,0.0043333099428048884
2024-01-24,sample,-0.004700354652274087
2024-01-25,sample,0.006839191719321585
2024-01-26,sample,0.003006550162018734
2024-01-29,sample,0.0030554478587887703
2024-01-30,sample,0.0026597716435876983
2024-01-31,sample,-0.005205302341481994
2024-01-02,ewma,0.0056841650829621004
2024-01-03,ewma,0.0013520950694593033
2024-01-04,ewma,-0.0027541195018488795
2024-01-05,ewma,-0.0019935189822031796
2024-01-08,ewma,0.006132404682769263
2024-01-09,ewma,-0.0029744807247783474
2024-01-10,ewma,0.003962844368768311
2024-01-11,ewma,-0.001058694850293561
2024-01-12,ewma,-0.00045783055775626175
2024-01-16,ewma,-0.0061263173925483055
2024-01-17,ewma,-0.0026246712264783568
2024-01-18,ewma,0.0012237834697428414
2024-01-19,ewma,0.003409280495423498
2024-01-22,ewma,0.0009744535205284941
2024-01-23,ewma,0.0018713668602601177
2024-01-24,ewma,0.0016760905663885332
2024-01-25,ewma,0.005709345949101307
2024-01-26,ewma,0.0028608358701392358
2024-01-29,ewma,0.004987257220261538
2024-01-30,ewma,0.001796190859922486
2024-01-31,ewma,-0.01523357621691877
2024-01-02,ledoit_wolf,0.010940948905679674
2024-01-03,ledoit_wolf,0.002607797290925601
2024-01-04,ledoit_wolf,-0.0015259486485114627
2024-01-05,ledoit_wolf,-0.0015428597566724375
2024-01-08,ledoit_wolf,0.0033199933065023246
2024-01-09,ledoit_wolf,-0.005052361727886472
2024-01-10,ledoit_wolf,0.0009162154644272659
2024-01-11,ledoit_wolf,-0.00491300921965583
2024-01-12,ledoit_wolf,0.0032700302295540894
2024-01-16,ledoit_wolf,-0.009785829986733368
2024-01-17,ledoit_wolf,-0.0036156053154036524
2024-01-18,ledoit_wolf,-0.0022256784988872167
2024-01-19,ledoit_wolf,-0.0012862717679058679
2024-01-22,ledoit_wolf,0.0020944248393627903
2024-01-23,ledoit_wolf,0.004346051912034443
2024-01-24,ledoit_wolf,-0.004769384372281275
2024-01-25,ledoit_wolf,0.00690256913795362
2024-01-26,ledoit_wolf,0.0030103365980102656
2024-01-29,ledoit_wolf,0.0030534056957811063
2024-01-30,ledoit_wolf,0.0026091098454856377
2024-01-31,ledoit_wolf,-0.005244567889162009
2024-01-02,equal_weight,0.0015172342247553542
2024-01-03,equal_weight,-0.005305743438330512
2024-01-04,equal_weight,-0.002453859618680723
2024-01-05,equal_weight,0.0016586611913072657
2024-01-08,equal_weight,0.008148289652049388
2024-01-09,equal_weight,-0.006301712778109316
2024-01-10,equal_weight,0.004227022806835584
2024-01-11,equal_weight,-0.005160497722133917
2024-01-12,equal_weight,0.0020793116237760203
2024-01-16,equal_weight,-0.010717799017109779
2024-01-17,equal_weight,-0.008771853775297937
2024-01-18,equal_weight,0.0027573318235025834
2024-01-19,equal_weight,0.005961793248232735
2024-01-22,equal_weight,0.0017299452204077362
2024-01-23,equal_weight,0.0038333180516787286
2024-01-24,equal_weight,-0.002858943728503999
2024-01-25,equal_weight,0.010440825394176227
2024-01-26,equal_weight,0.0013065830793563757
2024-01-29,equal_weight,0.00662440021646422
2024-01-30,equal_weight,0.0001614214343609783
2024-01-31,equal_weight,-0.013786385282863668
2024-02-01,sample,0.010055611445791382
2024-02-02,sample,-0.0034985173568596517
2024-02-05,sample,-0.008432980285505584
2024-02-06,sample,0.005167546388729476
2024-02-07,sample,0.003350532375138277
2024-02-08,sample,-0.005053285172063596
2024-02-09,sample,-0.005469490236552761
2024-02-12,sample,0.00423869145239527
2024-02-13,sample,-0.009967030287582983
2024-02-14,sample,0.00041990438811350663
2024-02-15,sample,0.01423603553130726
2024-02-16,sample,-0.0013939826232692173
2024-02-20,sample,0.0043151156089269
2024-02-21,sample,0.0085401755097208
2024-02-22,sample,0.0006520484176319626
2024-02-23,sample,0.003143691122137136
2024-02-26,sample,-0.00957117431441021
2024-02-27,sample,-0.004486490417913275
2024-02-28,sample,-0.0010266709935366127
2024-02-29,sample,0.0019328555787756687
2024-02-01,ewma,0.0076617595329297
2024-02-02,ewma,-0.0001456943785131063
2024-02-05,ewma,-0.00615874378508294
2024-02-06,ewma,0.005102343200814126
2024-02-07,ewma,0.006771587632935112
2024-02-08,ewma,-0.005697279348336595
2024-02-09,ewma,-0.001436183891202071
2024-02-12,ewma,0.0008747762787908187
2024-02-13,ewma,-0.010036000566033803
2024-02-14,ewma,0.0012803648403044935
2024-02-15,ewma,0.011235564249973944
2024-02-16,ewma,-0.002732190263243687
2024-02-20,ewma,0.0026019410386878697
2024-02-21,ewma,0.005680496606958752
2024-02-22,ewma,0.0071881369005350505
2024-02-23,ewma,0.0016500114925766267
2024-02-26,ewma,-0.007600101515383652
2024-02-27,ewma,-0.003611317596870233
2024-02-28,ewma,-0.0026586453990653995
2024-02-29,ewma,0.0028015202779179535
2024-02-01,ledoit_wolf,0.010111833573789844
2024-02-02,ledoit_wolf,-0.003531232513493229
2024-02-05,ledoit_wolf,-0.008673595226741543
2024-02-06,ledoit_wolf,0.005157766328127929
2024-02-07,ledoit_wolf,0.0033435111489826747
2024-02-08,ledoit_wolf,-0.005038982730606932
2024-02-09,ledoit_wolf,-0.0054640317646646695
2024-02-12,ledoit_wolf,0.004295207466568446
2024-02-13,ledoit_wolf,-0.01003866563064117
2024-02-14,ledoit_wolf,0.00038748968541847846
2024-02-15,ledoit_wolf,0.014244548966789212
2024-02-16,ledoit_wolf,-0.0013834194903586867
2024-02-20,ledoit_wolf,0.0042754606719806205
2024-02-21,ledoit_wolf,0.00852933718404187
2024-02-22,ledoit_wolf,0.0006885342459324582
2024-02-23,ledoit_wolf,0.0031573870066940344
2024-02-26,ledoit_wolf,-0.009602611589361458
2024-02-27,ledoit_wolf,-0.004401669950556145
2024-02-28,ledoit_wolf,-0.0010513189751606858
2024-02-29,ledoit_wolf,0.001973372384730396
2024-02-01,equal_weight,0.012678269516053085
2024-02-02,equal_weight,0.009528799679643325
2024-02-05,equal_weight,-0.01582659838189447
2024-02-06,equal_weight,0.00486767946043847
2024-02-07,equal_weight,0.0051935213821080696
2024-02-08,equal_weight,-9.046701825287656e-05
2024-02-09,equal_weight,-0.0006448933993349604
2024-02-12,equal_weight,0.0026143621783267287
2024-02-13,equal_weight,-0.016547631035789635
2024-02-14,equal_weight,0.004987996278038066
2024-02-15,equal_weight,0.013531490662276133
2024-02-16,equal_weight,-0.003810511678289239
2024-02-20,equal_weight,-0.0012290897527663372
2024-02-21,equal_weight,0.005860585072275322
2024-02-22,equal_weight,0.005869381222017762
2024-02-23,equal_weight,0.0020920823275492454
2024-02-26,equal_weight,-0.009845288388241528
2024-02-27,equal_weight,0.0009354909345053654
2024-02-28,equal_weight,0.0007762898607161728
2024-02-29,equal_weight,0.007426255150426915
2024-03-01,sample,-0.0013730060692491895
2024-03-04,sample,-0.0012032763965088293
2024-03-05,sample,-0.0015898179059182142
2024-03-06,sample,0.0013212220235779876
2024-03-07,sample,0.003003592730942129
2024-03-08,sample,0.0022814362001602456
2024-03-11,sample,0.011010999427705871
2024-03-12,sample,0.0008432453909034869
2024-03-13,sample,0.0033441211735987944
2024-03-14,sample,-0.0024023699569395585
2024-03-15,sample,-0.0036806527055773045
2024-03-18,sample,0.0012022884619410045
2024-03-19,sample,0.0024328272244857436
2024-03-20,sample,0.003243101703898992
2024-03-21,sample,0.0006271757259063698
2024-03-22,sample,-0.0037870287045490016
2024-03-25,sample,-0.0016477925847393727
2024-03-26,sample,-0.0010799619283221157
2024-03-27,sample,0.01352695579907964
2024-03-28,sample,0.0039097195588939865
2024-03-01,ewma,-0.0015945656395601792
2024-03-04,ewma,-0.005074914447108607
2024-03-05,ewma,-0.0069398927293643975
2024-03-06,ewma,0.0005260244247552409
2024-03-07,ewma,0.0016871151950589097
2024-03-08,ewma,0.0029342310145762454
2024-03-11,ewma,0.009319178787645672
2024-03-12,ewma,0.004020852323142283
2024-03-13,ewma,0.0002974669558062882
2024-03-14,ewma,-0.0012270593965167979
2024-03-15,ewma,-0.0021023652098855856
2024-03-18,ewma,0.0019785871362828435
2024-03-19,ewma,0.006456915459487167
2024-03-20,ewma,0.0058526729366797925
2024-03-21,ewma,-0.004044306512715763
2024-03-22,ewma,-0.002726790363743961
2024-03-25,ewma,-0.004572459682309646
2024-03-26,ewma,0.001513581532536468
2024-03-27,ewma,0.012177769224384304
2024-03-28,ewma,0.000684674773575778
2024-03-01,ledoit_wolf,-0.0012908946073872214
2024-03-04,ledoit_wolf,-0.001097880460290415
2024-03-05,ledoit_wolf,-0.0015853607724042108
2024-03-06,ledoit_wolf,0.001452494439464525
2024-03-07,ledoit_wolf,0.0030348260997024707
2024-03-08,ledoit_wolf,0.002270810954683688
2024-03-11,ledoit_wolf,0.01098373949462109
2024-03-12,ledoit_wolf,0.0007802054504008596
2024-03-13,ledoit_wolf,0.0033415387315946623
2024-03-14,ledoit_wolf,-0.0023752795556143203
2024-03-15,ledoit_wolf,-0.003707269469200962
2024-03-18,ledoit_wolf,0.001267527481040085
2024-03-19,ledoit_wolf,0.0024260174171787793
2024-03-20,ledoit_wolf,0.0033350692532258565
2024-03-21,ledoit_wolf,0.0006694952490900517
2024-03-22,ledoit_wolf,-0.003780220532976385
2024-03-25,ledoit_wolf,-0.0017039657183042236
2024-03-26,ledoit_wolf,-0.0010770698943570526
2024-03-27,ledoit_wolf,0.01357162811036413
2024-03-28,ledoit_wolf,0.003892824843349326
2024-03-01,equal_weight,0.0035805641318003667
2024-03-04,equal_weight,-0.0001596166977352949
2024-03-05,equal_weight,-0.004890028028904287
2024-03-06,equal_weight,0.002108832984391241
2024-03-07,equal_weight,0.006511603461740942
2024-03-08,equal_weight,0.0023070502670511574
2024-03-11,equal_weight,0.004155239813972994
2024-03-12,equal_weight,0.0016948086018910259
2024-03-13,equal_weight,0.004693224197588205
2024-03-14,equal_weight,-0.001263869373376415
2024-03-15,equal_weight,-0.004889219098714055
2024-03-18,equal_weight,0.005898242892156527
2024-03-19,equal_weight,0.0027091534855734007
2024-03-20,equal_weight,0.007072791543874186
2024-03-21,equal_weight,0.0016180351663577556
2024-03-22,equal_weight,-0.0033746059303702636
2024-03-25,equal_weight,-0.002097006047875206
2024-03-26,equal_weight,-0.0037335199977579147
2024-03-27,equal_weight,0.01573993942024555
2024-03-28,equal_weight,0.0024588148688680454
2024-04-01,sample,-0.0042017461237976355
2024-04-02,sample,-0.005741349163455019
2024-04-03,sample,-0.007918354238135
2024-04-04,sample,-0.004641472547479739
2024-04-05,sample,0.005405402908820408
2024-04-08,sample,-0.0013774898540598326
2024-04-09,sample,0.005361663708695851
2024-04-10,sample,-0.010283386705853995
2024-04-11,sample,-0.00430550007852874
2024-04-12,sample,-0.012143011700564305
2024-04-15,sample,-0.0023389911009789924
2024-04-16,sample,-0.003009189496734478
2024-04-17,sample,0.0062852856895128095
2024-04-18,sample,0.008626364815860522
2024-04-19,sample,0.014620448262386789
2024-04-22,sample,0.003559738134547826
2024-04-23,sample,0.0034790996429323396
2024-04-24,sample,0.003306246237912401
2024-04-25,sample,0.00785482398000055
2024-04-26,sample,-0.003669543908295778
2024-04-29,sample,0.0011338435255546914
2024-04-30,sample,-0.010449807406741661
2024-04-01,ewma,-0.004442843877629245
2024-04-02,ewma,-0.008433209804560138
2024-04-03,ewma,-0.004798009304438374
2024-04-04,ewma,-0.006552867363001461
2024-04-05,ewma,0.006683716974196077
2024-04-08,ewma,-0.003150590060813395
2024-04-09,ewma,0.006654781121630416
2024-04-10,ewma,-0.012242617808323503
2024-04-11,ewma,-0.004199662402532715
2024-04-12,ewma,-0.013817422901239468
2024-04-15,ewma,-0.0025898190518189247
2024-04-16,ewma,-0.0010603263853116674
2024-04-17,ewma,0.004070137452804219
2024-04-18,ewma,0.0065136926025995395
2024-04-19,ewma,0.009500810749350717
2024-04-22,ewma,0.004497952966072304
2024-04-23,ewma,0.005150007000054324
2024-04-24,ewma,0.00285496450330877
2024-04-25,ewma,-0.004068527534733831
2024-04-26,ewma,-0.0014325501907860943
2024-04-29,ewma,0.001206514560111325
2024-04-30,ewma,-0.010649464769485452
2024-04-01,ledoit_wolf,-0.0042500883545102015
2024-04-02,ledoit_wolf,-0.005805993493951922
2024-04-03,ledoit_wolf,-0.007923865221786917
2024-04-04,ledoit_wolf,-0.004692262297483153
2024-04-05,ledoit_wolf,0.005354260839573236
2024-04-08,ledoit_wolf,-0.0013287155304285458
2024-04-09,ledoit_wolf,0.005376854597089393
2024-04-10,ledoit_wolf,-0.010328834495265168
2024-04-11,ledoit_wolf,-0.00429804767009619
2024-04-12,ledoit_wolf,-0.012117672981556492
2024-04-15,ledoit_wolf,-0.002370094026401308
2024-04-16,ledoit_wolf,-0.003013245831479889
2024-04-17,ledoit_wolf,0.006306355733579984
2024-04-18,ledoit_wolf,0.008656482436518878
2024-04-19,ledoit_wolf,0.014573320963349623
2024-04-22,ledoit_wolf,0.003579211550132081
2024-04-23,ledoit_wolf,0.003456946714080678
2024-04-24,ledoit_wolf,0.0032992440843921055
2024-04-25,ledoit_wolf,0.007644112054666427
2024-04-26,ledoit_wolf,-0.00353507424656999
2024-04-29,ledoit_wolf,0.00115502639178222
2024-04-30,ledoit_wolf,-0.010408692856141774
2024-04-01,equal_weight,-0.0036664383810177522
2024-04-02,equal_weight,-0.0049149122199292055
2024-04-03,equal_weight,0.00047286921649958725
2024-04-04,equal_weight,-0.005358150715496241
2024-04-05,equal_weight,0.010863550227634928
2024-04-08,equal_weight,-0.0008759111118759199
2024-04-09,equal_weight,0.004911775569731037
2024-04-10,equal_weight,-0.013418156432454772
2024-04-11,equal_weight,0.0012314287632710958
2024-04-12,equal_weight,-0.013135983233958001
2024-04-15,equal_weight,-0.007774549644576436
2024-04-16,equal_weight,-0.008237976779451955
2024-04-17,equal_weight,9.856304761445456e-05
2024-04-18,equal_weight,0.00366391832589369
2024-04-19,equal_weight,0.0033326327804664934
2024-04-22,equal_weight,0.0054569612623509706
2024-04-23,equal_weight,0.008539081924734512
2024-04-24,equal_weight,0.0008603240466277636
2024-04-25,equal_weight,-0.0017820775097146533
2024-04-26,equal_weight,0.00449968923976921
2024-04-29,equal_weight,0.0016763454878413893
2024-04-30,equal_weight,-0.016765804614282856
2024-05-01,sample,0.007646337309673894
2024-05-02,sample,0.002732309713640772
2024-05-03,sample,0.0026619350224611022
2024-05-06,sample,0.002781810299838123
2024-05-07,sample,0.00641570385724224
2024-05-08,sample,0.002324057342146935
2024-05-09,sample,0.008247243082211553
2024-05-10,sample,0.0022161084131610965
2024-05-13,sample,-0.00014485970027790652
2024-05-14,sample,-0.00022499410449963579
2024-05-15,sample,0.006899200738412282
2024-05-16,sample,0.0032640340344905405
2024-05-17,sample,0.0047037185978208215
2024-05-20,sample,-0.007775004203876449
2024-05-21,sample,0.0015195099543506589
2024-05-22,sample,-0.003925880280419821
2024-05-23,sample,-0.014523629694276943
2024-05-24,sample,-0.0024083958729353297
2024-05-28,sample,-0.006370538450610443
2024-05-29,sample,-0.010076427697453252
2024-05-30,sample,0.003548165542392644
2024-05-31,sample,0.017081659194954333
2024-05-01,ewma,0.0007649748965220254
2024-05-02,ewma,0.0075128214765969
2024-05-03,ewma,0.010635255344944514
2024-05-06,ewma,0.002545193382854246
2024-05-07,ewma,0.006695156191369827
2024-05-08,ewma,0.002734744055150975
2024-05-09,ewma,0.00790056014779595
2024-05-10,ewma,0.0014342635650780864
2024-05-13,ewma,-0.0009519311034283306
2024-05-14,ewma,0.0015671512845464902
2024-05-15,ewma,0.008589694318472963
2024-05-16,ewma,0.0005793547640766102
2024-05-17,ewma,0.0027143101517312007
2024-05-20,ewma,-0.005595657875663911
2024-05-21,ewma,-0.002489711054773316
2024-05-22,ewma,-0.00444769984956536
2024-05-23,ewma,-0.013743842621369646
2024-05-24,ewma,0.0005388217103553226
2024-05-28,ewma,-0.003720214453460201
2024-05-29,ewma,-0.010847349359699766
2024-05-30,ewma,0.002177139084385193
2024-05-31,ewma,0.016060671118397575
2024-05-01,ledoit_wolf,0.007659902068316161
2024-05-02,ledoit_wolf,0.0027921661557898186
2024-05-03,ledoit_wolf,0.0026646546680109337
2024-05-06,ledoit_wolf,0.00280778433826961
2024-05-07,ledoit_wolf,0.006428800491486478
2024-05-08,ledoit_wolf,0.002229581736390328
2024-05-09,ledoit_wolf,0.008303226127613215
2024-05-10,ledoit_wolf,0.002190353021057345
2024-05-13,ledoit_wolf,-9.911234315977799e-05
2024-05-14,ledoit_wolf,-0.0002629317398592237
2024-05-15,ledoit_wolf,0.006924266131361425
2024-05-16,ledoit_wolf,0.0032455198269303533
2024-05-17,ledoit_wolf,0.004773302979302355
2024-05-20,ledoit_wolf,-0.007682653746767472
2024-05-21,ledoit_wolf,0.0015533868855780392
2024-05-22,ledoit_wolf,-0.0039495444312565384
2024-05-23,ledoit_wolf,-0.014549320299500311
2024-05-24,ledoit_wolf,-0.0024298571306505404
2024-05-28,ledoit_wolf,-0.006285601064718099
2024-05-29,ledoit_wolf,-0.010084972950406616
2024-05-30,ledoit_wolf,0.0035428635635765217
2024-05-31,ledoit_wolf,0.01704952811891901
2024-05-01,equal_weight,0.0056794273771369735
2024-05-02,equal_weight,0.009845046342825781
2024-05-03,equal_weight,0.009442712321029913
2024-05-06,equal_weight,0.005463131640355446
2024-05-07,equal_weight,0.006330328387340765
2024-05-08,equal_weight,0.0007745774027148599
2024-05-09,equal_weight,0.013216790900459964
2024-05-10,equal_weight,-0.0007969240993440898
2024-05-13,equal_weight,-0.0006494612138716121
2024-05-14,equal_weight,0.0031226325015561583
2024-05-15,equal_weight,0.010710295644897627
2024-05-16,equal_weight,-0.0003514322537428074
2024-05-17,equal_weight,0.00549930621758256
2024-05-20,equal_weight,-0.004086218223747033
2024-05-21,equal_weight,0.0007884106947012937
2024-05-22,equal_weight,-0.006489049668165783
2024-05-23,equal_weight,-0.014607827961478012
2024-05-24,equal_weight,0.0036434049442949975
2024-05-28,equal_weight,-0.0007424720161681476
2024-05-29,equal_weight,-0.009436469282687522
2024-05-30,equal_weight,0.0029744365414364135
2024-05-31,equal_weight,0.01468943202550618
2024-06-03,sample,-0.004249733526269754
2024-06-04,sample,0.004314667157037546
2024-06-05,sample,-0.0037715475810579818
2024-06-06,sample,0.0042312474437678806
2024-06-07,sample,-0.005353652512095617
2024-06-10,sample,0.0027467475034287287
2024-06-11,sample,-0.001872628392474016
2024-06-12,sample,-0.007043356252438717
2024-06-13,sample,0.00012141393782430943
2024-06-14,sample,0.00155252085141845
2024-06-17,sample,-0.001049900940465219
2024-06-18,sample,-0.0003681503985419705
2024-06-20,sample,0.005960293908997016
2024-06-21,sample,0.0009381893655547237
2024-06-24,sample,0.010521235182808512
2024-06-25,sample,-0.007538112097097583
2024-06-26,sample,-0.0010905539936332522
2024-06-27,sample,0.0006801703258934723
2024-06-28,sample,0.0032694417531768036
2024-06-03,ewma,-0.003285501071894548
2024-06-04,ewma,0.004819348437128582
2024-06-05,ewma,0.0014593259345283562
2024-06-06,ewma,0.0068039746479022925
2024-06-07,ewma,-0.0021296867415913964
2024-06-10,ewma,0.003928217268483049
2024-06-11,ewma,0.002789875801501235
2024-06-12,ewma,-0.003060629208548019
2024-06-13,ewma,-0.003883788269565675
2024-06-14,ewma,0.0007792438324267934
2024-06-17,ewma,0.0029123745382024988
2024-06-18,ewma,-0.0011267939290013186
2024-06-20,ewma,0.005327654895370926
2024-06-21,ewma,0.004569472244159094
2024-06-24,ewma,0.003336378052102917
2024-06-25,ewma,-0.00293280875953742
2024-06-26,ewma,0.006175762177563182
2024-06-27,ewma,0.003293976741540818
2024-06-28,ewma,-0.007271024888549436
2024-06-03,ledoit_wolf,-0.004271875220226108
2024-06-04,ledoit_wolf,0.004178010742441826
2024-06-05,ledoit_wolf,-0.0036655594941170403
2024-06-06,ledoit_wolf,0.004293130653851276
2024-06-07,ledoit_wolf,-0.005357187135388195
2024-06-10,ledoit_wolf,0.0028231656840259607
2024-06-11,ledoit_wolf,-0.0019062247403485275
2024-06-12,ledoit_wolf,-0.006931358152655194
2024-06-13,ledoit_wolf,0.0001331689673687023
2024-06-14,ledoit_wolf,0.0014265497196317052
2024-06-17,ledoit_wolf,-0.0009410691485224538
2024-06-18,ledoit_wolf,-0.00025369509590483937
2024-06-20,ledoit_wolf,0.005994973528529776
2024-06-21,ledoit_wolf,0.0009585226627504191
2024-06-24,ledoit_wolf,0.01041439071911153
2024-06-25,ledoit_wolf,-0.0075479510738928664
2024-06-26,ledoit_wolf,-0.0010939059602300286
2024-06-27,ledoit_wolf,0.0006674209081747667
2024-06-28,ledoit_wolf,0.0033036358366744364
2024-06-03,equal_weight,-0.004440845139632195
2024-06-04,equal_weight,0.0006208562892173403
2024-06-05,equal_weight,0.0025146905680501746
2024-06-06,equal_weight,0.004029088008924633
2024-06-07,equal_weight,-0.004303593129429705
2024-06-10,equal_weight,0.00567200935642119
2024-06-11,equal_weight,-0.0015311915428318852
2024-06-12,equal_weight,0.001524242996089632
2024-06-13,equal_weight,-0.0009450454689167336
2024-06-14,equal_weight,-0.001579208452229686
2024-06-17,equal_weight,0.00023811045818167075
2024-06-18,equal_weight,-0.0008531182175063692
2024-06-20,equal_weight,0.0056286658722015095
2024-06-21,equal_weight,-2.917579678884388e-05
2024-06-24,equal_weight,0.006891001342311983
2024-06-25,equal_weight,-0.006004429870694016
2024-06-26,equal_weight,0.001663904778828758
2024-06-27,equal_weight,0.004736270240317705
2024-06-28,equal_weight,-0.0028047413926894924
2024-07-01,sample,-0.0045454172889681345
2024-07-02,sample,0.0031026310123706694
2024-07-03,sample,-0.00029382151378562016
2024-07-05,sample,0.0032294864840294673
2024-07-08,sample,-0.002439109543555741
2024-07-09,sample,-0.0007317006119278947
2024-07-10,sample,0.01225114567293722
2024-07-11,sample,0.0024688742809315
2024-07-12,sample,0.004552582715070451
2024-07-15,sample,0.002805509268501556
2024-07-16,sample,0.015928736729603158
2024-07-17,sample,0.016479922790800815
2024-07-18,sample,-0.006258737836213011
2024-07-19,sample,-0.0038025568701816085
2024-07-22,sample,-0.0013980981630102463
2024-07-23,sample,-0.007122945560509437
2024-07-24,sample,0.006551180486707452
2024-07-25,sample,0.001121007238990984
2024-07-26,sample,0.01031476410270009
2024-07-29,sample,-0.0020009377778270315
2024-07-30,sample,0.004071838365651115
2024-07-31,sample,-0.005209672750079507
2024-07-01,ewma,0.0017375952593234364
2024-07-02,ewma,0.0067911861122105545
2024-07-03,ewma,0.0007341031309209835
2024-07-05,ewma,0.006266722846237847
2024-07-08,ewma,-0.001907870038118036
2024-07-09,ewma,-0.0019463362894449178
2024-07-10,ewma,0.009422681140249363
2024-07-11,ewma,-0.005590017664715971
2024-07-12,ewma,0.0025764604552637686
2024-07-15,ewma,0.006495124709740665
2024-07-16,ewma,0.013444655127747585
2024-07-17,ewma,0.004669137297617159
2024-07-18,ewma,-0.010739337678130971
2024-07-19,ewma,-0.002633008898198284
2024-07-22,ewma,0.0010208384462076217
2024-07-23,ewma,-0.002354528737464898
2024-07-24,ewma,-0.008998092836305593
2024-07-25,ewma,-0.005126891089485407
2024-07-26,ewma,0.0139930413982486
2024-07-29,ewma,0.0007206643021828626
2024-07-30,ewma,-0.0007340134561509416
2024-07-31,ewma,-0.0034375489162907927
2024-07-01,ledoit_wolf,-0.004641938560077694
2024-07-02,ledoit_wolf,0.003145354735464255
2024-07-03,ledoit_wolf,-0.00023210247149556675
2024-07-05,ledoit_wolf,0.0032317773597964256
2024-07-08,ledoit_wolf,-0.0023820886237450965
2024-07-09,ledoit_wolf,-0.0007111611760020378
2024-07-10,ledoit_wolf,0.012234550153082207
2024-07-11,ledoit_wolf,0.0025070900619811242
2024-07-12,ledoit_wolf,0.0046747968443343725
2024-07-15,ledoit_wolf,0.002820958573797297
2024-07-16,ledoit_wolf,0.016062022188440765
2024-07-17,ledoit_wolf,0.016440724124723232
2024-07-18,ledoit_wolf,-0.006431555757240547
2024-07-19,ledoit_wolf,-0.003836693346883538
2024-07-22,ledoit_wolf,-0.0017589301385944492
2024-07-23,ledoit_wolf,-0.006921214658551731
2024-07-24,ledoit_wolf,0.006358067505503451
2024-07-25,ledoit_wolf,0.001193854379717927
2024-07-26,ledoit_wolf,0.01038959630167436
2024-07-29,ledoit_wolf,-0.0019532356696699855
2024-07-30,ledoit_wolf,0.004309802515900737
2024-07-31,ledoit_wolf,-0.005063971979631035
2024-07-01,equal_weight,-0.002563063263789745
2024-07-02,equal_weight,0.005860785950407512
2024-07-03,equal_weight,0.0034290876807277493
2024-07-05,equal_weight,0.006467232952044455
2024-07-08,equal_weight,-0.0013136618783845312
2024-07-09,equal_weight,-0.0007825921326184488
2024-07-10,equal_weight,0.011974983399606821
2024-07-11,equal_weight,0.00452286904586155
2024-07-12,equal_weight,0.004212115707055513
2024-07-15,equal_weight,0.0015484146082486458
2024-07-16,equal_weight,0.01525256849546212
2024-07-17,equal_weight,0.0028274677582151137
2024-07-18,equal_weight,-0.008207032001457167
2024-07-19,equal_weight,-0.004461679475576774
2024-07-22,equal_weight,-0.00018205645166537686
2024-07-23,equal_weight,-0.0028211517314681157
2024-07-24,equal_weight,-0.005585965969676132
2024-07-25,equal_weight,-0.005392646844081948
2024-07-26,equal_weight,0.01226712443200351
2024-07-29,equal_weight,0.0007279115948992404
2024-07-30,equal_weight,0.005740350657366805
2024-07-31,equal_weight,0.0030899767219266616
2024-08-01,sample,0.007487789525719142
2024-08-02,sample,0.006828081169660742
2024-08-05,sample,-0.022243366252930618
2024-08-06,sample,0.0017273174964461888
2024-08-07,sample,0.00324765769750295
2024-08-08,sample,0.007248725221845227
2024-08-09,sample,0.0007771292672944209
2024-08-12,sample,-0.0027575969685048607
2024-08-13,sample,0.002558759604378607
2024-08-14,sample,0.004624438161025875
2024-08-15,sample,0.0029223586686013218
2024-08-16,sample,0.001251417936682898
2024-08-19,sample,0.0036038097443775756
2024-08-20,sample,-0.0007850255610051676
2024-08-21,sample,0.0005668659808435579
2024-08-22,sample,-0.0009784256703654793
2024-08-23,sample,0.006159428531543672
2024-08-26,sample,0.00661624510747526
2024-08-27,sample,-0.0025554782319491594
2024-08-28,sample,0.0005661120008437398
2024-08-29,sample,0.005246561516277131
2024-08-30,sample,0.006905015210040379
2024-08-01,ewma,0.009060409842109794
2024-08-02,ewma,-0.002252630303011594
2024-08-05,ewma,-0.024804500526847302
2024-08-06,ewma,0.001433056357328948
2024-08-07,ewma,0.005876016811351412
2024-08-08,ewma,0.009616454917995074
2024-08-09,ewma,0.004325197960907027
2024-08-12,ewma,-0.003747568849646337
2024-08-13,ewma,0.00405448699544129
2024-08-14,ewma,0.001094174638752467
2024-08-15,ewma,0.00605523562672447
2024-08-16,ewma,0.0015464451614883932
2024-08-19,ewma,0.0038396127445993237
2024-08-20,ewma,-0.0031568462002868635
2024-08-21,ewma,0.0013762558325869044
2024-08-22,ewma,-0.003405557997284943
2024-08-23,ewma,0.005871570372348667
2024-08-26,ewma,0.006954811697726764
2024-08-27,ewma,-0.0049725812768772176
2024-08-28,ewma,-0.002486730644412174
2024-08-29,ewma,0.005784834391460572
2024-08-30,ewma,0.007954273455823987
2024-08-01,ledoit_wolf,0.007286608592632988
2024-08-02,ledoit_wolf,0.0063674763768953035
2024-08-05,ledoit_wolf,-0.022380600270972946
2024-08-06,ledoit_wolf,0.001528933303719082
2024-08-07,ledoit_wolf,0.0029796196741339446
2024-08-08,ledoit_wolf,0.007425412306827209
2024-08-09,ledoit_wolf,0.0007606747393203107
2024-08-12,ledoit_wolf,-0.0027485741020538326
2024-08-13,ledoit_wolf,0.0026968635354890492
2024-08-14,ledoit_wolf,0.004512167046924299
2024-08-15,ledoit_wolf,0.0030348051703014034
2024-08-16,ledoit_wolf,0.0014745388056001114
2024-08-19,ledoit_wolf,0.0035926844399520575
2024-08-20,ledoit_wolf,-0.0005795079579920347
2024-08-21,ledoit_wolf,0.000728298933305595
2024-08-22,ledoit_wolf,-0.0010282454899693345
2024-08-23,ledoit_wolf,0.006263815043171816
2024-08-26,ledoit_wolf,0.006529014902253962
2024-08-27,ledoit_wolf,-0.0023913365499106543
2024-08-28,ledoit_wolf,0.000474979490628438
2024-08-29,ledoit_wolf,0.0052905054239515605
2024-08-30,ledoit_wolf,0.006871393796003016
2024-08-01,equal_weight,0.004096525093286104
2024-08-02,equal_weight,-0.010757447339163858
2024-08-05,equal_weight,-0.026640752932173835
2024-08-06,equal_weight,0.007149955678994025
2024-08-07,equal_weight,-0.0016468468065767043
2024-08-08,equal_weight,0.013151863021815272
2024-08-09,equal_weight,0.002241107989420126
2024-08-12,equal_weight,-0.0015087973788419794
2024-08-13,equal_weight,0.007308692483109771
2024-08-14,equal_weight,0.0031927341711504667
2024-08-15,equal_weight,0.006333910103267614
2024-08-16,equal_weight,0.0022056160213488074
2024-08-19,equal_weight,0.005472427815661419
2024-08-20,equal_weight,-0.0016373961757720653
2024-08-21,equal_weight,0.0022751381464087145
2024-08-22,equal_weight,-0.003109031762162034
2024-08-23,equal_weight,0.010331605264514439
2024-08-26,equal_weight,0.003307878856845501
2024-08-27,equal_weight,-0.002105449135088576
2024-08-28,equal_weight,-0.0032738166171316268
2024-08-29,equal_weight,0.004339132573512986
2024-08-30,equal_weight,0.008784347547727316
2024-09-03,sample,0.00040687912857234414
2024-09-04,sample,0.0001776925383712405
2024-09-05,sample,-0.00806045477835161
2024-09-06,sample,-0.006504348594805143
2024-09-09,sample,0.008452208953058852
2024-09-10,sample,-0.0030195076031241837
2024-09-11,sample,-0.00791024104272197
2024-09-12,sample,0.002887842420585438
2024-09-13,sample,0.005706659409163515
2024-09-16,sample,0.00817520840832474
2024-09-17,sample,-0.0011725896027737263
2024-09-18,sample,-0.0038497980011624007
2024-09-19,sample,-0.0017914594820416488
2024-09-20,sample,0.0032364069844434493
2024-09-23,sample,0.0014209333450922658
2024-09-24,sample,-0.0019719939990925682
2024-09-25,sample,-0.006084118606352281
2024-09-26,sample,-0.0024145614289822104
2024-09-27,sample,0.00608251672690465
2024-09-30,sample,0.0030365677183625747
2024-09-03,ewma,-0.0013506923854081582
2024-09-04,ewma,-0.0004284403348755935
2024-09-05,ewma,-0.006051399784119345
2024-09-06,ewma,-0.007785772803027061
2024-09-09,ewma,0.009926345779383776
2024-09-10,ewma,-0.00501253941010373
2024-09-11,ewma,-0.005373500366727532
2024-09-12,ewma,0.0027982461297119954
2024-09-13,ewma,0.0048724054851843526
2024-09-16,ewma,0.008698133284952704
2024-09-17,ewma,1.5867753858178494e-05
2024-09-18,ewma,-0.0033397374044201356
2024-09-19,ewma,0.0021871099612583928
2024-09-20,ewma,0.005310240285735974
2024-09-23,ewma,0.002459981369227016
2024-09-24,ewma,-0.0019016595184557796
2024-09-25,ewma,-0.005861834042301036
2024-09-26,ewma,-0.0022803376596311907
2024-09-27,ewma,0.005564840524729363
2024-09-30,ewma,0.004269678965304055
2024-09-03,ledoit_wolf,-9.270001417181501e-06
2024-09-04,ledoit_wolf,-9.285016158019151e-05
2024-09-05,ledoit_wolf,-0.008053804340886497
2024-09-06,ledoit_wolf,-0.006717429084821766
2024-09-09,ledoit_wolf,0.008384503061618004
2024-09-10,ledoit_wolf,-0.002819724478853113
2024-09-11,ledoit_wolf,-0.007735184634153243
2024-09-12,ledoit_wolf,0.003044728170628116
2024-09-13,ledoit_wolf,0.00585167704154763
2024-09-16,ledoit_wolf,0.007916388532398035
2024-09-17,ledoit_wolf,-0.001115885726381316
2024-09-18,ledoit_wolf,-0.0036228211203376535
2024-09-19,ledoit_wolf,-0.0014824267733113807
2024-09-20,ledoit_wolf,0.0033035341334249875
2024-09-23,ledoit_wolf,0.0013338881872409058
2024-09-24,ledoit_wolf,-0.0016342102866958319
2024-09-25,ledoit_wolf,-0.006195936337175099
2024-09-26,ledoit_wolf,-0.002147206408396735
2024-09-27,ledoit_wolf,0.0059302515843650755
2024-09-30,ledoit_wolf,0.0031261863209799657
2024-09-03,equal_weight,-0.008259290818247621
2024-09-04,equal_weight,-0.0020218160228754854
2024-09-05,equal_weight,-0.0035672768394280213
2024-09-06,equal_weight,-0.012447485324794831
2024-09-09,equal_weight,0.010839542639218123
2024-09-10,equal_weight,0.0017920045690632803
2024-09-11,equal_weight,-0.001176077495574591
2024-09-12,equal_weight,0.006745090653739951
2024-09-13,equal_weight,0.00622503683381676
2024-09-16,equal_weight,0.005203630136999277
2024-09-17,equal_weight,0.0028981093206756777
2024-09-18,equal_weight,-0.002966172452307374
2024-09-19,equal_weight,0.008154691090978862
2024-09-20,equal_weight,0.0008294414997107874
2024-09-23,equal_weight,0.003524404552398932
2024-09-24,equal_weight,0.003549986231216396
2024-09-25,equal_weight,-0.005958924940897588
2024-09-26,equal_weight,-0.0006004805274311178
2024-09-27,equal_weight,0.002340754681989678
2024-09-30,equal_weight,0.004320202633577485
2024-10-01,sample,0.0004991594213849119
2024-10-02,sample,9.282684770066602e-06
2024-10-03,sample,-0.004327791597205375
2024-10-04,sample,0.0006509715873015982
2024-10-07,sample,-0.012004112932201945
2024-10-08,sample,-0.0008459085038900481
2024-10-09,sample,0.006819614498863811
2024-10-10,sample,0.003283113805513784
2024-10-11,sample,0.008669558061995907
2024-10-14,sample,0.0057444686708668586
2024-10-15,sample,-0.006700088492198965
2024-10-16,sample,0.005871315917618662
2024-10-17,sample,-0.0012800306057255812
2024-10-18,sample,0.0032065103517115116
2024-10-21,sample,-0.006539972327789461
2024-10-22,sample,0.002793485302184643
2024-10-23,sample,-0.0032377355242836944
2024-10-24,sample,-0.007815630388058334
2024-10-25,sample,-0.005445214281341794
2024-10-28,sample,0.002088577010487726
2024-10-29,sample,-0.009427905639583534
2024-10-30,sample,-5.243077912980574e-05
2024-10-31,sample,-0.00698002365715533
2024-10-01,ewma,-0.007037916138348165
2024-10-02,ewma,-0.0008625765442273384
2024-10-03,ewma,-0.006631092791832081
2024-10-04,ewma,-0.0022145981180006847
2024-10-07,ewma,-0.013256876623680833
2024-10-08,ewma,0.004292722948055878
2024-10-09,ewma,0.008875091610465801
2024-10-10,ewma,0.0011917402693511392
2024-10-11,ewma,0.007203581862630176
2024-10-14,ewma,0.00768121786711751
2024-10-15,ewma,0.000983104098774945
2024-10-16,ewma,0.00428300282961892
2024-10-17,ewma,-0.0009698999454700495
2024-10-18,ewma,0.005235179516720501
2024-10-21,ewma,-0.005693572352862568
2024-10-22,ewma,0.0015215813941607565
2024-10-23,ewma,-0.0051247258449612825
2024-10-24,ewma,-0.005103769929875345
2024-10-25,ewma,-0.005431852488111694
2024-10-28,ewma,0.0032764780600713886
2024-10-29,ewma,-0.010735574209496666
2024-10-30,ewma,-0.003388929314660382
2024-10-31,ewma,-0.010397911199974321
2024-10-01,ledoit_wolf,0.0003710443118845496
2024-10-02,ledoit_wolf,-5.438222915779274e-05
2024-10-03,ledoit_wolf,-0.0044079628718081635
2024-10-04,ledoit_wolf,0.0006218157657728448
2024-10-07,ledoit_wolf,-0.011864762404375864
2024-10-08,ledoit_wolf,-0.0007822932243662404
2024-10-09,ledoit_wolf,0.00691758037616171
2024-10-10,ledoit_wolf,0.003178044622875706
2024-10-11,ledoit_wolf,0.008676290357411631
2024-10-14,ledoit_wolf,0.0057124165225135096
2024-10-15,ledoit_wolf,-0.006734038757674611
2024-10-16,ledoit_wolf,0.005798258829740784
2024-10-17,ledoit_wolf,-0.0011686675423407615
2024-10-18,ledoit_wolf,0.0033119500730310523
2024-10-21,ledoit_wolf,-0.0064958807965609005
2024-10-22,ledoit_wolf,0.0027392806781141744
2024-10-23,ledoit_wolf,-0.003459246934516793
2024-10-24,ledoit_wolf,-0.008196065052081869
2024-10-25,ledoit_wolf,-0.0053528344303170735
2024-10-28,ledoit_wolf,0.002195243807134304
2024-10-29,ledoit_wolf,-0.009320975189392155
2024-10-30,ledoit_wolf,-0.0001512073433786985
2024-10-31,ledoit_wolf,-0.007053066634468502
2024-10-01,equal_weight,-0.001452163529694214
2024-10-02,equal_weight,-0.00038261029656813563
2024-10-03,equal_weight,-0.005048239743000761
2024-10-04,equal_weight,0.003054975781933371
2024-10-07,equal_weight,-0.007767768385743289
2024-10-08,equal_weight,0.0002994960553878497
2024-10-09,equal_weight,0.005017070272965214
2024-10-10,equal_weight,0.0005121312387944695
2024-10-11,equal_weight,0.011414812414517465
2024-10-14,equal_weight,0.005234332933056975
2024-10-15,equal_weight,-0.001569148209897755
2024-10-16,equal_weight,0.006733349561964306
2024-10-17,equal_weight,-0.0035890034536412707
2024-10-18,equal_weight,0.004035899630919396
2024-10-21,equal_weight,-0.0072997162830407995
2024-10-22,equal_weight,0.003422263110042581
2024-10-23,equal_weight,-0.005024754975436756
2024-10-24,equal_weight,-0.011515641865634023
2024-10-25,equal_weight,-0.005552746567415269
2024-10-28,equal_weight,0.004773069314730937
2024-10-29,equal_weight,-0.008389585513356003
2024-10-30,equal_weight,-0.0015648711385628112
2024-10-31,equal_weight,-0.012022351925247232
2024-11-01,sample,-0.0010729345355057853
2024-11-04,sample,-0.003350811058598401
2024-11-05,sample,0.006870337348730326
2024-11-06,sample,0.013506251761799433
2024-11-07,sample,-0.0019960094908090995
2024-11-08,sample,0.005427075963146503
2024-11-11,sample,-0.0026557007594152967
2024-11-12,sample,-0.00478283997699263
2024-11-13,sample,0.0011189594828689522
2024-11-14,sample,-0.0031953772986191634
2024-11-15,sample,0.0019002477391773468
2024-11-18,sample,0.004852079082582768
2024-11-19,sample,-0.0038629322324060427
2024-11-20,sample,0.005308360677757291
2024-11-21,sample,0.007271415628929449
2024-11-22,sample,0.00430773156907619
2024-11-25,sample,0.006293715557747525
2024-11-26,sample,0.005962058489702568
2024-11-27,sample,-0.0003239679719345257
2024-11-29,sample,0.0004315548332573529
2024-11-01,ewma,0.0010725406217801858
2024-11-04,ewma,-0.004164164220449889
2024-11-05,ewma,0.004480133619440127
2024-11-06,ewma,0.005130833286109717
2024-11-07,ewma,0.007891818828046026
2024-11-08,ewma,0.003911031012525532
2024-11-11,ewma,-0.0026296989686246026
2024-11-12,ewma,-0.0052225782744034725
2024-11-13,ewma,0.002130262563189614
2024-11-14,ewma,-0.0006549533235137249
2024-11-15,ewma,0.00014316485461233997
2024-11-18,ewma,0.010115151617614164
2024-11-19,ewma,-0.001303541895175221
2024-11-20,ewma,0.003940239762131125
2024-11-21,ewma,-0.0013942427315247522
2024-11-22,ewma,0.0016302225494072055
2024-11-25,ewma,0.005853011553063003
2024-11-26,ewma,0.00732573242991902
2024-11-27,ewma,0.00033383518347864394
2024-11-29,ewma,0.0006289851603997817
2024-11-01,ledoit_wolf,-0.0008219402112925186
2024-11-04,ledoit_wolf,-0.003445242940572235
2024-11-05,ledoit_wolf,0.006859833907590747
2024-11-06,ledoit_wolf,0.013691559460671104
2024-11-07,ledoit_wolf,-0.0017710990739178848
2024-11-08,ledoit_wolf,0.0051344671056468335
2024-11-11,ledoit_wolf,-0.002572228528028506
2024-11-12,ledoit_wolf,-0.004864664376079103
2024-11-13,ledoit_wolf,0.0011806838223971704
2024-11-14,ledoit_wolf,-0.00326590776458533
2024-11-15,ledoit_wolf,0.0015888525743220222
2024-11-18,ledoit_wolf,0.004882992480734698
2024-11-19,ledoit_wolf,-0.0037855304729477865
2024-11-20,ledoit_wolf,0.005315681607616909
2024-11-21,ledoit_wolf,0.007182443757408601
2024-11-22,ledoit_wolf,0.004281063809004276
2024-11-25,ledoit_wolf,0.006490541423478461
2024-11-26,ledoit_wolf,0.005777281885727518
2024-11-27,ledoit_wolf,-0.0003649718934151791
2024-11-29,ledoit_wolf,0.0005019828194053695
2024-11-01,equal_weight,0.0011111294770955436
2024-11-04,equal_weight,-0.0023014960927216013
2024-11-05,equal_weight,0.00845622675252127
2024-11-06,equal_weight,0.013114154274146868
2024-11-07,equal_weight,0.002762007330028571
2024-11-08,equal_weight,0.0029900169150916403
2024-11-11,equal_weight,-0.0049572467373154485
2024-11-12,equal_weight,-0.005645037000581911
2024-11-13,equal_weight,0.0037774126390522768
2024-11-14,equal_weight,-0.003311698515016611
2024-11-15,equal_weight,-0.003332659435681299
2024-11-18,equal_weight,0.006849704211269944
2024-11-19,equal_weight,0.0005369280013695766
2024-11-20,equal_weight,0.00043428003605652354
2024-11-21,equal_weight,0.004202455457891594
2024-11-22,equal_weight,0.004929180601285988
2024-11-25,equal_weight,0.009232719214947033
2024-11-26,equal_weight,0.004898739432858736
2024-11-27,equal_weight,-0.0004536686625208908
2024-11-29,equal_weight,0.001144395673953027
2024-12-02,sample,-0.0010155368897453525
2024-12-03,sample,-0.007558202688920371
2024-12-04,sample,-0.005542492564805906
2024-12-05,sample,-0.0009256818560373285
2024-12-06,sample,-0.008838120937267218
2024-12-09,sample,0.0001521042632491058
2024-12-10,sample,0.0016437029872058669
2024-12-11,sample,-0.007904636243432047
2024-12-12,sample,-0.0027312065443383902
2024-12-13,sample,-0.0026953056130561374
2024-12-16,sample,-0.008401836446009439
2024-12-17,sample,0.0014520186027570353
2024-12-18,sample,-0.01644834225759325
2024-12-19,sample,-0.0028120598916725635
2024-12-20,sample,0.007044038541531041
2024-12-23,sample,0.0027195154265548223
2024-12-24,sample,0.006240382476861433
2024-12-26,sample,0.00026184773997584324
2024-12-27,sample,-0.005249864314625193
2024-12-30,sample,-0.009735081793861906
2024-12-31,sample,0.002297855474922937
2024-12-02,ewma,0.0012526070843879994
2024-12-03,ewma,-0.006575329784873198
2024-12-04,ewma,-0.0084975103444845
2024-12-05,ewma,0.0012317598577304186
2024-12-06,ewma,-0.0060058378792582825
2024-12-09,ewma,-0.0006144392994633695
2024-12-10,ewma,0.007836087028803021
2024-12-11,ewma,0.002828760380323962
2024-12-12,ewma,-0.003035109668865307
2024-12-13,ewma,-0.0048907475543278605
2024-12-16,ewma,-0.004253335180828978
2024-12-17,ewma,0.0008059799206503923
2024-12-18,ewma,-0.020405454718319564
2024-12-19,ewma,-0.0050956677677354845
2024-12-20,ewma,0.007352062130059855
2024-12-23,ewma,0.004684202503009455
2024-12-24,ewma,0.005721266330618413
2024-12-26,ewma,-0.00018691604110126554
2024-12-27,ewma,-0.00508765345126193
2024-12-30,ewma,-0.009101144080323266
2024-12-31,ewma,0.003736768539292778
2024-12-02,ledoit_wolf,-0.0009978474276908424
2024-12-03,ledoit_wolf,-0.007217694105029199
2024-12-04,ledoit_wolf,-0.005716116152313718
2024-12-05,ledoit_wolf,-0.0010858919619517982
2024-12-06,ledoit_wolf,-0.008682761358286068
2024-12-09,ledoit_wolf,0.0003902333129950685
2024-12-10,ledoit_wolf,0.0015285846080333489
2024-12-11,ledoit_wolf,-0.007750853787304467
2024-12-12,ledoit_wolf,-0.002764718632077769
2024-12-13,ledoit_wolf,-0.0027603551521237723
2024-12-16,ledoit_wolf,-0.008558380618536992
2024-12-17,ledoit_wolf,0.0013580561609429834
2024-12-18,ledoit_wolf,-0.016687921128674912
2024-12-19,ledoit_wolf,-0.0032761708170121135
2024-12-20,ledoit_wolf,0.0072489274149192505
2024-12-23,ledoit_wolf,0.0027300229853853457
2024-12-24,ledoit_wolf,0.006312287298667335
2024-12-26,ledoit_wolf,0.00021031157266557157
2024-12-27,ledoit_wolf,-0.005229136598002325
2024-12-30,ledoit_wolf,-0.009703123946706199
2024-12-31,ledoit_wolf,0.0023423106629895155
2024-12-02,equal_weight,-0.0020945245273607223
2024-12-03,equal_weight,-0.0014558283378615807
2024-12-04,equal_weight,-0.0037151490964439267
2024-12-05,equal_weight,-0.001648926359915832
2024-12-06,equal_weight,-0.00349697137800191
2024-12-09,equal_weight,0.0014299104233354881
2024-12-10,equal_weight,-0.0021283177955827323
2024-12-11,equal_weight,0.00015334335475912487
2024-12-12,equal_weight,-0.006199287201993301
2024-12-13,equal_weight,-0.004355021791072045
2024-12-16,equal_weight,-0.005410765942921473
2024-12-17,equal_weight,-0.0033540671617664796
2024-12-18,equal_weight,-0.02766826960409052
2024-12-19,equal_weight,-0.006413611239536438
2024-12-20,equal_weight,0.011926953626205392
2024-12-23,equal_weight,0.003704577674125074
2024-12-24,equal_weight,0.007756586814940013
2024-12-26,equal_weight,-0.00040973407835275726
2024-12-27,equal_weight,-0.006590871291187031
2024-12-30,equal_weight,-0.009138120274545487
2024-12-31,equal_weight,0.0007161849053923407
2025-01-02,sample,-0.004897137369107869
2025-01-03,sample,0.003771335570044073
2025-01-06,sample,-0.004953254455811924
2025-01-07,sample,0.002818438884973316
2025-01-08,sample,1.5096272405282392e-05
2025-01-10,sample,-0.010741724781972446
2025-01-13,sample,0.010197374862254775
2025-01-14,sample,0.0037835848658670677
2025-01-15,sample,0.008029918950172552
2025-01-16,sample,-0.0009946086655511046
2025-01-17,sample,0.0056001703721401536
2025-01-21,sample,0.0034476486424810156
2025-01-22,sample,-0.002173410082030756
2025-01-23,sample,0.0060414620993406234
2025-01-24,sample,-0.00093479066113365
2025-01-27,sample,0.01894992363247375
2025-01-28,sample,-0.005629383799310508
2025-01-29,sample,-0.00014117762244611172
2025-01-30,sample,0.003297685206635622
2025-01-31,sample,-0.007363045356000412
2025-01-02,ewma,-0.0024622706718251397
2025-01-03,ewma,0.004319681433463524
2025-01-06,ewma,-0.002658238164763375
2025-01-07,ewma,0.0018662353571199382
2025-01-08,ewma,-0.001299248931689219
2025-01-10,ewma,-0.010559964791065283
2025-01-13,ewma,0.010291155782213275
2025-01-14,ewma,0.002009244953352959
2025-01-15,ewma,0.008145909335821034
2025-01-16,ewma,0.0002798630750466878
2025-01-17,ewma,0.005261349645839686
2025-01-21,ewma,0.006367921885834074
2025-01-22,ewma,-0.0038568103289135687
2025-01-23,ewma,0.006077685560842873
2025-01-24,ewma,0.0003880322961693941
2025-01-27,ewma,0.017456516408967504
2025-01-28,ewma,-0.00798207243853499
2025-01-29,ewma,0.0002473102110859078
2025-01-30,ewma,0.007295555159739347
2025-01-31,ewma,-0.005478396793135604
2025-01-02,ledoit_wolf,-0.004601474458863244
2025-01-03,ledoit_wolf,0.0038011701956359107
2025-01-06,ledoit_wolf,-0.004864461780158444
2025-01-07,ledoit_wolf,0.0028201915006072368
2025-01-08,ledoit_wolf,0.00023710979279876684
2025-01-10,ledoit_wolf,-0.010257387750533888
2025-01-13,ledoit_wolf,0.0101491323276004
2025-01-14,ledoit_wolf,0.003977223718447505
2025-01-15,ledoit_wolf,0.008060169175818286
2025-01-16,ledoit_wolf,-0.0008256628053341508
2025-01-17,ledoit_wolf,0.005616095829451925
2025-01-21,ledoit_wolf,0.003494921844872955
2025-01-22,ledoit_wolf,-0.0024739079214217453
2025-01-23,ledoit_wolf,0.006250935174144804
2025-01-24,ledoit_wolf,-0.0006283452461113826
2025-01-27,ledoit_wolf,0.019007127436599502
2025-01-28,ledoit_wolf,-0.005743342138730108
2025-01-29,ledoit_wolf,-0.00012955763929555007
2025-01-30,ledoit_wolf,0.003716921387026028
2025-01-31,ledoit_wolf,-0.007573427166343769
2025-01-02,equal_weight,-0.0012522574975441063
2025-01-03,equal_weight,0.0065462464931201675
2025-01-06,equal_weight,0.0009028769733405229
2025-01-07,equal_weight,-0.0009772260217452396
2025-01-08,equal_weight,0.0016608106579872695
2025-01-10,equal_weight,-0.011561362726172322
2025-01-13,equal_weight,0.008794994886500672
2025-01-14,equal_weight,0.007783019435702482
2025-01-15,equal_weight,0.013982062209232975
2025-01-16,equal_weight,0.004175556746152408
2025-01-17,equal_weight,0.0053258454172837606
2025-01-21,equal_weight,0.009552890135803873
2025-01-22,equal_weight,-0.006326877860161688
2025-01-23,equal_weight,0.011371635464668454
2025-01-24,equal_weight,0.003725690162614093
2025-01-27,equal_weight,0.010758522570573366
2025-01-28,equal_weight,-0.005305499886877841
2025-01-29,equal_weight,-0.001345163208659534
2025-01-30,equal_weight,0.004471997997853017
2025-01-31,equal_weight,-0.00601350755421772
2025-02-03,sample,-0.00039416682791627183
2025-02-04,sample,0.005400993703367157
2025-02-05,sample,0.0006183426777091828
2025-02-06,sample,-0.0010530440608045519
2025-02-07,sample,-0.005719625999619771
2025-02-10,sample,0.00691131855656775
2025-02-11,sample,0.012446984259844907
2025-02-12,sample,-0.00345922184356671
2025-02-13,sample,0.006842506387549973
2025-02-14,sample,-0.010238342774106356
2025-02-18,sample,0.0013059229108233431
2025-02-19,sample,0.00942744947923201
2025-02-20,sample,0.002444591376700286
2025-02-21,sample,-0.0018731987392212775
2025-02-24,sample,-0.001305116223291224
2025-02-25,sample,0.0036199183268682037
2025-02-26,sample,-0.00876856482282065
2025-02-27,sample,-0.0016257422222605798
2025-02-28,sample,0.011222014260452114
2025-02-03,ewma,-0.0017058538736335574
2025-02-04,ewma,0.00386373237870194
2025-02-05,ewma,-0.008234263913291798
2025-02-06,ewma,-0.0004571206976906573
2025-02-07,ewma,-0.011955133253344928
2025-02-10,ewma,0.0062695597878999285
2025-02-11,ewma,0.010565832249539957
2025-02-12,ewma,-0.0009121914395339441
2025-02-13,ewma,0.006442174575883445
2025-02-14,ewma,-0.00783624374523784
2025-02-18,ewma,-0.0016466072977060224
2025-02-19,ewma,0.00969308695629919
2025-02-20,ewma,0.0020677392475729546
2025-02-21,ewma,-0.002824212586632005
2025-02-24,ewma,-0.0024996722737530615
2025-02-25,ewma,0.003558865166605923
2025-02-26,ewma,-0.009244185788041103
2025-02-27,ewma,-0.005943581916946017
2025-02-28,ewma,0.010599791009368302
2025-02-03,ledoit_wolf,-0.0005406086141727935
2025-02-04,ledoit_wolf,0.005378879269339537
2025-02-05,ledoit_wolf,0.000339448901942051
2025-02-06,ledoit_wolf,-0.001004109373414967
2025-02-07,ledoit_wolf,-0.006125349716989048
2025-02-10,ledoit_wolf,0.006984185394800571
2025-02-11,ledoit_wolf,0.01245931382340092
2025-02-12,ledoit_wolf,-0.0032448054620515714
2025-02-13,ledoit_wolf,0.007031390363782038
2025-02-14,ledoit_wolf,-0.010154072450787976
2025-02-18,ledoit_wolf,0.0010300034923144425
2025-02-19,ledoit_wolf,0.009022067261265561
2025-02-20,ledoit_wolf,0.002102614660561549
2025-02-21,ledoit_wolf,-0.00228969160690045
2025-02-24,ledoit_wolf,-0.0014794755550025713
2025-02-25,ledoit_wolf,0.0040021054792353855
2025-02-26,ledoit_wolf,-0.008830043423403124
2025-02-27,ledoit_wolf,-0.0016729543005125696
2025-02-28,ledoit_wolf,0.011323966650341256
2025-02-03,equal_weight,-0.002975327576506976
2025-02-04,equal_weight,0.005447232785519473
2025-02-05,equal_weight,-0.0006724354609885879
2025-02-06,equal_weight,0.0018766258161013226
2025-02-07,equal_weight,-0.009930354878311403
2025-02-10,equal_weight,0.008171790948409828
2025-02-11,equal_weight,0.00777681274070508
2025-02-12,equal_weight,-0.005914664493155465
2025-02-13,equal_weight,0.00687945671404276
2025-02-14,equal_weight,-0.005048277805386324
2025-02-18,equal_weight,-0.0006688587454635182
2025-02-19,equal_weight,0.0014157827238425538
2025-02-20,equal_weight,-0.0008393423115787582
2025-02-21,equal_weight,-0.010769893050428149
2025-02-24,equal_weight,-0.005577979655966864
2025-02-25,equal_weight,0.004856550913265637
2025-02-26,equal_weight,-0.004592483051504836
2025-02-27,equal_weight,-0.004975925590586848
2025-02-28,equal_weight,0.014374048737376828
2025-03-03,sample,-0.005386721708011692
2025-03-04,sample,-0.010025403044718256
2025-03-05,sample,0.003801469985185568
2025-03-06,sample,0.0017707446431361135
2025-03-07,sample,0.006769699064768446
2025-03-10,sample,-0.007688133936877298
2025-03-11,sample,-0.010493905098654693
2025-03-12,sample,-0.009264086117995094
2025-03-13,sample,-0.0051448113139101375
2025-03-14,sample,0.01223472004480588
2025-03-17,sample,0.007349207488172324
2025-03-18,sample,-0.004041105576577032
2025-03-19,sample,0.004316046394363367
2025-03-20,sample,0.0013587585236884778
2025-03-21,sample,0.0005255294976432413
2025-03-24,sample,0.00336244284794409
2025-03-25,sample,-0.0026699303271109304
2025-03-26,sample,0.005049001555793941
2025-03-27,sample,0.003074790683151728
2025-03-28,sample,-0.008779967817576846
2025-03-31,sample,0.010844615943173347
2025-03-03,ewma,-0.008860368567820534
2025-03-04,ewma,-0.01426931825045449
2025-03-05,ewma,0.00770929781596035
2025-03-06,ewma,-0.0046122531597244075
2025-03-07,ewma,0.007479969467790715
2025-03-10,ewma,-0.010433474504421655
2025-03-11,ewma,-0.008216222048969124
2025-03-12,ewma,-0.0041223626883866125
2025-03-13,ewma,-0.007626692248419574
2025-03-14,ewma,0.015279038793418482
2025-03-17,ewma,0.005980622328145094
2025-03-18,ewma,-0.008597147643973072
2025-03-19,ewma,0.003591488499490427
2025-03-20,ewma,0.0014715418940682253
2025-03-21,ewma,0.0005890240311031583
2025-03-24,ewma,0.006447656312304581
2025-03-25,ewma,-0.0013071212166139725
2025-03-26,ewma,0.0016743206932443716
2025-03-27,ewma,0.0003142875939753779
2025-03-28,ewma,-0.011250546594516356
2025-03-31,ewma,0.008478368766982852
2025-03-03,ledoit_wolf,-0.005545353320495712
2025-03-04,ledoit_wolf,-0.010258291179057286
2025-03-05,ledoit_wolf,0.003911271971553551
2025-03-06,ledoit_wolf,0.0014950602566842985
2025-03-07,ledoit_wolf,0.006951772871767159
2025-03-10,ledoit_wolf,-0.008040637119191356
2025-03-11,ledoit_wolf,-0.010575014297206259
2025-03-12,ledoit_wolf,-0.009348069048132394
2025-03-13,ledoit_wolf,-0.0052751564021643734
2025-03-14,ledoit_wolf,0.012126271734202061
2025-03-17,ledoit_wolf,0.007308213918901775
2025-03-18,ledoit_wolf,-0.003980966165153485
2025-03-19,ledoit_wolf,0.004375410881183794
2025-03-20,ledoit_wolf,0.0013487708764536599
2025-03-21,ledoit_wolf,0.0004914120082920521
2025-03-24,ledoit_wolf,0.0036500634889526477
2025-03-25,ledoit_wolf,-0.0025882909056569657
2025-03-26,ledoit_wolf,0.005040132184476019
2025-03-27,ledoit_wolf,0.002957863863423956
2025-03-28,ledoit_wolf,-0.008912648068640013
2025-03-31,ledoit_wolf,0.010955083144878988
2025-03-03,equal_weight,-0.009936239629912948
2025-03-04,equal_weight,-0.01287336316716466
2025-03-05,equal_weight,0.008512185822916855
2025-03-06,equal_weight,-0.0051024049516282
2025-03-07,equal_weight,0.008899168570380568
2025-03-10,equal_weight,-0.01357195075639167
2025-03-11,equal_weight,-0.010608501810810207
2025-03-12,equal_weight,-0.0051810248972517965
2025-03-13,equal_weight,-0.009479398492626141
2025-03-14,equal_weight,0.015567434935875552
2025-03-17,equal_weight,0.006842728784919108
2025-03-18,equal_weight,-0.005881072118459022
2025-03-19,equal_weight,0.0057483249963380684
2025-03-20,equal_weight,0.0006216019008296074
2025-03-21,equal_weight,-0.000196668202661741
2025-03-24,equal_weight,0.007784929754448302
2025-03-25,equal_weight,-3.245514264053309e-05
2025-03-26,equal_weight,0.0011458889166428832
2025-03-27,equal_weight,0.0007713054876184197
2025-03-28,equal_weight,-0.013140505940811644
2025-03-31,equal_weight,0.009249820699782325
2025-04-01,sample,-0.007914740862474897
2025-04-02,sample,-0.00027803884555803503
2025-04-03,sample,-0.007188775990937837
2025-04-04,sample,-0.04780364192936691
2025-04-07,sample,-0.012547943400974995
2025-04-08,sample,-0.005809155254820804
2025-04-09,sample,0.04798850996425687
2025-04-10,sample,-0.014183724832876912
2025-04-11,sample,0.019811079970348366
2025-04-14,sample,0.006580545587321307
2025-04-15,sample,-0.005620048238106966
2025-04-16,sample,-0.00930301370174506
2025-04-17,sample,-0.0046939359535209495
2025-04-21,sample,-0.017960571557637743
2025-04-22,sample,0.017554849612133494
2025-04-23,sample,-0.00026458092562603257
2025-04-24,sample,0.0017597970210584436
2025-04-25,sample,0.000932333683632861
2025-04-28,sample,0.0018051474942616247
2025-04-29,sample,0.0024793741517414795
2025-04-30,sample,-0.0015777074605390154
2025-04-01,ewma,-0.0075359266649556705
2025-04-02,ewma,0.0005096000680155051
2025-04-03,ewma,-0.0027629848055220705
2025-04-04,ewma,-0.04931679590826145
2025-04-07,ewma,-0.010532136145169776
2025-04-08,ewma,-0.00641933876670729
2025-04-09,ewma,0.04901367196827605
2025-04-10,ewma,-0.01159260643944605
2025-04-11,ewma,0.02121617292869966
2025-04-14,ewma,0.00591433271999362
2025-04-15,ewma,-0.0051401364539750295
2025-04-16,ewma,-0.006480409528776662
2025-04-17,ewma,-0.007230013923326465
2025-04-21,ewma,-0.016466677647754804
2025-04-22,ewma,0.01599992833305019
2025-04-23,ewma,-0.0019031395142579234
2025-04-24,ewma,0.00997989448908162
2025-04-25,ewma,-0.0029723428159724786
2025-04-28,ewma,0.0016759813710017974
2025-04-29,ewma,0.0024558815743106603
2025-04-30,ewma,-0.002503520461403024
2025-04-01,ledoit_wolf,-0.007298245209709647
2025-04-02,ledoit_wolf,-0.00030013261113775525
2025-04-03,ledoit_wolf,-0.008370135473177203
2025-04-04,ledoit_wolf,-0.048118230853569074
2025-04-07,ledoit_wolf,-0.012639486310403472
2025-04-08,ledoit_wolf,-0.006262426062246738
2025-04-09,ledoit_wolf,0.04891057925983179
2025-04-10,ledoit_wolf,-0.01449276680938415
2025-04-11,ledoit_wolf,0.019695587977155773
2025-04-14,ledoit_wolf,0.00655949111733278
2025-04-15,ledoit_wolf,-0.005750635802354896
2025-04-16,ledoit_wolf,-0.009361430208018717
2025-04-17,ledoit_wolf,-0.00485111446887068
2025-04-21,ledoit_wolf,-0.0182502716848362
2025-04-22,ledoit_wolf,0.017652902625821566
2025-04-23,ledoit_wolf,-0.0001845189843640107
2025-04-24,ledoit_wolf,0.0016430818612409301
2025-04-25,ledoit_wolf,0.0008368594135584292
2025-04-28,ledoit_wolf,0.001831611440837361
2025-04-29,ledoit_wolf,0.002680239748938485
2025-04-30,ledoit_wolf,-0.0014934611747399519
2025-04-01,equal_weight,-0.0003763056406891187
2025-04-02,equal_weight,0.00257094675197622
2025-04-03,equal_weight,-0.03481412877228755
2025-04-04,equal_weight,-0.05209397841555114
2025-04-07,equal_weight,-0.010445453989650133
2025-04-08,equal_weight,-0.013900845658396069
2025-04-09,equal_weight,0.06887437212498826
2025-04-10,equal_weight,-0.020751794267686828
2025-04-11,equal_weight,0.018854764803194365
2025-04-14,equal_weight,0.007288951353883938
2025-04-15,equal_weight,-0.005706916303734429
2025-04-16,equal_weight,-0.010713628742788042
2025-04-17,equal_weight,-0.002837433509370978
2025-04-21,equal_weight,-0.02097453404161351
2025-04-22,equal_weight,0.01995990493975689
2025-04-23,equal_weight,0.004965911140352532
2025-04-24,equal_weight,0.01030292040512372
2025-04-25,equal_weight,-0.0012110433779788305
2025-04-28,equal_weight,0.0018400362770770724
2025-04-29,equal_weight,0.003693936339907385
2025-04-30,equal_weight,-0.0019405576887952763
2025-05-01,sample,0.00366368749109515
2025-05-02,sample,0.008710279155132648
2025-05-05,sample,-0.005406300584303702
2025-05-06,sample,0.0003750917166095559
2025-05-07,sample,-0.0010547785406149462
2025-05-08,sample,-0.0036924439533536106
2025-05-09,sample,-0.0030274581656683877
2025-05-12,sample,0.004692166544748057
2025-05-13,sample,-0.023055958961907944
2025-05-14,sample,-0.0009283474440617433
2025-05-15,sample,0.010602008635120048
2025-05-16,sample,0.009095167125037034
2025-05-19,sample,0.007015186882593866
2025-05-20,sample,-0.0006632205307850945
2025-05-21,sample,-0.0072908924269777554
2025-05-22,sample,-0.003882896210862039
2025-05-23,sample,-3.7965873149389535e-05
2025-05-27,sample,0.009919006637742252
2025-05-28,sample,-0.007457133910231203
2025-05-29,sample,0.0048485940454364865
2025-05-30,sample,0.007250010426660373
2025-05-01,ewma,-0.009253492837935806
2025-05-02,ewma,0.008022228714091445
2025-05-05,ewma,-0.0030413694310014675
2025-05-06,ewma,-0.0015424127836789919
2025-05-07,ewma,-0.0018592929789778816
2025-05-08,ewma,-0.0062572683808359226
2025-05-09,ewma,-0.004609550342402253
2025-05-12,ewma,0.0015910840387586243
2025-05-13,ewma,-0.02732208764608079
2025-05-14,ewma,-0.0007985003508639663
2025-05-15,ewma,0.012384547006331622
2025-05-16,ewma,0.0116102845665087
2025-05-19,ewma,0.008122036680653266
2025-05-20,ewma,0.0006804179392250698
2025-05-21,ewma,-0.008755067458637763
2025-05-22,ewma,-0.006837319778592618
2025-05-23,ewma,0.000987585945573838
2025-05-27,ewma,0.009807414476715046
2025-05-28,ewma,-0.006176642894363586
2025-05-29,ewma,0.0044036978361975294
2025-05-30,ewma,0.007551400116043149
2025-05-01,ledoit_wolf,0.0025958604477850826
2025-05-02,ledoit_wolf,0.008760613205090653
2025-05-05,ledoit_wolf,-0.005459181372445572
2025-05-06,ledoit_wolf,-0.00028367811831635676
2025-05-07,ledoit_wolf,-0.0010557572470679347
2025-05-08,ledoit_wolf,-0.0032895682524072
2025-05-09,ledoit_wolf,-0.0030799396671390496
2025-05-12,ledoit_wolf,0.006107677075981615
2025-05-13,ledoit_wolf,-0.022890839242160874
2025-05-14,ledoit_wolf,-0.000923065850897448
2025-05-15,ledoit_wolf,0.010131413356636686
2025-05-16,ledoit_wolf,0.00908084140738202
2025-05-19,ledoit_wolf,0.006883860421835886
2025-05-20,ledoit_wolf,-0.0005589981418092074
2025-05-21,ledoit_wolf,-0.007488125757510017
2025-05-22,ledoit_wolf,-0.0038658876968546566
2025-05-23,ledoit_wolf,4.516371475080333e-05
2025-05-27,ledoit_wolf,0.010202384623836741
2025-05-28,ledoit_wolf,-0.007207863156220771
2025-05-29,ledoit_wolf,0.004907913924357099
2025-05-30,ledoit_wolf,0.00688214638045993
2025-05-01,equal_weight,0.0038714765039452037
2025-05-02,equal_weight,0.011745774038768694
2025-05-05,equal_weight,-0.005649506826691524
2025-05-06,equal_weight,-0.003426232416840846
2025-05-07,equal_weight,-0.0018981180563627665
2025-05-08,equal_weight,0.003974105179048782
2025-05-09,equal_weight,0.0027182569978388303
2025-05-12,equal_weight,0.020399739689231876
2025-05-13,equal_weight,-0.006074726209263541
2025-05-14,equal_weight,-0.001742448105990499
2025-05-15,equal_weight,0.005326566488961666
2025-05-16,equal_weight,0.007077848681719204
2025-05-19,equal_weight,0.001374854505395357
2025-05-20,equal_weight,-0.002277067992215379
2025-05-21,equal_weight,-0.014430062788632646
2025-05-22,equal_weight,-0.004752939179830184
2025-05-23,equal_weight,-0.002009849084378538
2025-05-27,equal_weight,0.013952591455883935
2025-05-28,equal_weight,-0.005071086924527563
2025-05-29,equal_weight,0.0051145689857854185
2025-05-30,equal_weight,0.0037235578392052497
2025-06-02,sample,-0.0007008493248781172
2025-06-03,sample,-0.003926432874364693
2025-06-04,sample,-0.003048656266197186
2025-06-05,sample,-0.003040179076375237
2025-06-06,sample,0.009922874807248119
2025-06-09,sample,0.003010213290969041
2025-06-10,sample,0.007352107105981107
2025-06-11,sample,0.000703723256503802
2025-06-12,sample,0.0070651281710532665
2025-06-13,sample,-0.003977605009992063
2025-06-16,sample,-0.0020565111239164774
2025-06-17,sample,-0.0058788933861887525
2025-06-18,sample,-0.0047579746688231495
2025-06-20,sample,-0.002511276005549791
2025-06-23,sample,0.005728864307808175
2025-06-24,sample,0.0008615913698384473
2025-06-25,sample,-0.0015947467691453067
2025-06-26,sample,0.004962280199368712
2025-06-27,sample,0.006444249101938285
2025-06-30,sample,0.00025733897689123866
2025-06-02,ewma,0.0009488186320318823
2025-06-03,ewma,-0.005541521932102886
2025-06-04,ewma,-0.0006721321975286168
2025-06-05,ewma,-0.002996810711914678
2025-06-06,ewma,0.006668283475810947
2025-06-09,ewma,0.005074945993817874
2025-06-10,ewma,0.005585848897281027
2025-06-11,ewma,-0.0049027562627332434
2025-06-12,ewma,0.006938957668894189
2025-06-13,ewma,-0.0034302441391247233
2025-06-16,ewma,-0.00010237147195445791
2025-06-17,ewma,-0.007811273172983634
2025-06-18,ewma,-0.0046339982903870185
2025-06-20,ewma,-0.004681374062949875
2025-06-23,ewma,0.009633816332044265
2025-06-24,ewma,0.004079744658406449
2025-06-25,ewma,-0.0014530759190748673
2025-06-26,ewma,0.006279482885673411
2025-06-27,ewma,0.00629659418696422
2025-06-30,ewma,0.0020870676612526045
2025-06-02,ledoit_wolf,-0.0005478610145199149
2025-06-03,ledoit_wolf,-0.0038115450942531083
2025-06-04,ledoit_wolf,-0.0028660089070492653
2025-06-05,ledoit_wolf,-0.003262730408431694
2025-06-06,ledoit_wolf,0.010054478962589064
2025-06-09,ledoit_wolf,0.00279955201802946
2025-06-10,ledoit_wolf,0.0074156483317461604
2025-06-11,ledoit_wolf,0.000222726252600928
2025-06-12,ledoit_wolf,0.006949137484899603
2025-06-13,ledoit_wolf,-0.004527071537407753
2025-06-16,ledoit_wolf,-0.001523331780709317
2025-06-17,ledoit_wolf,-0.005816192523085302
2025-06-18,ledoit_wolf,-0.0046103516891022045
2025-06-20,ledoit_wolf,-0.002544553580482081
2025-06-23,ledoit_wolf,0.0058724907789285295
2025-06-24,ledoit_wolf,0.0013759387211200636
2025-06-25,ledoit_wolf,-0.0017882884584851941
2025-06-26,ledoit_wolf,0.0048608077393615355
2025-06-27,ledoit_wolf,0.006641558913672447
2025-06-30,ledoit_wolf,0.0004352518659439977
2025-06-02,equal_weight,0.003459867939964688
2025-06-03,equal_weight,0.0020435799983927992
2025-06-04,equal_weight,-0.0021756953476325756
2025-06-05,equal_weight,-0.0029856413729159688
2025-06-06,equal_weight,0.00994756790446278
2025-06-09,equal_weight,0.0026914420237033154
2025-06-10,equal_weight,0.006832867941997606
2025-06-11,equal_weight,-0.0014643158615835286
2025-06-12,equal_weight,0.006277816505069127
2025-06-13,equal_weight,-0.004800741830696962
2025-06-16,equal_weight,0.0034850678573191555
2025-06-17,equal_weight,-0.006015367448779667
2025-06-18,equal_weight,-0.0012891480758810744
2025-06-20,equal_weight,-0.001184729201833424
2025-06-23,equal_weight,0.007285497247035374
2025-06-24,equal_weight,0.0049190856604852725
2025-06-25,equal_weight,-0.0028562536892801395
2025-06-26,equal_weight,0.00868505376422497
2025-06-27,equal_weight,0.003821569798370587
2025-06-30,equal_weight,0.0014118020067920654
2025-07-01,sample,0.010512307405834635
2025-07-02,sample,-0.004689914063594166
2025-07-03,sample,0.005864635720862469
2025-07-07,sample,-0.005642239168261103
2025-07-08,sample,-0.0010716010149206
2025-07-09,sample,0.001755106642188902
2025-07-10,sample,0.004545858158779668
2025-07-11,sample,0.0001924321771005592
2025-07-14,sample,-0.004265027661921001
2025-07-15,sample,-0.00654189419076189
2025-07-16,sample,0.010216053523260746
2025-07-17,sample,0.0026389077055029506
2025-07-18,sample,-0.0047078408286182725
2025-07-21,sample,0.005335509033872794
2025-07-22,sample,0.006626248535571526
2025-07-23,sample,0.0020104126742878075
2025-07-24,sample,0.001546513335782726
2025-07-25,sample,0.00013917500991079924
2025-07-28,sample,-0.0067935103862264215
2025-07-29,sample,0.004925440283238859
2025-07-30,sample,-0.00382544939035817
2025-07-31,sample,-0.003168234277817931
2025-07-01,ewma,0.0119318288610647
2025-07-02,ewma,0.00176483885535446
2025-07-03,ewma,0.004147077721936008
2025-07-07,ewma,-0.006229844420532912
2025-07-08,ewma,-0.004789711316833409
2025-07-09,ewma,0.001060413570017384
2025-07-10,ewma,0.004535465067637477
2025-07-11,ewma,1.658816485796159e-05
2025-07-14,ewma,-0.0003780522654929559
2025-07-15,ewma,-0.010443231381484966
2025-07-16,ewma,0.00995582055059665
2025-07-17,ewma,0.0042489255534405804
2025-07-18,ewma,-0.003654478862445617
2025-07-21,ewma,0.007170119059372018
2025-07-22,ewma,0.009657558431501952
2025-07-23,ewma,0.0006215006923716537
2025-07-24,ewma,0.003971915612701983
2025-07-25,ewma,0.0023873607218683904
2025-07-28,ewma,-0.009519388660386322
2025-07-29,ewma,0.0003802085806043059
2025-07-30,ewma,-0.008444755480497251
2025-07-31,ewma,-0.006833614271332446
2025-07-01,ledoit_wolf,0.01081707631846341
2025-07-02,ledoit_wolf,-0.004550768570426984
2025-07-03,ledoit_wolf,0.005540749411743126
2025-07-07,ledoit_wolf,-0.005762656968815386
2025-07-08,ledoit_wolf,-0.0011839250911979658
2025-07-09,ledoit_wolf,0.0017543833077564267
2025-07-10,ledoit_wolf,0.004509338988450976
2025-07-11,ledoit_wolf,5.1801460092598325e-05
2025-07-14,ledoit_wolf,-0.004379349422379233
2025-07-15,ledoit_wolf,-0.00697256213147469
2025-07-16,ledoit_wolf,0.010346659210064972
2025-07-17,ledoit_wolf,0.0028066256035470714
2025-07-18,ledoit_wolf,-0.0039186729254166944
2025-07-21,ledoit_wolf,0.005273236952883356
2025-07-22,ledoit_wolf,0.0071833037057265695
2025-07-23,ledoit_wolf,0.0025041226842645583
2025-07-24,ledoit_wolf,0.0015828321277297803
2025-07-25,ledoit_wolf,3.4041738300308755e-05
2025-07-28,ledoit_wolf,-0.006690567343016781
2025-07-29,ledoit_wolf,0.0034439981471294963
2025-07-30,ledoit_wolf,-0.004667745219576876
2025-07-31,ledoit_wolf,-0.003882895684718279
2025-07-01,equal_weight,0.012993364414534152
2025-07-02,equal_weight,0.002632574220867437
2025-07-03,equal_weight,0.004472925903245637
2025-07-07,equal_weight,-0.00660832010688102
2025-07-08,equal_weight,-0.004035773722436784
2025-07-09,equal_weight,0.004896282265603321
2025-07-10,equal_weight,0.0056401211169633345
2025-07-11,equal_weight,-0.0008332292629940796
2025-07-14,equal_weight,-0.0015892150933468577
2025-07-15,equal_weight,-0.010769443490472642
2025-07-16,equal_weight,0.00571674128642395
2025-07-17,equal_weight,0.0016623447234302043
2025-07-18,equal_weight,-0.00048631128008890944
2025-07-21,equal_weight,0.0061249723330725255
2025-07-22,equal_weight,0.009630403866874755
2025-07-23,equal_weight,0.0025163544607761336
2025-07-24,equal_weight,-0.001200661099847725
2025-07-25,equal_weight,0.005084995734814617
2025-07-28,equal_weight,-0.005286868444600064
2025-07-29,equal_weight,-0.0034890244803593385
2025-07-30,equal_weight,-0.006630457925193419
2025-07-31,equal_weight,-0.001923300477943368
2025-08-01,sample,-0.002767453222064945
2025-08-04,sample,0.009256268113118115
2025-08-05,sample,-0.00042283596302666795
2025-08-06,sample,0.0021681230739866585
2025-08-07,sample,0.002060900975352916
2025-08-08,sample,0.005069306107148313
2025-08-11,sample,0.0015134290333220105
2025-08-12,sample,0.0038258092465127333
2025-08-13,sample,0.004680452552358772
2025-08-14,sample,-0.004262465576580412
2025-08-15,sample,0.008532694901071912
2025-08-18,sample,-0.002570898472208285
2025-08-19,sample,0.006248354299822841
2025-08-20,sample,0.0015936858800357917
2025-08-21,sample,3.957102465446257e-05
2025-08-22,sample,0.007143250942359107
2025-08-25,sample,-0.00690555981301178
2025-08-26,sample,-0.0031157821563119687
2025-08-27,sample,0.005175035896344658
2025-08-28,sample,-0.002117268928965025
2025-08-29,sample,0.0058954925615469
2025-08-01,ewma,-0.008082701137253102
2025-08-04,ewma,0.007918565521192075
2025-08-05,ewma,-0.0014290213464026474
2025-08-06,ewma,0.004644045487921756
2025-08-07,ewma,-0.00021155555172774193
2025-08-08,ewma,0.0020010839925591575
2025-08-11,ewma,-0.002098246391060373
2025-08-12,ewma,0.0021331967797397536
2025-08-13,ewma,0.002997907288769841
2025-08-14,ewma,-0.0018812120150953396
2025-08-15,ewma,0.0009404889647362482
2025-08-18,ewma,-0.005297729150271918
2025-08-19,ewma,0.0037045939857898867
2025-08-20,ewma,0.002916661002222231
2025-08-21,ewma,0.0005453017283610699
2025-08-22,ewma,0.009431012583987002
2025-08-25,ewma,-0.007318822193389677
2025-08-26,ewma,-0.0021984066465048475
2025-08-27,ewma,0.002422513611995545
2025-08-28,ewma,0.0009157143277584035
2025-08-29,ewma,0.0038557337622737407
2025-08-01,ledoit_wolf,-0.002887937372347588
2025-08-04,ledoit_wolf,0.009451487362615122
2025-08-05,ledoit_wolf,-0.00025992450722302034
2025-08-06,ledoit_wolf,0.002318656327013972
2025-08-07,ledoit_wolf,0.001957667548063617
2025-08-08,ledoit_wolf,0.004919089883714627
2025-08-11,ledoit_wolf,0.0013986947094784532
2025-08-12,ledoit_wolf,0.004012444517474465
2025-08-13,ledoit_wolf,0.004559668927331817
2025-08-14,ledoit_wolf,-0.004130251794369202
2025-08-15,ledoit_wolf,0.008902332470252182
2025-08-18,ledoit_wolf,-0.0026922268015501503
2025-08-19,ledoit_wolf,0.00588223208424774
2025-08-20,ledoit_wolf,0.001703090099295846
2025-08-21,ledoit_wolf,0.00017480841221519707
2025-08-22,ledoit_wolf,0.0073980365744545674
2025-08-25,ledoit_wolf,-0.006994909068936017
2025-08-26,ledoit_wolf,-0.0032747283356558813
2025-08-27,ledoit_wolf,0.0047881202523719435
2025-08-28,ledoit_wolf,-0.0020663945652218472
2025-08-29,ledoit_wolf,0.005925798191837571
2025-08-01,equal_weight,-0.013223510336992596
2025-08-04,equal_weight,0.011098005296841323
2025-08-05,equal_weight,0.0037777089010530497
2025-08-06,equal_weight,0.00322708019409929
2025-08-07,equal_weight,0.0014519683674976724
2025-08-08,equal_weight,0.00608536462202228
2025-08-11,equal_weight,-0.003338325143057763
2025-08-12,equal_weight,0.008116016326059277
2025-08-13,equal_weight,0.006438235017024107
2025-08-14,equal_weight,-0.0007742193551623562
2025-08-15,equal_weight,0.007549932626135276
2025-08-18,equal_weight,-0.002130176106428373
2025-08-19,equal_weight,0.004282092342307113
2025-08-20,equal_weight,0.0007300827480551932
2025-08-21,equal_weight,-0.0006346736126317437
2025-08-22,equal_weight,0.016123240064238258
2025-08-25,equal_weight,-0.005945389799960548
2025-08-26,equal_weight,-0.0006460244697279725
2025-08-27,equal_weight,0.0018767669087100133
2025-08-28,equal_weight,0.0010717734066264962
2025-08-29,equal_weight,0.0028548956730361425
2025-09-02,sample,-0.0002140823662903006
2025-09-03,sample,0.0017097582594819193
2025-09-04,sample,0.0022828922626684516
2025-09-05,sample,-0.0066152723200846196
2025-09-08,sample,-0.00030396539007360634
2025-09-09,sample,0.007672782561418601
2025-09-10,sample,0.000561438974161875
2025-09-11,sample,0.005609508524935594
2025-09-12,sample,0.00018412647830682997
2025-09-15,sample,0.003421596126313438
2025-09-16,sample,-0.0027924329829660563
2025-09-17,sample,0.005411770241246143
2025-09-18,sample,-0.008946127611490289
2025-09-19,sample,0.004166074555212439
2025-09-22,sample,-0.005902826431015045
2025-09-23,sample,0.005516109195863753
2025-09-24,sample,0.00042500517843973955
2025-09-25,sample,-0.0032884335230298394
2025-09-26,sample,0.005550910399378512
2025-09-29,sample,-0.00034541197966624646
2025-09-30,sample,0.0037054287151261594
2025-09-02,ewma,-0.0019444703156595634
2025-09-03,ewma,-0.005452994402206598
2025-09-04,ewma,0.002012376874475228
2025-09-05,ewma,-0.013994276347794689
2025-09-08,ewma,-0.0022705388997977752
2025-09-09,ewma,0.005559803519684844
2025-09-10,ewma,0.004571976688663777
2025-09-11,ewma,0.005623528077369809
2025-09-12,ewma,0.0013951844844519118
2025-09-15,ewma,0.0026832113230783666
2025-09-16,ewma,-0.0010847034360602806
2025-09-17,ewma,0.00615002570511502
2025-09-18,ewma,-0.006216340236686419
2025-09-19,ewma,0.004197881119302934
2025-09-22,ewma,-0.0024838688920926547
2025-09-23,ewma,0.004832772363195582
2025-09-24,ewma,0.0021850135975292795
2025-09-25,ewma,-0.00047879117476415075
2025-09-26,ewma,0.006235496751327683
2025-09-29,ewma,-0.002700001526736026
2025-09-30,ewma,0.0013500043599137942
2025-09-02,ledoit_wolf,-0.00032457151212862386
2025-09-03,ledoit_wolf,0.0013998544746987437
2025-09-04,ledoit_wolf,0.0024050615044119545
2025-09-05,ledoit_wolf,-0.006303145542244091
2025-09-08,ledoit_wolf,-0.0006677466797814377
2025-09-09,ledoit_wolf,0.00779678933890617
2025-09-10,ledoit_wolf,0.000271146549023632
2025-09-11,ledoit_wolf,0.005930942291822166
2025-09-12,ledoit_wolf,-0.0001045517939657892
2025-09-15,ledoit_wolf,0.0031690107276830027
2025-09-16,ledoit_wolf,-0.0024714944899880847
2025-09-17,ledoit_wolf,0.005463869718863123
2025-09-18,ledoit_wolf,-0.008892631830616641
2025-09-19,ledoit_wolf,0.003787497593613712
2025-09-22,ledoit_wolf,-0.005813879880505274
2025-09-23,ledoit_wolf,0.005151872737393145
2025-09-24,ledoit_wolf,0.00055841444699918
2025-09-25,ledoit_wolf,-0.003151577255853853
2025-09-26,ledoit_wolf,0.005147224726271186
2025-09-29,ledoit_wolf,-0.0002455600079225127
2025-09-30,ledoit_wolf,0.003587902655902588
2025-09-02,equal_weight,-0.0032272787059136965
2025-09-03,equal_weight,0.0011685529291116862
2025-09-04,equal_weight,0.005934316492411604
2025-09-05,equal_weight,-0.0022671695544535346
2025-09-08,equal_weight,-0.0026010940079448995
2025-09-09,equal_weight,0.006458361569635281
2025-09-10,equal_weight,-0.0009925784541884315
2025-09-11,equal_weight,0.01068178234545466
2025-09-12,equal_weight,-0.00031324624660601934
2025-09-15,equal_weight,0.003264146569398921
2025-09-16,equal_weight,-6.474750376800429e-06
2025-09-17,equal_weight,0.004847925881112558
2025-09-18,equal_weight,-0.0005209714655915859
2025-09-19,equal_weight,0.0036999916297269387
2025-09-22,equal_weight,0.0010729562821471693
2025-09-23,equal_weight,-0.00012287032368825043
2025-09-24,equal_weight,-0.0007578311273625885
2025-09-25,equal_weight,-0.0019423710704888565
2025-09-26,equal_weight,0.005376424664609351
2025-09-29,equal_weight,-0.00017778804219834368
2025-09-30,equal_weight,-0.000744291633495379
2025-10-01,sample,-0.0004940083229035786
2025-10-02,sample,-0.004395398609195641
2025-10-03,sample,0.00898378778727456
2025-10-06,sample,0.0031465981793514577
2025-10-07,sample,0.003108745744758107
2025-10-08,sample,-0.0018618824330806627
2025-10-09,sample,-0.0020296813576723433
2025-10-10,sample,-0.006813073952566644
2025-10-13,sample,0.0025771652220647565
2025-10-14,sample,0.0053139097512686926
2025-10-15,sample,9.08980158865152e-05
2025-10-16,sample,-0.0004932585371078566
2025-10-17,sample,0.00828156706294303
2025-10-20,sample,0.004908679603965781
2025-10-21,sample,0.003053467692565112
2025-10-22,sample,0.0034090749257026155
2025-10-23,sample,-0.0026772484584273583
2025-10-24,sample,0.0015316496911436993
2025-10-27,sample,0.006070200889632049
2025-10-28,sample,-0.003169095932374454
2025-10-29,sample,-0.006409708961778525
2025-10-30,sample,-0.002341089847082413
2025-10-31,sample,-0.0019047952451559024
2025-10-01,ewma,0.003161818862484983
2025-10-02,ewma,-0.0017053524219785903
2025-10-03,ewma,0.00572067371305466
2025-10-06,ewma,0.0037568611922403398
2025-10-07,ewma,0.0010007035655330639
2025-10-08,ewma,0.0013402129159395073
2025-10-09,ewma,-0.0029560468419282775
2025-10-10,ewma,-0.01141218306677335
2025-10-13,ewma,0.008827460674115283
2025-10-14,ewma,0.007344988581082291
2025-10-15,ewma,0.003913919240543972
2025-10-16,ewma,0.0018302621036135691
2025-10-17,ewma,0.0023653316629721004
2025-10-20,ewma,0.009386468042152069
2025-10-21,ewma,-0.0005879783828235921
2025-10-22,ewma,-0.001569422791321704
2025-10-23,ewma,-0.00016742523808908893
2025-10-24,ewma,0.0006811231336702329
2025-10-27,ewma,0.006405742692714349
2025-10-28,ewma,-0.004480360498465178
2025-10-29,ewma,0.002673709924007183
2025-10-30,ewma,-0.00624283516372754
2025-10-31,ewma,0.0017648362757382609
2025-10-01,ledoit_wolf,-0.000773308044336947
2025-10-02,ledoit_wolf,-0.004343641565951888
2025-10-03,ledoit_wolf,0.008345402800864406
2025-10-06,ledoit_wolf,0.00255030172680825
2025-10-07,ledoit_wolf,0.0031265196508231917
2025-10-08,ledoit_wolf,-0.0020621624446713676
2025-10-09,ledoit_wolf,-0.001959077255907926
2025-10-10,ledoit_wolf,-0.007052201668053589
2025-10-13,ledoit_wolf,0.0025952828591193407
2025-10-14,ledoit_wolf,0.005328962642190089
2025-10-15,ledoit_wolf,0.00038353206794190776
2025-10-16,ledoit_wolf,-0.0005200603315315413
2025-10-17,ledoit_wolf,0.008048458763662482
2025-10-20,ledoit_wolf,0.005237934402703581
2025-10-21,ledoit_wolf,0.0027302493634689708
2025-10-22,ledoit_wolf,0.002918544423262372
2025-10-23,ledoit_wolf,-0.0028606225524839095
2025-10-24,ledoit_wolf,0.0017851408443695363
2025-10-27,ledoit_wolf,0.005846894488118159
2025-10-28,ledoit_wolf,-0.0034561769928405537
2025-10-29,ledoit_wolf,-0.006745526295954114
2025-10-30,ledoit_wolf,-0.0024335901269556294
2025-10-31,ledoit_wolf,-0.0011103296526622209
2025-10-01,equal_weight,0.0005907895564865996
2025-10-02,equal_weight,-0.00031181007326747275
2025-10-03,equal_weight,0.005423647390692786
2025-10-06,equal_weight,0.0019621160712017215
2025-10-07,equal_weight,-0.0014342627121836122
2025-10-08,equal_weight,0.001526137285769453
2025-10-09,equal_weight,-0.005513845708572423
2025-10-10,equal_weight,-0.016106017122377775
2025-10-13,equal_weight,0.010856728153413325
2025-10-14,equal_weight,0.007413190583253653
2025-10-15,equal_weight,0.009217126663274103
2025-10-16,equal_weight,-0.002626214153034305
2025-10-17,equal_weight,0.0011351613568732536
2025-10-20,equal_weight,0.012241219766118777
2025-10-21,equal_weight,-0.0059689502722155095
2025-10-22,equal_weight,-0.0030165193325209713
2025-10-23,equal_weight,0.0015521311140313477
2025-10-24,equal_weight,0.0020840522705419537
2025-10-27,equal_weight,0.005287923819166724
2025-10-28,equal_weight,-0.0045513968214747
2025-10-29,equal_weight,-0.000929211410134966
2025-10-30,equal_weight,-0.004948611276332612
2025-10-31,equal_weight,0.001789218516598365
2025-11-03,sample,-0.007300542208049373
2025-11-04,sample,-0.0007082655507815825
2025-11-05,sample,-0.0038415448392558026
2025-11-06,sample,-0.0012078480915097322
2025-11-07,sample,0.005331837471410365
2025-11-10,sample,0.005982234518641514
2025-11-11,sample,0.01349335988436676
2025-11-12,sample,-0.001142552173068855
2025-11-13,sample,-0.005979153746142543
2025-11-14,sample,0.001965194779087517
2025-11-17,sample,0.0020661238938784873
2025-11-18,sample,-0.0053879656670741405
2025-11-19,sample,-0.0027053443694410526
2025-11-20,sample,-0.002035311506014343
2025-11-21,sample,0.00931442226400065
2025-11-24,sample,0.0008601444857988247
2025-11-25,sample,0.005247888684424725
2025-11-26,sample,0.00581591538344594
2025-11-28,sample,0.00435806604402517
2025-11-03,ewma,-0.006139172263915974
2025-11-04,ewma,-0.003227242481367873
2025-11-05,ewma,-0.0009000547146559425
2025-11-06,ewma,-0.0013287046048717764
2025-11-07,ewma,0.0045843556509961095
2025-11-10,ewma,0.006756557850089351
2025-11-11,ewma,0.011261066527180438
2025-11-12,ewma,0.0011356028695109213
2025-11-13,ewma,-0.009971143950721118
2025-11-14,ewma,0.0004333173251540348
2025-11-17,ewma,-0.0005895058038036308
2025-11-18,ewma,-0.007893401238103436
2025-11-19,ewma,-0.00146810988121631
2025-11-20,ewma,-0.006275167664468702
2025-11-21,ewma,0.0077734947496551805
2025-11-24,ewma,0.00020788929361205454
2025-11-25,ewma,0.006266361749077215
2025-11-26,ewma,0.009449395151575479
2025-11-28,ewma,0.005514078387290098
2025-11-03,ledoit_wolf,-0.007796496231205322
2025-11-04,ledoit_wolf,-0.0009167185278749497
2025-11-05,ledoit_wolf,-0.0033940383860446895
2025-11-06,ledoit_wolf,-0.0013247117948762472
2025-11-07,ledoit_wolf,0.005051046822548026
2025-11-10,ledoit_wolf,0.005791260049555954
2025-11-11,ledoit_wolf,0.01314446286157479
2025-11-12,ledoit_wolf,-0.00134099565469741
2025-11-13,ledoit_wolf,-0.006103796393961011
2025-11-14,ledoit_wolf,0.0016883135308880968
2025-11-17,ledoit_wolf,0.0016697276794285943
2025-11-18,ledoit_wolf,-0.0052964540845529635
2025-11-19,ledoit_wolf,-0.0025118547087691406
2025-11-20,ledoit_wolf,-0.002206251642497689
2025-11-21,ledoit_wolf,0.009471602356741864
2025-11-24,ledoit_wolf,0.0011694730413209298
2025-11-25,ledoit_wolf,0.005579468218279916
2025-11-26,ledoit_wolf,0.005828235702585572
2025-11-28,ledoit_wolf,0.0044370504454306695
2025-11-03,equal_weight,-0.005055837433554483
2025-11-04,equal_weight,-0.004015716186003597
2025-11-05,equal_weight,-0.0001252458783472482
2025-11-06,equal_weight,0.0016868858567547225
2025-11-07,equal_weight,0.005106004108646424
2025-11-10,equal_weight,0.00899289896776876
2025-11-11,equal_weight,0.010337678074867209
2025-11-12,equal_weight,-0.0012589286284303786
2025-11-13,equal_weight,-0.011756873998383986
2025-11-14,equal_weight,-0.003445617806896834
2025-11-17,equal_weight,-0.004844730226020295
2025-11-18,equal_weight,-0.007235357015747863
2025-11-19,equal_weight,-0.00045061052002380846
2025-11-20,equal_weight,-0.008311245859420398
2025-11-21,equal_weight,0.012638836020707422
2025-11-24,equal_weight,0.006670442627050884
2025-11-25,equal_weight,0.009856377966667114
2025-11-26,equal_weight,0.007770388873352648
2025-11-28,equal_weight,0.006593367347307383
2025-12-01,sample,-0.009865427145628039
2025-12-02,sample,-0.005080688965661415
2025-12-03,sample,0.0011781235704843547
2025-12-04,sample,-0.005675328214405268
2025-12-05,sample,-0.0036222664018249716
2025-12-08,sample,-0.005518621584612386
2025-12-09,sample,0.001943320898102353
2025-12-10,sample,0.0034671127461471506
2025-12-11,sample,0.0031052543443717273
2025-12-12,sample,0.0037518017432718377
2025-12-15,sample,0.0029616909943790785
2025-12-16,sample,-0.01068244938319186
2025-12-17,sample,0.0059835929074533115
2025-12-18,sample,-0.0011728982854866496
2025-12-19,sample,-0.004247708896544149
2025-12-22,sample,0.0027213409939386745
2025-12-23,sample,0.0023932597247678386
2025-12-24,sample,0.0044803825318070565
2025-12-26,sample,-0.00041140155432895116
2025-12-29,sample,0.001572737699464212
2025-12-30,sample,0.0002496487818714238
2025-12-31,sample,-0.004198288547969536
2025-12-01,ewma,-0.008280624048219769
2025-12-02,ewma,-0.005631254329216788
2025-12-03,ewma,0.0033765451802552806
2025-12-04,ewma,-0.0040782255594583715
2025-12-05,ewma,-0.005616107172068813
2025-12-08,ewma,-0.009173764109622666
2025-12-09,ewma,-3.3476803566361945e-05
2025-12-10,ewma,0.0096492759504888
2025-12-11,ewma,0.0030935049718579175
2025-12-12,ewma,0.001645895553251952
2025-12-15,ewma,0.004007117076550651
2025-12-16,ewma,-0.011669146130110681
2025-12-17,ewma,0.005949152370453507
2025-12-18,ewma,-0.0035565758294812543
2025-12-19,ewma,-0.002761452700397719
2025-12-22,ewma,0.004882531383809598
2025-12-23,ewma,0.0027567268748130438
2025-12-24,ewma,0.004613531422762968
2025-12-26,ewma,-0.0014186913969818445
2025-12-29,ewma,0.001492073191428012
2025-12-30,ewma,0.00038168258071285166
2025-12-31,ewma,-0.003444039207711633
2025-12-01,ledoit_wolf,-0.010063667689613396
2025-12-02,ledoit_wolf,-0.005116644386126105
2025-12-03,ledoit_wolf,0.0013971869520299314
2025-12-04,ledoit_wolf,-0.004867815164571702
2025-12-05,ledoit_wolf,-0.0038117133639578565
2025-12-08,ledoit_wolf,-0.005698539932664989
2025-12-09,ledoit_wolf,0.0007165280308696129
2025-12-10,ledoit_wolf,0.004100765417607545
2025-12-11,ledoit_wolf,0.0030360770269476514
2025-12-12,ledoit_wolf,0.003647602334416102
2025-12-15,ledoit_wolf,0.0031393374713934497
2025-12-16,ledoit_wolf,-0.01036002464394134
2025-12-17,ledoit_wolf,0.005432610368947038
2025-12-18,ledoit_wolf,-0.001578899431239933
2025-12-19,ledoit_wolf,-0.004223012482519288
2025-12-22,ledoit_wolf,0.0028485096745956484
2025-12-23,ledoit_wolf,0.0024495798960888285
2025-12-24,ledoit_wolf,0.004524165766093737
2025-12-26,ledoit_wolf,-0.0004205872516387657
2025-12-29,ledoit_wolf,0.001319023680407078
2025-12-30,ledoit_wolf,0.0004543971229252155
2025-12-31,ledoit_wolf,-0.004126030146737214
2025-12-01,equal_weight,-0.006323297129180661
2025-12-02,equal_weight,-0.0020320336464212316
2025-12-03,equal_weight,0.005335354154356094
2025-12-04,equal_weight,-0.0007622593440137521
2025-12-05,equal_weight,-0.0017595160202947535
2025-12-08,equal_weight,-0.011298429703416251
2025-12-09,equal_weight,-0.0027824160552619476
2025-12-10,equal_weight,0.011181893629834957
2025-12-11,equal_weight,0.008228609044686381
2025-12-12,equal_weight,-0.0012647562252427963
2025-12-15,equal_weight,0.0005696848704381222
2025-12-16,equal_weight,-0.009370486447350354
2025-12-17,equal_weight,-8.789530364518511e-05
2025-12-18,equal_weight,-0.0012914634688414711
2025-12-19,equal_weight,-0.000922608256145718
2025-12-22,equal_weight,0.006404455531478987
2025-12-23,equal_weight,0.00331002561690131
2025-12-24,equal_weight,0.004233634451349201
2025-12-26,equal_weight,0.000446722714605306
2025-12-29,equal_weight,-0.004229260235496488
2025-12-30,equal_weight,0.0024079349004519197
2025-12-31,equal_weight,-0.006048290421074531
2026-01-02,sample,-0.001940862039854749
2026-01-05,sample,-0.0016651720737761936
2026-01-06,sample,-4.804877574705402e-05
2026-01-07,sample,-0.003713541619596042
2026-01-08,sample,0.012219483699581122
2026-01-09,sample,0.004368970344469391
2026-01-12,sample,0.004085137902088133
2026-01-13,sample,0.0063741578988347515
2026-01-14,sample,0.0066570168600934634
2026-01-15,sample,-0.0033107266530317163
2026-01-16,sample,0.0002237762798835963
2026-01-20,sample,0.0006525251005766891
2026-01-21,sample,0.0028450845893890605
2026-01-22,sample,0.004317286194204722
2026-01-23,sample,0.009662437119557957
2026-01-26,sample,0.0035548229005984543
2026-01-27,sample,0.0033306985921704923
2026-01-28,sample,0.0024563509783928996
2026-01-29,sample,-0.007109687002223235
2026-01-30,sample,0.003365282830182178
2026-01-02,ewma,-5.117788146519371e-05
2026-01-05,ewma,0.0029979366551988232
2026-01-06,ewma,-0.00421550011000725
2026-01-07,ewma,-0.008663601270422835
2026-01-08,ewma,0.010569318714240463
2026-01-09,ewma,0.005696180038459163
2026-01-12,ewma,0.0038774470137973825
2026-01-13,ewma,0.004484816064321618
2026-01-14,ewma,0.00262351678418083
2026-01-15,ewma,-0.0030930613322718327
2026-01-16,ewma,0.000404868195165344
2026-01-20,ewma,-0.006177847585074749
2026-01-21,ewma,0.0013971898040099995
2026-01-22,ewma,0.005256309177354823
2026-01-23,ewma,0.005317052664846646
2026-01-26,ewma,0.007708762840985273
2026-01-27,ewma,0.00967295520449536
2026-01-28,ewma,-0.0008577115934675697
2026-01-29,ewma,-0.002079056915568058
2026-01-30,ewma,0.00556865280484678
2026-01-02,ledoit_wolf,-0.0016238319230868178
2026-01-05,ledoit_wolf,-0.0005979795395453379
2026-01-06,ledoit_wolf,-0.00015868527815736388
2026-01-07,ledoit_wolf,-0.004654894240448581
2026-01-08,ledoit_wolf,0.012394607701902021
2026-01-09,ledoit_wolf,0.004387230235624928
2026-01-12,ledoit_wolf,0.004014020117644733
2026-01-13,ledoit_wolf,0.005765845950559695
2026-01-14,ledoit_wolf,0.006299782023591893
2026-01-15,ledoit_wolf,-0.0028078671550785263
2026-01-16,ledoit_wolf,0.00018846889089665808
2026-01-20,ledoit_wolf,-0.0002843586368964984
2026-01-21,ledoit_wolf,0.0030306771488631335
2026-01-22,ledoit_wolf,0.004398682473248811
2026-01-23,ledoit_wolf,0.008881226743659742
2026-01-26,ledoit_wolf,0.003740228240410381
2026-01-27,ledoit_wolf,0.0026030111544515155
2026-01-28,ledoit_wolf,0.0019436150138979246
2026-01-29,ledoit_wolf,-0.005401354498568367
2026-01-30,ledoit_wolf,0.003732710497351412
2026-01-02,equal_weight,0.005482946864557829
2026-01-05,equal_weight,0.009095854622363765
2026-01-06,equal_weight,0.0029472856778907245
2026-01-07,equal_weight,-0.012017973200079506
2026-01-08,equal_weight,0.011382608656837389
2026-01-09,equal_weight,0.006303302927660624
2026-01-12,equal_weight,0.004173347170963869
2026-01-13,equal_weight,0.0015229636831825349
2026-01-14,equal_weight,0.0003035465361519553
2026-01-15,equal_weight,0.0017837822367906566
2026-01-16,equal_weight,0.0010798549954765396
2026-01-20,equal_weight,-0.010467417002303145
2026-01-21,equal_weight,0.008519597582929495
2026-01-22,equal_weight,0.006312349205827454
2026-01-23,equal_weight,0.0026967923611579438
2026-01-26,equal_weight,0.006241557872696608
2026-01-27,equal_weight,-0.0022282269034665627
2026-01-28,equal_weight,0.0006877531642617539
2026-01-29,equal_weight,0.0073166903645112275
2026-01-30,equal_weight,-0.0031464835440768975
2026-02-02,sample,-0.0015764052040888456
2026-02-03,sample,0.00819356127000968
2026-02-04,sample,0.004942571916001326
2026-02-05,sample,-0.004390135258088207
2026-02-06,sample,0.005877865138513159
2026-02-09,sample,0.00240764253054091
2026-02-10,sample,0.00018565277839442185
2026-02-11,sample,0.007860635997818667
2026-02-12,sample,0.0001797601999482851
2026-02-13,sample,0.001478968561465753
2026-02-17,sample,-0.004975930541663863
2026-02-18,sample,0.0016575238440310323
2026-02-19,sample,0.002784086322818497
2026-02-20,sample,0.0005773621564980306
2026-02-23,sample,0.003649070182417639
2026-02-24,sample,0.0021231423439667194
2026-02-25,sample,0.0030464855373723734
2026-02-26,sample,-0.001279033776497243
2026-02-27,sample,0.01177154328436326
2026-02-02,ewma,0.001461371226872267
2026-02-03,ewma,0.006248066901356108
2026-02-04,ewma,0.00415841399115344
2026-02-05,ewma,-0.001373559631171818
2026-02-06,ewma,0.007811146064414421
2026-02-09,ewma,0.0015080947677004121
2026-02-10,ewma,-0.0009199982349821318
2026-02-11,ewma,0.002209758817989566
2026-02-12,ewma,-0.0028541651236295386
2026-02-13,ewma,0.005314233808573746
2026-02-17,ewma,-0.0009147568391250076
2026-02-18,ewma,-0.0009693162824379992
2026-02-19,ewma,0.001010467757327395
2026-02-20,ewma,0.004562134174481094
2026-02-23,ewma,-0.004847675921148895
2026-02-24,ewma,0.0008487283306254957
2026-02-25,ewma,0.0069252993734521835
2026-02-26,ewma,0.0021457249038976107
2026-02-27,ewma,0.0020547814237435254
2026-02-02,ledoit_wolf,-0.001359860150660224
2026-02-03,ledoit_wolf,0.00825417851894561
2026-02-04,ledoit_wolf,0.004744990303244071
2026-02-05,ledoit_wolf,-0.004315204769955041
2026-02-06,ledoit_wolf,0.005207748830051679
2026-02-09,ledoit_wolf,0.0019996633147482765
2026-02-10,ledoit_wolf,0.0006469524415565396
2026-02-11,ledoit_wolf,0.007756974734527132
2026-02-12,ledoit_wolf,0.0005088528172308477
2026-02-13,ledoit_wolf,0.002117734536614705
2026-02-17,ledoit_wolf,-0.004565456174743071
2026-02-18,ledoit_wolf,0.0008347663412383013
2026-02-19,ledoit_wolf,0.0026465112731742565
2026-02-20,ledoit_wolf,0.0018465881703407928
2026-02-23,ledoit_wolf,0.0032287983571044777
2026-02-24,ledoit_wolf,0.0023915649654253704
2026-02-25,ledoit_wolf,0.0021573704518638073
2026-02-26,ledoit_wolf,-0.0010138596265009746
2026-02-27,ledoit_wolf,0.011863305272806893
2026-02-02,equal_weight,0.0019986772766904725
2026-02-03,equal_weight,0.010265647834132492
2026-02-04,equal_weight,0.0065693614535752235
2026-02-05,equal_weight,-0.011725249573428315
2026-02-06,equal_weight,0.010168756793552818
2026-02-09,equal_weight,0.005275143194725529
2026-02-10,equal_weight,0.0033951126886460114
2026-02-11,equal_weight,0.005519772629896673
2026-02-12,equal_weight,-0.010119364477562664
2026-02-13,equal_weight,0.0042852244436064465
2026-02-17,equal_weight,-0.0024851691212447397
2026-02-18,equal_weight,0.0015206326126665803
2026-02-19,equal_weight,-0.0005095711705744982
2026-02-20,equal_weight,0.005047779059331627
2026-02-23,equal_weight,-0.002935093810918535
2026-02-24,equal_weight,0.0028443292188695657
2026-02-25,equal_weight,0.002045121943949868
2026-02-26,equal_weight,-0.0005395532421816028
2026-02-27,equal_weight,0.0051388125045852585
2026-03-02,sample,-0.0015268963961831206
2026-03-03,sample,-0.006674839529209409
2026-03-04,sample,-0.0027445747943867175
2026-03-05,sample,-0.007667022442391826
2026-03-06,sample,-0.0015363099982265353
2026-03-09,sample,0.0035445713986392534
2026-03-10,sample,-0.003020372748802436
2026-03-11,sample,-7.579713479807714e-05
2026-03-12,sample,-0.003920793748711537
2026-03-13,sample,0.001099557457946493
2026-03-16,sample,0.007923528775955604
2026-03-17,sample,-0.0018898775061110531
2026-03-18,sample,-0.015589479082284825
2026-03-19,sample,-0.004503540386762207
2026-03-20,sample,-0.011949997484847319
2026-03-23,sample,0.0037757137599492177
2026-03-24,sample,-0.00520697379977031
2026-03-25,sample,0.0036370396081762315
2026-03-26,sample,-0.005963120552190282
2026-03-27,sample,-0.0004160757596413916
2026-03-30,sample,0.007338038217903022
2026-03-31,sample,0.010154398817228804
2026-03-02,ewma,-0.001984692227639266
2026-03-03,ewma,-0.005118623340042674
2026-03-04,ewma,-0.0017240340110445845
2026-03-05,ewma,-0.009239389013011384
2026-03-06,ewma,-0.003697683175362168
2026-03-09,ewma,0.0021801977245069666
2026-03-10,ewma,-0.00010693689457094832
2026-03-11,ewma,-0.0018641093798250723
2026-03-12,ewma,-0.006970822939950872
2026-03-13,ewma,-0.002040656496266265
2026-03-16,ewma,0.00792582941372881
2026-03-17,ewma,-0.0029998960487898317
2026-03-18,ewma,-0.01517894873918697
2026-03-19,ewma,-0.0035332782633967744
2026-03-20,ewma,-0.01290992585741518
2026-03-23,ewma,0.004188196107955162
2026-03-24,ewma,-0.005999463655187394
2026-03-25,ewma,0.005588785747262921
2026-03-26,ewma,-0.007566737253464166
2026-03-27,ewma,-0.005326537649184291
2026-03-30,ewma,0.007532199225367095
2026-03-31,ewma,0.013047743932650673
2026-03-02,ledoit_wolf,-0.0018289508896584391
2026-03-03,ledoit_wolf,-0.0066303495874071704
2026-03-04,ledoit_wolf,-0.0024507307662167033
2026-03-05,ledoit_wolf,-0.007879046631250951
2026-03-06,ledoit_wolf,-0.0020281993036432426
2026-03-09,ledoit_wolf,0.0034216160622046856
2026-03-10,ledoit_wolf,-0.0028820909294125716
2026-03-11,ledoit_wolf,-0.00015933753396117373
2026-03-12,ledoit_wolf,-0.004082439138078915
2026-03-13,ledoit_wolf,0.0008969478656929374
2026-03-16,ledoit_wolf,0.007740234869363184
2026-03-17,ledoit_wolf,-0.0017418734082791981
2026-03-18,ledoit_wolf,-0.015477993624916432
2026-03-19,ledoit_wolf,-0.004233307429010902
2026-03-20,ledoit_wolf,-0.012222399732090978
2026-03-23,ledoit_wolf,0.004325166618756676
2026-03-24,ledoit_wolf,-0.005458437086865571
2026-03-25,ledoit_wolf,0.003709357381361687
2026-03-26,ledoit_wolf,-0.0062635844461603266
2026-03-27,ledoit_wolf,-0.0011080228448004997
2026-03-30,ledoit_wolf,0.00712314985221576
2026-03-31,ledoit_wolf,0.010278242555836963
2026-03-02,equal_weight,-0.0018360158489948279
2026-03-03,equal_weight,-0.010121287955015134
2026-03-04,equal_weight,0.001801466126077741
2026-03-05,equal_weight,-0.010068311697968301
2026-03-06,equal_weight,-0.009382094016701353
2026-03-09,equal_weight,0.003597414213028828
2026-03-10,equal_weight,0.00034954634841368284
2026-03-11,equal_weight,-0.001442282882937966
2026-03-12,equal_weight,-0.00853374889339681
2026-03-13,equal_weight,-0.003621238483742944
2026-03-16,equal_weight,0.008308533143785869
2026-03-17,equal_weight,0.001210078283580918
2026-03-18,equal_weight,-0.015880621323396807
2026-03-19,equal_weight,-0.004221047011209973
2026-03-20,equal_weight,-0.013297692064755857
2026-03-23,equal_weight,0.009253594511757269
2026-03-24,equal_weight,0.00021308849787120775
2026-03-25,equal_weight,0.0039081091213444144
2026-03-26,equal_weight,-0.009121190485754566
2026-03-27,equal_weight,-0.0073853728904483915
2026-03-30,equal_weight,0.0030458550434500843
2026-03-31,equal_weight,0.020060821604684878
2026-04-01,sample,-0.00408731288664017
2026-04-02,sample,0.0032924329533553687
2026-04-06,sample,0.002251196300639636
2026-04-07,sample,0.00032182885816711606
2026-04-08,sample,0.006839863666761729
2026-04-09,sample,0.0057236867125001305
2026-04-10,sample,-0.008317536291221415
2026-04-13,sample,0.0035103585285494125
2026-04-14,sample,0.005109048856691912
2026-04-15,sample,0.003381868596188911
2026-04-16,sample,0.0037550996841016304
2026-04-17,sample,0.003152698827928
2026-04-20,sample,-0.007270167302287424
2026-04-21,sample,-0.004058960968592885
2026-04-22,sample,0.007210134708191738
2026-04-23,sample,0.005080265300075889
2026-04-24,sample,0.0048440578650061255
2026-04-27,sample,-0.003027098366163758
2026-04-28,sample,0.013210198264724448
2026-04-29,sample,-0.0007229811562175265
2026-04-30,sample,0.006416568881088568
2026-04-01,ewma,-0.009609911851841204
2026-04-02,ewma,0.004940232264436031
2026-04-06,ewma,0.003334992047306638
2026-04-07,ewma,0.0004816608197755895
2026-04-08,ewma,0.0008653828656902398
2026-04-09,ewma,0.004242479164506363
2026-04-10,ewma,-0.007969673130984031
2026-04-13,ewma,0.004583524616784088
2026-04-14,ewma,-0.004075130476773364
2026-04-15,ewma,0.001439621100506443
2026-04-16,ewma,0.0011554867713236378
2026-04-17,ewma,-0.0020705959431767647
2026-04-20,ewma,-0.0030932211775856807
2026-04-21,ewma,-0.0064094710632439465
2026-04-22,ewma,0.0029252709717421796
2026-04-23,ewma,0.006885102861091015
2026-04-24,ewma,-0.004876639858302743
2026-04-27,ewma,-0.0026846498026002986
2026-04-28,ewma,0.012901405439461174
2026-04-29,ewma,0.0036188389564157826
2026-04-30,ewma,0.007945003493986925
2026-04-01,ledoit_wolf,-0.0037158360540034234
2026-04-02,ledoit_wolf,0.0032805383610659085
2026-04-06,ledoit_wolf,0.0022442759697088917
2026-04-07,ledoit_wolf,0.0004841156821805059
2026-04-08,ledoit_wolf,0.007767447142321601
2026-04-09,ledoit_wolf,0.006227517031269582
2026-04-10,ledoit_wolf,-0.007964810361342447
2026-04-13,ledoit_wolf,0.0034836449250361186
2026-04-14,ledoit_wolf,0.004840753575917283
2026-04-15,ledoit_wolf,0.002427682473296093
2026-04-16,ledoit_wolf,0.0037628198994975495
2026-04-17,ledoit_wolf,0.003844728466422925
2026-04-20,ledoit_wolf,-0.007179050783074756
2026-04-21,ledoit_wolf,-0.0042876237367541654
2026-04-22,ledoit_wolf,0.006841992673491767
2026-04-23,ledoit_wolf,0.006079110397261833
2026-04-24,ledoit_wolf,0.004621046057887721
2026-04-27,ledoit_wolf,-0.003062740544742123
2026-04-28,ledoit_wolf,0.012900148255806536
2026-04-29,ledoit_wolf,-0.0008950818449183905
2026-04-30,ledoit_wolf,0.007024845966203284
2026-04-01,equal_weight,0.0034675147624439666
2026-04-02,equal_weight,0.0010583487775153446
2026-04-06,equal_weight,0.0041779644611947275
2026-04-07,equal_weight,0.0041941267116381055
2026-04-08,equal_weight,0.019106646757370047
2026-04-09,equal_weight,0.009711516367962822
2026-04-10,equal_weight,-0.0026941361725026356
2026-04-13,equal_weight,0.0029424377181911407
2026-04-14,equal_weight,0.00536861761969168
2026-04-15,equal_weight,-0.0021160359205960174
2026-04-16,equal_weight,0.004441297366478398
2026-04-17,equal_weight,0.009381861533411768
2026-04-20,equal_weight,-0.002527578514018103
2026-04-21,equal_weight,-0.0070936816193469775
2026-04-22,equal_weight,0.006938504209605577
2026-04-23,equal_weight,0.010325903574407195
2026-04-24,equal_weight,0.004708561172313825
2026-04-27,equal_weight,-0.004195023700596537
2026-04-28,equal_weight,0.0043155953558768
2026-04-29,equal_weight,-0.0035906382740831092
2026-04-30,equal_weight,0.013587550452474926
2026-05-01,sample,-0.0021445184014545135
2026-05-04,sample,-0.006899728725735009
2026-05-05,sample,0.003218260050720426
2026-05-06,sample,-0.0008643496892894114
2026-05-07,sample,-0.004722499132644366
2026-05-08,sample,-0.0047219195701251005
2026-05-11,sample,-0.0002761629723247136
2026-05-12,sample,0.0050652123488881045
2026-05-13,sample,0.004162836288967645
2026-05-14,sample,0.0031010453168737995
2026-05-15,sample,0.0022083030772899687
2026-05-18,sample,0.008624963636026665
2026-05-19,sample,0.001029324095678156
2026-05-20,sample,-0.004197425127628692
2026-05-21,sample,0.0015241851266261167
2026-05-22,sample,0.0036977015778120147
2026-05-26,sample,-0.01044804696130085
2026-05-27,sample,0.004611771978518651
2026-05-28,sample,-0.0006841748147685162
2026-05-29,sample,-0.003318092633738449
2026-05-01,ewma,-0.0033705008114205933
2026-05-04,ewma,-0.008067448367672416
2026-05-05,ewma,0.006983136973669458
2026-05-06,ewma,-0.005069600170207012
2026-05-07,ewma,-0.009267011087998097
2026-05-08,ewma,-0.006529509109764083
2026-05-11,ewma,0.0046753984899345616
2026-05-12,ewma,0.0024698530821918255
2026-05-13,ewma,-0.0018513912514977397
2026-05-14,ewma,-0.0007366187830602914
2026-05-15,ewma,-0.0002996204492323332
2026-05-18,ewma,0.010446601623628815
2026-05-19,ewma,9.60665495027492e-05
2026-05-20,ewma,-0.004466344716969322
2026-05-21,ewma,0.003269813627080189
2026-05-22,ewma,0.003602878365339098
2026-05-26,ewma,-0.009142652534695081
2026-05-27,ewma,-0.004280596980290793
2026-05-28,ewma,-0.0003573160109905998
2026-05-29,ewma,0.0007098752339759458
2026-05-01,ledoit_wolf,-0.002439551266467376
2026-05-04,ledoit_wolf,-0.006884754479826913
2026-05-05,ledoit_wolf,0.003036184968364571
2026-05-06,ledoit_wolf,-0.0005040825908183577
2026-05-07,ledoit_wolf,-0.005111504520558668
2026-05-08,ledoit_wolf,-0.0046012822085933205
2026-05-11,ledoit_wolf,-0.0004495067081458355
2026-05-12,ledoit_wolf,0.005267909883970138
2026-05-13,ledoit_wolf,0.003607927562867522
2026-05-14,ledoit_wolf,0.002754589675250561
2026-05-15,ledoit_wolf,0.0013714291209550348
2026-05-18,ledoit_wolf,0.008863504199512161
2026-05-19,ledoit_wolf,0.0012925882393737527
2026-05-20,ledoit_wolf,-0.003736834638638456
2026-05-21,ledoit_wolf,0.0016281790696401426
2026-05-22,ledoit_wolf,0.003801202170395067
2026-05-26,ledoit_wolf,-0.010235478697530716
2026-05-27,ledoit_wolf,0.004876503836706389
2026-05-28,ledoit_wolf,-0.0009320806424715927
2026-05-29,ledoit_wolf,-0.0038085842042851004
2026-05-01,equal_weight,-0.0028706930178831647
2026-05-04,equal_weight,-0.008341740426319876
2026-05-05,equal_weight,0.006406530321606453
2026-05-06,equal_weight,0.0071250328838398675
2026-05-07,equal_weight,-0.00912256738519988
2026-05-08,equal_weight,-0.0010428950172934113
2026-05-11,equal_weight,0.0026788154171438856
2026-05-12,equal_weight,0.0030367536605280685
2026-05-13,equal_weight,0.0004454014653882759
2026-05-14,equal_weight,0.00017587213516968327
2026-05-15,equal_weight,-0.007276030595210557
2026-05-18,equal_weight,0.004201045887316368
2026-05-19,equal_weight,-0.0026130223540056573
2026-05-20,equal_weight,0.0008491097800212652
2026-05-21,equal_weight,0.002893791126847933
2026-05-22,equal_weight,0.0029315041151957016
2026-05-26,equal_weight,-0.0018608928452833427
2026-05-27,equal_weight,0.0031227416373048084
2026-05-28,equal_weight,-0.003115573525843794
2026-05-29,equal_weight,-0.004768673483153225
2026-06-01,sample,-0.0030330833753583674
2026-06-02,sample,-0.007556909627529498
2026-06-03,sample,-0.0030725797810996457
2026-06-04,sample,0.007891321621730627
2026-06-05,sample,0.007612098286144792
2026-06-08,sample,-0.005269981220658236
2026-06-09,sample,0.0075199978189311465
2026-06-10,sample,0.0037299461906731587
2026-06-11,sample,-0.008395393869773112
2026-06-12,sample,0.005109516407788607
2026-06-15,sample,-0.0035032512083909935
2026-06-16,sample,0.0002738546096580706
2026-06-17,sample,-0.015506085526513594
2026-06-18,sample,-0.006283573963648405
2026-06-22,sample,-0.006212461590810247
2026-06-23,sample,0.014138747831866598
2026-06-24,sample,-0.002085430969718257
2026-06-25,sample,-0.0032949637425781103
2026-06-26,sample,0.01972166385978135
2026-06-29,sample,0.00224644740767869
2026-06-30,sample,-0.008205628300629878
2026-06-01,ewma,-0.004367867080110757
2026-06-02,ewma,-0.002317107793304363
2026-06-03,ewma,-0.002285558081624498
2026-06-04,ewma,0.005247931724191131
2026-06-05,ewma,-0.004751100364040394
2026-06-08,ewma,-0.009927830114328401
2026-06-09,ewma,0.0020377832058693975
2026-06-10,ewma,-0.005018253350380367
2026-06-11,ewma,-0.002301788209958485
2026-06-12,ewma,0.00522226364122946
2026-06-15,ewma,0.005138931831297731
2026-06-16,ewma,0.0008826288673163571
2026-06-17,ewma,-0.01843712263841058
2026-06-18,ewma,-0.0013852245755162714
2026-06-22,ewma,-0.0057484791846002
2026-06-23,ewma,0.0026743705238837555
2026-06-24,ewma,-0.0056550558886793575
2026-06-25,ewma,-0.006719704657217363
2026-06-26,ewma,0.012455827152140107
2026-06-29,ewma,-0.0036467034427789856
2026-06-30,ewma,0.009595749660657786
2026-06-01,ledoit_wolf,-0.0035097122796064126
2026-06-02,ledoit_wolf,-0.007015745186877988
2026-06-03,ledoit_wolf,-0.0028343033132758226
2026-06-04,ledoit_wolf,0.008174248067065196
2026-06-05,ledoit_wolf,0.007277073224884014
2026-06-08,ledoit_wolf,-0.00530757508321438
2026-06-09,ledoit_wolf,0.0076217753690087375
2026-06-10,ledoit_wolf,0.0035941584302181793
2026-06-11,ledoit_wolf,-0.008078306142655044
2026-06-12,ledoit_wolf,0.005159371149441882
2026-06-15,ledoit_wolf,-0.0033571835757884774
2026-06-16,ledoit_wolf,0.0005226349745578534
2026-06-17,ledoit_wolf,-0.015583656694177096
2026-06-18,ledoit_wolf,-0.006279313620401494
2026-06-22,ledoit_wolf,-0.005890403058688935
2026-06-23,ledoit_wolf,0.013665158540654698
2026-06-24,ledoit_wolf,-0.0020510767584710973
2026-06-25,ledoit_wolf,-0.003232342969041491
2026-06-26,ledoit_wolf,0.019289283569950934
2026-06-29,ledoit_wolf,0.0018942331920220952
2026-06-30,ledoit_wolf,-0.008439780380172072
2026-06-01,equal_weight,-0.01021025117731172
2026-06-02,equal_weight,0.0030284877089226886
2026-06-03,equal_weight,-0.0010911030037252945
2026-06-04,equal_weight,0.013574538790400674
2026-06-05,equal_weight,-0.004389858547565016
2026-06-08,equal_weight,-0.006579106088938619
2026-06-09,equal_weight,0.00674299363488506
2026-06-10,equal_weight,-0.008611511560433232
2026-06-11,equal_weight,0.0032058044355197574
2026-06-12,equal_weight,0.007449432126797105
2026-06-15,equal_weight,0.0039740445563540006
2026-06-16,equal_weight,0.00533105408090625
2026-06-17,equal_weight,-0.016599080871439072
2026-06-18,equal_weight,-0.001592501000944438
2026-06-22,equal_weight,-0.0018059634020105206
2026-06-23,equal_weight,0.0024830117951344438
2026-06-24,equal_weight,-0.0034050268409035415
2026-06-25,equal_weight,-0.00019502799720692832
2026-06-26,equal_weight,0.007167406245089505
2026-06-29,equal_weight,0.0013898543403271782
2026-06-30,equal_weight,-0.00118257369083635
2026-07-01,sample,0.004938808900544702
2026-07-02,sample,0.019347425244678612
2026-07-06,sample,-0.01046720620776546
2026-07-07,sample,0.017208053802028486
2026-07-08,sample,-0.011743011744760438
2026-07-09,sample,-0.008267532837886957
2026-07-10,sample,0.0031872194164109828
2026-07-13,sample,0.010180937257341328
2026-07-14,sample,-0.006787143200725203
2026-07-15,sample,-0.0004087495504899361
2026-07-16,sample,0.0097715896454123
2026-07-17,sample,-0.00934236553812931
2026-07-20,sample,0.002971305636373229
2026-07-21,sample,0.0020253332246989502
2026-07-22,sample,0.004271257290937674
2026-07-23,sample,-0.006774500859395459
2026-07-24,sample,0.007046935838297264
2026-07-27,sample,0.004602895966692668
2026-07-28,sample,0.010385605956894417
2026-07-29,sample,-0.0012246230236346322
2026-07-30,sample,0.012301806845892629
2026-07-31,sample,0.007522468256361739
2026-07-01,ewma,0.000288951607974805
2026-07-02,ewma,0.016271829613608377
2026-07-06,ewma,-0.004209740997523032
2026-07-07,ewma,0.008172249923579799
2026-07-08,ewma,-0.008168181567284018
2026-07-09,ewma,-0.004538429487377989
2026-07-10,ewma,0.0076050412336815115
2026-07-13,ewma,0.008714375742408844
2026-07-14,ewma,-0.0029265307781021197
2026-07-15,ewma,0.004697016992821009
2026-07-16,ewma,0.007166430126476189
2026-07-17,ewma,-0.0074872288686592256
2026-07-20,ewma,0.0011287170279589381
2026-07-21,ewma,0.004441799301363509
2026-07-22,ewma,0.0025168386444804
2026-07-23,ewma,-0.006827826978364671
2026-07-24,ewma,0.00788821575150076
2026-07-27,ewma,-0.00029909657552541996
2026-07-28,ewma,0.00541733008984228
2026-07-29,ewma,-0.005976201043567001
2026-07-30,ewma,0.017002141728753455
2026-07-31,ewma,0.004062038307746212
2026-07-01,ledoit_wolf,0.005484727221582714
2026-07-02,ledoit_wolf,0.01875802991536031
2026-07-06,ledoit_wolf,-0.010345236750299722
2026-07-07,ledoit_wolf,0.016897410624306265
2026-07-08,ledoit_wolf,-0.011461876895799632
2026-07-09,ledoit_wolf,-0.007411727842012756
2026-07-10,ledoit_wolf,0.0038861226314832213
2026-07-13,ledoit_wolf,0.009818621345984824
2026-07-14,ledoit_wolf,-0.006249648614393419
2026-07-15,ledoit_wolf,-0.00012366471311396274
2026-07-16,ledoit_wolf,0.00933167625838918
2026-07-17,ledoit_wolf,-0.00926839897113576
2026-07-20,ledoit_wolf,0.0027956833742074027
2026-07-21,ledoit_wolf,0.0017302570359837958
2026-07-22,ledoit_wolf,0.0041883956214357355
2026-07-23,ledoit_wolf,-0.007237493481559798
2026-07-24,ledoit_wolf,0.007020854786329071
2026-07-27,ledoit_wolf,0.003878787683607557
2026-07-28,ledoit_wolf,0.01062000553384807
2026-07-29,ledoit_wolf,-0.0007969828496269436
2026-07-30,ledoit_wolf,0.010200382964048892
2026-07-31,ledoit_wolf,0.008167108646021375
2026-07-01,equal_weight,0.01062375503728091
2026-07-02,equal_weight,0.013131125361539894
2026-07-06,equal_weight,-0.0024206582031550674
2026-07-07,equal_weight,0.008514439368876222
2026-07-08,equal_weight,-0.012122565188627789
2026-07-09,equal_weight,0.002377854406105471
2026-07-10,equal_weight,0.006965080000307511
2026-07-13,equal_weight,0.0036135635387733204
2026-07-14,equal_weight,0.0005470082445789882
2026-07-15,equal_weight,0.0053442275278141015
2026-07-16,equal_weight,0.0036427237083421654
2026-07-17,equal_weight,-0.006001332286044769
2026-07-20,equal_weight,-0.004084005508712507
2026-07-21,equal_weight,0.004537726276658378
2026-07-22,equal_weight,0.0012479168886803597
2026-07-23,equal_weight,-0.007842686557059563
2026-07-24,equal_weight,0.006392494054142137
2026-07-27,equal_weight,-0.0013473174381860406
2026-07-28,equal_weight,0.004366803432120023
2026-07-29,equal_weight,-0.005988078144779529
2026-07-30,equal_weight,0.0037370642340424243
2026-07-31,equal_weight,0.0058118619815624925
2026-08-03,sample,0.007910489896049245
2026-08-04,sample,0.005048134854808005
2026-08-05,sample,-0.006572295285343945
2026-08-06,sample,0.004127226629131275
2026-08-07,sample,-0.00015142979387820516
2026-08-10,sample,0.004307181032231197
2026-08-11,sample,-0.0027211646786244386
2026-08-12,sample,-0.0018483631614472085
2026-08-13,sample,0.004652444148519088
2026-08-14,sample,0.001528931138667066
2026-08-17,sample,-0.0046886394447566895
2026-08-18,sample,0.008332832923511618
2026-08-19,sample,0.0024797313657511453
2026-08-20,sample,-0.006182874752856271
2026-08-21,sample,0.0020552487224005786
2026-08-24,sample,0.008164275739218763
2026-08-25,sample,-0.0019343810851558136
2026-08-26,sample,-0.004410379752213246
2026-08-27,sample,-0.0070086882017343435
2026-08-28,sample,0.005689361287627922
2026-08-31,sample,-0.0033760477362939885
2026-08-03,ewma,0.0053048122722797585
2026-08-04,ewma,0.012182143461072922
2026-08-05,ewma,-0.011182850350220392
2026-08-06,ewma,0.0031141686231998967
2026-08-07,ewma,-0.0038397613415526157
2026-08-10,ewma,0.0052865885144371995
2026-08-11,ewma,-0.0011402298402604012
2026-08-12,ewma,0.0005620504247934532
2026-08-13,ewma,0.006681682732620955
2026-08-14,ewma,0.002204960877995486
2026-08-17,ewma,0.002771007885837724
2026-08-18,ewma,-0.0004283162461836748
2026-08-19,ewma,0.0022878247834660095
2026-08-20,ewma,-0.0014613574141098568
2026-08-21,ewma,0.003885491921626057
2026-08-24,ewma,0.0018784987390531552
2026-08-25,ewma,-0.003087043333417804
2026-08-26,ewma,-0.0025615570306930764
2026-08-27,ewma,-0.005893204375741527
2026-08-28,ewma,0.004016221067280331
2026-08-31,ewma,-0.0023664328654572327
2026-08-03,ledoit_wolf,0.007599394488965183
2026-08-04,ledoit_wolf,0.004924690379388709
2026-08-05,ledoit_wolf,-0.006778316256890498
2026-08-06,ledoit_wolf,0.004009087543262733
2026-08-07,ledoit_wolf,0.00012280326541332424
2026-08-10,ledoit_wolf,0.004234113599309108
2026-08-11,ledoit_wolf,-0.002308770829784756
2026-08-12,ledoit_wolf,-0.0019356378521314466
2026-08-13,ledoit_wolf,0.004557333245249736
2026-08-14,ledoit_wolf,0.00182503725168031
2026-08-17,ledoit_wolf,-0.0047081035104719
2026-08-18,ledoit_wolf,0.007558688728187554
2026-08-19,ledoit_wolf,0.0029206506921219885
2026-08-20,ledoit_wolf,-0.0060491943452729985
2026-08-21,ledoit_wolf,0.001929912612931657
2026-08-24,ledoit_wolf,0.008155001925104315
2026-08-25,ledoit_wolf,-0.0020419999745401487
2026-08-26,ledoit_wolf,-0.004330065012940477
2026-08-27,ledoit_wolf,-0.0070717422375078534
2026-08-28,ledoit_wolf,0.005682535681893794
2026-08-31,ledoit_wolf,-0.003162696317878481
2026-08-03,equal_weight,0.009019241689437468
2026-08-04,equal_weight,0.005833797582413667
2026-08-05,equal_weight,-0.002124502007457171
2026-08-06,equal_weight,0.000679120653198766
2026-08-07,equal_weight,0.0047177139553899235
2026-08-10,equal_weight,0.005589704088361979
2026-08-11,equal_weight,-0.0012357084834701425
2026-08-12,equal_weight,-0.003113498800354542
2026-08-13,equal_weight,0.0016247584805789245
2026-08-14,equal_weight,0.002399934726893871
2026-08-17,equal_weight,-0.0030063954280411505
2026-08-18,equal_weight,-0.0009419536506426799
2026-08-19,equal_weight,0.0071053340115296
2026-08-20,equal_weight,-0.006412109861980502
2026-08-21,equal_weight,0.004576808011883295
2026-08-24,equal_weight,0.006958809242834701
2026-08-25,equal_weight,8.305054402396551e-06
2026-08-26,equal_weight,-0.002836640196740259
2026-08-27,equal_weight,-0.0071015699284328795
2026-08-28,equal_weight,0.004047334156554959
2026-08-31,equal_weight,-0.0047958892205842
